{
    "domain": "ccmiocw.com",
    "owner": {},
    "source": [
        "DuckDuckGo-AU"
    ],
    "prevalence": 0.000602,
    "sites": 6,
    "subdomains": [
        "www"
    ],
    "cnames": [],
    "fingerprinting": 1,
    "resources": [
        {
            "rule": "ccmiocw\\.com\\/im_jerky",
            "cookies": 0,
            "fingerprinting": 0,
            "subdomains": [
                "www"
            ],
            "apis": {},
            "sites": 6,
            "prevalence": 0.000602,
            "cnames": [],
            "responseHashes": [
                "d26e807ca69a78d0161dc02157630396c9f7a7eef10f5ac163fc13f8f9a74072",
                "ca95e37900798a355d5ba0803d77a5da301f56be395d0faa27d3e47b1e946b74",
                "89d651b4381e2d58e37ec1d7a3397946af471de8cfe5b034b4f3795e244ac3d9",
                "7dd27b0803457cb6feedc18d82b41d9dc9d8d799facd2a5e15a1f5a617ab868d",
                "0e9a7c9faec881f049a7f4eaf59d38bea426b51073e745a728f8ac87f6ec2bd8"
            ],
            "type": "Script",
            "firstPartyCookies": {},
            "firstPartyCookiesSent": {},
            "exampleSites": [
                "hdporn.pics",
                "leakxxx.com",
                "nudegirls.wiki",
                "pornpic.xxx",
                "sexynudes.tv",
                "www.makemoneyadultcontent.com"
            ]
        },
        {
            "rule": "ccmiocw\\.com\\/",
            "cookies": 0,
            "fingerprinting": 1,
            "subdomains": [
                "www"
            ],
            "apis": {
                "window.innerWidth": 6,
                "window.innerHeight": 6
            },
            "sites": 6,
            "prevalence": 0.000602,
            "cnames": [],
            "responseHashes": [
                "d7364938697ba9df1b79f55d37c8d05ae9add9f4a65fe2283163bdcb1fc811b1",
                "babb193b4694a27d59cfd257af8dc093538a7de05a0471401397ac96c0ddfec4",
                "38c5825b0fc78f627836d1bedc9f1e1f53ff610293ad25b22103d9d137e01fe8",
                "da411e305f276a58cbfb41d2617003038541204c6e55c0b62c9c2d897d163586",
                "c013c7ab16183e91e7d46b38c611bfcc127f2c4720a9e290ab6634f8bc2e3401"
            ],
            "type": "Document",
            "firstPartyCookies": {},
            "firstPartyCookiesSent": {},
            "exampleSites": [
                "hdporn.pics",
                "leakxxx.com",
                "nudegirls.wiki",
                "pornpic.xxx",
                "sexynudes.tv",
                "www.makemoneyadultcontent.com"
            ]
        },
        {
            "rule": "ccmiocw\\.com\\/cams_widget_css\\.css",
            "cookies": 0,
            "fingerprinting": 0,
            "subdomains": [
                "www"
            ],
            "apis": {},
            "sites": 6,
            "prevalence": 0.000602,
            "cnames": [],
            "responseHashes": [
                "41dc6b57dd252a94fcc1d660bb12c68837d74c0c4637388bd2a0206305f1fa1c"
            ],
            "type": "Stylesheet",
            "firstPartyCookies": {},
            "firstPartyCookiesSent": {},
            "exampleSites": [
                "hdporn.pics",
                "leakxxx.com",
                "nudegirls.wiki",
                "pornpic.xxx",
                "sexynudes.tv",
                "www.makemoneyadultcontent.com"
            ]
        }
    ],
    "categories": [],
    "performance": {},
    "cookies": 0,
    "types": {
        "Script": 6,
        "Document": 6,
        "Stylesheet": 6
    },
    "nameservers": [
        "ns-801.awsdns-36.net",
        "ns-1205.awsdns-22.org",
        "ns-1788.awsdns-31.co.uk",
        "ns-337.awsdns-42.com"
    ]
}