{
    "domain": "cookieinformation.com",
    "owner": {
        "name": "Cookie Information A/S",
        "displayName": "Cookie Information"
    },
    "source": [
        "DuckDuckGo-AU"
    ],
    "prevalence": 0.000201,
    "sites": 2,
    "subdomains": [
        "policy.app"
    ],
    "cnames": [],
    "fingerprinting": 1,
    "resources": [
        {
            "rule": "cookieinformation\\.com\\/uc\\.js",
            "cookies": 0.000101,
            "fingerprinting": 1,
            "subdomains": [
                "policy.app"
            ],
            "apis": {
                "Document.cookie getter": 2,
                "Document.cookie setter": 1
            },
            "sites": 2,
            "prevalence": 0.000201,
            "cnames": [],
            "responseHashes": [
                "162b3c7dc97ce663265d9716ab6d22395303b213b69295648e600164656c0de4"
            ],
            "type": "Script",
            "firstPartyCookies": {
                "sbjs_migrations": {
                    "ttl": -1671462072,
                    "length": 17,
                    "prevalence": 0.00010065425264217414,
                    "uniqueness": 1
                },
                "sbjs_current_add": {
                    "ttl": -1671462072,
                    "length": 102,
                    "prevalence": 0.00010065425264217414,
                    "uniqueness": 1
                },
                "sbjs_first_add": {
                    "ttl": -1671462072,
                    "length": 102,
                    "prevalence": 0.00010065425264217414,
                    "uniqueness": 1
                },
                "sbjs_current": {
                    "ttl": -1671462072,
                    "length": 139,
                    "prevalence": 0.00010065425264217414,
                    "uniqueness": 1
                },
                "sbjs_first": {
                    "ttl": -1671462072,
                    "length": 139,
                    "prevalence": 0.00010065425264217414,
                    "uniqueness": 1
                },
                "sbjs_udata": {
                    "ttl": -1671462072,
                    "length": 211,
                    "prevalence": 0.00010065425264217414,
                    "uniqueness": 1
                },
                "sbjs_session": {
                    "ttl": -1671462072,
                    "length": 56,
                    "prevalence": 0.00010065425264217414,
                    "uniqueness": 1
                },
                "_gcl_au": {
                    "ttl": 7776008,
                    "length": 24,
                    "prevalence": 0.00010065425264217414,
                    "uniqueness": 1
                },
                "prism_25409750": {
                    "ttl": 2592008,
                    "length": 36,
                    "prevalence": 0.00010065425264217414,
                    "uniqueness": 1
                },
                "_hjSessionUser_1660729": {
                    "ttl": 31536010,
                    "length": 115,
                    "prevalence": 0.00010065425264217414,
                    "uniqueness": 1
                },
                "_hjFirstSeen": {
                    "ttl": 1810,
                    "length": 1,
                    "prevalence": 0.00010065425264217414,
                    "uniqueness": 1
                },
                "_hjIncludedInSessionSample": {
                    "ttl": -1671462072,
                    "length": 1,
                    "prevalence": 0.00010065425264217414,
                    "uniqueness": 1
                },
                "_hjSession_1660729": {
                    "ttl": 1810,
                    "length": 115,
                    "prevalence": 0.00010065425264217414,
                    "uniqueness": 1
                },
                "_hjIncludedInPageviewSample": {
                    "ttl": -1671462072,
                    "length": 1,
                    "prevalence": 0.00010065425264217414,
                    "uniqueness": 1
                },
                "_hjAbsoluteSessionInProgress": {
                    "ttl": 1810,
                    "length": 1,
                    "prevalence": 0.00010065425264217414,
                    "uniqueness": 1
                },
                "_ga": {
                    "ttl": -1671462072,
                    "length": 27,
                    "prevalence": 0.00010065425264217414,
                    "uniqueness": 1
                },
                "_gid": {
                    "ttl": 2592000,
                    "length": 27,
                    "prevalence": 0.00010065425264217414,
                    "uniqueness": 1
                },
                "_dc_gtm_UA-35317218-2": {
                    "ttl": 2592000,
                    "length": 1,
                    "prevalence": 0.00010065425264217414,
                    "uniqueness": 1
                },
                "_uetsid": {
                    "ttl": 86411,
                    "length": 32,
                    "prevalence": 0.00010065425264217414,
                    "uniqueness": 1
                },
                "_uetvid": {
                    "ttl": -1671462072,
                    "length": 32,
                    "prevalence": 0.00010065425264217414,
                    "uniqueness": 1
                },
                "_ga_J4KLH3D0E1": {
                    "ttl": 63072013,
                    "length": 37,
                    "prevalence": 0.00010065425264217414,
                    "uniqueness": 1
                },
                "_fbp": {
                    "ttl": -1671462072,
                    "length": 29,
                    "prevalence": 0.00010065425264217414,
                    "uniqueness": 1
                },
                "_clck": {
                    "ttl": 31536016,
                    "length": 14,
                    "prevalence": 0.00010065425264217414,
                    "uniqueness": 1
                },
                "IR_gbd": {
                    "ttl": null,
                    "length": 10,
                    "prevalence": 0.00010065425264217414,
                    "uniqueness": 1
                },
                "IR_3255": {
                    "ttl": null,
                    "length": 39,
                    "prevalence": 0.00010065425264217414,
                    "uniqueness": 1
                },
                "IR_PI": {
                    "ttl": 62208019,
                    "length": 52,
                    "prevalence": 0.00010065425264217414,
                    "uniqueness": 1
                },
                "_clsk": {
                    "ttl": -1671462072,
                    "length": 45,
                    "prevalence": 0.00010065425264217414,
                    "uniqueness": 1
                }
            },
            "firstPartyCookiesSent": {},
            "exampleSites": [
                "skylum.com",
                "www.georgjensen.com"
            ]
        },
        {
            "rule": "cookieinformation\\.com\\/cookiesharingiframe\\.html",
            "cookies": 0.000201,
            "fingerprinting": 1,
            "subdomains": [
                "policy.app"
            ],
            "apis": {
                "Document.cookie getter": 2,
                "window.name": 2,
                "Document.cookie setter": 2
            },
            "sites": 2,
            "prevalence": 0.000201,
            "cnames": [],
            "responseHashes": [
                "c05407572f3a85559e74489f5afbff7e49ab8e7b4c47a1beb1f5a4826e96bf44"
            ],
            "type": "Document",
            "firstPartyCookies": {},
            "firstPartyCookiesSent": {},
            "exampleSites": [
                "skylum.com",
                "www.georgjensen.com"
            ]
        }
    ],
    "categories": [],
    "performance": {},
    "cookies": 0.000201,