{
    "domain": "dynssp.com",
    "owner": {},
    "source": [
        "DuckDuckGo-AU"
    ],
    "prevalence": 0.000704,
    "sites": 7,
    "subdomains": [
        "js"
    ],
    "cnames": [],
    "fingerprinting": 1,
    "resources": [
        {
            "rule": "dynssp\\.com\\/ipp\\.js",
            "cookies": 0.000704,
            "fingerprinting": 1,
            "subdomains": [
                "js"
            ],
            "apis": {
                "Document.cookie getter": 7,
                "Date.prototype.getTime": 7,
                "Document.cookie setter": 7,
                "Navigator.prototype.userAgent": 7
            },
            "sites": 7,
            "prevalence": 0.000704,
            "cnames": [],
            "responseHashes": [
                "f409e8df4b32381fb7c232ddb6e3dd7dcbb50d4683b4d53fcf02b39299abf803",
                "8bf8a8777343fdc52b7c776aedbee09ef172e5e917339264df15ee341a87b0ad",
                "79d788a4dafb6a812f97175a93d3c07e84751e3cbf749be4be7b77268035bd63",
                "6ddbc4b3fa4466857f269e454ff41c68a8b7890d4009ca9ee3515ca206c17dd7",
                "7f8f318f68cf491e69abd98772ebd71be4d7253cab20a8a57816541346437846",
                "8a4f524c820e9e2542516be083752007b43fdc67b7f44ab27cde6aff14a201bb"
            ],
            "type": "Script",
            "firstPartyCookies": {
                "__inppu": {
                    "ttl": 63072003,
                    "length": 36,
                    "prevalence": 0.0007044379591425984,
                    "uniqueness": 1
                },
                "inpp_F1I4_USC2": {
                    "ttl": 3606,
                    "length": 1,
                    "prevalence": 0.00010063399416322834,
                    "uniqueness": 1
                },
                "inpp_F1I4_USC2_cap": {
                    "ttl": 3606,
                    "length": 1,
                    "prevalence": 0.00010063399416322834,
                    "uniqueness": 1
                },
                "inpp_J3I4_9WC2": {
                    "ttl": 3606,
                    "length": 1,
                    "prevalence": 0.00010063399416322834,
                    "uniqueness": 1
                },
                "inpp_J3I4_9WC2_cap": {
                    "ttl": 3606,
                    "length": 1,
                    "prevalence": 0.00010063399416322834,
                    "uniqueness": 1
                },
                "inpp_0HI4_W8D2": {
                    "ttl": 3610,
                    "length": 1,
                    "prevalence": 0.00010063399416322834,
                    "uniqueness": 1
                },
                "inpp_I3I4_8WC2": {
                    "ttl": 3606,
                    "length": 1,
                    "prevalence": 0.00010063399416322834,
                    "uniqueness": 1
                },
                "inpp_I3I4_8WC2_cap": {
                    "ttl": 3606,
                    "length": 1,
                    "prevalence": 0.00010063399416322834,
                    "uniqueness": 1
                },
                "inpp_30I4_NRC2": {
                    "ttl": 3607,
                    "length": 1,
                    "prevalence": 0.00010063399416322834,
                    "uniqueness": 1
                },
                "inpp_30I4_NRC2_cap": {
                    "ttl": 3607,
                    "length": 1,
                    "prevalence": 0.00010063399416322834,
                    "uniqueness": 1
                },
                "inpp_H3I4_7WC2": {
                    "ttl": 3605,
                    "length": 1,
                    "prevalence": 0.00010063399416322834,
                    "uniqueness": 1
                },
                "inpp_QII4_6AD2": {
                    "ttl": 3608,
                    "length": 1,
                    "prevalence": 0.00010063399416322834,
                    "uniqueness": 1
                }
            },
            "firstPartyCookiesSent": {},
            "exampleSites": [
                "faponic.com",
                "fappeningbook.com",
                "justpicsplease.com",
                "nudostar.com",
                "pornone.com",
                "thefappeningblog.com",
                "www.homemoviestube.com"
            ]
        }
    ],
    "categories": [],
    "performance": {},
    "cookies": 0.000704,
    "topInitiators": [
        {
            "domain": "first party",
            "prevalence": 1
        }
    ],
    "types": {
        "Script": 7
    },
    "nameservers": [
        "theo.ns.cloudflare.com",
        "liv.ns.cloudflare.com"
    ]
}