{
    "domain": "eway.com.au",
    "owner": {},
    "source": [
        "DuckDuckGo-AU"
    ],
    "prevalence": 0.0015,
    "sites": 15,
    "subdomains": [
        "www"
    ],
    "cnames": [],
    "fingerprinting": 0,
    "resources": [
        {
            "rule": "eway\\.com\\.au\\/developer\\/payment-code\\/verified-seal\\.php",
            "cookies": 0,
            "fingerprinting": 0,
            "subdomains": [
                "www"
            ],
            "apis": {},
            "sites": 7,
            "prevalence": 0.000702,
            "cnames": [],
            "responseHashes": [
                "a485eaf4e9baa7b70350b2e57c79a480a22abb936fdcdaf4b0c6db77001ae7ff",
                "a9ff28d876f2062dd02fd5f9c0b9c03e607783612d7ac31e7853381029cdcc40",
                "3b9c70c9edf302d250b910c260f962af1a840db99daf02fe2ef6755088099c9d",
                "9ed80b11d63121f32236d37c6c3548c637cdee75a3a9cfaa8b42ffb6fa28357d",
                "8be9d13fdb72f3b6dc01da31763bd886d89ab7deda7ceb6eaa14a17fd77089da",
                "3589ccd465dffccc34bc372670e45bb632f377edd623fe45df2edadb53e164d6"
            ],
            "type": "Image",
            "firstPartyCookies": {},
            "firstPartyCookiesSent": {},
            "exampleSites": [
                "genuineapplianceparts.com.au",
                "www.boltandnut.com.au",
                "www.chempro.com.au",
                "www.edenseeds.com.au",
                "www.mapworld.com.au",
                "www.pharmacydirect.com.au",
                "www.thewoolroom.com.au"
            ]
        },
        {
            "rule": "eway\\.com\\.au\\/developer\\/payment-code\\/verified-seal\\.ashx",
            "cookies": 0,
            "fingerprinting": 0,
            "subdomains": [
                "www"
            ],
            "apis": {},
            "sites": 8,
            "prevalence": 0.000802,
            "cnames": [],
            "responseHashes": [
                "064ad6dff114772c4de14511d8e88858851632f0a0a73509c28fed0de11004ac",
                "3a364c4ac2909ae29e15d6a6fcfb8222414342bc6aba621c0afb66eb5ecdbc24",
                "72186a5d9e712e6a66a328e3eaae89d1816a8ae0b88a684ef233e6b4346be931",
                "00b251d21ccd345871807dc4b35e9a58993e023d12ad79cca8ae37f1e81d284f",
                "612a147f819ed5208ddb093e5a6a493d288a2df1c5956bc732051e94616e1300"
            ],
            "type": "Image",
            "firstPartyCookies": {},
            "firstPartyCookiesSent": {},
            "exampleSites": [
                "sunnybunny.com.au",
                "trailercamperaustralia.com.au",
                "www.beercartel.com.au",
                "www.con-x-ion.com",
                "www.no1roofing.com.au",
                "www.onlineapplianceparts.com.au",
                "www.reboot-it.com.au",
                "www.wildfiresports.com.au"
            ]
        }
    ],
    "categories": [],
    "performance": {},
    "cookies": 0,
    "topInitiators": [
        {
            "domain": "first party",
            "prevalence": 1
        }
    ],
    "types": {
        "Image": 15
    },
    "nameservers": [
        "ns1.dnsmadeeasy.com",
        "ns3.dnsmadeeasy.com",
        "ns0.dnsmadeeasy.com",
        "ns4.dnsmadeeasy.com",
        "ns2.dnsmadeeasy.com"
    ]
}