{
    "domain": "ezojs.com",
    "owner": {},
    "source": [
        "DuckDuckGo-AU"
    ],
    "prevalence": 0.000403,
    "sites": 4,
    "subdomains": [
        "www"
    ],
    "cnames": [],
    "fingerprinting": 1,
    "resources": [
        {
            "rule": "ezojs\\.com\\/ezoic\\/sa\\.min\\.js",
            "cookies": 0.000403,
            "fingerprinting": 1,
            "subdomains": [
                "www"
            ],
            "apis": {
                "Document.cookie getter": 4,
                "Document.cookie setter": 4,
                "window.innerWidth": 1,
                "window.innerHeight": 1
            },
            "sites": 4,
            "prevalence": 0.000403,
            "cnames": [],
            "responseHashes": [
                "1162027596dd351939f87ebbe22a96c117a4603f571a3cd62149d9bdc78062bc"
            ],
            "type": "Script",
            "firstPartyCookies": {
                "ezoadgid_304371": {
                    "ttl": 1809,
                    "length": 2,
                    "prevalence": 0.0001006947940791461,
                    "uniqueness": 1
                },
                "ezosuibasgeneris-1": {
                    "ttl": 31536008,
                    "length": 36,
                    "prevalence": 0.0004027791763165844,
                    "uniqueness": 1
                },
                "ezoab_304371": {
                    "ttl": 7209,
                    "length": 5,
                    "prevalence": 0.0001006947940791461,
                    "uniqueness": 1
                },
                "ezovid_304371": {
                    "ttl": 1809,
                    "length": 10,
                    "prevalence": 0.0001006947940791461,
                    "uniqueness": 1
                },
                "lp_304371": {
                    "ttl": 1809,
                    "length": 26,
                    "prevalence": 0.0001006947940791461,
                    "uniqueness": 1
                },
                "ezovuuidtime_304371": {
                    "ttl": 172809,
                    "length": 10,
                    "prevalence": 0.0001006947940791461,
                    "uniqueness": 1
                },
                "ezovuuid_304371": {
                    "ttl": 1809,
                    "length": 36,
                    "prevalence": 0.0001006947940791461,
                    "uniqueness": 1
                },
                "active_template::304371": {
                    "ttl": 172809,
                    "length": 19,
                    "prevalence": 0.0001006947940791461,
                    "uniqueness": 1
                },
                "ezopvc_304371": {
                    "ttl": 1809,
                    "length": 1,
                    "prevalence": 0.0001006947940791461,
                    "uniqueness": 1
                },
                "ezepvv": {
                    "ttl": 86408,
                    "length": 1,
                    "prevalence": 0.0004027791763165844,
                    "uniqueness": 0.25
                },
                "ezoab_305218": {
                    "ttl": 7203,
                    "length": 5,
                    "prevalence": 0.0001006947940791461,
                    "uniqueness": 1
                },
                "ezoadgid_305218": {
                    "ttl": 1803,
                    "length": 2,
                    "prevalence": 0.0001006947940791461,
                    "uniqueness": 1
                },
                "ezovid_305218": {
                    "ttl": 1803,
                    "length": 10,
                    "prevalence": 0.0001006947940791461,
                    "uniqueness": 1
                },
                "lp_305218": {
                    "ttl": 1803,
                    "length": 25,
                    "prevalence": 0.0001006947940791461,
                    "uniqueness": 1
                },
                "ezovuuidtime_305218": {
                    "ttl": 172803,
                    "length": 10,
                    "prevalence": 0.0001006947940791461,
                    "uniqueness": 1
                },
                "ezovuuid_305218": {
                    "ttl": 1803,
                    "length": 36,
                    "prevalence": 0.0001006947940791461,
                    "uniqueness": 1
                },
                "active_template::305218": {
                    "ttl": 172803,
                    "length": 19,
                    "prevalence": 0.0001006947940791461,
                    "uniqueness": 1
                },
                "ezopvc_305218": {
                    "ttl": 1803,
                    "length": 1,
                    "prevalence": 0.0001006947940791461,
                    "uniqueness": 1
                },
                "ezoadgid_380087": {
                    "ttl": 1807,
                    "length": 2,
                    "prevalence": 0.0001006947940791461,
                    "uniqueness": 1
                },
                "ezoab_380087": {
                    "ttl": 7207,
                    "length": 5,
                    "prevalence": 0.0001006947940791461,
                    "uniqueness": 1
                },
                "ezovid_380087": {
                    "ttl": 1807,
                    "length": 9,
                    "prevalence": 0.0001006947940791461,
                    "uniqueness": 1
                },
                "lp_380087": {
                    "ttl": 1807,
                    "length": 23,
                    "prevalence": 0.0001006947940791461,
                    "uniqueness": 1
                },
                "ezovuuidtime_380087": {
                    "ttl": 172807,
                    "length": 10,
                    "prevalence": 0.0001006947940791461,
                    "uniqueness": 1
                },
                "ezovuuid_380087": {
                    "ttl": 1807,
                    "length": 36,
                    "prevalence": 0.0001006947940791461,
                    "uniqueness": 1
                },
                "active_template::380087": {
                    "ttl": 172807,
                    "length": 19,
                    "prevalence": 0.0001006947940791461,
                    "uniqueness": 1
                },
                "ezopvc_380087": {
                    "ttl": 1807,
                    "length": 1,
                    "prevalence": 0.0001006947940791461,
                    "uniqueness": 1
                },
                "ezoadgid_339384": {
                    "ttl": 1808,
                    "length": 2,
                    "prevalence": 0.0001006947940791461,
                    "uniqueness": 1
                },
                "ezoab_339384": {
                    "ttl": 7208,
                    "length": 5,
                    "prevalence": 0.0001006947940791461,
                    "uniqueness": 1
                },
                "ezovid_339384": {
                    "ttl": 1808,
                    "length": 10,
                    "prevalence": 0.0001006947940791461,
                    "uniqueness": 1
                },
                "lp_339384": {
                    "ttl": 1808,
                    "length": 26,
                    "prevalence": 0.0001006947940791461,
                    "uniqueness": 1
                },
                "ezovuuidtime_339384": {
                    "ttl": 172808,
                    "length": 10,
                    "prevalence": 0.0001006947940791461,
                    "uniqueness": 1
                },
                "ezovuuid_339384": {
                    "ttl": 1808,
                    "length": 36,
                    "prevalence": 0.0001006947940791461,
                    "uniqueness": 1
                },
                "active_template::339384": {
                    "ttl": 172808,
                    "length": 19,