{
    "domain": "getsitectrl.com",
    "owner": {},
    "source": [
        "DuckDuckGo-AU"
    ],
    "prevalence": 0.00211,
    "sites": 21,
    "subdomains": [
        "events"
    ],
    "cnames": [],
    "fingerprinting": 0,
    "resources": [
        {
            "rule": "getsitectrl\\.com\\/api\\/v1\\/events",
            "cookies": 0,
            "fingerprinting": 0,
            "subdomains": [
                "events"
            ],
            "apis": {},
            "sites": 21,
            "prevalence": 0.00211,
            "cnames": [],
            "responseHashes": [
                "27746e949993448d808142dcb55ed5ad66221a2328d00c197e9206c2100e06b1",
                "74b078121e23d68a9efd3679df06789c00decdd6132d136909fc8ce745b660e2",
                "0b5c5611acc2443dac15d0c06f872a1c66dbdad31744b9973eccc04cc4f5d822",
                "0e1009266dc6a10bf4c9fc62fbc21f7d3627ab625e1481ebaa7a567d7f34f3a1",
                "81350a8cb750b28c3859e5135d306005d3626b7b568f876080180c9d14a06974",
                "159d7e393417814545dd5c539b187721f4ee03546c439badb522473e62a33c20",
                "93ed972b2ea855efb40343907f57603a7999265f06187dbb265c562204a11a8e",
                "96117499dfff3ede17410317ede272a94531c7df40e80d87fdbae5506544f854",
                "6b974222a93a5d5487c52424eee8bd1d66f52a8db9e1211c55c00a3cf97b2428",
                "d48c11fbb32dfa538818aa3116f4815bc480b3cbe6140672894de9a0cb6fc56c",
                "ac044c6bfec0d44c2c8a7bb09003236ff341f5cc7802c0875811f032a11932eb",
                "12f1f2ba12df57088b627e3ec0eba21f2086dab9bfe50d540fc13aeb3dff97aa",
                "4d7797019f96f1c53a7ddab8faabed82de11234371a6bf9c3449396a869f7d69",
                "154b652386264f217b26d84f951ec9ce7df763119b3aa83df55b588207b7934c",
                "86d0e409c855152117d7a946954bbcf205679f391324b2051ebf3cb721afb024",
                "7eac011436ff68d32a092aab19eb74ab929510b204e647c6e3299118e7314588",
                "20183d6c85f7ee2d7d5d643044063165e7aa4330f1c23788edffe4bb7c770a19",
                "6ab6289dbe7f17140c4aebfe7362f177fc967ecc8b8cd9c1fe4c722c0b9a2728",
                "2aafc91edddbccad72f2fe40125ad5fa267b2410c08f837f841130b68e5894f3",
                "3dbd2d48c29336fd7b246d4f3e6ce23ac05e36685cd3e8c06dbbbe0bba5cd4c3"
            ],
            "type": "Fetch",
            "firstPartyCookies": {},
            "firstPartyCookiesSent": {},
            "exampleSites": [
                "itsfoss.com",
                "www.techopedia.com",
                "www.cashrewards.com.au",
                "www.camplify.com.au",
                "www.newzealand.com",
                "endotaspa.com.au",
                "www.tangalooma.com",
                "startsat60.com",
                "www.iga.com.au",
                "propertyupdate.com.au",
                "www.inyourpocket.com",
                "upgradedhome.com",
                "www.yarraranges.vic.gov.au",
                "www.trustedhousesitters.com",
                "www.translate.com",
                "www.advrider.com",
                "www.physio-pedia.com",
                "www.tupperware.com.au",
                "www.cars24.com",
                "www.ivisa.com"
            ]
        },
        {
            "rule": "getsitectrl\\.com\\/api\\/v1\\/events",
            "cookies": 0,
            "fingerprinting": 0,
            "subdomains": [
                "events"
            ],
            "apis": {},
            "sites": 5,
            "prevalence": 0.000501,
            "cnames": [],
            "responseHashes": [
                "e3b0c44298fc1c149afbf4c8996fb92427ae41e4649b934ca495991b7852b855"
            ],
            "type": "Ping",
            "firstPartyCookies": {},
            "firstPartyCookiesSent": {},
            "exampleSites": [
                "endotaspa.com.au",
                "startsat60.com",
                "www.ivisa.com",
                "www.physio-pedia.com",
                "www.techopedia.com"
            ]
        }
    ],
    "categories": [],
    "performance": {},
    "cookies": 0,
    "topInitiators": [
        {
            "domain": "getsitecontrol.com",
            "prevalence": 0.7692307692307693
        },
        {
            "domain": "first party",
            "prevalence": 0.11538461538461539
        },
        {
            "domain": "d38b8me95wjkbc.cloudfront.net",
            "prevalence": 0.038461538461538464
        },
        {
            "domain": "rum.us-east-1.amazonaws.com",
            "prevalence": 0.038461538461538464
        },
        {
            "domain": "shopify.com",
            "prevalence": 0.038461538461538464
        }
    ],
    "types": {
        "Fetch": 21,
        "Ping": 5
    },
    "nameservers": [
        "ns-420.awsdns-52.com",
        "ns-853.awsdns-42.net",
        "ns-1552.awsdns-02.co.uk",
        "ns-1342.awsdns-39.org"
    ]
}