{
    "domain": "linkconnector.com",
    "owner": {
        "name": "LinkConnector Corporation",
        "displayName": "LinkConnector"
    },
    "source": [
        "DuckDuckGo-AU"
    ],
    "prevalence": 0.00131,
    "sites": 13,
    "subdomains": [
        "www"
    ],
    "cnames": [],
    "fingerprinting": 1,
    "resources": [
        {
            "rule": "linkconnector\\.com\\/uts_lp\\.php",
            "cookies": 0.0012,
            "fingerprinting": 1,
            "subdomains": [
                "www"
            ],
            "apis": {
                "Document.cookie getter": 12,
                "window.localStorage": 11,
                "Date.prototype.getTime": 12,
                "Document.cookie setter": 12
            },
            "sites": 12,
            "prevalence": 0.0012,
            "cnames": [],
            "responseHashes": [
                "2905cd2d1d2bb13daee1f01d978433d04208af690c53b8b152b911014e0e3fed",
                "3ad8659cb9e6e1bf21fa6ac29b6bff2bd2617424be04b86b152b3e54ad0476be",
                "305b77fa903c330d78f2c2caa0672b5caba99b645d1b8794bb2acffae579af02",
                "c317fd62d756ccddb83ed4bbe0adc00571a15983ce38b76056c872745ac3560b",
                "f720a2587b94fbd418ae448abe652a4faf8c2e8616e101ebcf24b47124cf88b5",
                "c26a26972153d317628c9560dd2ac1e0ec558b3a4606f892df5f487952c1273b",
                "5f5c0b99341911720e7dd63319b42aba923cf7f8dbd25394fbe994c8e0fc5111",
                "f4a00ec2217ded61495a1446b4e18c1b1b76fa617f0a2ba17641efc9d06a7e11",
                "aeb843f1cb169ae6a42162d4318d7810557a9ef333949eb2e743335a9c588b74",
                "139a5965624d30add943abd133f10424ab4ac33f435971060a64e32470b4b925",
                "a77f6ceaaa1190dda20fa3dd24042bd15c11d3f9c1ed6f04807d29f54d565292"
            ],
            "type": "Script",
            "firstPartyCookies": {
                "uts_id": {
                    "ttl": 157680009,
                    "length": 17,
                    "prevalence": 0.0011045285671252133,
                    "uniqueness": 1
                },
                "LCUTS_UID_900133": {
                    "ttl": 3611,
                    "length": 6,
                    "prevalence": 0.0006024701275228437,
                    "uniqueness": 0.16666666666666666
                },
                "LCUTS_UID_901518": {
                    "ttl": 3610,
                    "length": 6,
                    "prevalence": 0.00010041168792047395,
                    "uniqueness": 1
                },
                "LCUTS_UID_901826": {
                    "ttl": 3605,
                    "length": 6,
                    "prevalence": 0.00010041168792047395,
                    "uniqueness": 1
                },
                "LCUTS_UID_901602": {
                    "ttl": 3605,
                    "length": 6,
                    "prevalence": 0.00010041168792047395,
                    "uniqueness": 1
                },
                "LCUTS_UID_901229": {
                    "ttl": 3609,
                    "length": 6,
                    "prevalence": 0.00010041168792047395,
                    "uniqueness": 1
                },
                "LCUTS_UID_901746": {
                    "ttl": 3606,
                    "length": 6,
                    "prevalence": 0.00010041168792047395,
                    "uniqueness": 1
                },
                "LCUTS_UID_901609": {
                    "ttl": 3606,
                    "length": 6,
                    "prevalence": 0.00010041168792047395,
                    "uniqueness": 1
                }
            },
            "firstPartyCookiesSent": {
                "LCUTS_UID_900133": 0.0006024701275228437,
                "LCUTS_UID_901518": 0.00010041168792047395,
                "LCUTS_UID_901826": 0.00010041168792047395,
                "LCUTS_UID_901602": 0.00010041168792047395,
                "LCUTS_UID_901229": 0.00010041168792047395,
                "LCUTS_UID_901746": 0.00010041168792047395,
                "LCUTS_UID_901609": 0.00010041168792047395
            },
            "exampleSites": [
                "wondershare.com",
                "filmora.wondershare.com",
                "mobiletrans.wondershare.com",
                "pdf.wondershare.com",
                "recoverit.wondershare.com",
                "videoconverter.wondershare.com",
                "www.edrawsoft.com",
                "www.flexclip.com",
                "www.minitool.com",
                "www.movavi.com",
                "www.starzsoft.com",
                "www.videoproc.com"
            ]
        },
        {
            "rule": "linkconnector\\.com\\/tu\\.php",
            "cookies": 0.000904,
            "fingerprinting": 0,
            "subdomains": [
                "www"
            ],
            "apis": {},
            "sites": 9,
            "prevalence": 0.000904,
            "cnames": [],
            "responseHashes": [
                "942fa519ebb6234f59c3d8c8c66c6b2671b69364c1c31a6788f722e4baca9a94"
            ],
            "type": "Image",
            "firstPartyCookies": {},
            "firstPartyCookiesSent": {
                "_gcl_au": 0.0008032935033637916,
                "__atuvs": 0.0004016467516818958,
                "_ga_24WTSJBD5B": 0.0006024701275228437,
                "_ga": 0.0012049402550456873,
                "_uetsid": 0.0007028818154433176,
                "_uetvid": 0.0007028818154433176,
                "_gid": 0.0006024701275228437,
                "IR_gbd": 0.00010041168792047395,
                "__utmzz": 0.00010041168792047395
            },
            "exampleSites": [
                "wondershare.com",
                "filmora.wondershare.com",
                "mobiletrans.wondershare.com",
                "pdf.wondershare.com",
                "recoverit.wondershare.com",
                "videoconverter.wondershare.com",
                "www.edrawsoft.com",
                "www.flexclip.com",
                "www.movavi.com"
            ]
        },
        {
            "rule": "linkconnector\\.com\\/js\\/uts_uid\\.php",
            "cookies": 0.000904,
            "fingerprinting": 0,
            "subdomains": [
                "www"
            ],
            "apis": {},
            "sites": 9,
            "prevalence": 0.000904,
            "cnames": [],
            "responseHashes": [
                "942fa519ebb6234f59c3d8c8c66c6b2671b69364c1c31a6788f722e4baca9a94"
            ],
            "type": "Image",
            "firstPartyCookies": {},
            "firstPartyCookiesSent": {
                "LCUTS_UID_900133": 0.0006024701275228437,
                "LCUTS_UID_901518": 0.00010041168792047395,
                "LCUTS_UID_901826": 0.00010041168792047395,
                "LCUTS_UID_901229": 0.00010041168792047395
            },
            "exampleSites": [
                "wondershare.com",
                "filmora.wondershare.com",
                "mobiletrans.wondershare.com",
                "pdf.wondershare.com",
                "recoverit.wondershare.com",
                "videoconverter.wondershare.com",
                "www.edrawsoft.com",
                "www.flexclip.com",
                "www.movavi.com"
            ]
        },
        {
            "rule": "linkconnector\\.com\\/uts_clickcounts\\.php",
            "cookies": 0,
            "fingerprinting": 0,
            "subdomains": [
                "www"
            ],
            "apis": {},
            "sites": 6,
            "prevalence": 0.000602,
            "cnames": [],
            "responseHashes": [
                "e3b0c44298fc1c149afbf4c8996fb92427ae41e4649b934ca495991b7852b855"
            ],
            "type": "Script",
            "firstPartyCookies": {},
            "firstPartyCookiesSent": {
                "LCUTS_UID_901518": 0.00010041168792047395,
                "IR_gbd": 0.00010041168792047395,
                "srcSite": 0.00010041168792047395,