{
    "domain": "medtargetsystem.com",
    "owner": {
        "name": "MedTargetSystem",
        "displayName": "MedTargetSystem"
    },
    "source": [
        "DuckDuckGo-AU"
    ],
    "prevalence": 0.00111,
    "sites": 11,
    "subdomains": [
        "www"
    ],
    "cnames": [],
    "fingerprinting": 3,
    "resources": [
        {
            "rule": "medtargetsystem\\.com\\/javascript\\/beacon\\.js",
            "cookies": 0.00101,
            "fingerprinting": 2,
            "subdomains": [
                "www"
            ],
            "apis": {
                "Navigator.prototype.product": 11,
                "Navigator.prototype.userAgent": 11,
                "window.localStorage": 11,
                "window.sessionStorage": 11,
                "Document.cookie getter": 10,
                "Date.prototype.getTime": 11,
                "window.name": 11,
                "Document.cookie setter": 10
            },
            "sites": 11,
            "prevalence": 0.00111,
            "cnames": [],
            "responseHashes": [
                "2a16fac66a7f64cf267430afda974ca3bdaac7d026ff43b15ed66575dd508a99",
                "b9a5196496fece6e39ef61dd0c7dee0ffd17f4f1f6a5d539b7a6d82a92233c66",
                "e7df237d1e3af657f4bd5ac768890a333a6d1008af2377ccc60a0ceb98326fcc",
                "238b1a1650a5dd97ae91d6d8cad6cd24bc73cf2f090d676490ab1af21cea7c06",
                "aaae821bd9eade39844f758c02df2cd2770cde6fec931cb062476c46ba31ed88",
                "b767d0c1a3016b50132437abcbbcafa38ec56713b61e4f780f4c74eb98fe3aa2"
            ],
            "type": "Script",
            "firstPartyCookies": {
                "_sess": {
                    "ttl": 1809,
                    "length": 86,
                    "prevalence": 0.001006947940791461,
                    "uniqueness": 1
                },
                "dmd-vid": {
                    "ttl": 1809,
                    "length": 36,
                    "prevalence": 0.001006947940791461,
                    "uniqueness": 1
                },
                "dmd-sid": {
                    "ttl": 1809,
                    "length": 36,
                    "prevalence": 0.001006947940791461,
                    "uniqueness": 1
                },
                "dmd-ahk": {
                    "ttl": 1809,
                    "length": 10,
                    "prevalence": 0.000906253146712315,
                    "uniqueness": 0.1111111111111111
                },
                "dmd-signal-3-8892-757CDF7C-605e0d24-e916-43f6-bfae-39eb49693157": {
                    "ttl": 1810,
                    "length": 3,
                    "prevalence": 0.0001006947940791461,
                    "uniqueness": 1
                },
                "dmd-signal-118-503-EA8A36BD-6c1d2c6b-4c40-45b6-b5c9-8acb9486846c": {
                    "ttl": 1808,
                    "length": 3,
                    "prevalence": 0.0001006947940791461,
                    "uniqueness": 1
                },
                "dmd-signal-112-497-382A7D95-8d66bc6a-424d-4f1f-abbb-3d4b27d9dc75": {
                    "ttl": 1812,
                    "length": 3,
                    "prevalence": 0.0001006947940791461,
                    "uniqueness": 1
                },
                "dmd-signal-10-65-82449DD1-2f55ff06-6436-470a-aa5e-fda4da4276d8": {
                    "ttl": 1806,
                    "length": 3,
                    "prevalence": 0.0001006947940791461,
                    "uniqueness": 1
                },
                "dmd-signal-52-500-9E888B4D-897db6b8-8274-4380-95a4-312aa91f4de9": {
                    "ttl": 1810,
                    "length": 3,
                    "prevalence": 0.0001006947940791461,
                    "uniqueness": 1
                },
                "dmd-signal-102-456-06EED9C9-7641375c-5123-40c8-a2e1-902d61b25aaf": {
                    "ttl": 1806,
                    "length": 3,
                    "prevalence": 0.0001006947940791461,
                    "uniqueness": 1
                },
                "dmd-signal-104-477-DCF729D3-1a25b200-f14b-4f8b-aed2-5bd52f9822ad": {
                    "ttl": 1812,
                    "length": 3,
                    "prevalence": 0.0001006947940791461,
                    "uniqueness": 1
                },
                "dmd-signal-105-478-061A5F57-f17c6851-185e-40d9-9787-7fb939927bf3": {
                    "ttl": 1805,
                    "length": 3,
                    "prevalence": 0.0001006947940791461,
                    "uniqueness": 1
                },
                "dmd-signal-114-507-EDB9E74C-aeb9e9a4-eb47-420f-9779-51ee322432d5": {
                    "ttl": 1809,
                    "length": 3,
                    "prevalence": 0.0001006947940791461,
                    "uniqueness": 1
                }
            },
            "firstPartyCookiesSent": {},
            "exampleSites": [
                "lww.com",
                "radiopaedia.org",
                "www.bmj.com",
                "www.epainassist.com",
                "www.goodrx.com",
                "www.healingwell.com",
                "www.healthgrades.com",
                "www.hopkinsmedicine.org",
                "www.mayoclinic.org",
                "www.mdcalc.com",
                "www.nejm.org"
            ]
        },
        {
            "rule": "medtargetsystem\\.com\\/beacon\\/portal\\/",
            "cookies": 0.00111,
            "fingerprinting": 0,
            "subdomains": [
                "www"
            ],
            "apis": {},
            "sites": 11,
            "prevalence": 0.00111,
            "cnames": [],
            "responseHashes": [
                "ebacf3836be3cb8ac70b3803339f6d6878d04b41256bacae84ed565fc512a2db",
                "6f5bea4a14dea38144482670355a9c3e6b2c2f790590704a4c730e93b2e8ea69",
                "8913b6d31626aade79e3aa49cc4e230e4f75dbea637b2181f7bf8bff40be73f8",
                "e38fb77960f89fdc738220f6a2a24ef328ff302deff1adab66f64b716e285503",
                "63e280e156ecddc207ea9966880bc674acb1fd48b2ceb92fb678279074ea0341",
                "f73f9fc11ac7489e378787c6240dc37acb532f4b57238b89052bb97b46a2d6f5",
                "59edab6c0cd41cc7d01eb9646473842faea711efe59d7319e445e0cd202f2523",
                "d02a0c42e097f080102307c0e3e72b008dfed86e85bbb9aed7b5556ad3b198dc"
            ],
            "type": "Document",
            "firstPartyCookies": {},
            "firstPartyCookiesSent": {
                "dmd-vid": 0.0011076427348706071,
                "dmd-sid": 0.0011076427348706071
            },
            "exampleSites": [
                "lww.com",
                "radiopaedia.org",
                "www.bmj.com",
                "www.epainassist.com",
                "www.goodrx.com",
                "www.healingwell.com",
                "www.healthgrades.com",
                "www.hopkinsmedicine.org",
                "www.mayoclinic.org",
                "www.mdcalc.com",
                "www.nejm.org"
            ]
        },
        {
            "rule": "medtargetsystem\\.com\\/analytics\\/collect\\.gif",
            "cookies": 0.000806,
            "fingerprinting": 0,
            "subdomains": [
                "www"
            ],
            "apis": {},
            "sites": 11,
            "prevalence": 0.00111,
            "cnames": [],
            "responseHashes": [
                "e3b0c44298fc1c149afbf4c8996fb92427ae41e4649b934ca495991b7852b855"
            ],
            "type": "Image",
            "firstPartyCookies": {},
            "firstPartyCookiesSent": {
                "dmd-vid": 0.0011076427348706071,
                "dmd-sid": 0.0011076427348706071
            },