{
    "domain": "medtargetsystem.com",
    "owner": {
        "name": "MedTargetSystem",
        "displayName": "MedTargetSystem"
    },
    "source": [
        "DuckDuckGo-AU"
    ],
    "prevalence": 0.001,
    "sites": 10,
    "subdomains": [
        "www"
    ],
    "cnames": [],
    "fingerprinting": 3,
    "resources": [
        {
            "rule": "medtargetsystem\\.com\\/javascript\\/beacon\\.js",
            "cookies": 0.000802,
            "fingerprinting": 2,
            "subdomains": [
                "www"
            ],
            "apis": {
                "Navigator.prototype.product": 10,
                "Navigator.prototype.userAgent": 10,
                "window.localStorage": 10,
                "window.sessionStorage": 10,
                "Document.cookie getter": 8,
                "Date.prototype.getTime": 10,
                "window.name": 10,
                "Document.cookie setter": 8
            },
            "sites": 10,
            "prevalence": 0.001,
            "cnames": [],
            "responseHashes": [
                "883bc9a26e0b329e37d1139486e92e8ebe940b5521433a0f8592be1c252edb8f",
                "5aa1aca02ae3f8c01293db6e61c6087fe70e1307023144c6cdbcd7161b51f661",
                "372febc2101c343844c625be7bf1999caeb32683702126ac9fa37f1f346baefe",
                "0e3b0ea28676eb4d866f61dc08234b98df73f368ed4e5aa4e4be76d9bc5cf59e",
                "bfdd30fcb85e3ca6098aa931d1f5805e7021a42fba29d3f68347c8764f2024b5"
            ],
            "type": "Script",
            "firstPartyCookies": {
                "_sess": {
                    "ttl": 1808,
                    "length": 86,
                    "prevalence": 0.0008022462896109105,
                    "uniqueness": 1
                },
                "dmd-vid": {
                    "ttl": 1808,
                    "length": 36,
                    "prevalence": 0.0008022462896109105,
                    "uniqueness": 1
                },
                "dmd-sid": {
                    "ttl": 1808,
                    "length": 36,
                    "prevalence": 0.0008022462896109105,
                    "uniqueness": 1
                },
                "dmd-ahk": {
                    "ttl": 1808,
                    "length": 10,
                    "prevalence": 0.0008022462896109105,
                    "uniqueness": 0.125
                },
                "dmd-signal-246-10250-3F3B6BD6-2d3b00f7-4fa9-42c4-b40e-ec1a8676bcf7": {
                    "ttl": 1805,
                    "length": 3,
                    "prevalence": 0.00010028078620136381,
                    "uniqueness": 1
                },
                "dmd-signal-126-610-A5ECBB04-ddc937dd-99a4-4a54-b7a5-132d7add716e": {
                    "ttl": 1806,
                    "length": 3,
                    "prevalence": 0.00010028078620136381,
                    "uniqueness": 1
                },
                "dmd-signal-118-503-EA8A36BD-c5807e25-b7e3-4c12-ab5e-f1c2e2934191": {
                    "ttl": 1807,
                    "length": 3,
                    "prevalence": 0.00010028078620136381,
                    "uniqueness": 1
                },
                "dmd-signal-10-65-82449DD1-7a18877c-7a84-4d39-a201-51a4cb265c7c": {
                    "ttl": 1808,
                    "length": 3,
                    "prevalence": 0.00010028078620136381,
                    "uniqueness": 1
                },
                "dmd-signal-52-500-9E888B4D-f180ac8a-7db1-499e-a084-66155491f1ec": {
                    "ttl": 1809,
                    "length": 3,
                    "prevalence": 0.00010028078620136381,
                    "uniqueness": 1
                },
                "dmd-signal-102-456-06EED9C9-06b45c5f-1adb-4cda-9850-fbe7c6f2cfdc": {
                    "ttl": 1807,
                    "length": 3,
                    "prevalence": 0.00010028078620136381,
                    "uniqueness": 1
                },
                "dmd-signal-114-507-EDB9E74C-90bfbf7c-ebfc-4679-96ab-d9db00550bd4": {
                    "ttl": 1812,
                    "length": 3,
                    "prevalence": 0.00010028078620136381,
                    "uniqueness": 1
                },
                "dmd-signal-52-500-9E888B4D-752cd9d7-f7fa-405b-a637-7781cc11b13d": {
                    "ttl": 1821,
                    "length": 3,
                    "prevalence": 0.00010028078620136381,
                    "uniqueness": 1
                }
            },
            "firstPartyCookiesSent": {},
            "exampleSites": [
                "dermnetnz.org",
                "journals.sagepub.com",
                "radiopaedia.org",
                "www.epainassist.com",
                "www.goodrx.com",
                "www.healingwell.com",
                "www.healthgrades.com",
                "www.mdcalc.com",
                "www.nejm.org",
                "www.urologyhealth.org"
            ]
        },
        {
            "rule": "medtargetsystem\\.com\\/beacon\\/portal\\/",
            "cookies": 0.001,
            "fingerprinting": 0,
            "subdomains": [
                "www"
            ],
            "apis": {},
            "sites": 10,
            "prevalence": 0.001,
            "cnames": [],
            "responseHashes": [
                "7cee3593102d9e7dd4d374f38ab5da463215f9573cf366cc0fbc6dcfa73fc1b5",
                "70c70a55860f41814281b11038b67e57b0e27d8afc613d77a94ce44f3056f616",
                "3f09c66059a28322a320d180a3fa73e10c530a3191c4a6b89bc5b23b433488b5",
                "9be22c862c7ce06381c03c7fd3b84fa284b46662f228ad1be9ca4d99e2f76334",
                "df58ce1c13426bdff77383247705fa74745034e21e8f6353a87db210cf8cfb51",
                "dbfa6b4ca26889cc47ef68219f688802bf776b9e0e3bb30bb24ee5642afd33ab",
                "6ff01a02e5ccc904d7a399bbcb59c53ec29b2cb9c531c768dece5407f34e975e",
                "43930f36fbf3707c2648a184e66335b63345c6f94d701bab694a39c09d8025f9"
            ],
            "type": "Document",
            "firstPartyCookies": {},
            "firstPartyCookiesSent": {
                "dmd-vid": 0.0010028078620136383,
                "dmd-sid": 0.0010028078620136383
            },
            "exampleSites": [
                "dermnetnz.org",
                "journals.sagepub.com",
                "radiopaedia.org",
                "www.epainassist.com",
                "www.goodrx.com",
                "www.healingwell.com",
                "www.healthgrades.com",
                "www.mdcalc.com",
                "www.nejm.org",
                "www.urologyhealth.org"
            ]
        },
        {
            "rule": "medtargetsystem\\.com\\/analytics\\/collect\\.gif",
            "cookies": 0.000501,
            "fingerprinting": 0,
            "subdomains": [
                "www"
            ],
            "apis": {},
            "sites": 10,
            "prevalence": 0.001,
            "cnames": [],
            "responseHashes": [
                "e3b0c44298fc1c149afbf4c8996fb92427ae41e4649b934ca495991b7852b855"
            ],
            "type": "Image",
            "firstPartyCookies": {},
            "firstPartyCookiesSent": {
                "dmd-vid": 0.0010028078620136383,
                "dmd-sid": 0.0010028078620136383
            },
            "exampleSites": [
                "dermnetnz.org",
                "journals.sagepub.com",
                "radiopaedia.org",
                "www.epainassist.com",
                "www.goodrx.com",
                "www.healingwell.com",
                "www.healthgrades.com",
                "www.mdcalc.com",
                "www.nejm.org",
                "www.urologyhealth.org"
            ]
        },
        {
            "rule": "medtargetsystem\\.com\\/js\\/build\\/iframe\\/signal\\.js",
            "cookies": 0,
            "fingerprinting": 1,
            "subdomains": [
                "www"
            ],