{
    "domain": "narrativ.com",
    "owner": {},
    "source": [
        "DuckDuckGo-AU"
    ],
    "prevalence": 0.00271,
    "sites": 27,
    "subdomains": [
        "events.release",
        "static"
    ],
    "cnames": [],
    "fingerprinting": 1,
    "resources": [
        {
            "rule": "narrativ\\.com\\/api\\/v0\\/session\\.html",
            "cookies": 0.00211,
            "fingerprinting": 0,
            "subdomains": [
                "events.release"
            ],
            "apis": {},
            "sites": 22,
            "prevalence": 0.00221,
            "cnames": [],
            "responseHashes": [
                "2b985ea6d9c7dfde8fed40fe25659a491c37869f3e25905742d1a746f12a1058",
                "6d0258a5cc5ad1ce55dcd745e180c6d8daaf3c82c2d22f7a538bca5570e91207",
                "be53904cd43e4b2a1cd0bf75a667b8329299968b7e8c4516e0dcbc2b1509037c",
                "a5d1148308169b82e670ab13afa80a0d91cac105b43bdf8ec08015356f97beb4",
                "c24da24bdf920f89e5feb1a0ca2a7fc913308a7b538395c0aaa91b6b15774736",
                "bc89ab8efea2011f893688224801bc4ef9d673edbf941dea7906b04dffa1b077",
                "b771f79a59e3b5f1b499b3befcefa2b3c7dd599ee9549505b99508653798fe9e",
                "2ab911a2779a9d19c95cd9196573c99b822a29502557125d0433a7660691d751",
                "74240e2605e3b2fbe102fb8a8299744d7dad7344d549effd7622bd8636bee37b",
                "fd47c01762756d905f0c0bed3896b42b6c3f145c72a6dfca35e8446bb5b64f3e",
                "cdc51f0452e2c92bf46933203d0d201cda93b89ded66f1b442bc126519e046f9",
                "3e1bd9d4eaefe6473997f1ae256bf9894e3c2a318fdcf0def417cd2e4494cc33",
                "27b9014b48b0f61846e931e245079698624bc81e93fe3a6e91387243ed54e63f",
                "873a1f6b53364438a7ec94c6dc1c8c6cb15b8ffa7f048551d67a5d73f5118334",
                "f6560b68f9e4cdf4f0d6df968d9ad0ac2d6d9f64be9c50a1d541cd47c2d72859",
                "08a2f7c3456f10df99b112ea2f03a6e24117021b594aa3e99402257c3386363d",
                "5839a4579ee5275e327d8bcf607491119d822fe26b917a4ad8e927963f6fe787",
                "2599fde012befc4ff34fd2ccf9e579278caf765025f23a4e4471d8ea2cd1da61",
                "bc987c9ac596fae0332f082b093acd1caeb9fa3889fa84cecd4f4d1931e04ccc"
            ],
            "type": "Document",
            "firstPartyCookies": {},
            "firstPartyCookiesSent": {},
            "exampleSites": [
                "gizmodo.com",
                "lifehacker.com",
                "screenrant.com",
                "www.bedbathandbeyond.com",
                "www.cnet.com",
                "www.theloadout.com",
                "www.androidauthority.com",
                "www.wellandgood.com",
                "www.pcgamesn.com",
                "stylecaster.com",
                "www.pockettactics.com",
                "www.sheknows.com",
                "www.laptopmag.com",
                "www.reviewed.com",
                "www.purewow.com",
                "kotaku.com",
                "www.bobvila.com",
                "www.theverge.com",
                "www.wargamer.com",
                "www.polygon.com"
            ]
        },
        {
            "rule": "narrativ\\.com\\/api\\/v0\\/session\\.gif",
            "cookies": 0.00191,
            "fingerprinting": 0,
            "subdomains": [
                "events.release"
            ],
            "apis": {},
            "sites": 20,
            "prevalence": 0.00201,
            "cnames": [],
            "responseHashes": [
                "e3b0c44298fc1c149afbf4c8996fb92427ae41e4649b934ca495991b7852b855"
            ],
            "type": "Image",
            "firstPartyCookies": {},
            "firstPartyCookiesSent": {},
            "exampleSites": [
                "gizmodo.com",
                "kotaku.com",
                "lifehacker.com",
                "screenrant.com",
                "stylecaster.com",
                "www.androidauthority.com",
                "www.bedbathandbeyond.com",
                "www.bobvila.com",
                "www.pcgamesn.com",
                "www.pockettactics.com",
                "www.popsci.com",
                "www.polygon.com",
                "www.purewow.com",
                "www.reviewed.com",
                "www.sheknows.com",
                "www.theloadout.com",
                "www.theverge.com",
                "www.wargamer.com",
                "www.wellandgood.com",
                "www.xda-developers.com"
            ]
        },
        {
            "rule": "narrativ\\.com\\/tags\\/narrativ-pub\\.1\\.0\\.0\\.js",
            "cookies": 0,
            "fingerprinting": 2,
            "subdomains": [
                "static"
            ],
            "apis": {
                "Navigator.prototype.product": 4,
                "Navigator.prototype.userAgent": 4
            },
            "sites": 5,
            "prevalence": 0.000501,
            "cnames": [],
            "responseHashes": [
                "aa318ad60a4086b7b754b6543052ca0bffe3cefc58577feac2052c2f0f1609be"
            ],
            "type": "Script",
            "firstPartyCookies": {},
            "firstPartyCookiesSent": {},
            "exampleSites": [
                "screenrant.com",
                "www.androidpolice.com",
                "www.gamespot.com",
                "www.gottabemobile.com",
                "www.makeuseof.com"
            ]
        },
        {
            "rule": "narrativ\\.com\\/tags\\/future\\.js",
            "cookies": 0,
            "fingerprinting": 0,
            "subdomains": [
                "static"
            ],
            "apis": {},
            "sites": 2,
            "prevalence": 0.000201,
            "cnames": [],
            "responseHashes": [],
            "type": "Script",
            "firstPartyCookies": {},
            "firstPartyCookiesSent": {},
            "exampleSites": [
                "laptopmag.com",
                "www.techradar.com"
            ]
        }
    ],
    "categories": [],
    "performance": {},
    "cookies": 0.00211,
    "types": {
        "Document": 22,
        "Image": 20,
        "Script": 7
    },
    "nameservers": [
        "ns-1471.awsdns-55.org",
        "ns-1907.awsdns-46.co.uk",
        "ns-482.awsdns-60.com",
        "ns-539.awsdns-03.net"
    ]
}