{
    "domain": "nfcube.com",
    "owner": {},
    "source": [
        "DuckDuckGo-AU"
    ],
    "prevalence": 0.00391,
    "sites": 39,
    "subdomains": [
        "instafeed"
    ],
    "cnames": [],
    "fingerprinting": 1,
    "resources": [
        {
            "rule": "nfcube\\.com\\/cdn\\/instafeed-4\\.7\\.0\\.css",
            "cookies": 0,
            "fingerprinting": 0,
            "subdomains": [
                "instafeed"
            ],
            "apis": {},
            "sites": 6,
            "prevalence": 0.000602,
            "cnames": [],
            "responseHashes": [
                "ae0ed3d9e100cbcc1687edf3c3067c008d3d0e7a3ee2e7a10f2ded57cedeb1be"
            ],
            "type": "Stylesheet",
            "firstPartyCookies": {},
            "firstPartyCookiesSent": {},
            "exampleSites": [
                "amawarehouse.com.au",
                "govita.com.au",
                "musclenation.org",
                "superfoodsaustralia.com.au",
                "www.belfieldmusic.com.au",
                "www.thehorse.com.au"
            ]
        },
        {
            "rule": "nfcube\\.com\\/feed\\/v4",
            "cookies": 0.000802,
            "fingerprinting": 0,
            "subdomains": [
                "instafeed"
            ],
            "apis": {},
            "sites": 29,
            "prevalence": 0.00291,
            "cnames": [],
            "responseHashes": [
                "566f3848a59801d60713f58e50fe823f60fa793695e15c153ea224526912706d",
                "9b2ad04b7c4dc02e0b35ac26d3b8769676d0479699dfe081c0dd9b3d97ca68be",
                "efd60c717a9f5cf17b89c5bc24798bc02626a3c1499d55562e9197181594ac5c",
                "49a5430c245d8a0119133d94be7b6893dadd0c7d13758ed240fd76c369ed66f8",
                "4782ccba6a75f68f82cd258328ffff1bb3a6ed9b9b77be21b6a54d876594fdd2",
                "ccedde24b3247ca28e7c97e6217165320260f51abfff975e03d19a278dfee53e",
                "abf0976e843e7e8b861e5aa239a4842be1edf650ed7728a188924dc88e4ff40d",
                "d3ac2697df1bf8272069f40da57b3f9516a6004eb8fa3e8455267bd624f85b13",
                "489aee364f228613cf478ce663c14e8d9a4b92bfb7d5418e8178c7e3bb584bff",
                "e736ae424529b9082e5279d7d7f93b6ed7aa711a3d25cf319f558d4d827c1319",
                "8bb26f2e7d2bd3219548eaded3caca86c17b024459c6a51888d2bb9e044d5f91",
                "f9c834af7743b265a5bd6f2822a43a0236459d0f71123ed222781936aab34b70",
                "18de4d748507805ffc39d2847aa4780ca601f7c9a45dca947b11c9597427180e",
                "d78fcded279dcacf5f71abd81a387220c95021a9b3889abd03810caf16087f81",
                "58196d1dd304459782b97ae6076e4250d10ca705da2cccc4d873b8de7eaca814",
                "f43e3cc33834cd753ca151eaed1fbe65c2a6c9083a5c48787dd181eac1bb8a5c",
                "b475d2657db56c5dbd33ada7b244954b4f28041fb088066f8eddc326e7472926",
                "1626688da1f99d2ae419979915c35acfddf547af43963d8eee2003be8e83097a",
                "ef3b3e46a5fe137653edbdd2d7dabb5443a451f312ffcf346ade4df51a9721e5",
                "d45d4581c48540b52c7b2d515ce3d0e701640f02ae84e29b666a2a850ea9c264",
                "02f6b15e4bf44f205345a32f7bcee60c3676024436089f1f4011619d418ae19e",
                "316d9c29fd695b91ec799a73f76c846558c9b89dd100d8f88fbbddc60f89dfdf",
                "1701405410518f4c0ba17d1adf59888a13d7b5cd3c62a83095af4cc0d46151cd",
                "aa256d84a8463b16ed7fcccd6c4552c74e0f7b7361723ea322f08bd19dbf327b",
                "e60f7883f563be4de0fc8d80835c72c962d6446c36c1f04258334ef2759df925",
                "dc6a4e1b0833e55fda0be8175818ccd8035239a4c4f1e7ae83dd9ad94b8377b0",
                "2cbd650bbff9c227d3e6b14335f8043d232cec320575df813ecd70648b4b6d91"
            ],
            "type": "XHR",
            "firstPartyCookies": {},
            "firstPartyCookiesSent": {},
            "exampleSites": [
                "vegepod.com.au",
                "www.manchesterwarehouse.com.au",
                "www.basscentre.com.au",
                "www.herbcottage.com.au",
                "ninjakitchen.com.au",
                "www.testar.com.au",
                "www.lightingsuperstore.com.au",
                "artiss.com.au",
                "www.optimoz.com.au",
                "www.citizenwatches.com.au",
                "www.industrie.com.au",
                "www.oztent.com.au",
                "seatosummit.com.au",
                "cullysyamaha.com.au",
                "watchdirect.com.au",
                "keenfootwear.com.au",
                "blackwolf.com.au",
                "roborock.com.au",
                "www.vetnpetdirect.com.au",
                "billyj.com.au"
            ]
        },
        {
            "rule": "nfcube\\.com\\/assets\\/img\\/loader\\.gif",
            "cookies": 0,
            "fingerprinting": 0,
            "subdomains": [
                "instafeed"
            ],
            "apis": {},
            "sites": 31,
            "prevalence": 0.00311,
            "cnames": [],
            "responseHashes": [
                "16abbe367d5e2cd4eba610d023a5c8717b155ef0c3e52a1bb816281240efee09"
            ],
            "type": "Image",
            "firstPartyCookies": {},
            "firstPartyCookiesSent": {},
            "exampleSites": [
                "www.manchesterwarehouse.com.au",
                "www.bathwaredirect.com.au",
                "www.cygnett.com",
                "billyj.com.au",
                "blackwolf.com.au",
                "seatosummit.com.au",
                "roborock.com.au",
                "ninjakitchen.com.au",
                "www.industrie.com.au",
                "www.herbcottage.com.au",
                "www.lifespanfitness.com.au",
                "keenfootwear.com.au",
                "www.basscentre.com.au",
                "www.testar.com.au",
                "hemamaps.com",
                "watchdirect.com.au",
                "www.oztent.com.au",
                "artiss.com.au",
                "www.bstore.com.au",
                "www.optimoz.com.au"
            ]
        },
        {
            "rule": "nfcube\\.com\\/assets\\/img\\/placeholder\\.gif",
            "cookies": 0,
            "fingerprinting": 0,
            "subdomains": [
                "instafeed"
            ],
            "apis": {},
            "sites": 5,
            "prevalence": 0.000501,
            "cnames": [],
            "responseHashes": [
                "a1309d48158c82a75afee086be26c632735309f69cf2b81f113a0fc9b77af4c6"
            ],
            "type": "Image",
            "firstPartyCookies": {},
            "firstPartyCookiesSent": {},
            "exampleSites": [
                "artiss.com.au",
                "lingerieseduction.com.au",
                "roborock.com.au",
                "seatosummit.com.au",
                "www.industrie.com.au"
            ]
        },
        {
            "rule": "nfcube\\.com\\/assets\\/img\\/instagram-icon\\.svg",
            "cookies": 0,
            "fingerprinting": 0,
            "subdomains": [
                "instafeed"
            ],
            "apis": {},
            "sites": 27,
            "prevalence": 0.00271,
            "cnames": [],
            "responseHashes": [
                "1293ec561da95517c4e8efd53cbe9f4614582f92285abf69323622fc80eb9a87"
            ],
            "type": "Image",
            "firstPartyCookies": {},
            "firstPartyCookiesSent": {},