{
    "domain": "promo-bc.com",
    "owner": {
        "name": "BongaCams",
        "displayName": "BongaCams"
    },
    "source": [
        "DuckDuckGo-AU"
    ],
    "prevalence": 0.00371,
    "sites": 37,
    "subdomains": [],
    "cnames": [],
    "fingerprinting": 1,
    "resources": [
        {
            "rule": "promo-bc\\.com\\/promo\\.php",
            "cookies": 0,
            "fingerprinting": 1,
            "subdomains": [],
            "apis": {
                "Navigator.prototype.userAgent": 28
            },
            "sites": 37,
            "prevalence": 0.00371,
            "cnames": [],
            "responseHashes": [
                "b1060dd290ab2d2dcd7541825dc5261ee8fd0c39d0af76d92c906b939a6678bc",
                "ca5534148e44c60896bf80644b3faa7168e53dd29b0b508a543976b625f8e3ad",
                "3b0e1daab2b26dee095de203a1ff9a926c1997177a40ea8169b5cc7d4c025824",
                "f01677badd7842db98b9d9dbdbd55599e83c30d511b7c14792e18e35b6187b91",
                "e9006a60967c3887a1a89f5bd3c59e21303b89be3082505fc9fd32630ed272ce",
                "d933f700edb90f5dcec502a0fe8a8a4452bedcd176e29d6ffe91e352edf3b321",
                "41a1eb27fc35f25f1fb708d00c9674b1de088ee8c1544f96a593ef8b996c9034",
                "506c19efb427fb711fcec9d902d3ce77bbe222d13c42cda67e99f4a49872a6ea",
                "a5f1fbc41aa6254c08ed3d99d8dbedca540c7bd87d22ea6ca65c613f6d6a3d31",
                "397dc8490408a2424ac99a9402e20d4f8686acbc61cfe546aae0ff2fda7d0ae3",
                "04d7df33b5b6677ae3c7d37070d5e16df9ff06c9feae3d3aed83e85a9b3cd0a0",
                "9889e12f214564fe0ac4a425c06452443c35775e7d8d49f254214a72f4b76f78",
                "e882aec498bd65028efa5229b6457b0fbaf77171257bea8b9445c9c9045a8b1c",
                "fc33543fae83ee291926ac5f9e38de78b06a35f319a583c3d65fe9345bec5c65",
                "880bd7a66503672dfe45b20343e3b8909f6082c239c572b92683484ca3062389",
                "43150bf8d8afd6325a0cf853c4227c7a2788af93eafb6630df9ac0f3d9b13553",
                "a7cdbdc8e5b2cf09090674dbc253f47a8ed25edf0f7ca925d2e2ccd9ced49ba0",
                "2482ece8230b48b0ae5d92ef0b25a6907578999d1c94c426854f8570e01692c2",
                "a60f07b799d991d98ec4d969f2cacb048409bbb0dae2146043b10e8e344c75c0",
                "670c13b503a0e1985132a5670718b148852a38d3c35e219d129b1a7b97b81239",
                "973fea7b94186b92870b8704f1817bdd715962fe50026d97dcf8c65bf3874340",
                "0ece834e2bc3885752d2b15f07f443195d97fb31e52ca9f6ced16a43decd7313",
                "82805658b4220c96094bcab736470f3739cbb8c958fe27282a913010fae6ab8d",
                "31684fe29d12460ef21b364324e955440f2a6226487387ca9c3a1e8c1e9bef52",
                "8a0e8c2e27eef269448475893cd3fda3f54343664f18cbaf97a245a4b71ff278",
                "4ddee11d822087564e11b07408a69ceafd3ce6d9cdf8a2e970a27052f77101be",
                "921805f23717cd6b8ddcad4190448610632dddd82c851bac71c5550fa4096d5e",
                "9823582c3887901b15cda459068b3e48394bba28168347fc1f724bb197a36138",
                "8c80c74960e728b4539941f3ce8a33d0ec838b35e5112747ddf782a37c9e66af",
                "96dc1293aa5ca5e6fea9bf97dcfdff5d81c51afdf3311fb951223fded6563056",
                "b319a0c3afb2abe3645fdca55ecee3100dc3c072ddb63cb0c693bf7fd81eec3f",
                "26e4afb6160575a0acef1bdbed5ae6f8cf308f331bb534ddad4b35f73e6c7042",
                "684bb5eab20b1d6415d2ba66dfbff905dbb06df0d55e67f9aa0841bbcd8c95ee"
            ],
            "type": "Document",
            "firstPartyCookies": {},
            "firstPartyCookiesSent": {},
            "exampleSites": [
                "www.porntry.com",
                "8muses.xxx",
                "hornyfanz.com",
                "digoyang.com",
                "ehotpics.com",
                "www.trannyvideosx.com",
                "picsninja.com",
                "m.smutty.com",
                "thehun.net",
                "camclips.tv",
                "m.mylust.com",
                "xwetpics.com",
                "hentaicomicsfree.com",
                "hdporn92.com",
                "akuma.moe",
                "abgcrot.site",
                "tantenakal.club",
                "xredxx.com",
                "www.iceporncasting.com",
                "thotslife.com"
            ]
        }
    ],
    "categories": [
        "Advertising",
        "Embedded Content"
    ],
    "performance": {},
    "cookies": 0,
    "types": {
        "Document": 37
    },
    "nameservers": [
        "ns1.gnsbc.com",
        "ns2.gnsbc.com",
        "ns3.gnsbc.com"
    ]
}