{
    "domain": "qualified.com",
    "owner": {},
    "source": [
        "DuckDuckGo-AU"
    ],
    "prevalence": 0.000905,
    "sites": 9,
    "subdomains": [
        "js",
        "ws"
    ],
    "cnames": [],
    "fingerprinting": 2,
    "resources": [
        {
            "rule": "qualified\\.com\\/qualified\\.js",
            "cookies": 0.000704,
            "fingerprinting": 2,
            "subdomains": [
                "js"
            ],
            "apis": {
                "Navigator.prototype.userAgent": 7,
                "Intl.DateTimeFormat.prototype.resolvedOptions": 7,
                "Document.cookie getter": 7,
                "Document.cookie setter": 7,
                "window.localStorage": 7,
                "Date.prototype.getTime": 7
            },
            "sites": 8,
            "prevalence": 0.000804,
            "cnames": [],
            "responseHashes": [
                "0877d0bb1c379b58bdbe9b92e1f84810c9d385095b5dce95bf3c2f590ff1451a",
                "8e53dac8175eb9639fa566a2111d5108c281469623515a7864e961f3a503873f",
                "f0eb284c95149b78dde4b7b7500f29246ce86aedd003cce0ef5649ff6b3d7e55",
                "3372c7d272b4e07b02f9362586449c1da5e68864606899293496d59f00dcba01",
                "1dc247000cce85164ad0d8f99e1161eea129af132abdea899579e1030e60198f",
                "13a04ff11420a9b691eb7dd9c659cfe4ebe7446199e689d7c0c7e792acc24df8"
            ],
            "type": "Script",
            "firstPartyCookies": {
                "__q_state_q2kjzSUxjtgnCEEB": {
                    "ttl": 315360014,
                    "length": 100,
                    "prevalence": 0.00010054293183189222,
                    "uniqueness": 1
                },
                "__q_state_mdpGqx2V2oJXA51Q": {
                    "ttl": 315360005,
                    "length": 110,
                    "prevalence": 0.00010054293183189222,
                    "uniqueness": 1
                },
                "__q_state_xnwV464CUjypYUw2": {
                    "ttl": 315360017,
                    "length": 99,
                    "prevalence": 0.00010054293183189222,
                    "uniqueness": 1
                },
                "__q_state_FvGWn26rk1tuEjBR": {
                    "ttl": 315360005,
                    "length": 102,
                    "prevalence": 0.00010054293183189222,
                    "uniqueness": 1
                },
                "__q_state_w3xYYhgyKv4ngYra": {
                    "ttl": 315360009,
                    "length": 98,
                    "prevalence": 0.00010054293183189222,
                    "uniqueness": 1
                },
                "__q_state_9u7uiM39FyWVMWQF": {
                    "ttl": 315360011,
                    "length": 106,
                    "prevalence": 0.00010054293183189222,
                    "uniqueness": 1
                },
                "__q_state_QxcexEM9kCrYjFfD": {
                    "ttl": 315360014,
                    "length": 100,
                    "prevalence": 0.00010054293183189222,
                    "uniqueness": 1
                }
            },
            "firstPartyCookiesSent": {},
            "exampleSites": [
                "gitlab.com",
                "helpcenter.veeam.com",
                "www.apollographql.com",
                "www.apollo.io",
                "www.netlify.com",
                "www.poly.com",
                "www.similarweb.com",
                "www.vmware.com"
            ]
        },
        {
            "rule": "qualified\\.com\\/cable",
            "cookies": 0,
            "fingerprinting": 0,
            "subdomains": [
                "ws"
            ],
            "apis": {},
            "sites": 7,
            "prevalence": 0.000704,
            "cnames": [],
            "responseHashes": [],
            "type": "WebSocket",
            "firstPartyCookies": {},
            "firstPartyCookiesSent": {},
            "exampleSites": [
                "gitlab.com",
                "www.apollographql.com",
                "www.apollo.io",
                "www.netlify.com",
                "www.poly.com",
                "www.similarweb.com",
                "www.vmware.com"
            ]
        }
    ],
    "categories": [],
    "performance": {},
    "cookies": 0.000804,
    "topInitiators": [
        {
            "domain": "first party",
            "prevalence": 0.3333333333333333
        },
        {
            "domain": "cookielaw.org",
            "prevalence": 0.2222222222222222
        },
        {
            "domain": "googletagmanager.com",
            "prevalence": 0.2222222222222222
        },
        {
            "domain": "adobedtm.com",
            "prevalence": 0.1111111111111111
        },
        {
            "domain": "tiqcdn.com",
            "prevalence": 0.1111111111111111
        }
    ],
    "types": {
        "Script": 8,
        "WebSocket": 7
    },
    "nameservers": [
        "bart.ns.cloudflare.com",
        "emma.ns.cloudflare.com"
    ]
}