{
    "domain": "trkcall.com",
    "owner": {},
    "source": [
        "DuckDuckGo-AU"
    ],
    "prevalence": 0.00131,
    "sites": 13,
    "subdomains": [
        "s"
    ],
    "cnames": [],
    "fingerprinting": 2,
    "resources": [
        {
            "rule": "trkcall\\.com\\/v3\\/",
            "cookies": 0,
            "fingerprinting": 0,
            "subdomains": [
                "s"
            ],
            "apis": {},
            "sites": 10,
            "prevalence": 0.00101,
            "cnames": [],
            "responseHashes": [
                "3550d28da5bb9b33d07fe48cecf6a8abea0cdec6ac5bfa63d3f25a95996c264c",
                "d3be43f6c33e226a5419c3d2876b634cec0a089f17425ac53798994e8f3a2e5d",
                "052169b75dff4bc1765caa5f5ad0fa9575220f0fc56db59f9721c15f9c3ccf2d",
                "7f674579668ecf1c831e762dd9a76603eeff5436d4e20870c18a90587fb05172",
                "abb5fb12d94e6432b8e3ffe7335c5aaf4ad5166f2a97b7b568eb50d454f703a0",
                "7ba3f81953f0237e31f1ded596d99e916d214ea53393613d4b3e06d30fc8b3eb",
                "5222f85b2a45b2fd0354868617cd072bc318539279ed69e2587062f43e923db3",
                "e59d31119dd0bbcba83039d0392054ac0308148a584b3badb9c9010923b0a9f7",
                "7817642204fc93f458a47a8e2115a6f2bd3a22e4b12a05e203372b5e6394cc56"
            ],
            "type": "XHR",
            "firstPartyCookies": {},
            "firstPartyCookiesSent": {
                "_ga": 0.0012066365007541479
            },
            "exampleSites": [
                "carlislehomes.com.au",
                "legalvision.com.au",
                "natrad.com.au",
                "www.allgreen.com.au",
                "www.doorsplus.com.au",
                "www.hyundai.com",
                "www.jaxtyres.com.au",
                "www.johnhughes.com.au",
                "www.rpc.com.au",
                "www.slatergordon.com.au"
            ]
        },
        {
            "rule": "trkcall\\.com\\/v3\\/p\\/94545\\/1604692272\\.1666803491\\/611800835750",
            "cookies": 0,
            "fingerprinting": 0,
            "subdomains": [
                "s"
            ],
            "apis": {},
            "sites": 2,
            "prevalence": 0.000201,
            "cnames": [],
            "responseHashes": [
                "9a1465d550abd58a8a45d8d5a7687c6f4c44e2c6ad24f3340afb0a20602c7ac8"
            ],
            "type": "XHR",
            "firstPartyCookies": {},
            "firstPartyCookiesSent": {
                "_ga": 0.00040221216691804925
            },
            "exampleSites": [
                "doorsplus.com.au",
                "www.doorsplus.com.au"
            ]
        },
        {
            "rule": "trkcall\\.com\\/scripts\\/jaxtyres\\.com\\.au\\.js",
            "cookies": 0.000201,
            "fingerprinting": 2,
            "subdomains": [],
            "apis": {
                "Navigator.prototype.userAgent": 2,
                "Navigator.prototype.language": 2,
                "Screen.prototype.colorDepth": 2,
                "Date.prototype.getTimezoneOffset": 2,
                "window.sessionStorage": 2,
                "window.localStorage": 2,
                "window.indexedDB": 2,
                "Navigator.prototype.platform": 2,
                "Navigator.prototype.doNotTrack": 2,
                "Navigator.prototype.appName": 2,
                "Navigator.prototype.plugins": 2,
                "Navigator.prototype.cookieEnabled": 2,
                "Document.cookie getter": 2,
                "Document.cookie setter": 2
            },
            "sites": 2,
            "prevalence": 0.000201,
            "cnames": [],
            "responseHashes": [
                "649e952289906493a6a4da2d1ccadd1151869a6951ab0808477368067171455d"
            ],
            "type": "Script",
            "firstPartyCookies": {
                "_Wtr._": {
                    "ttl": 7779610,
                    "length": 65,
                    "prevalence": 0.00020110608345902463,
                    "uniqueness": 1
                }
            },
            "firstPartyCookiesSent": {},
            "exampleSites": [
                "jaxtyres.com.au",
                "www.jaxtyres.com.au"
            ]
        },
        {
            "rule": "trkcall\\.com\\/v4\\/936283368766874\\/user",
            "cookies": 0,
            "fingerprinting": 0,
            "subdomains": [
                "s"
            ],
            "apis": {},
            "sites": 2,
            "prevalence": 0.000201,
            "cnames": [],
            "responseHashes": [
                "6bf73180748836cb36c1967cb2b2fb58dc7b28344512b7dc5a2612fcf6f437fc"
            ],
            "type": "XHR",
            "firstPartyCookies": {},
            "firstPartyCookiesSent": {},
            "exampleSites": [
                "jaxtyres.com.au",
                "www.jaxtyres.com.au"
            ]
        }
    ],
    "categories": [],
    "performance": {},
    "cookies": 0.000804,
    "types": {
        "XHR": 14,
        "Script": 2
    },
    "nameservers": [
        "ns-35.awsdns-04.com",
        "ns-898.awsdns-48.net",
        "ns-1671.awsdns-16.co.uk",
        "ns-1293.awsdns-33.org"
    ]
}