{
    "domain": "trkcall.com",
    "owner": {},
    "source": [
        "DuckDuckGo-AU"
    ],
    "prevalence": 0.00111,
    "sites": 11,
    "subdomains": [
        "s"
    ],
    "cnames": [],
    "fingerprinting": 2,
    "resources": [
        {
            "rule": "trkcall\\.com\\/v3\\/",
            "cookies": 0,
            "fingerprinting": 0,
            "subdomains": [
                "s"
            ],
            "apis": {},
            "sites": 10,
            "prevalence": 0.00101,
            "cnames": [],
            "responseHashes": [
                "eed906cc9ee1466815d8b3593f838341c8b7044b1a64539bf8d57a2a4eeb6843",
                "59fbe93b3d68012f452f7c0bd8ce2fc3f3c4359750c9d12d113d0b949ca8ed82",
                "7ba3f81953f0237e31f1ded596d99e916d214ea53393613d4b3e06d30fc8b3eb",
                "0b2942187acb60fe78045a6b5774e9d260a17f3bf61b7b07abb70ca4740d2e8d",
                "11790b85f1a3e087e8ac6aed2b233bafae8fb12eb2fbe5027ac28ce0de5bab22",
                "5e17a5071c87d59ab0a85aee222e357695bb1f8af49448fc98524909d282c5ce",
                "3e3b2acb3ec42a30945d8ebe0af3edb978eb197cbe07d2022e30f5dae0261664",
                "2c1b3bd808d3687d6ae8a550b1ae3b08fe7431e6ff26f4fedae6a3e3ee16eccd"
            ],
            "type": "XHR",
            "firstPartyCookies": {},
            "firstPartyCookiesSent": {
                "_ga": 0.0023127199597787833
            },
            "exampleSites": [
                "agedcareonline.com.au",
                "applianceswarehouse.com.au",
                "legalvision.com.au",
                "www.ainsliebullion.com.au",
                "www.doorsplus.com.au",
                "www.epworth.org.au",
                "www.hyundai.com",
                "www.polymaster.com.au",
                "www.rpc.com.au",
                "www.slatergordon.com.au"
            ]
        },
        {
            "rule": "trkcall\\.com\\/v3\\/p\\/94545\\/1296422818\\.1689582796\\/611800835750",
            "cookies": 0,
            "fingerprinting": 0,
            "subdomains": [
                "s"
            ],
            "apis": {},
            "sites": 2,
            "prevalence": 0.000201,
            "cnames": [],
            "responseHashes": [
                "070aca220ce158784a4e77d71af2fc0dfe2a586b1310cb4acef083837ec8044d"
            ],
            "type": "XHR",
            "firstPartyCookies": {},
            "firstPartyCookiesSent": {
                "_ga": 0.00040221216691804925
            },
            "exampleSites": [
                "doorsplus.com.au",
                "www.doorsplus.com.au"
            ]
        },
        {
            "rule": "trkcall\\.com\\/v4\\/935213368766874\\/user2",
            "cookies": 0,
            "fingerprinting": 0,
            "subdomains": [
                "s"
            ],
            "apis": {},
            "sites": 2,
            "prevalence": 0.000201,
            "cnames": [],
            "responseHashes": [
                "f20df16ae6e71ab8fa179ea0fef4f390de9956c2a4901efc1e8908a9843e97ca"
            ],
            "type": "XHR",
            "firstPartyCookies": {},
            "firstPartyCookiesSent": {},
            "exampleSites": [
                "polymaster.com.au",
                "www.polymaster.com.au"
            ]
        }
    ],
    "categories": [],
    "performance": {},
    "cookies": 0.00101,
    "topInitiators": [
        {
            "domain": "googletagmanager.com",
            "prevalence": 0.6153846153846154
        },
        {
            "domain": "first party",
            "prevalence": 0.38461538461538464
        }
    ],
    "types": {
        "XHR": 14
    },
    "nameservers": [
        "ns-35.awsdns-04.com",
        "ns-898.awsdns-48.net",
        "ns-1671.awsdns-16.co.uk",
        "ns-1293.awsdns-33.org"
    ]
}