{
    "domain": "app-spm.com",
    "owner": {},
    "source": [
        "DuckDuckGo-FR"
    ],
    "prevalence": 0.00152,
    "sites": 15,
    "subdomains": [],
    "cnames": [],
    "fingerprinting": 1,
    "resources": [
        {
            "rule": "app-spm\\.com\\/app\\.js",
            "cookies": 0.000202,
            "fingerprinting": 1,
            "subdomains": [],
            "apis": {
                "Navigator.prototype.userAgent": 10,
                "Notification.permission": 2,
                "Document.cookie getter": 3,
                "Navigator.prototype.languages": 4,
                "window.innerHeight": 2,
                "Date.prototype.getTime": 2,
                "Document.cookie setter": 2
            },
            "sites": 14,
            "prevalence": 0.00142,
            "cnames": [],
            "responseHashes": [
                "e3b0c44298fc1c149afbf4c8996fb92427ae41e4649b934ca495991b7852b855",
                "53f100df72a86601158042e7cce62994bcfac5b74d2bc24fa5ebef39f8b568a0",
                "b0156cafca8a08fe544973d5e951165f37c5d53c0ac3f0506d3bb06b79576c4e",
                "cc42aedc84e39afbedabbdfe61b6d47a0726b61edafa65c7f325b414afa4c071",
                "23e99ca549d92dd63d6aeaa045dc2ab58dfcdff84e8f5aceac6d3cf51af334a0",
                "717826c4387a10612260bf1ecf354a856340823bc63987550d04ffbf71cd100b",
                "12a985686f0595c02698ede8044ab3a7b8da00d9eb776dfc2472865fe07e08fd",
                "c9394695226e47fa64bf05012fbc0dbdd257039f063a5d8a7416b6d84689dbb7",
                "7a49d06da37abe570b710bdc5e33f3c3787cf521c421fed7326faddd3b90376b",
                "2a42f04580b3d78491efa85229d056311f876c17e4572ed03587639fa117dfc3",
                "1de8f1d7333a942751889d050ec6a24ed0555fc45735d06892daa3dc08d48fc7"
            ],
            "type": "Script",
            "firstPartyCookies": {
                "spm_no_receive_push": {
                    "ttl": 86409,
                    "length": 1,
                    "prevalence": 0.00020216314565854644,
                    "uniqueness": 0.5
                }
            },
            "firstPartyCookiesSent": {},
            "exampleSites": [
                "ozo-electric.com",
                "ocarat.com",
                "www.190cc.fr",
                "www.auvieuxcampeur.fr",
                "www.beastybike.com",
                "www.comptoir-du-cable.com",
                "www.hattila.com",
                "www.kubii.com",
                "www.naturaforce.com",
                "www.nutripure.fr",
                "www.orange-marine.com",
                "www.rcteam.com",
                "www.speedway.fr",
                "www.tech2roo.com"
            ]
        },
        {
            "rule": "app-spm\\.com\\/css\\/SpmAPI\\.css",
            "cookies": 0,
            "fingerprinting": 0,
            "subdomains": [],
            "apis": {},
            "sites": 11,
            "prevalence": 0.00111,
            "cnames": [],
            "responseHashes": [
                "f3b56e3194d1d1ca1bf0a38930ebd815b0e13aa3cf23883ab06f52934ebfaa55"
            ],
            "type": "Stylesheet",
            "firstPartyCookies": {},
            "firstPartyCookiesSent": {},
            "exampleSites": [
                "ozo-electric.com",
                "www.190cc.fr",
                "www.auvieuxcampeur.fr",
                "www.beastybike.com",
                "www.comptoir-du-cable.com",
                "www.naturaforce.com",
                "www.nutripure.fr",
                "www.rcteam.com",
                "www.speedway.fr",
                "www.tech2roo.com",
                "www.topchaleur.com"
            ]
        },
        {
            "rule": "app-spm\\.com\\/procedural_api\\/pages_views\\.php",
            "cookies": 0,
            "fingerprinting": 0,
            "subdomains": [],
            "apis": {},
            "sites": 12,
            "prevalence": 0.00121,
            "cnames": [],
            "responseHashes": [
                "4cb9ecbb1099ad27cf97dba3877f6c6ecbc48309ddbe075195ab5c3d7305dbd2",
                "68234e11704d0e73602817f6075bd5b1098ad37563679e1d8b0bd178f89a2d63",
                "2bf4db715a5ca01c8044bea0487ec43ad1deda94522c5eabee7f6b10d1d00537",
                "5a72c1a395e58cb96a2c11b691749b470bb1ee8b227f1e1e5aa25f63e3cb385c",
                "9457361d41ca6c0767a223a5e3dcc576b47ea183550ade6fb8a94dcafc42033b",
                "40abd259641fe24d9dddd3a27396c5007cd382300e5ea773b5e14987c53d087b",
                "00fc31b13da1c59db287f35727a309131fee160d505a9d87c79ca6bfa47c0353",
                "4f12f37ad36be3c81f931dec641f0e5c643ebb4415878efcdfd4cb94ade03f93",
                "1912b84219e41a27a50a2224dde0c4bf8cc8448cf7fd7ed26d5704d14801969b",
                "30eafafc0246ebaea6450534eacbde97678f316164568ed33bb55076ba8f9758",
                "b7184c7a7692ce72fe93d2fcf7bd2456cd3c15474bc5fb3fe09c770b2a854237"
            ],
            "type": "XHR",
            "firstPartyCookies": {},
            "firstPartyCookiesSent": {},
            "exampleSites": [
                "ozo-electric.com",
                "www.190cc.fr",
                "www.auvieuxcampeur.fr",
                "www.beastybike.com",
                "www.comptoir-du-cable.com",
                "www.naturaforce.com",
                "www.nutripure.fr",
                "www.orange-marine.com",
                "www.rcteam.com",
                "www.speedway.fr",
                "www.tech2roo.com",
                "www.topchaleur.com"
            ]
        }
    ],
    "categories": [],
    "performance": {},
    "cookies": 0.000202,
    "topInitiators": [
        {
            "domain": "first party",
            "prevalence": 1
        }
    ],
    "types": {
        "Script": 14,
        "Stylesheet": 11,
        "XHR": 12
    },
    "nameservers": [
        "dns105.ovh.net",
        "ns105.ovh.net"
    ]
}