{
    "domain": "c8141c728b.com",
    "owner": {},
    "source": [
        "DuckDuckGo-FR"
    ],
    "prevalence": 0.00864,
    "sites": 86,
    "subdomains": [
        "03d6c7f0b5",
        "06cc69c04d",
        "01644f1a9d"
    ],
    "cnames": [],
    "fingerprinting": 0,
    "resources": [
        {
            "rule": "c8141c728b\\.com\\/in\\/track",
            "cookies": 0,
            "fingerprinting": 0,
            "subdomains": [
                "03d6c7f0b5"
            ],
            "apis": {},
            "sites": 86,
            "prevalence": 0.00864,
            "cnames": [],
            "responseHashes": [
                "e3b0c44298fc1c149afbf4c8996fb92427ae41e4649b934ca495991b7852b855"
            ],
            "type": "XHR",
            "firstPartyCookies": {},
            "firstPartyCookiesSent": {},
            "exampleSites": [
                "www.histoires-de-sexe.net",
                "alivegore.com",
                "pornovideoshub.com",
                "zenporn.com",
                "txxx.com",
                "thothub.su",
                "tube.perverzija.com",
                "www.trannyvideosx.com",
                "shittytube.com",
                "thothub.to",
                "nudespree.com",
                "www.xmegadrive.com",
                "www.xtremehard.net",
                "kimochisub.com",
                "av.nyuu.info",
                "www.perverttube.com",
                "www.iceporncasting.com",
                "desixx.net",
                "www.jtube.space",
                "www.bestialitysextaboo.com"
            ]
        },
        {
            "rule": "c8141c728b\\.com\\/in\\/multy",
            "cookies": 0,
            "fingerprinting": 0,
            "subdomains": [
                "06cc69c04d",
                "01644f1a9d"
            ],
            "apis": {},
            "sites": 60,
            "prevalence": 0.00603,
            "cnames": [],
            "responseHashes": [
                "50293a3326056a06e24766bfb85453c3846f7a6beec34ae5ccd8af3c2b647736",
                "5c116d8b38bca94839d1ae5a1f01de1e9281513006ccc030158c15bff812ffaa",
                "e8a346e0ca5e61c70c7c716f2fa2699099fb25f7a557dc977dc89b82157a1e82",
                "34b02dfd7dbc6ecf9b32e5dd64812e38c38e5ec8b25a349b484eb32722dab0c0",
                "e3b0c44298fc1c149afbf4c8996fb92427ae41e4649b934ca495991b7852b855",
                "c7b043b35ae7cd5cd6378402ee3ff52249233c60261baa5e52cf16080131a359",
                "d5945dd502ed0863fc8556431a0e057888721add3a1ad4965446270e998ba29f",
                "d12bcb2a5bb7fac7c8b6635b1afc4b0cf36535a3d2f9934ad803bae3aecb1dd9",
                "8743eca90bde94d6cdbd88015db81e0a17aec248726b6b3c6f0a16ec3f21ceb8",
                "fdc27992b8bf30d3a159349fb6124edb468149419b7631c0a9888c1de72d8ece",
                "f0d8c99dce5ef34a6d0885a28cf18757f3d9be4f672e55914ac17f3142ebce6c",
                "e7559db11a86c243baf76cad54e4781402d6f3066ec3fb165ac431e4a237e4c9",
                "fbc34d417c4da73424123f3171a25ee21423f0e6ee4a9be9c6aef30042ff6cd4",
                "f24775d12545052d940134baa6bf1dcf6daf8ec9aaf01f4a6b8f8bc6dbe65d6e",
                "12439691f0a2599d3d11d04599bf9dfa93d0245190c0ac25e1cd396c37c9557f",
                "57824aa996ca5c3d13cefd7df5b859cbb19a15c9460c6dc4f68e43cf772056e2",
                "373f31dca0ffe78a956678664528a1cff5791a53f9614b79c6f0b31acbd545ad",
                "9b98404ef16bca4318642f2a61a7365d902e9a7bb9828e4dd3536ac17e95344f",
                "f9b53dcd72491e75ddbddd2401dabeafb54737c470e33d9b726a29b35b238b5e",
                "67c1ce424d9d1775c043e3cdc0c3418d6b20057f84617500728122581d589848",
                "41a13a4e2798f6d1ed7e9ae5ed8e4c35da46a7e81c82471718e90f6e582ecbc2",
                "3a865adc1e49f8cd839d545a39cc54617cd7e806e60e89b9d960ba8f9df5c7f2",
                "4d354a7119edc4b1142f8c3646d02896292b3ceac6431a12723baa7fbcac273a",
                "91267e7539a9f3a8d458d7f330aabbd61661a0fc1169adae0c60f0f3d45186a0",
                "37603e71d088b8b2750ec9e9973432f3bb44bdb68f3f7a286ba57233aca04e86",
                "7e52fcb04416548798dadd5672c59de057ac151090c2d219305fb0ad805dae39",
                "57babbd704e6dcd33dd4b6a7c1b8a899924025da420d5995011bc7b5c808fe82",
                "e79f50129c74debff7818a107af55e7ae44367e7fad37f0523008cd359820bf8",
                "307502c5ca7054b868ce8616794af8270fb98dcf71ffb27df6268270d3dbf0e2",
                "eb9198439ca62e198e442349e8a953f921d31cb10eb00c973951159e54d8a62f",
                "424d7f9bcbd486eca86a36c34bb75779bba3d000ed6d9efcc6eadbd903e2da00",
                "c93163949aa364c50bfa5ff5d7b1c2fbe37e8a3f77c1a5f649aa4c80ae1c8c04",
                "689c061be4f3a5af96ec6c12eb3335008fe6ff5b7c42eff30f13e6b93e51a7e4",
                "852bb51a0d1237cdc69a87fa557da75f6d4e26478bdc8fb7f6b70a2e38f76fd5",
                "1b073d99c091b4ace027439d057133b1a1227f89fc00fcd7426de8aaea3ff92c",
                "aa98944589474e6da54d51fccd91159f72f1ebc0713b016e09b282d69dd775bc",
                "23de09f8efe00e4608d802e12ec22ed94948ab0ef56b9cfad69729bdb81eaa4f",
                "33a37404d9dccaeb9814fc49b21a6a740bf246e02813b6423b5af8a4a62d4e6b",
                "b7712451ad3157dbed116fdcdc07bae5b71b453bdfd762509c3bda24a42f94bb",
                "80a4ca5947bb3d9e978ab9b88bdc254b7532b12f3cdf7bb83eeef680e1179dd5",
                "bb1d9354fcee0fdcf6171a2515b3df55129820b2ad831338b5e3bae83393fcef",
                "4a7730c9bf97a6444b1b13266e58892711d520e56eefc8617d7b78ce48a000d0",
                "b7c19d82b500c604359dbf01efc9aa4db462394d839057cc2c94d053ecee843b",
                "0e2ab38f6711dd78aaca5d2566f65e52f8e6685ee2fc5f12737f946fad350808",
                "889ee15e99aa823b3b78e0a5ee0cdf45627f553fc2d4a52027722a8a252a2e2b",
                "62c8f4757cdccf32fc82e61ed0a2ace871c712d15f09d4b3a3b67b784ef45469",
                "28e0196c7eec39e6d80317373e917548cd9709b212ec88ad8dada9ff9accb4fe",
                "8cc765c95ec871beaf8400b3d82822a7ce4cd0d05046120b3415ee3f4dc53889",
                "c37c6d807458c7030b6b2b3cfc3f392a9f7fc0248a107a69c2a68225a8193237",
                "2412463230a857f53129ceac2d72842307bd7e7e72c5d2c096f4dd8a85f1d1f3",
                "e3e4484a4fbf80d8957be2665a7ad79f78add2e33221ed531e6884e9eb58cd5f",
                "ea48c2590c01cad9af80289fa024d580e036a1eb011f31a38f7a7433645fac4f"
            ],
            "type": "XHR",
            "firstPartyCookies": {},
            "firstPartyCookiesSent": {},
            "exampleSites": [
                "anime-tube.space",
                "www.xtremehard.net",
                "fuxnxx.com",
                "mangaforfree.net",
                "www.pornhits.com",
                "pornbimbo.com",
                "pornogids.net",
                "tubepornclassic.com",
                "www.jtube.space",
                "javhub.net",
                "www.histoires-de-sexe.net",
                "thethothub.com",
                "shittytube.com",
                "hdzog.com",
                "rk.pornosearch.guru",
                "www.xpee.com",
                "cyberleaks.to",
                "girlsgames4fun.com",
                "www.anime-tube.space",
                "thothub.lol"
            ]
        },
        {
            "rule": "c8141c728b\\.com\\/in\\/show\\/",
            "cookies": 0,
            "fingerprinting": 0,
            "subdomains": [
                "06cc69c04d",
                "01644f1a9d"
            ],
            "apis": {},
            "sites": 51,
            "prevalence": 0.00512,
            "cnames": [],
            "responseHashes": [
                "9f7b2482f23bc5be425bb95e405a03cd0ea379cd05dcdf4a8ed5556f8fa0bf16",
                "e3b0c44298fc1c149afbf4c8996fb92427ae41e4649b934ca495991b7852b855"
            ],
            "type": "Image",
            "firstPartyCookies": {},
            "firstPartyCookiesSent": {},