{
    "domain": "dotmetrics.net",
    "owner": {
        "name": "Dotmetrics",
        "displayName": "Dotmetrics"
    },
    "source": [
        "DuckDuckGo-FR"
    ],
    "prevalence": 0.00442,
    "sites": 44,
    "subdomains": [
        "uk-script",
        "au-script",
        "rm-script"
    ],
    "cnames": [],
    "fingerprinting": 1,
    "resources": [
        {
            "rule": "dotmetrics\\.net\\/door\\.js",
            "cookies": 0.00442,
            "fingerprinting": 1,
            "subdomains": [
                "uk-script",
                "au-script"
            ],
            "apis": {
                "Date.prototype.getTime": 44,
                "Navigator.prototype.userAgent": 44,
                "Date.prototype.getTimezoneOffset": 44
            },
            "sites": 44,
            "prevalence": 0.00442,
            "cnames": [],
            "responseHashes": [
                "a1e0404106227288d65713a95ac01ab9db14f81ce1f2029d7342873b2751f69a",
                "58e081a55db718b2c638dcfba78e59911dde54c86ad98f60bd8485f7c162c064",
                "df826fd134d1a181450ad9b8033e7d337cddf25c583c26a800c665646a5b005d",
                "57dca1547c7930e9538f39b64ce5fbd05da3e0a08d35ce88aed4be43999c9108",
                "18c7c455e045dd0ad8db8f0408b2c0060e4add86654d4137dce6ffd14aa08c0a",
                "1102238b3f79e1a0eaa1718ec50aa822a663a1f81549fb055e0daf88a29a83fb",
                "7174a0ef18c084155125834fd78306ec2bf3f4eb52a3651a3444db23ef139bc7",
                "05e268b8f050ea19f7c1291f371f278b529e348602993f83536074fcbf1111a9",
                "2d82400f3564eba21101fc00ee35bdc5049fe9fd0540fb9caf71a14a9e2ddb9a",
                "d761dbe027db16f038f9ed07f91416de8e614cc46da41e50d113b2a5deca537c",
                "59487d816bb00e1e55ca9ec344580593204a7c191e7b8c2f71af849aa14a24b2",
                "fa76365a4fc9c66ed05d0cb229aa4dddb3a254eb99571aff755ff0fc138ddddd",
                "f3571c2a6b9cd4a9f4cd2398527e74d9c828bd3195d078eeca4893f53b4fb57e",
                "a19a7527a11db190adcb2f0ebeb76f4d9408647e5bd9b9301d65a0dbb524544c",
                "b20bace257ed47160d97dd00dd84aaee3431fd74ebf311057f6c13c4fd5f1c20",
                "500f70c9752655a5f4ba8f473ebced547c6d1143bf6c0893cfcaee0e30838a41",
                "910fec4555c4b87f29e1e717fe2affdf615b7ad01ce0cb2f8a0a236966079e91",
                "d0d425b01ac5f40365b7d747e36be063b21682d9fa3c2e9bdfa0464cd9a9b4d3",
                "2e3a8cc2a8d49762f6bb6357131b8714223bbd04ba34a533af62e73307ae3d8d",
                "20f01a1e2304eb1438fcd2653c91fcad745d1b4b8c261c396b04162194865e2a",
                "b54aece139cc285fcf3e5d9c451f52430033d1658792ee33bb4c1219f19e024b",
                "f1fd8016cee98f545e284fbc77d3d72ce7e34ed973dac69b72ceaf917888f76e",
                "11cb7fbb0c2d9edf0f099181dff44eb36cf1bb2c271630026c084a1304edb255",
                "51d3831364deb04389c9e931da9e04624cc9c135c60fa18d2e69f77661b94f53",
                "60d2dbec29ad4bb50270bf36982e58bf2667efb384365d95431edc8b5c037c77",
                "5e3226b2aa95ed869381e708f7b5a33f04fc5edc723bcb5bdf7bb814a82070bf",
                "e15709ba031953327605cfb28c2d4e5d9dddbe3adff4d3d688d2e07674140bda",
                "bfaa2bf647953e680fedcf45454a75b67aef6f4abb350a136ff9eb1802446eb6",
                "8b12f5d153881918049ba9a2bf680e5fb6878ab76af7a37abe6107411b932a09",
                "91cb585300932a1177e025fad2f51b65963b81834cf27de8b0cf904a88b28672",
                "c3c3fee4b80362b353876911fdd8113176ac9e8a2bfee55617108b75b21d5a08",
                "4d424bb5e490c014fa4bc0a34392695805f465e1d59a7de1a76d7dffe7c75feb",
                "164a49242c52db0086995874b4de63174cdfa0591a526491f43bbde6b577966f",
                "a893f56f7148a9533ccee38a39c4aad9aaebb509ff58bdb71f23022aac71597d",
                "51f628acefda55f32c952eb6b35484d0322962a44f3d7b0be4c691cd8613bf87",
                "dafdda0edbb8d50d5c418c5ca36b225b280b64f71b7d08e3b756974547dc9cf3",
                "3b230f3afd327e505ff300c518f77ad0b38167acb1cb52630cea27f0f02a51b3",
                "2a062d906be1b68f39942276b4ae1433e4e199f50cd3e1a8d3e949770ebac321",
                "225e102f9964e2fc5d22f072a6f45584ba98bfa0d3acd62bf7d28d9618cb2fe5",
                "84529cce4333377ecce14e5112c2ef9bf7b7c8eb1d1dfa207bb4e6fe9ab5df0a",
                "149aa7d5a5e1582cd68b243ff95a60cca5912b2441aac8c8b22c4d604c07e302",
                "f3581b1881724ba3de3b9c88cf24c67c9dfbb7ca7c0e7b7092e85d8c4b0f68d1",
                "8869e8032127e6fde252d6d21c520255dfdb850a71c9aaab8083af843d67d854"
            ],
            "type": "Script",
            "firstPartyCookies": {},
            "firstPartyCookiesSent": {
                "lotame_domain_check": 0.00010046212577858148
            },
            "exampleSites": [
                "techradar.com",
                "metro.co.uk",
                "www.bbc.co.uk",
                "www.bbc.com",
                "www.dailymail.co.uk",
                "www.express.co.uk",
                "www.independent.co.uk",
                "www.mirror.co.uk",
                "www.techradar.com",
                "www.thesun.co.uk",
                "www.guitarworld.com",
                "www.abc.net.au",
                "www.sciencefocus.com",
                "www.whathifi.com",
                "www.gamesradar.com",
                "www.the-sun.com",
                "www.cinemablend.com",
                "www.imore.com",
                "www.marieclaire.com",
                "www.bikeradar.com"
            ]
        },
        {
            "rule": "dotmetrics\\.net\\/hit\\.gif",
            "cookies": 0.00442,
            "fingerprinting": 0,
            "subdomains": [
                "uk-script",
                "rm-script",
                "au-script"
            ],
            "apis": {},
            "sites": 45,
            "prevalence": 0.00452,
            "cnames": [],
            "responseHashes": [
                "57640b6d8ccf4070239d260940ca7576d90563d6f87b744f1a9928266930de46",
                "07383c96980710a04144e5a39ae59e7f9f74bcfd6462a6932ded48efe6d73bce"
            ],
            "type": "Image",
            "firstPartyCookies": {},
            "firstPartyCookiesSent": {
                "lotame_domain_check": 0.00020092425155716296
            },
            "exampleSites": [
                "techradar.com",
                "metro.co.uk",
                "www.bbc.com",
                "www.bbc.co.uk",
                "www.dailymail.co.uk",
                "www.express.co.uk",
                "www.independent.co.uk",
                "www.mirror.co.uk",
                "www.techradar.com",
                "www.thesun.co.uk",
                "www.creativebloq.com",
                "www.cyclingweekly.com",
                "www.tomshardware.com",
                "www.gamesradar.com",
                "www.gardenersworld.com",
                "www.digitalcameraworld.com",
                "news.sky.com",
                "www.livescience.com",
                "www.news.com.au",
                "www.bikeradar.com"
            ]
        },
        {
            "rule": "dotmetrics\\.net\\/Scripts\\/ncs-script\\.js",
            "cookies": 0.00412,
            "fingerprinting": 0,
            "subdomains": [
                "uk-script"
            ],
            "apis": {},
            "sites": 41,
            "prevalence": 0.00412,
            "cnames": [],
            "responseHashes": [
                "e96b558c02041fe94c15887549e5132e08e027e9081779b654570236ac38c6ca"
            ],
            "type": "Script",
            "firstPartyCookies": {},
            "firstPartyCookiesSent": {},