{
    "domain": "dynssp.com",
    "owner": {},
    "source": [
        "DuckDuckGo-FR"
    ],
    "prevalence": 0.000505,
    "sites": 5,
    "subdomains": [
        "js"
    ],
    "cnames": [],
    "fingerprinting": 1,
    "resources": [
        {
            "rule": "dynssp\\.com\\/ipp\\.js",
            "cookies": 0.000505,
            "fingerprinting": 1,
            "subdomains": [
                "js"
            ],
            "apis": {
                "Document.cookie getter": 5,
                "Date.prototype.getTime": 5,
                "Document.cookie setter": 5,
                "Navigator.prototype.userAgent": 5
            },
            "sites": 5,
            "prevalence": 0.000505,
            "cnames": [],
            "responseHashes": [
                "c207aeb667d69a64a65cb1d9bce76c8bad31f3709ebd1f536b0c959e5ef7808d",
                "5118de656ebac2d2df42655c6c876166be637c3be133656fdd8b8206e473c805",
                "23c3423513fdbacb516391b2f4adaccfb7d684d1a135d98bc1f51a4044bf3f3a",
                "def0813a742597df2ec1eeeba2f84ac6e99573ec07b8b4ae8b7cf0b5a02a76c0"
            ],
            "type": "Script",
            "firstPartyCookies": {
                "__inppu": {
                    "ttl": 63072001,
                    "length": 36,
                    "prevalence": 0.0005045917852457363,
                    "uniqueness": 1
                },
                "inpp_F1I4_USC2": {
                    "ttl": 3602,
                    "length": 1,
                    "prevalence": 0.00010091835704914725,
                    "uniqueness": 1
                },
                "inpp_F1I4_USC2_cap": {
                    "ttl": 3602,
                    "length": 1,
                    "prevalence": 0.00010091835704914725,
                    "uniqueness": 1
                },
                "inpp_J3I4_9WC2": {
                    "ttl": 3601,
                    "length": 1,
                    "prevalence": 0.00010091835704914725,
                    "uniqueness": 1
                },
                "inpp_I3I4_8WC2": {
                    "ttl": 3604,
                    "length": 1,
                    "prevalence": 0.00010091835704914725,
                    "uniqueness": 1
                },
                "inpp_30I4_NRC2": {
                    "ttl": 3602,
                    "length": 1,
                    "prevalence": 0.00010091835704914725,
                    "uniqueness": 1
                },
                "inpp_30I4_NRC2_cap": {
                    "ttl": 3602,
                    "length": 1,
                    "prevalence": 0.00010091835704914725,
                    "uniqueness": 1
                },
                "inpp_H3I4_7WC2": {
                    "ttl": 3601,
                    "length": 1,
                    "prevalence": 0.00010091835704914725,
                    "uniqueness": 1
                }
            },
            "firstPartyCookiesSent": {},
            "exampleSites": [
                "faponic.com",
                "fappeningbook.com",
                "nudostar.com",
                "pornone.com",
                "thefappeningblog.com"
            ]
        }
    ],
    "categories": [],
    "performance": {},
    "cookies": 0.000505,
    "topInitiators": [
        {
            "domain": "first party",
            "prevalence": 1
        }
    ],
    "types": {
        "Script": 5
    },
    "nameservers": [
        "theo.ns.cloudflare.com",
        "liv.ns.cloudflare.com"
    ]
}