{
    "domain": "future.net.uk",
    "owner": {},
    "source": [
        "DuckDuckGo-FR"
    ],
    "prevalence": 0.000909,
    "sites": 9,
    "subdomains": [
        "search-api.fie"
    ],
    "cnames": [],
    "fingerprinting": 0,
    "resources": [
        {
            "rule": "future\\.net\\.uk\\/merchant-domains\\.php",
            "cookies": 0,
            "fingerprinting": 0,
            "subdomains": [
                "search-api.fie"
            ],
            "apis": {},
            "sites": 8,
            "prevalence": 0.000808,
            "cnames": [],
            "responseHashes": [
                "25d2b3186e767ee4bb2da55db5b2916610c09dc7c2990c0c448fbf63871ab33e",
                "6649986ae5f9c2aeb8312fe495fc595383a32cb6d772163197348dfff9554cd5",
                "60a7d655b4081e49d9c4eaf670ca917d85d8010610cc0d835b6187baa4bc798c",
                "27096732481c7048c24723b363382f76dcc83815bd7f8edb5f7bc81c1c1541c5",
                "fbb2eee913b45d09b338a17a90aa106d410a51137e3ee2a397e9bd30e5a6c7ac",
                "252d0c801e9b597bbb20d228ee6dd233989a5ebda124354d4d2d0d0b885db724",
                "51e9abf235ed723ae9d91e18fbf904dda761abdafc80bc299e2d8a044d7693fd"
            ],
            "type": "Fetch",
            "firstPartyCookies": {},
            "firstPartyCookiesSent": {},
            "exampleSites": [
                "androidcentral.com",
                "www.cinemablend.com",
                "www.cyclingnews.com",
                "www.cyclingweekly.com",
                "www.imore.com",
                "www.livescience.com",
                "www.marieclaire.com",
                "www.windowscentral.com"
            ]
        }
    ],
    "categories": [],
    "performance": {},
    "cookies": 0,
    "topInitiators": [
        {
            "domain": "futurecdn.net",
            "prevalence": 0.8888888888888888
        },
        {
            "domain": "first party",
            "prevalence": 0.1111111111111111
        }
    ],
    "types": {
        "Fetch": 8
    },
    "nameservers": [
        "ns-57.awsdns-07.com",
        "ns-615.awsdns-12.net",
        "ns-1198.awsdns-21.org",
        "ns-1825.awsdns-36.co.uk"
    ]
}