{
    "domain": "ipp-meredith.com",
    "owner": {},
    "source": [
        "DuckDuckGo-FR"
    ],
    "prevalence": 0.000502,
    "sites": 5,
    "subdomains": [
        "cookie-stream"
    ],
    "cnames": [],
    "fingerprinting": 0,
    "resources": [
        {
            "rule": "ipp-meredith\\.com\\/v1\\/s",
            "cookies": 0.000502,
            "fingerprinting": 0,
            "subdomains": [
                "cookie-stream"
            ],
            "apis": {},
            "sites": 5,
            "prevalence": 0.000502,
            "cnames": [],
            "responseHashes": [
                "3e9abc777c77f6bc590088280934c5094b4d1c84415f53a988a50d0b9470c0fa"
            ],
            "type": "Script",
            "firstPartyCookies": {},
            "firstPartyCookiesSent": {
                "globalTI_SID": 0.0005018065034122842,
                "_pbjs_userid_consent_data": 0.0004014452027298274,
                "ajs_anonymous_id": 0.0005018065034122842,
                "_gcl_au": 0.0005018065034122842,
                "muuid_link": 0.0004014452027298274,
                "muuid_session": 0.0004014452027298274,
                "muuid_channel": 0.0004014452027298274,
                "muuid_current_channel": 0.0004014452027298274,
                "_pnxd": 0.00010036130068245685,
                "OptanonConsent": 0.0004014452027298274
            },
            "exampleSites": [
                "people.com",
                "www.allrecipes.com",
                "www.health.com",
                "www.instyle.com",
                "www.shape.com"
            ]
        }
    ],
    "categories": [],
    "performance": {},
    "cookies": 0.000502,
    "types": {
        "Script": 5
    },
    "nameservers": [
        "ns-452.awsdns-56.com",
        "ns-1005.awsdns-61.net",
        "ns-1629.awsdns-11.co.uk",
        "ns-1235.awsdns-26.org"
    ]
}