{
    "domain": "logbor.com",
    "owner": {},
    "source": [
        "DuckDuckGo-FR"
    ],
    "prevalence": 0.00121,
    "sites": 12,
    "subdomains": [
        "u"
    ],
    "cnames": [],
    "fingerprinting": 1,
    "resources": [
        {
            "rule": "logbor\\.com\\/p\\/",
            "cookies": 0,
            "fingerprinting": 1,
            "subdomains": [
                "u"
            ],
            "apis": {
                "Date.prototype.getTime": 1
            },
            "sites": 12,
            "prevalence": 0.00121,
            "cnames": [],
            "responseHashes": [
                "bfe3ac55070f5c4d643ddfcab62a58b4005ba7ba707a7351779894331e345952",
                "3ce84f8ebc464e751f2e66c07be978b9e35ea39f565c08cfefc0f23285d9bea1",
                "d1b99530cd20d4ba3733f3a9bd3e203c214babdec74c71480bfbf186dfb9ebd3",
                "6973aa1afca98ed143a48d76d2d432d672444b80b8d29bf72cd5a92f37f9b267",
                "e4879fe7d76f4592b72bc2d1f923e817578576fa35d5c9ad552aab179d0a33ad",
                "a3722b077117a0456b266adebc547265001f8334b1a6a6949d8e3f4c89dfa70c",
                "20f941648c5c6770e7b43deb644c8fc18a6bf2800efc766ba61927f52fd395a7",
                "293d3486d60da4a7b13bc6a525dd6b82ec9569b0e99ef2d72c6cb225c11a9bb0",
                "517738457462527c6aeda0cada8495944355a6c9962d5a03d1f75ce473f0bd1f",
                "464e1b405dc25d57a8fad36f7f8683f950b7507ab9a5001670aad386bca0691a"
            ],
            "type": "Script",
            "firstPartyCookies": {},
            "firstPartyCookiesSent": {},
            "exampleSites": [
                "datascientest.com",
                "fr.eni.com",
                "fr.luko.eu",
                "fr.dhgate.com",
                "ignrando.fr",
                "www.ducati.com",
                "www.easybourse.com",
                "www.fram.fr",
                "www.lelo.com",
                "www.promovacances.com",
                "www.spliiit.com",
                "www.theoriginalshotels.com"
            ]
        },
        {
            "rule": "logbor\\.com\\/tcs",
            "cookies": 0,
            "fingerprinting": 0,
            "subdomains": [
                "u"
            ],
            "apis": {},
            "sites": 12,
            "prevalence": 0.00121,
            "cnames": [],
            "responseHashes": [
                "092505f28949e72992834e8eeee26f1fc49bdfa9be1deee428d638687e002ed2",
                "f6b1415ccb9a1d2d562dc83aeb0db1762fe1de64de11cc188585bd694b032f6d",
                "e3b0c44298fc1c149afbf4c8996fb92427ae41e4649b934ca495991b7852b855",
                "bf9d5abc57f47c8ad48c0dc8da31242bc97437feb0bb83a9bc75bce4f3a40eed",
                "ccce56b2439349dd9640e948ae605a4afc16b696823a85512b168f78e9acc405",
                "bdcf77e34315d14e779adf85f700517b801898025e9c0078fcd2ff356a9fa40a",
                "02230c4ad751287957603a33f0e0bd118bf04d76571db15cad5bcbbc6fc0f2d3"
            ],
            "type": "Script",
            "firstPartyCookies": {},
            "firstPartyCookiesSent": {},
            "exampleSites": [
                "datascientest.com",
                "fr.eni.com",
                "fr.luko.eu",
                "fr.dhgate.com",
                "ignrando.fr",
                "www.ducati.com",
                "www.easybourse.com",
                "www.fram.fr",
                "www.lelo.com",
                "www.promovacances.com",
                "www.spliiit.com",
                "www.theoriginalshotels.com"
            ]
        }
    ],
    "categories": [],
    "performance": {},
    "cookies": 0,
    "topInitiators": [
        {
            "domain": "first party",
            "prevalence": 0.5294117647058824
        },
        {
            "domain": "googletagmanager.com",
            "prevalence": 0.47058823529411764
        }
    ],
    "types": {
        "Script": 24
    },
    "nameservers": [
        "ns-245-a.gandi.net",
        "ns-202-b.gandi.net",
        "ns-253-c.gandi.net"
    ]
}