{
    "domain": "mcppsh.com",
    "owner": {},
    "source": [
        "DuckDuckGo-FR"
    ],
    "prevalence": 0.00221,
    "sites": 22,
    "subdomains": [],
    "cnames": [],
    "fingerprinting": 0,
    "resources": [
        {
            "rule": "mcppsh\\.com\\/get\\/",
            "cookies": 0,
            "fingerprinting": 0,
            "subdomains": [],
            "apis": {},
            "sites": 22,
            "prevalence": 0.00221,
            "cnames": [],
            "responseHashes": [
                "81636034c864ff604606198b2bcc5386c1963d1165e2941a8fe2676b902f1e4b",
                "c7387b63eb258039f42659740a52be33d9b629049a5810710291c074fa42c51a",
                "de8b8010e425555fd9fcff09a8fb71cc794939dd7e110da8a3062a7fab0e8ddf",
                "9aa79406e968475989ed2ea437ad2ac07cae433cfee1c745c0fa1ff15b126fb2",
                "0dff3c6b321774f42452dd7df0478785f9550e16f38e3c736b20bcf597d222f1",
                "4aaffc034ef584cbe6f70fa9fb4886b25bfb26b650b0e1d6938a8e012ca9dd41",
                "0da368e2267917c55d926f5379262c6c80ad9f23f88a5ed6773a6546d9c9e162",
                "aaedf744e44036475d587506491dfbeb2269cf47a4f3a3141c3022b1e5c0651b",
                "fcfcda5004a8477b59f7673e6de6998fdceed9ce9eb3f43d47d1b755918e0dc1",
                "c189637e417790b2f2a1ba4fca2e119a74d5ad0365e85bd829af44a775c09257",
                "77eced7376fecac74f7f387b196425765d43c8713ae892272969b32de496337a",
                "6695430bb04f74d342252a271daaf2a471b353fc00926515245a72dbe2d82ab5",
                "0ad14f373dcaaa40d9e3bd159886cef213461379c1c96bb75168bde4c925848d",
                "54f0ec367295c1b1a7cfb556e3cc9d2d34f1be6acfc9be98877381e1b0848605",
                "c443ab02861fa12a614a8d0c4f822cad8dce89b47191925931498a0cfda23a31",
                "16a174cf73c14bbaab78aa25de20819d4f36841932a8755d9f2f385da15b0bc1",
                "21a4d96907f630313781fafb16b1657c0eeadf33d351d394654fd37e5c856458",
                "990e65f87e9fff9b5db7563e6cadce49e4f66b6cb0c3173e98d7528979ea6ad8",
                "02197b04397521fdd7313d19bfdb684c82d9fcafd91abbee6787fc860da444df",
                "df52bc3b6a6149f96953f610539f25ae6bb2e42d51f5038a9ea525d0b3d95743"
            ],
            "type": "Fetch",
            "firstPartyCookies": {},
            "firstPartyCookiesSent": {},
            "exampleSites": [
                "bestgore.fun",
                "chaturflix.cam",
                "hclips.com",
                "hdzog.com",
                "javdaddy.com",
                "javraveclub.com",
                "komikseru.me",
                "tubepornclassic.com",
                "txxx.com",
                "upornia.com",
                "vjav.com",
                "voyeurhit.com",
                "watchporn.to",
                "www.kazepoi.my.id",
                "www.pornhits.com",
                "www.shemale6.com",
                "www.xmegadrive.com",
                "youngtube.tw",
                "zoosuck.com"
            ]
        }
    ],
    "categories": [],
    "performance": {},
    "cookies": 0,
    "topInitiators": [
        {
            "domain": "capndr.com",
            "prevalence": 0.38461538461538464
        },
        {
            "domain": "first party",
            "prevalence": 0.34615384615384615
        },
        {
            "domain": "d28dc30335.com",
            "prevalence": 0.23076923076923078
        },
        {
            "domain": "nv7s.com",
            "prevalence": 0.038461538461538464
        }
    ],
    "types": {
        "Fetch": 22
    },
    "nameservers": [
        "ns2.digitalocean.com",
        "ns1.digitalocean.com",
        "ns3.digitalocean.com"
    ]
}