{
    "domain": "opti-digital.com",
    "owner": {
        "name": "Opti Digital",
        "displayName": "Opti Digital"
    },
    "source": [
        "DuckDuckGo-FR"
    ],
    "prevalence": 0.00869,
    "sites": 86,
    "subdomains": [
        "scripts",
        "optiyield"
    ],
    "cnames": [],
    "fingerprinting": 1,
    "resources": [
        {
            "rule": "opti-digital\\.com\\/tags\\/",
            "cookies": 0,
            "fingerprinting": 1,
            "subdomains": [
                "scripts"
            ],
            "apis": {
                "Document.cookie getter": 71,
                "Date.prototype.getTime": 72,
                "Navigator.prototype.userAgent": 72,
                "Navigator.prototype.platform": 14,
                "window.innerHeight": 1,
                "Navigator.prototype.language": 1,
                "Screen.prototype.width": 1
            },
            "sites": 72,
            "prevalence": 0.00728,
            "cnames": [],
            "responseHashes": [
                "63c7e6509fccec1dbb0754660dfdefd551c0de2acd23bdd024922a1846f9a0ed",
                "47b4d54999a32bda6a03fa6605bf8d9f1d855c94bafc02b454d8b4ca67a98d92",
                "5391b74e1e7888d8aea01f6382a059725d5e947c39e8ea4c1655a6c3cde9365b",
                "906374e4fc3aac97e671b2a764a1d6753eb267dea101e28208912165285aa1f6",
                "954c3d174e9da74c54ec3fcbed289228cc6177cead001e527ab515a6b64817af",
                "278fcb5cf204cef2d9e687103bf51dcf137440d2efea79c1008b6c747cf532b7",
                "d0d1d28566425059419beb3bec3d36ebd9cf1f9f7e995e1d3754405c17fd5b32",
                "f01739b00b699c27572a694d0cbf87a703d7270bad89b3e9e5ab640093f3cea7",
                "27eb9ff2ec33d3a6bf894bc01e8fab69e9719cf087c181bfe65784d0115011e0",
                "9186656920484fdeab84a405a9ff4a036007a7b1782e0513bbf7dc795373c2fe",
                "7376cce04374f22021da7cab7df0477fb9322cc6831e3c2e9e2080f33761e461",
                "f43bbca0daef9c95e85a0f9c47f12d26eaf92c246cfbe8e5ab842bc374c29eb2",
                "a6eca0b7bde613eb2a187325ec7b6e7cce70b386ea309213367448b110868a9b",
                "3a3ba45bb0ca92491c24ef905435b0d11eeda1554bba4a9bd1b83a810109a776",
                "01bb1a1a9cd878ae6048c6fc39786460114706dd8775ed5b564eef028d444d50",
                "2058e34a7d6da07d422aa42d9ef48c64e2e08ce75731d2f405e092cab1fb7e3a",
                "bfabcadb8ae9367314a6e3bbf8c14864be07612028c988e02d3604e74241c832",
                "13c64443429aedb9d714488e4e816ce50ad089bc01b0fbf5aa92c5894f634913",
                "c3e51a0f11ddac59c836e90513bbb4ca6124ba4c927481b9d469da0c473d26a2",
                "aaf7896fc0bdc834d0af894534ef5dc5d8fde1a39638ae6f37ab77e0baf2f677",
                "866d42c921389d8ca735ec9974c5b712a13b2abd21f6a8746a122ea504069fab",
                "bca5b449cd53516db8073c561ee21863a2a5d52e7cf5e11a2d08dce7adb121e8",
                "420a7d8d45b3dc09ba84761d1d4999bbf748b193f556bc4dfa8dc84ad9e4ebe7",
                "de84478828149a45eb4e1a93a124f6355d5437c2255331c3d23d922fe57a6ffa",
                "6e7695f5aa5365aa855379482a2f8d7c193877b5bcc51a8b0f5adac66d8f7490",
                "81c32bd306c7a4907ff31fa48db7d94f65e91f34fc46ac4932717ef7ce3f3cc0",
                "7d2466b1ad0479771044071fc164d80875d996a95c6a268e478c772a751fa138",
                "b36d728d15a8870c3024e4d636ade5d8dddbf41b343eb5cb4929f338b400e9f5",
                "24b27f359c249b86a728c7e7770706260ecf5aec92425cbbc82ddf391cfbf643",
                "88b8962e3b926344fac92344d04067b013d8692431abbaad5bcf79b74ee74328",
                "63b3058adbac77481a592f0d1f6a1919bc01aadf6170165c75b1a4247fb3c5ad",
                "6321d5ea433f9e2f67d0090a8ecd27c5a2674ad5a3900d2b773e12651b62f9c0",
                "ab1aef91846a75c1821988413e4c8957225ec8fa8cf1065f207731fbec163b51",
                "9ceec8b09833417b8bd7f4354c719047a373899a5baea2ae2528d35b2b3aefb9",
                "0a0f9e444d83b7e3041c40d6a97f83003bf34fb76b0ac7bdf086a5ae1e7de497",
                "95dc59b0d1bfefd33ff67f2976702454e3b23b7ff0a4d438a870d92d3e7198c1",
                "a8d66f6bb68fc9333cd2888a8f368e5e1827ecb4455c37228629a11ead11dc33",
                "ff7ff5c21fbd08a65eb8f57060e3c7ee58bfa41af4c3ab4c76be58c543961d75",
                "59aefee0ab92df9b148b8e26b2a5e8db9f2bf2219ae69015e54e6e53a4de8df2",
                "1c797adb10d5973a97548ac8d1b3e95facd6ae0e7f6893000fad6929dc57c642",
                "4e52555495a86fe905cee741a1be9f4e869f5772f3ec03bf090b6eaf2187669b",
                "50ed3c53e3b10e5ef3929abf4eb4b3792ef0d2051b9b6164bec8eae089f8ac2f",
                "4ca41e3ce4943bdc72bdb0cf16b2404b3fe7f3ae35fe9b9c5c448c24a1920791",
                "8706b1687b18bfbf7bf7bfd9a99b2f5738d9b67ac12cb7a9eaf4265a9f9a2603",
                "d5771121da06aa28b5d3286402bd89ba3ab664e49a2e7e2d284ea87b038ea063",
                "84cb4ff0f8b39af996267fec4dde0a076a0c046f53f18b3c38583e495bbb183a",
                "f794a3b364aa37b7e7031e53e5f1099fca567d9b2530e0305f1e6cc56bd4fa21",
                "142f055ba7d264cdd7f2b2dca29924b4567fe75bb3a4b4510697309a55804a0d",
                "7b532bb68fd25f613d0b550f415cee8c6e1ec6870b38c466857bb2786faa2206",
                "2f2c8e8f3d2c35e640a8e4a756262f1e19ba233d546ed031e10f7ef8b2e30f66",
                "a92aae31cafd95a0aba4356eded162f35b2ff14cb9e258f7a483fd4d4cffd02c",
                "3eecaff22736767ff41415f842b061d96e3d54f7437d1d200cf7e85388eff889",
                "145d3d673c7888e27fca557f36f852fb621686a38935564d1ea833d55569ffbb",
                "debce70af7919fdd703e38b447aed6ccb4a69f16533194e7fb4e49515590f690",
                "60178550aa3e0ba61c2606752c43bec78be872616b2f6c69fa0deb98eb544cd7",
                "7c05ae2d045f1f45fea8394b034bb693d48995b5bd9adbf6df89818354c68ccc",
                "c7e01fe12342e118b57edc19b87c2cf1b2cdbe3cbc655ec83321ffaac5c71c56",
                "6ed0e9b1be7abcd8ca44619c42eae9aa72c03ac44a2d92f5acbe13fcb12d5797",
                "e33137646c84d85f44c888547a7ea337c9a9d906969ca9403f7d42045c17a766",
                "6b5d50a525baa4002dd12db233371afa703f8055d0faa10792cc3db2251d9598",
                "1fc2c16d8a864b868b1ea0d67f2133588889bdd40f1121b5ef756f83f1cbaeec",
                "8bd839a59d0fdf4147db725c4836a1d5754b8fccd5639d09a6a7ddce652ff3c2",
                "013cb90f355a9239bdf5a4638a99716b896ef08035dcaaaf97f7f74379fceb6c",
                "6cffafea03fa60bd34cc75e0207aa07e5fcf48735f905d61c44eb540e87914d2",
                "b8e45e4b62e130f6cdfc4627954c6ec74a913e6e0e5bc5b906d499d691f62230",
                "402c8445bbf5bd7814530fe8e16c114b53f52f4088bcc0e46c3dff6dea35fd5d",
                "4b722a051a7b05f0100a0ff5fd14332b164f1a981abdb736aebc24433c4660e2",
                "fba2f5befdd82d0e3b7aeacb9865827934239fa9ccde49357f8fd2f00fb6b59f"
            ],
            "type": "Script",
            "firstPartyCookies": {},
            "firstPartyCookiesSent": {},
            "exampleSites": [
                "www.journaldugeek.com",
                "www.gerbeaud.com",
                "www.betaseries.com",
                "www.jeux-gratuits.com",
                "www.forbes.fr",
                "www.pointdevue.fr",
                "furansujapon.com",
                "www.cookomix.com",
                "www.clubic.com",
                "www.lemondeducampingcar.fr",
                "www.pratique.fr",
                "www.planeterenault.com",
                "www.01net.com",
                "www.xboxygen.com",
                "forums.futura-sciences.com",
                "jardinage.lemonde.fr",
                "www.vanlifemag.fr",
                "www.mac4ever.com",
                "korii.slate.fr",
                "www.petitfute.com"
            ]
        },
        {
            "rule": "opti-digital\\.com\\/pfc\\/",
            "cookies": 0,
            "fingerprinting": 1,
            "subdomains": [
                "scripts",
                "optiyield"
            ],
            "apis": {
                "Navigator.prototype.userAgent": 83
            },
            "sites": 83,