{
    "domain": "ovdimin.buzz",
    "owner": {},
    "source": [
        "DuckDuckGo-FR"
    ],
    "prevalence": 0.00251,
    "sites": 25,
    "subdomains": [],
    "cnames": [],
    "fingerprinting": 0,
    "resources": [
        {
            "rule": "ovdimin\\.buzz\\/utx",
            "cookies": 0.00251,
            "fingerprinting": 0,
            "subdomains": [],
            "apis": {},
            "sites": 25,
            "prevalence": 0.00251,
            "cnames": [],
            "responseHashes": [
                "e3b0c44298fc1c149afbf4c8996fb92427ae41e4649b934ca495991b7852b855"
            ],
            "type": "XHR",
            "firstPartyCookies": {},
            "firstPartyCookiesSent": {},
            "exampleSites": [
                "www.heavy-r.com",
                "www.mvideoporno.xxx",
                "hentaiapk.com",
                "nontonjavid.com",
                "asianpinay.com",
                "www.reference-sexe.com",
                "www.porndig.com",
                "leakso.co",
                "www.4tube.com",
                "thotleaks.org",
                "www.pornachi.com",
                "x-xx.pro",
                "www.bonporn.com",
                "taboo.desi",
                "www.roadsexe.com",
                "www.porntube.com",
                "biqle.ru",
                "www.analdin.com",
                "www.xrares.com",
                "www.xpee.com"
            ]
        },
        {
            "rule": "ovdimin\\.buzz\\/floater",
            "cookies": 0.00141,
            "fingerprinting": 0,
            "subdomains": [],
            "apis": {},
            "sites": 14,
            "prevalence": 0.00141,
            "cnames": [],
            "responseHashes": [
                "eb1c8338a7f818e8ca7292aadc5ba237084ba862338252c7ecbc714983091f54",
                "930ce94bed1712a7dcf2cbc23266ae8ef0a7625b716c3fee52d15a323fdab3e9",
                "d26b25512820855399dc2d3e99b08d5da2fdc51f7389724b0c8d93f7c4c9eca8",
                "83ca57edd897723effdb8bc5657aa2cf9ad8b2ce0305b9f9c861883c10d95ae6",
                "57f91f8f49874b602e20f6f6fd1c26364a13ae80025c5b92c678fa814e5f08eb",
                "18b542fb579f49dd95929d11857c03c2db1c02424d48405ef8ff641e381b3465",
                "2f17b880505510100d3e3c02de618b5fd41383fab525256f5e7ae278f6907ed1",
                "7d83ded8c3420beabf03cbcf36f30c2db38bb99263cd0514c0a3105fa5c58f2d",
                "98cefe810bd23a0731c0e83b34491799f9ad421d369e7061348034ebd40eca3c",
                "78f86977fdc2bcc08bf4b60608164a35917ca9f130f13042eb558d3685b6701b",
                "d32180a81856188e7b4f352757baf2dfa9f676f9217da0b90e107a2aa30b5f42",
                "fc7efff71bba11c7f68c051b84c49876f15086a9bf029076c64319845a3cde4d",
                "71045a4dcd4e41559985bddfbda91cc32aa37e69f9ffac42cc29d54445027ce7"
            ],
            "type": "XHR",
            "firstPartyCookies": {},
            "firstPartyCookiesSent": {},
            "exampleSites": [
                "asianpinay.com",
                "nontonjavid.com",
                "shittytube.com",
                "taboo.desi",
                "www.allnporn.com",
                "www.amateuretsexe.com",
                "www.bonporn.com",
                "www.heavy-r.com",
                "www.pornachi.com",
                "www.reference-sexe.com",
                "www.xpee.com",
                "www.xrares.com",
                "x-xx.pro",
                "xnxx-xxx.pro"
            ]
        }
    ],
    "categories": [],
    "performance": {},
    "cookies": 0.00251,
    "types": {
        "XHR": 39
    },
    "nameservers": [
        "aiden.ns.cloudflare.com",
        "demi.ns.cloudflare.com"
    ]
}