{
    "domain": "p-n.io",
    "owner": {
        "name": "Pushly",
        "displayName": "Pushly"
    },
    "source": [
        "DuckDuckGo-FR"
    ],
    "prevalence": 0.00191,
    "sites": 19,
    "subdomains": [
        "cdn",
        "k"
    ],
    "cnames": [],
    "fingerprinting": 2,
    "resources": [
        {
            "rule": "p-n\\.io\\/pushly-sdk\\.min\\.js",
            "cookies": 0.00161,
            "fingerprinting": 2,
            "subdomains": [
                "cdn"
            ],
            "apis": {
                "Navigator.prototype.plugins": 19,
                "window.sessionStorage": 19,
                "Navigator.prototype.cookieEnabled": 16,
                "Navigator.prototype.userAgent": 16,
                "Navigator.prototype.appVersion": 16,
                "Navigator.prototype.appCodeName": 16,
                "Navigator.prototype.product": 16,
                "Navigator.prototype.platform": 16,
                "Document.cookie getter": 16,
                "Document.cookie setter": 16,
                "Date.prototype.getTime": 16,
                "Notification.permission": 16,
                "Navigator.prototype.permissions": 16,
                "Intl.DateTimeFormat.prototype.resolvedOptions": 8
            },
            "sites": 19,
            "prevalence": 0.00191,
            "cnames": [],
            "responseHashes": [
                "582618e69379d1563782076785322224be989b4fca6e48b9ff694cfc3a5194b2",
                "61ce2a60acd8ada6fbd20b696c5519e469eda868f146695a7f6c484518771e91",
                "9496503d23cd384ee7d2017af3fd190dd7f8956d8733a3775b5839aedb61f6b3",
                "734e61d371eb0ed81254ab4fa902074bf4d390c47a619a004aaa615e67de5ff8",
                "fdb5a093d3088779453f34d2d8058227b82c1f1e6e4257d53da6b800a9f686b2",
                "823a64f398bf77da29f18a694c3c314b01ad78fc6bb630257f0480d7f86afd4f",
                "3a9d85741452c4cff315f09c88aec5e44552c61113bc12adc19d1dc0933da6ca",
                "8bdc4c0af23e1d6803669d549ed13a08d77c98ba2a8027ebcaf5785cb53a5877",
                "acb6292c2bb0e5e1bab1d6f8663356eaf5cc5fe79ef78d92b9d7555131d9ab8c",
                "c462432a67c8a7aafe950ab83d147f5b4dbe806a8d54ada1fec0e4bfa39ba534",
                "60a95cb7c688c5be9aeb9568b7ed8482f4019c98cf7fee4d49ec24820ad80db2",
                "7bbce5cb5fd292ea8bbc3a27494fb7643087f014023a5d022a75887b5d0c6c25",
                "b689acc2d8d54bc6b90b3d48cd6ca16a0757d59e739adc251c2bd40b1afcfebb",
                "82b9593c46cc1999d597661a7f8da7f9388e0a41b4f77dabc559b9dca242e9a4",
                "a8b824db93561f97eb46ec4d123c63881f0eaffa6a84ae14ec7be5ca60fae6eb",
                "8fbd7e2c0786f1695ad01b2ae266297496630394b5e7013e0667de9661cbbee7",
                "f1d39c4c19744e0610f7d1fa0542adae9d16df7134897ddf83338d3d369ecf98",
                "9f1de43445c78eb54a6cdab76e82394f46f442900a519abb02585c6d146535a9"
            ],
            "type": "Script",
            "firstPartyCookies": {
                "_pnvl": {
                    "ttl": 63072002,
                    "length": 5,
                    "prevalence": 0.0013050898504166249,
                    "uniqueness": 0.07692307692307693
                },
                "pushly.user_puuid": {
                    "ttl": 63072008,
                    "length": 32,
                    "prevalence": 0.0013050898504166249,
                    "uniqueness": 1
                },
                "_pnxd": {
                    "ttl": -86392,
                    "length": 4,
                    "prevalence": 0.0013050898504166249,
                    "uniqueness": 0.07692307692307693
                },
                "_pnss": {
                    "ttl": 63072008,
                    "length": 7,
                    "prevalence": 0.0013050898504166249,
                    "uniqueness": 0.15384615384615385
                },
                "_pnlspid": {
                    "ttl": 63072008,
                    "length": 5,
                    "prevalence": 0.0013050898504166249,
                    "uniqueness": 0.6923076923076923
                },
                "_pntx": {
                    "ttl": -86392,
                    "length": 4,
                    "prevalence": 0.0013050898504166249,
                    "uniqueness": 0.07692307692307693
                },
                "_pnfcps": {
                    "ttl": -86393,
                    "length": 4,
                    "prevalence": 0.0012046983234615,
                    "uniqueness": 0.08333333333333333
                },
                "_pnpcs": {
                    "ttl": -86393,
                    "length": 4,
                    "prevalence": 0.0012046983234615,
                    "uniqueness": 0.08333333333333333
                },
                "_pnpdm": {
                    "ttl": 604812,
                    "length": 4,
                    "prevalence": 0.0007027406886858749,
                    "uniqueness": 0.14285714285714285
                },
                "_pnvl_UtBLmdR1": {
                    "ttl": 63072003,
                    "length": 5,
                    "prevalence": 0.00010039152695512498,
                    "uniqueness": 1
                },
                "pushly.user_puuid_UtBLmdR1": {
                    "ttl": 63072003,
                    "length": 32,
                    "prevalence": 0.00010039152695512498,
                    "uniqueness": 1
                },
                "_pnxd_UtBLmdR1": {
                    "ttl": -86397,
                    "length": 4,
                    "prevalence": 0.00010039152695512498,
                    "uniqueness": 1
                },
                "_pnss_UtBLmdR1": {
                    "ttl": 63072003,
                    "length": 4,
                    "prevalence": 0.00010039152695512498,
                    "uniqueness": 1
                },
                "_pnlspid_UtBLmdR1": {
                    "ttl": -86397,
                    "length": 4,
                    "prevalence": 0.00010039152695512498,
                    "uniqueness": 1
                },
                "_pntx_UtBLmdR1": {
                    "ttl": -86397,
                    "length": 4,
                    "prevalence": 0.00010039152695512498,
                    "uniqueness": 1
                },
                "_pnfcps_UtBLmdR1": {
                    "ttl": -86397,
                    "length": 4,
                    "prevalence": 0.00010039152695512498,
                    "uniqueness": 1
                },
                "_pnpcs_UtBLmdR1": {
                    "ttl": -86397,
                    "length": 4,
                    "prevalence": 0.00010039152695512498,
                    "uniqueness": 1
                },
                "_pndbg_bHgU9bxJ": {
                    "ttl": 49007,
                    "length": 2,
                    "prevalence": 0.00010039152695512498,
                    "uniqueness": 1
                },
                "pushly.user_puuid_bHgU9bxJ": {
                    "ttl": 63072007,
                    "length": 32,
                    "prevalence": 0.00010039152695512498,
                    "uniqueness": 1
                },
                "_pnvl_bHgU9bxJ": {
                    "ttl": 63072007,
                    "length": 5,
                    "prevalence": 0.00010039152695512498,
                    "uniqueness": 1
                },
                "_pnxd_bHgU9bxJ": {
                    "ttl": -86393,
                    "length": 4,
                    "prevalence": 0.00010039152695512498,
                    "uniqueness": 1
                },
                "_pnss_bHgU9bxJ": {
                    "ttl": 63072007,
                    "length": 4,
                    "prevalence": 0.00010039152695512498,
                    "uniqueness": 1
                },
                "_pnlspid_bHgU9bxJ": {
                    "ttl": -86393,
                    "length": 4,