{
    "domain": "run-forest.run",
    "owner": {},
    "source": [
        "DuckDuckGo-FR"
    ],
    "prevalence": 0.000803,
    "sites": 8,
    "subdomains": [
        "secure"
    ],
    "cnames": [],
    "fingerprinting": 0,
    "resources": [
        {
            "rule": "run-forest\\.run\\/n\\/gfx",
            "cookies": 0,
            "fingerprinting": 0,
            "subdomains": [
                "secure"
            ],
            "apis": {},
            "sites": 8,
            "prevalence": 0.000803,
            "cnames": [],
            "responseHashes": [
                "e4430e170743c583a0f29a3b66e59e83667cb322d4bc16a4bbf56a04f4db6a86",
                "ecb754960f9d373271ae93e04162c07d197f56e860acb75a45a84c57b2a6237f",
                "f9557d57b5cc00f46a266b5a614515e188291293ecf7e45f0d7371732cd7efcf",
                "df7588e67dd49a3a97b76a9ade874a1c14aa0ddd44ce5973bc320c0acdbd3688",
                "c416aab15ec6f39d1bfe64de7801c93b520b7cdb81435c6ab27df41f6befc7dc",
                "b1223182458e2a751e47635a03061fb64c648462c02f70bbbdf8409f2b61744c",
                "891924c1acba75297702a2036168c507961c7ba446571dd6c6c5c99b92b49a20"
            ],
            "type": "Image",
            "firstPartyCookies": {},
            "firstPartyCookiesSent": {},
            "exampleSites": [
                "boobyday.com",
                "france.annoncesgratuites.eu",
                "instacoquin.fr",
                "www.amatrys.com",
                "www.lavideodujourjetm.net",
                "www.pornovoisines.com",
                "www.tonpornodujour.com",
                "www.vosfemmes.com"
            ]
        }
    ],
    "categories": [],
    "performance": {},
    "cookies": 0,
    "types": {
        "Image": 8
    },
    "nameservers": [
        "ns1.ezzed.com",
        "ns2.ezzed.com"
    ]
}