{
    "domain": "sensic.net",
    "owner": {},
    "source": [
        "DuckDuckGo-FR"
    ],
    "prevalence": 0.000803,
    "sites": 8,
    "subdomains": [
        "es-config",
        "de-config",
        "8813382db391362c18387044d92b4b1c93731b0bc0b59b8e3c16dd2f.trk",
        "16426210227828281f928fe9c721c9a7c1157c561a6211a1dafe3b92.tmptrk",
        "9e67bd20427b2caeb4fae6103c7a1f4ab72857e3df22aa8941c917cc.trk",
        "b0b2d40dca24ee91bf32346220b596ad98f61657a4ad161748e35d8c.trk",
        "85de63eab365606a23c68cb4c37feb7696fbfdceadbea547ef467fc7.trk",
        "5f2746780b0d4a9fd94947e33d98f0000f7073ef7da36c9a8776bda7.trk",
        "f0dbab44d3481c8ca97c802d395a9410e1c22b9260a16d71a35a59f0.trk",
        "b22bf6975f480ac7bafaee14c4a5672589d11cfd620426b71da31bb7.trk",
        "es1-s2s",
        "de1-s2s"
    ],
    "cnames": [],
    "fingerprinting": 2,
    "resources": [
        {
            "rule": "sensic\\.net\\/s2s-web\\.js",
            "cookies": 0,
            "fingerprinting": 2,
            "subdomains": [
                "es-config"
            ],
            "apis": {
                "Navigator.prototype.userAgent": 5,
                "window.localStorage": 5,
                "Date.prototype.getTime": 5,
                "Navigator.prototype.platform": 5,
                "Navigator.prototype.doNotTrack": 5,
                "Navigator.prototype.language": 4
            },
            "sites": 5,
            "prevalence": 0.000502,
            "cnames": [],
            "responseHashes": [
                "a4d577943be386880c4e9263b6aa6880f0491c2025f4e85d1a22943f46b747f4",
                "41411e13d74232945ae5af1347cc0d1e3a413ec787180f856707db2b56b640ec"
            ],
            "type": "Script",
            "firstPartyCookies": {},
            "firstPartyCookiesSent": {},
            "exampleSites": [
                "abc.es",
                "www.elconfidencial.com",
                "www.elmundo.es",
                "www.hola.com",
                "www.marca.com"
            ]
        },
        {
            "rule": "sensic\\.net\\/ts\\.json",
            "cookies": 0,
            "fingerprinting": 0,
            "subdomains": [
                "es-config"
            ],
            "apis": {},
            "sites": 5,
            "prevalence": 0.000502,
            "cnames": [],
            "responseHashes": [
                "e3b0c44298fc1c149afbf4c8996fb92427ae41e4649b934ca495991b7852b855"
            ],
            "type": "XHR",
            "firstPartyCookies": {},
            "firstPartyCookiesSent": {},
            "exampleSites": [
                "abc.es",
                "www.elconfidencial.com",
                "www.elmundo.es",
                "www.hola.com",
                "www.marca.com"
            ]
        },
        {
            "rule": "sensic\\.net\\/sui\\.html",
            "cookies": 0,
            "fingerprinting": 0,
            "subdomains": [
                "es-config",
                "de-config"
            ],
            "apis": {},
            "sites": 7,
            "prevalence": 0.000703,
            "cnames": [],
            "responseHashes": [
                "d8bc402f0b0bd629a68cfe0318d54d195a08f189ed97e823bec7ade045717a68"
            ],
            "type": "Document",
            "firstPartyCookies": {},
            "firstPartyCookiesSent": {
                "get_top_level_domain_cookie": 0.00010041168792047395
            },
            "exampleSites": [
                "abc.es",
                "www.ardmediathek.de",
                "www.arte.tv",
                "www.elconfidencial.com",
                "www.elmundo.es",
                "www.marca.com",
                "www.tagesschau.de"
            ]
        },
        {
            "rule": "sensic\\.net\\/sui\\.js",
            "cookies": 0,
            "fingerprinting": 1,
            "subdomains": [
                "es-config",
                "de-config"
            ],
            "apis": {
                "Navigator.prototype.userAgent": 6,
                "window.localStorage": 6,
                "Document.cookie getter": 6
            },
            "sites": 7,
            "prevalence": 0.000703,
            "cnames": [],
            "responseHashes": [
                "3e95f189a197557326589a746ecdbc67f3be07f2424e87b7ca22a127880db0c9",
                "30099bd501d65b0e4964ef189e927448e42146a389c8e44133a1fe4e31e16825"
            ],
            "type": "Script",
            "firstPartyCookies": {},
            "firstPartyCookiesSent": {},
            "exampleSites": [
                "abc.es",
                "www.ardmediathek.de",
                "www.arte.tv",
                "www.elconfidencial.com",
                "www.elmundo.es",
                "www.marca.com",
                "www.tagesschau.de"
            ]
        },
        {
            "rule": "sensic\\.net\\/suigenerator",
            "cookies": 0,
            "fingerprinting": 0,
            "subdomains": [
                "es-config",
                "de-config"
            ],
            "apis": {},
            "sites": 7,
            "prevalence": 0.000703,
            "cnames": [],
            "responseHashes": [
                "92969b4bde6afcc9b0986c1da6306ee5ff135015147c75393cc12c52d0f5ac86",
                "fe895ab5fcff1ddcb999a0c5ac06b8452707d5fd487286ade35bf56c2b07135a",
                "b45b7e36f93e5d80356e8e7988ed34fcebf2413e6aaecb52aff09e803a56a523",
                "ed765378a046d6def2137c03e32429938ef9de0b4fbca35d662c6b9376b774bd",
                "3ab37a49f3a61515d4e0c0926968eb210ae7c1673320722cb00b4314f9cdee73",
                "04ed67aef2c7ec84bcf00a9463d70a1b83640802efc5a2bc81dbfca264939dca"
            ],
            "type": "XHR",
            "firstPartyCookies": {},
            "firstPartyCookiesSent": {
                "get_top_level_domain_cookie": 0.00010041168792047395
            },
            "exampleSites": [
                "abc.es",
                "www.ardmediathek.de",
                "www.arte.tv",
                "www.elconfidencial.com",
                "www.elmundo.es",
                "www.marca.com",
                "www.tagesschau.de"
            ]
        },
        {
            "rule": "sensic\\.net\\/tp\\.gif",
            "cookies": 0,
            "fingerprinting": 0,
            "subdomains": [
                "8813382db391362c18387044d92b4b1c93731b0bc0b59b8e3c16dd2f.trk",
                "16426210227828281f928fe9c721c9a7c1157c561a6211a1dafe3b92.tmptrk",
                "9e67bd20427b2caeb4fae6103c7a1f4ab72857e3df22aa8941c917cc.trk",
                "b0b2d40dca24ee91bf32346220b596ad98f61657a4ad161748e35d8c.trk",
                "85de63eab365606a23c68cb4c37feb7696fbfdceadbea547ef467fc7.trk",
                "5f2746780b0d4a9fd94947e33d98f0000f7073ef7da36c9a8776bda7.trk",
                "f0dbab44d3481c8ca97c802d395a9410e1c22b9260a16d71a35a59f0.trk",
                "b22bf6975f480ac7bafaee14c4a5672589d11cfd620426b71da31bb7.trk"
            ],
            "apis": {},
            "sites": 8,
            "prevalence": 0.000803,
            "cnames": [],
            "responseHashes": [
                "1866961a029c65376fefb7f2ba1e6187e09ff50ea58d97dedfd72c197947d002"
            ],
            "type": "XHR",
            "firstPartyCookies": {},
            "firstPartyCookiesSent": {
                "get_top_level_domain_cookie": 0.00010041168792047395
            },
            "exampleSites": [
                "abc.es",
                "www.abc.es",
                "www.ardmediathek.de",
                "www.arte.tv",
                "www.elconfidencial.com",
                "www.elmundo.es",
                "www.marca.com",
                "www.tagesschau.de"
            ]
        },
        {
            "rule": "sensic\\.net\\/3pc\\.html",
            "cookies": 0,
            "fingerprinting": 1,
            "subdomains": [
                "es-config"
            ],