{
    "domain": "sensic.net",
    "owner": {},
    "source": [
        "DuckDuckGo-FR"
    ],
    "prevalence": 0.00141,
    "sites": 14,
    "subdomains": [
        "es-config",
        "de-config",
        "16843622124583afe62706f7b41aa74c22ceec9ba5d229ce92c27bd5.trk",
        "16843603559910a2ff3f3a18389b36ec803f6e47f59d75d6b8b29c62.trk",
        "1684361920014fcd8068f07d3465ebc653a28ee9c178844be3430264.trk",
        "1684360563498d18a73a0e747bef4ae41dd21db51d214167829b6d11.trk",
        "1684359545247b6af1bdebda7008486278c485ff8d6f44eda20b5464.trk",
        "1684363660040d55c68d1ea53c34f23e76e7a3936dd2092200c6d698.trk",
        "168436411522688dcddb6d41b0f5757f149514b5d756928edd3869b1.trk",
        "1684362364378caaf35c886b4c657930ad6005209f9c37f48802ed9f.trk",
        "1684362813965ba7ece48aa07512487498ac1a4c64b4033f3ddd796d.trk",
        "16843617003205c5e50f78202f1a61519a693e51ef7ee9379d740647.trk",
        "16843620576852f9955ed23562ab96c811fec605517c8961412145da.trk",
        "16843609387891b2d9e34c93aba7403af74fce2e8b88e0bbf3d9ab08.trk",
        "168436379951928b6db7256021f019e8f52a8a926a63361de2cbfde9.trk",
        "c0deaff66fea9b96c6db812c8b79cfd2191364cccadfb581a3cfbc37.trk",
        "es1-s2s",
        "de1-s2s"
    ],
    "cnames": [],
    "fingerprinting": 2,
    "resources": [
        {
            "rule": "sensic\\.net\\/s2s-web\\.js",
            "cookies": 0,
            "fingerprinting": 1,
            "subdomains": [
                "es-config"
            ],
            "apis": {
                "window.localStorage": 9,
                "Date.prototype.getTime": 9,
                "Navigator.prototype.userAgent": 9,
                "Navigator.prototype.platform": 9,
                "Navigator.prototype.language": 9
            },
            "sites": 9,
            "prevalence": 0.000909,
            "cnames": [],
            "responseHashes": [
                "210d5132a189f5dc441659397479395c01cd422e96023e58492784ca884fc4ff"
            ],
            "type": "Script",
            "firstPartyCookies": {},
            "firstPartyCookiesSent": {},
            "exampleSites": [
                "as.com",
                "elpais.com",
                "www.elespanol.com",
                "www.elconfidencial.com",
                "www.elperiodico.com",
                "www.elmundo.es",
                "www.lavanguardia.com",
                "www.marca.com",
                "www.mundodeportivo.com"
            ]
        },
        {
            "rule": "sensic\\.net\\/3pc\\.html",
            "cookies": 0,
            "fingerprinting": 1,
            "subdomains": [
                "es-config",
                "de-config"
            ],
            "apis": {
                "window.localStorage": 3,
                "Document.cookie getter": 6
            },
            "sites": 10,
            "prevalence": 0.00101,
            "cnames": [],
            "responseHashes": [
                "6c2b6d0208ffafae5afbf007859e6c4174aa9b08f5516259cb298e1042fa0e2b"
            ],
            "type": "Document",
            "firstPartyCookies": {},
            "firstPartyCookiesSent": {},
            "exampleSites": [
                "as.com",
                "elpais.com",
                "static-cdn.arte.tv",
                "www.ardmediathek.de",
                "www.arte.tv",
                "www.elespanol.com",
                "www.elconfidencial.com",
                "www.elperiodico.com",
                "www.elmundo.es",
                "www.marca.com"
            ]
        },
        {
            "rule": "sensic\\.net\\/tp\\.gif",
            "cookies": 0,
            "fingerprinting": 0,
            "subdomains": [
                "16843622124583afe62706f7b41aa74c22ceec9ba5d229ce92c27bd5.trk",
                "16843603559910a2ff3f3a18389b36ec803f6e47f59d75d6b8b29c62.trk",
                "1684361920014fcd8068f07d3465ebc653a28ee9c178844be3430264.trk",
                "1684360563498d18a73a0e747bef4ae41dd21db51d214167829b6d11.trk",
                "1684359545247b6af1bdebda7008486278c485ff8d6f44eda20b5464.trk",
                "1684363660040d55c68d1ea53c34f23e76e7a3936dd2092200c6d698.trk",
                "168436411522688dcddb6d41b0f5757f149514b5d756928edd3869b1.trk",
                "1684362364378caaf35c886b4c657930ad6005209f9c37f48802ed9f.trk",
                "1684362813965ba7ece48aa07512487498ac1a4c64b4033f3ddd796d.trk",
                "16843617003205c5e50f78202f1a61519a693e51ef7ee9379d740647.trk",
                "16843620576852f9955ed23562ab96c811fec605517c8961412145da.trk",
                "16843609387891b2d9e34c93aba7403af74fce2e8b88e0bbf3d9ab08.trk",
                "168436379951928b6db7256021f019e8f52a8a926a63361de2cbfde9.trk",
                "c0deaff66fea9b96c6db812c8b79cfd2191364cccadfb581a3cfbc37.trk"
            ],
            "apis": {},
            "sites": 14,
            "prevalence": 0.00141,
            "cnames": [],
            "responseHashes": [
                "e3b0c44298fc1c149afbf4c8996fb92427ae41e4649b934ca495991b7852b855"
            ],
            "type": "XHR",
            "firstPartyCookies": {},
            "firstPartyCookiesSent": {
                "__pid": 0.00010101010101010101
            },
            "exampleSites": [
                "as.com",
                "elpais.com",
                "static-cdn.arte.tv",
                "www.ardmediathek.de",
                "www.arte.tv",
                "www.daserste.de",
                "www.elespanol.com",
                "www.elconfidencial.com",
                "www.elperiodico.com",
                "www.elmundo.es",
                "www.lavanguardia.com",
                "www.marca.com",
                "www.mundodeportivo.com",
                "www.tagesschau.de"
            ]
        },
        {
            "rule": "sensic\\.net\\/",
            "cookies": 0,
            "fingerprinting": 0,
            "subdomains": [
                "es1-s2s"
            ],
            "apis": {},
            "sites": 9,
            "prevalence": 0.000909,
            "cnames": [],
            "responseHashes": [
                "e3b0c44298fc1c149afbf4c8996fb92427ae41e4649b934ca495991b7852b855"
            ],
            "type": "XHR",
            "firstPartyCookies": {},
            "firstPartyCookiesSent": {},
            "exampleSites": [
                "as.com",
                "elpais.com",
                "www.elespanol.com",
                "www.elconfidencial.com",
                "www.elperiodico.com",
                "www.elmundo.es",
                "www.lavanguardia.com",
                "www.marca.com",
                "www.mundodeportivo.com"
            ]
        },
        {
            "rule": "sensic\\.net\\/sui-connector\\.js",
            "cookies": 0,
            "fingerprinting": 1,
            "subdomains": [
                "de-config"
            ],
            "apis": {
                "window.localStorage": 4
            },
            "sites": 4,
            "prevalence": 0.000404,
            "cnames": [],
            "responseHashes": [
                "0f871d6a8e09d8ffc8b7147631c20104a097cab2b36317a4603659da2bc5abd2"
            ],
            "type": "Script",
            "firstPartyCookies": {},
            "firstPartyCookiesSent": {},
            "exampleSites": [
                "arte.tv",
                "www.ardmediathek.de",
                "www.arte.tv",
                "www.daserste.de"
            ]
        },
        {
            "rule": "sensic\\.net\\/id",
            "cookies": 0,
            "fingerprinting": 0,
            "subdomains": [
                "de1-s2s",
                "es1-s2s"
            ],
            "apis": {},
            "sites": 6,
            "prevalence": 0.000606,
            "cnames": [],
            "responseHashes": [
                "e3b0c44298fc1c149afbf4c8996fb92427ae41e4649b934ca495991b7852b855"
            ],
            "type": "XHR",
            "firstPartyCookies": {},