{
    "domain": "soundcloud.com",
    "owner": {
        "name": "SoundCloud Global Limited & Co. KG",
        "displayName": "SoundCloud"
    },
    "source": [
        "DuckDuckGo-FR"
    ],
    "prevalence": 0.00152,
    "sites": 15,
    "subdomains": [
        "w",
        "api-widget"
    ],
    "cnames": [],
    "fingerprinting": 1,
    "resources": [
        {
            "rule": "soundcloud\\.com\\/player\\/",
            "cookies": 0,
            "fingerprinting": 1,
            "subdomains": [
                "w"
            ],
            "apis": {
                "window.innerHeight": 11
            },
            "sites": 11,
            "prevalence": 0.00111,
            "cnames": [],
            "responseHashes": [
                "c7b34c43425b5f49e9b71125e006a31aabfa9b97338c56e045e04264ae0d5551",
                "20034614680d41ef98c81597ea4a665c299fc661d9dd9b8f6a50d77a91d8b6b9",
                "94b86e931b0296642bcffc68bbb8e8d5b87798dd03575bbd80f2d5f063de76a1",
                "9f4d34bc55e5d31e464dc2f1c9d2086db28756d03710e351c92b8f3e72a6e4e4",
                "8247e884a67b9cafab670f2f5bfeb6e052751ab2544c4d6c7f71ab2a80d27082",
                "e6888109358d9699a72717e36a4bcd88570626d93e2caa6cfc89fbe92d7d211d",
                "009b17c84088be59582e24a7114281faecb779afe905e55fc66fb70f1380fc63",
                "d7233162059854ee32d4d2aeba30fbbb68a8f332448c3c88d98e28796c1ee58d",
                "b10059f05dc6580365bf225c39adf2c011cd1c72cf7cd08ce52f8eb216d8ee7b",
                "5e94663778899a51982dbd4b724808501ce6bc3fc1043d9d91fcb8fc079fbb04"
            ],
            "type": "Document",
            "firstPartyCookies": {},
            "firstPartyCookiesSent": {},
            "exampleSites": [
                "ille-et-vilaine.fr",
                "bike-cafe.fr",
                "stardewvalleywiki.com",
                "www.cinezik.org",
                "www.ehess.fr",
                "www.fao.org",
                "www.lesbelleslettres.com",
                "www.maison-et-domotique.com",
                "www.oecd.org",
                "www.orthographiq.com",
                "www.superphysique.org"
            ]
        },
        {
            "rule": "soundcloud\\.com\\/me",
            "cookies": 0,
            "fingerprinting": 0,
            "subdomains": [
                "api-widget"
            ],
            "apis": {},
            "sites": 5,
            "prevalence": 0.000505,
            "cnames": [],
            "responseHashes": [
                "e3b0c44298fc1c149afbf4c8996fb92427ae41e4649b934ca495991b7852b855"
            ],
            "type": "XHR",
            "firstPartyCookies": {},
            "firstPartyCookiesSent": {},
            "exampleSites": [
                "ille-et-vilaine.fr",
                "www.cinezik.org",
                "www.ehess.fr",
                "www.maison-et-domotique.com",
                "www.oecd.org"
            ]
        },
        {
            "rule": "soundcloud\\.com\\/player\\/api\\.js",
            "cookies": 0,
            "fingerprinting": 0,
            "subdomains": [
                "w"
            ],
            "apis": {},
            "sites": 4,
            "prevalence": 0.000404,
            "cnames": [],
            "responseHashes": [
                "fe7be71169532a67a19a2178113658e2cf55413a21635fcd0a89060c839a5be6"
            ],
            "type": "Script",
            "firstPartyCookies": {},
            "firstPartyCookiesSent": {},
            "exampleSites": [
                "boss.info",
                "www.ea.com",
                "www.monnaiedeparis.fr",
                "www.roland.com"
            ]
        },
        {
            "rule": "soundcloud\\.com\\/resolve",
            "cookies": 0,
            "fingerprinting": 0,
            "subdomains": [
                "api-widget"
            ],
            "apis": {},
            "sites": 6,
            "prevalence": 0.000606,
            "cnames": [],
            "responseHashes": [
                "f7a3cb1df471f0388739bcb82cd62286f99e4fb24d5994023c418cd1c5781b20",
                "7598c8e7922d74bd4185d5971864ec787c8948dd3461c7fee8f5fe66013c12f1",
                "ef7f5728029bd500cfc104bb94b6857c72f24d9c04198b156dabd23ceead0614",
                "336650b192c06e5444403f18caa317e90a36eda350492b7555340b2be0e74c24",
                "49337bca216294ce7a10b59fa32524243317e96c30e208f6c7a959b1f98bd4de"
            ],
            "type": "XHR",
            "firstPartyCookies": {},
            "firstPartyCookiesSent": {},
            "exampleSites": [
                "cinezik.org",
                "www.cinezik.org",
                "www.fao.org",
                "www.maison-et-domotique.com",
                "www.oecd.org",
                "www.orthographiq.com"
            ]
        }
    ],
    "categories": [
        "CDN",
        "Embedded Content"
    ],
    "performance": {},
    "cookies": 0,
    "topInitiators": [
        {
            "domain": "sndcdn.com",
            "prevalence": 0.7160493827160493
        },
        {
            "domain": "first party",
            "prevalence": 0.25925925925925924
        },
        {
            "domain": "adobedtm.com",
            "prevalence": 0.024691358024691357
        }
    ],
    "types": {
        "Document": 11,
        "XHR": 11,
        "Script": 4
    },
    "nameservers": [
        "ns-1303.awsdns-34.org",
        "ns-1659.awsdns-15.co.uk",
        "ns-451.awsdns-56.com",
        "ns-646.awsdns-16.net"
    ]
}