{
    "domain": "wazaki.xyz",
    "owner": {},
    "source": [
        "DuckDuckGo-FR"
    ],
    "prevalence": 0.000603,
    "sites": 6,
    "subdomains": [
        "cdn"
    ],
    "cnames": [],
    "fingerprinting": 2,
    "resources": [
        {
            "rule": "wazaki\\.xyz\\/sdk\\/push_web\\/",
            "cookies": 0.000603,
            "fingerprinting": 2,
            "subdomains": [
                "cdn"
            ],
            "apis": {
                "Navigator.prototype.userAgent": 6,
                "Intl.DateTimeFormat.prototype.resolvedOptions": 6,
                "Date.prototype.getTimezoneOffset": 6,
                "Document.cookie getter": 6,
                "Date.prototype.getTime": 6,
                "Document.cookie setter": 6,
                "window.innerHeight": 6,
                "window.innerWidth": 6,
                "window.devicePixelRatio": 6,
                "Navigator.prototype.appName": 6
            },
            "sites": 6,
            "prevalence": 0.000603,
            "cnames": [],
            "responseHashes": [
                "4499e0c3701f89c7dd61081d686f398d1648948365814b7c19f01a1845b7dbbf",
                "07c4877da5bb74f8a7325a6f07f689d8a39865d7a32016035501c4c80bb921a6",
                "1a3290be7ad67f3d9a85b4e1ef7f0273cb7c0b9010969ddc041d9157f1d21be0"
            ],
            "type": "Script",
            "firstPartyCookies": {
                "rvt_inlpush_cnt_8329": {
                    "ttl": 86402,
                    "length": 1,
                    "prevalence": 0.0001005126143330988,
                    "uniqueness": 1
                },
                "rvt_inlpush_max_8329": {
                    "ttl": 86402,
                    "length": 3,
                    "prevalence": 0.0001005126143330988,
                    "uniqueness": 1
                },
                "rvt_inlpush_cnt_4715": {
                    "ttl": 86402,
                    "length": 1,
                    "prevalence": 0.0003015378429992964,
                    "uniqueness": 0.6666666666666666
                },
                "rvt_inlpush_max_4715": {
                    "ttl": 86402,
                    "length": 3,
                    "prevalence": 0.0003015378429992964,
                    "uniqueness": 0.3333333333333333
                },
                "rvt_inlpush_shown_4715": {
                    "ttl": 86403,
                    "length": 1,
                    "prevalence": 0.0002010252286661976,
                    "uniqueness": 0.5
                },
                "rvt_inlpush_cnt_8418": {
                    "ttl": 86401,
                    "length": 1,
                    "prevalence": 0.0001005126143330988,
                    "uniqueness": 1
                },
                "rvt_inlpush_max_8418": {
                    "ttl": 86401,
                    "length": 3,
                    "prevalence": 0.0001005126143330988,
                    "uniqueness": 1
                },
                "rvt_inlpush_cnt_6239": {
                    "ttl": 86403,
                    "length": 1,
                    "prevalence": 0.0001005126143330988,
                    "uniqueness": 1
                },
                "rvt_inlpush_max_6239": {
                    "ttl": 86403,
                    "length": 3,
                    "prevalence": 0.0001005126143330988,
                    "uniqueness": 1
                },
                "rvt_inlpush_shown_6239": {
                    "ttl": 86405,
                    "length": 1,
                    "prevalence": 0.0001005126143330988,
                    "uniqueness": 1
                }
            },
            "firstPartyCookiesSent": {},
            "exampleSites": [
                "bestiality-sex.com",
                "www.bestialitysextaboo.net",
                "www.zoofilialovers.com",
                "www.zoosex.cc",
                "www.zooskoolvideos.com",
                "zoobeeg.net"
            ]
        }
    ],
    "categories": [],
    "performance": {},
    "cookies": 0.000603,
    "topInitiators": [
        {
            "domain": "first party",
            "prevalence": 1
        }
    ],
    "types": {
        "Script": 6
    },
    "nameservers": [
        "dell.ns.cloudflare.com",
        "ray.ns.cloudflare.com"
    ]
}