{
    "domain": "admantx.com",
    "owner": {
        "name": "SSL Corporation",
        "displayName": "SSL"
    },
    "source": [
        "DuckDuckGo-CA"
    ],
    "prevalence": 0.00422,
    "sites": 42,
    "subdomains": [
        "async01",
        "usasync01",
        "euasync01"
    ],
    "cnames": [],
    "fingerprinting": 0,
    "resources": [
        {
            "rule": "admantx\\.com\\/admantx\\/service",
            "cookies": 0,
            "fingerprinting": 0,
            "subdomains": [
                "async01"
            ],
            "apis": {},
            "sites": 9,
            "prevalence": 0.000904,
            "cnames": [],
            "responseHashes": [
                "f1f8201df066756103016561e1d70b1b73cd15341806be0ce33d10babdc9e028",
                "83bf499f93ef59536be8f354efe31acb4f8f43e2bc2a931603280d80e0b221bb",
                "090d84c81e2b5e2e3f7f2080763f1614b61bd7a6faba66aa4aa5ac8abb5ab61d",
                "9325dcf750d877e88bf0bf3ce1692015c174e2fb4256a1dbfcec13c58b4edd52",
                "d771fa5103b0828c7e90f3bea4e935dc32a0cd7b0f58b306e4bed8fdb3ba79d9",
                "114d79cf49068d6352ffc1057dd39daf6cdadd52480b91d1e44e7d5ebd92354b",
                "6c740ce3921f4fa1c4cdbb9d6e27c6c4c8a7f56ef10f24b82002cb8094589d27",
                "0fd9899c4310397c4d0565557b9652821575225d5499a9261137e265076300ea"
            ],
            "type": "XHR",
            "firstPartyCookies": {},
            "firstPartyCookiesSent": {
                "lotame_domain_check": 0.0006027727546714888,
                "_li_dcdm_c": 0.00010046212577858148
            },
            "exampleSites": [
                "basenotes.com",
                "cheezburger.com",
                "knowyourmeme.com",
                "stylecaster.com",
                "www.brit.co",
                "www.cracked.com",
                "www.ebaumsworld.com",
                "www.girlsaskguys.com",
                "www.thinkbabynames.com"
            ]
        },
        {
            "rule": "admantx\\.com\\/admantx\\/service",
            "cookies": 0,
            "fingerprinting": 0,
            "subdomains": [
                "usasync01",
                "euasync01"
            ],
            "apis": {},
            "sites": 29,
            "prevalence": 0.00291,
            "cnames": [],
            "responseHashes": [
                "1a2e111e306e4206ee7cb6f5ff9a5d96271f1923d0d306fdd85fbb4df3a40e64",
                "ed86b633e673804a167cabbd902452d3f585f6e67d06b55f719573e2f8655555",
                "384e57739874968c415c883754301bb7816fd897b4c67c6e40ac6f85bbab175b",
                "ec4de385b97c08f87fecf8b9bb3abde995706b97dbc2a48efab313438fb4d29b",
                "ad0565ac969074779b55b3e90b9859511a49f99fc1aea1a5ae1b9a1efd5e69d2",
                "16df9ac60ac88a699cc64099e17d6f3aeefe60b4ecd0a04bb56cfd8d5f1249c9",
                "cc735e8a8751cb833273c3fdb171e741fc2404e9fafef3e4aa2ec86990e48df8",
                "9896eb9a2676d2cb113400112ee8e52eed4ab55211fcd2126355379df6531cd7",
                "b0a5d45001443d652977cdf5b0a1dfd8c1d82d2fa5c08c44df57e1760fc7942e",
                "c830fe46785b3b816aae2a50ced3f4215ad3ba70059a1c720ba75c215bc85ae7",
                "a183b80726fe8fbfb1ebdfcc4e48022bef9a415bad3e1580508268580b8ef934",
                "cc1b5d25122d5b132f0e3ec71b5a4ad89f3aa183f06e25914d3b8c349e1db3cd",
                "57af5f7c16493e0a91b151b21d2c8cd70473d10dc1333cf040f03d8668fee1df",
                "94fef136dae5e7f2d23a2b32171bb72f589a47eef4d877e9c2748bb0a57a0d58",
                "5aa5f24e1178d8c53fbac5a66807678fcb7659e14cbfcb58d43bbe6d9ac27a2c",
                "dd43a9ee6b0247970fcf1366040a0644524ebc0a8bac38a29fd07f61a515e75c",
                "865bb223f51f69995946e853958942c7410ede63d902ed9d56e76e56740c6e1a",
                "4a4a1e9b6e9759896b57e046d43e73b05a86f6df0e89ea246beb6705850d1208",
                "c1558baa08df809c0fab7862b4784a96f0305c43ba69eca8e030a90486b972f0",
                "b9024884dffa22e374c1947059a9069c8a306b4409a2f5ce5a12d3018e828345",
                "e1d8437f8a3882a8dfd9681cf77720e0ff1a113054e09b2cb2bc0ff223b3dab7",
                "3a47bd7b5c60465cdfc934c7dbb72c75a83471ac3e91f9dbbe40c5e8b01445fb",
                "c9b08465b17e2127318d78cf6363d0e7984f1602eebb26b1c38dd969309017a4",
                "7b1ff5f6d5c62fc563475a7de0f2a366abf725b496e4a7423a31e37ece70c983",
                "7a6cc0f8eaeaaab38f777d120f8fcb3f541494a001b6fddac20b08d3b185e481",
                "41a94e09a78f0c158dc038a235fc2c00a34ee05da898254ec743e270364d4d54",
                "ad456f9023199bbf304c6fc528729f18a3bf18340a79b9a0c8e6cd036c6f1210",
                "b5a165db7be87401d2f14bc0512f3b5107674cc0340ed87d9e76d1d075dcc7a2"
            ],
            "type": "Fetch",
            "firstPartyCookies": {},
            "firstPartyCookiesSent": {},
            "exampleSites": [
                "marketwatch.com",
                "metro.co.uk",
                "www.cosmopolitan.com",
                "www.forbes.com",
                "www.marketwatch.com",
                "www.washingtonpost.com",
                "www.biography.com",
                "www.housebeautiful.com",
                "www.womenshealthmag.com",
                "www.thepioneerwoman.com",
                "www.bicycling.com",
                "www.townandcountrymag.com",
                "inews.co.uk",
                "www.esquire.com",
                "www.prevention.com",
                "www.barrons.com",
                "www.espncricinfo.com",
                "www.seventeen.com",
                "www.menshealth.com",
                "www.womansday.com"
            ]
        },
        {
            "rule": "admantx\\.com\\/admantx\\/service",
            "cookies": 0,
            "fingerprinting": 0,
            "subdomains": [
                "usasync01"
            ],
            "apis": {},
            "sites": 5,
            "prevalence": 0.000502,
            "cnames": [],
            "responseHashes": [
                "82ea5487c5ba1f66f56029a007dec5954df36ae4dbc93f59abff1cf78b829eb3",
                "aa14c375db2136e67e16621bcc4193a289fef61d07acc1cf006206c2545683fa",
                "93c47c1c1315659f94faf81ca33b378f3f64803b1b62d722a8c21f801b186ce9",
                "455b3d3742e729da3838d9204f395fadf34b0d866dd449d51e57d4879bae6d2f"
            ],
            "type": "Script",
            "firstPartyCookies": {},
            "firstPartyCookiesSent": {
                "_dor": 0.00010046212577858148,
                "_li_dcdm_c": 0.00010046212577858148
            },
            "exampleSites": [
                "bravotv.com",
                "www.cnbc.com",
                "www.msnbc.com",
                "www.nbcnews.com",
                "www.today.com"
            ]
        }
    ],
    "categories": [],
    "performance": {},
    "cookies": 0,
    "topInitiators": [
        {
            "domain": "tgamriker.s3.ca-central-1.amazonaws.com",
            "prevalence": 0.6666666666666666
        },
        {
            "domain": "first party",
            "prevalence": 0.14285714285714285
        },
        {
            "domain": "adlightning.com",
            "prevalence": 0.09523809523809523
        },
        {
            "domain": "nbcuni.com",
            "prevalence": 0.06349206349206349
        },
        {
            "domain": "blogherads.com",
            "prevalence": 0.031746031746031744
        }
    ],
    "types": {
        "XHR": 9,
        "Fetch": 29,
        "Script": 5
    },
    "nameservers": [
        "ns-241.awsdns-30.com",
        "ns-623.awsdns-13.net",
        "ns-1311.awsdns-35.org",
        "ns-1963.awsdns-53.co.uk"
    ]
}