{
    "domain": "dpmsrv.com",
    "owner": {},
    "source": [
        "DuckDuckGo-CA"
    ],
    "prevalence": 0.000513,
    "sites": 5,
    "subdomains": [
        "a",
        "s"
    ],
    "cnames": [],
    "fingerprinting": 1,
    "resources": [
        {
            "rule": "dpmsrv\\.com\\/dpmpxl\\/index\\.php",
            "cookies": 0.000616,
            "fingerprinting": 0,
            "subdomains": [
                "a"
            ],
            "apis": {},
            "sites": 6,
            "prevalence": 0.000616,
            "cnames": [],
            "responseHashes": [
                "ccf5a5d8e8bc983bac0e2104833f31842b4863a25ca482d75a9bee7caceecd9e",
                "e76543429b8fb8ff8037be5748a251aad4216c44a1de2045b036933a533a3a51",
                "5bd21ec694d33196c87902736bc7aefd819023a9fba67cc03c36f7e41c9c75c1",
                "04b3d027233455c9ca8303fd56381d8ff7804ba788ef3114e2d0ef68fb291333",
                "8e35d9b266c51c7adc4ba9e72749b0cde838064e4f1be0d0cd00b70c2098b232"
            ],
            "type": "Script",
            "firstPartyCookies": {},
            "firstPartyCookiesSent": {
                "_dor": 0.00020521239482864764
            },
            "exampleSites": [
                "adweek.com",
                "www.adweek.com",
                "www.finehomebuilding.com",
                "www.finewoodworking.com",
                "www.greenbuildingadvisor.com",
                "www.techtarget.com"
            ]
        },
        {
            "rule": "dpmsrv\\.com\\/dpm_b888b29826bb53dc531437e723738383d8339b56\\.min\\.js",
            "cookies": 0.000308,
            "fingerprinting": 1,
            "subdomains": [
                "s"
            ],
            "apis": {
                "Date.prototype.getTime": 3,
                "Document.cookie getter": 3,
                "Document.cookie setter": 3,
                "Date.prototype.getTimezoneOffset": 3
            },
            "sites": 3,
            "prevalence": 0.000308,
            "cnames": [],
            "responseHashes": [
                "d9fe831a8db7c887776b5ea26d2fa102633f97d4f10ece8151769ed20a91c8c8"
            ],
            "type": "Script",
            "firstPartyCookies": {
                "dpm_url_count": {
                    "ttl": null,
                    "length": 1,
                    "prevalence": 0.0003078185922429715,
                    "uniqueness": 0.3333333333333333
                },
                "dpm_time_site": {
                    "ttl": null,
                    "length": 6,
                    "prevalence": 0.0003078185922429715,
                    "uniqueness": 1
                },
                "hasLiveRampMatch": {
                    "ttl": null,
                    "length": 4,
                    "prevalence": 0.0003078185922429715,
                    "uniqueness": 0.3333333333333333
                }
            },
            "firstPartyCookiesSent": {},
            "exampleSites": [
                "finehomebuilding.com",
                "www.finewoodworking.com",
                "www.greenbuildingadvisor.com"
            ]
        },
        {
            "rule": "dpmsrv\\.com\\/dpmpxl\\/index\\.php",
            "cookies": 0.000308,
            "fingerprinting": 0,
            "subdomains": [
                "a"
            ],
            "apis": {},
            "sites": 3,
            "prevalence": 0.000308,
            "cnames": [],
            "responseHashes": [
                "25b4ecfd3a740f29d76fe930a4cec9d41afa0cfd2bafa70ca4051bd3d5395d74"
            ],
            "type": "Image",
            "firstPartyCookies": {},
            "firstPartyCookiesSent": {},
            "exampleSites": [
                "finehomebuilding.com",
                "www.finewoodworking.com",
                "www.greenbuildingadvisor.com"
            ]
        }
    ],
    "categories": [],
    "performance": {},
    "cookies": 0.000513,
    "types": {
        "Script": 9,
        "Image": 3
    },
    "nameservers": [
        "ns-1157.awsdns-16.org",
        "ns-2029.awsdns-61.co.uk",
        "ns-278.awsdns-34.com",
        "ns-592.awsdns-10.net"
    ]
}