{
    "domain": "ethyca.com",
    "owner": {
        "name": "Ethyca Inc",
        "displayName": "Ethyca"
    },
    "source": [
        "DuckDuckGo-CA"
    ],
    "prevalence": 0.000302,
    "sites": 3,
    "subdomains": [
        "cdn"
    ],
    "cnames": [],
    "fingerprinting": 1,
    "resources": [
        {
            "rule": "ethyca\\.com\\/org\\/oueOVtbEu9DiFVB06nsApzwM2Dcx1DOHdf0gyahrE%3D\\/cookie\\.js",
            "cookies": 0.000202,
            "fingerprinting": 1,
            "subdomains": [
                "cdn"
            ],
            "apis": {
                "Navigator.prototype.product": 2,
                "Navigator.prototype.userAgent": 2,
                "Document.cookie getter": 2,
                "Document.cookie setter": 2
            },
            "sites": 2,
            "prevalence": 0.000202,
            "cnames": [],
            "responseHashes": [
                "95cf79865c0cba1133c8829acf9a019a29bf43ac9afda07e38dcc415abc994bb"
            ],
            "type": "Script",
            "firstPartyCookies": {
                "_hp2_hld2263877667385480.3987253934": {
                    "ttl": 5,
                    "length": 19,
                    "prevalence": 0.0001007759750075582,
                    "uniqueness": 1
                },
                "_hp2_ses_props.3987253934": {
                    "ttl": 1805,
                    "length": 81,
                    "prevalence": 0.0001007759750075582,
                    "uniqueness": 1
                },
                "_hp2_hld6217941843965774.3648353952": {
                    "ttl": 3,
                    "length": 19,
                    "prevalence": 0.0001007759750075582,
                    "uniqueness": 1
                },
                "_hp2_ses_props.3648353952": {
                    "ttl": 1803,
                    "length": 81,
                    "prevalence": 0.0001007759750075582,
                    "uniqueness": 1
                },
                "_hp2_hld8406333717955693.3648353952": {
                    "ttl": 3,
                    "length": 19,
                    "prevalence": 0.0001007759750075582,
                    "uniqueness": 1
                },
                "_hp2_id.3648353952": {
                    "ttl": 34077603,
                    "length": 189,
                    "prevalence": 0.0001007759750075582,
                    "uniqueness": 1
                },
                "_hp2_hld6157096565394345.3648353952": {
                    "ttl": 3,
                    "length": 19,
                    "prevalence": 0.0001007759750075582,
                    "uniqueness": 1
                },
                "_gcl_au": {
                    "ttl": 7776003,
                    "length": 24,
                    "prevalence": 0.0001007759750075582,
                    "uniqueness": 1
                },
                "ko_id": {
                    "ttl": 31536003,
                    "length": 36,
                    "prevalence": 0.0001007759750075582,
                    "uniqueness": 1
                },
                "ko_sid": {
                    "ttl": 7464960000003,
                    "length": 64,
                    "prevalence": 0.0001007759750075582,
                    "uniqueness": 1
                },
                "_ga_KXPWZ08KY6": {
                    "ttl": 63072003,
                    "length": 38,
                    "prevalence": 0.0001007759750075582,
                    "uniqueness": 1
                },
                "_ga": {
                    "ttl": 63072003,
                    "length": 27,
                    "prevalence": 0.0001007759750075582,
                    "uniqueness": 1
                },
                "_hp2_hld4858552785609009.3648353952": {
                    "ttl": 3,
                    "length": 19,
                    "prevalence": 0.0001007759750075582,
                    "uniqueness": 1
                },
                "ln_or": {
                    "ttl": 86403,
                    "length": 20,
                    "prevalence": 0.0001007759750075582,
                    "uniqueness": 1
                }
            },
            "firstPartyCookiesSent": {},
            "exampleSites": [
                "nextjs.org",
                "vercel.com"
            ]
        }
    ],
    "categories": [],
    "performance": {},
    "cookies": 0.000302,
    "topInitiators": [
        {
            "domain": "first party",
            "prevalence": 1
        }
    ],
    "types": {
        "Script": 2
    },
    "nameservers": [
        "ns-130.awsdns-16.com",
        "ns-736.awsdns-28.net",
        "ns-1045.awsdns-02.org",
        "ns-1866.awsdns-41.co.uk"
    ]
}