{
    "domain": "futurehybrid.tech",
    "owner": {},
    "source": [
        "DuckDuckGo-CA"
    ],
    "prevalence": 0.00432,
    "sites": 43,
    "subdomains": [
        "sommelier",
        "metrics"
    ],
    "cnames": [],
    "fingerprinting": 0,
    "resources": [
        {
            "rule": "futurehybrid\\.tech\\/config\\/",
            "cookies": 0,
            "fingerprinting": 0,
            "subdomains": [
                "sommelier"
            ],
            "apis": {},
            "sites": 43,
            "prevalence": 0.00432,
            "cnames": [],
            "responseHashes": [
                "d597471c316f1d51cf7a65582e1e671543ff08c6a4507d3b7812cced34271dd2",
                "2d35edbf08b453a5b1fe714feb4ff4358fdd3cf1e0e5d407719e9164ccb4b4dd",
                "1c5cb8f7528556bf4d96da66c726bd06e0e9687811613e97ecd6682cca1ed497",
                "8b655e2dd0a2103726a8b41ab08a286398913673410e1ae05a33fd7404d28b52",
                "5d36bdb113c8fa460b2fd5321328060c7da36b9d0b72f73e59323b64c2d7b0ac",
                "353340496cd7969d21019704f2aa92f15ad89730a9fe77c202b99e27d0c2a4c0",
                "aac687d931547dfb064022970bff78dc13f7dfae3165f6df013dde5bfb61e990",
                "61ccdcdee4386a03809bc260dd2e54cec1ca4ce345d26dd0d98af31c6727dfc0",
                "587f3b36e5c37f6070ae62388c0650dd473e588e8b38392a771df70896b61ca8",
                "7dd1219a7f5aa2c8045a5ed5b1b1b05aad7adb4413175f96c3fca157d8480a29",
                "84051ec7817e291e6143cf8ff61b7ff9d4b0cba60291c7e7952f830ca53072a7",
                "ba0268c0d873708d8d20a58e5dbc59c1aee1a0369b78ae6b6949f37603e9a5f6",
                "82065e0dfe9f55d8c1d528d2760d717d0e11f42c8fec07daea95da49abdbe935",
                "ffcbe157062f1a9ab005b89aad2ff9d30b2b378c360ab7538b2337308812d7ee",
                "bf92313b76f39d73bc61146b0f34038d9b64c9e28556dd74b71bd431dbe8fc4d",
                "a15b646f0f887a2225e34416baea6f674fddcb9d598da44d338310a270135cc5",
                "43d48b4643bb92faeb4b681329ef08de2005bb0d38fe67b9493977acdf1edef6",
                "76d4acc0145af73e2a00e603b070890820d4f580d66ced93bcb446a8c64c964c",
                "4a8b2658ca3815eb70ed8e006fa516c4c3710cb20aacd57136e811e9ab3c5e5f",
                "28a26f98a260b3b5c814921c6bbf2c636c66ddbecadcf6f1d658e87d28f582fe",
                "b8242ffbf433eb1fc004b6316c9e052dc63d101f76d9c34afca42392c740ba80",
                "ed3720c1973fb37da01e49a5e48617bbd04d31f7f005faec91452530499ed8a4",
                "b4261278a7fa4adf842cdae7f6c6a4c85f7f5e3ab894107ff521eceb4f0341d1",
                "11d28fcb69ae52b0f15a9170858af75daceb4d7a6b1f25ec2ba605a129fb1d5e",
                "7c24f7ba18be34d4eeb218162584eefd17d9bf66abb4503c58d0d6ccf1cbb878",
                "225e5bc759d0fc248a07209e82cc19ff6b5cbf076007684b0d6f75d78f9a66e2",
                "8a2d29bf1592cb6d5014fa817021d994b201bc892950efd64cdd527d3099d7d6",
                "49c996cd071e01741c67df760301e97174611261408f5ad0769bbac5c235e638",
                "ec311987b5d5d6a626d6867c3e855d23ed5fea779f033afe5f0b25ec89fcbb5b",
                "7261923870f04a27661079699be68973651e49c6517a9f69bf41ed0800b8d361",
                "5aa41a862bd178c126e1444814108484d71e6a712b392de6114b80e349555af8",
                "82f0f100a493ea1fcd10f313f664aad554a39701ea360af3939881199f8df58b",
                "4910f1499086138d421705cc6c7911a00eb2a5863690d094aa77ad215b0eafd5",
                "a9174ff7efc1d8ab4a61064fe9b7757a906856124dbc3d316e30cfd599b309d4",
                "0f15ddbec2ef2d7fb25818efee95812cd42e522682e31ea0d24bca58ed6bebb5",
                "22f791329aabb218baa2eac1cd055092431190eec4efdf9df903522f1810a0f9",
                "4a8e7e65b648e4e35adb89cd418e097c5eb4d8c34becc3ab30ddf7e76c91d0a7",
                "4875c637b13c86bb850e14939e41ce177bc6c9693d6fc43c84e0da7d7124929c",
                "a885f80bd748b20272301e2ae6b5d33fc9cd46645ec080edca6796bbd21276c2",
                "3a6112e2ebdca95725c618181a19345e4023a11933b6994def87af50aee196be",
                "4bbe0d97d10a937a0f3bc172a417a36418bc835189fca8f31028eab3f9c39f84",
                "55425d0280b64b67569d2e4c4f8e1b5ff88ea717479d8f93544df280e1e2d7de"
            ],
            "type": "Fetch",
            "firstPartyCookies": {},
            "firstPartyCookiesSent": {
                "_li_dcdm_c": 0.0017095736122284795,
                "_schn": 0.00010056315366049879
            },
            "exampleSites": [
                "www.howtogeek.com",
                "www.techradar.com",
                "www.tomsguide.com",
                "www.tomshardware.com",
                "www.cinemablend.com",
                "www.womanandhome.com",
                "www.reviewgeek.com",
                "www.space.com",
                "www.guitarplayer.com",
                "www.androidcentral.com",
                "www.guitarworld.com",
                "theweek.com",
                "www.whathifi.com",
                "www.sciencealert.com",
                "www.petsradar.com",
                "www.laptopmag.com",
                "forums.tomshardware.com",
                "www.musicradar.com",
                "www.cyclingweekly.com",
                "www.anandtech.com"
            ]
        },
        {
            "rule": "futurehybrid\\.tech\\/future\\/adtech\\/bordeaux\\/v1\\/storeevents",
            "cookies": 0,
            "fingerprinting": 0,
            "subdomains": [
                "metrics"
            ],
            "apis": {},
            "sites": 3,
            "prevalence": 0.000302,
            "cnames": [],
            "responseHashes": [
                "e3b0c44298fc1c149afbf4c8996fb92427ae41e4649b934ca495991b7852b855"
            ],
            "type": "Ping",
            "firstPartyCookies": {},
            "firstPartyCookiesSent": {},
            "exampleSites": [
                "howtogeek.com",
                "www.imore.com",
                "www.reviewgeek.com"
            ]
        }
    ],
    "categories": [],
    "performance": {},
    "cookies": 0,
    "topInitiators": [
        {
            "domain": "futurecdn.net",
            "prevalence": 0.9347826086956522
        },
        {
            "domain": "first party",
            "prevalence": 0.043478260869565216
        },
        {
            "domain": "d4el4parm0zb3.cloudfront.net",
            "prevalence": 0.021739130434782608
        }
    ],
    "types": {
        "Fetch": 43,
        "Ping": 3
    },
    "nameservers": [
        "ns-1705.awsdns-21.co.uk",
        "ns-1419.awsdns-49.org",
        "ns-55.awsdns-06.com",
        "ns-786.awsdns-34.net"
    ]
}