{
    "domain": "gscontxt.net",
    "owner": {},
    "source": [
        "DuckDuckGo-CA"
    ],
    "prevalence": 0.00984,
    "sites": 98,
    "subdomains": [
        "bellmedia-ash",
        "rogers",
        "torstar",
        "wolterskluwer",
        "hearst",
        "bbc",
        "hoopla-uk",
        "vmg-ash",
        "vmg-useast"
    ],
    "cnames": [],
    "fingerprinting": 0,
    "resources": [
        {
            "rule": "gscontxt\\.net\\/main\\/channels\\.cgi",
            "cookies": 0,
            "fingerprinting": 0,
            "subdomains": [
                "bellmedia-ash",
                "rogers",
                "torstar"
            ],
            "apis": {},
            "sites": 64,
            "prevalence": 0.00643,
            "cnames": [],
            "responseHashes": [
                "4a0221cf50ab9633772c7440846a5b43febd82cc2f64804b54585f9bf9f59b99",
                "87e3e4c7f9919410308c4955c29f7b3c1cea97a02a837130e8fa466bb63fa3bc",
                "3acfc2319bbf7acadef76b646b512ae583157f6f69637b922ba56d1fffac01d2",
                "021d18e93e3d5dd1702f6afbefff7028a389cad35d6d9d46336a2eff6a14a7ed",
                "607d0c26114698a87a8a3a0722f1c7b80cfd5f0f2da18567e4efc2186ceb4b7a",
                "f790c7a66d86177891bc2d6fb8e89b89f7f2e41f4806afff5390d2ae7338cb3c",
                "15cec4d5ce76dd4b7bb8cffa6c5c4c955f72d8a409064446ba293634337f969b",
                "071d77c89c7278208ae4e8b8c6f7874669feeca71512ad0ac4f81a81b7cd082c",
                "bbb93199d21d9644515fb5de133099c3eb43fd538470235c46c5f916e1c5a2cf",
                "31e06b42577f7dd37182960b30fd88f22a69adc727aacc57403a995b7ad8b442",
                "cd21643d0321c3de7f2877ab1b712dff6b82842fe94feab028bb60a2f5c58b53",
                "1b6f67bcc604b23abd3aee4f941f392487839adbb59ddca7bd67ca2c90b9a5de",
                "ff367f3c6fc207d12610e1b0df431aa31f9831931ca0d83053082ab6fc017d12",
                "bcb9513d567f7279b23213d289815d55018589cf53d9fe9d6a3f51732b440475",
                "69e3551dc853ae2ec1787ccc4fed412fdc8e55cc1c7bb376d8e0a89f54a24b12",
                "471358f2164640451d8a2b82ccf5b64aa0c9ad00335e4fa2814c4b778f9ba052",
                "1aa43040155aa6a1c22c2cf93c8849ba89b81129bc3bd02535a1ed60ae9ba2e0",
                "96cf4a357d902f8e194aec60c7707040b28338bc1d224561cc2f5c9fab631ce2",
                "82c31669035595c9677b3adb5afb81c65b2734dd4051fe09b31096450ddc91ab",
                "59fc62e10b76da92b9fc854e7a460ee0a65c7e30bf3ed5fc7f4455b9f557f40e",
                "2757af0fd80c8ffff386f616dd43bc3099d925fd6d15102a153deceef92cea42",
                "c86b67ebf67a6ae37ab28050184a31d2516eeda3e2af6eb30fd692b078105dcd",
                "05f32268f7042d17a58ab935893f3db97cfa8768eaee7fc5e4412aef36b0241c",
                "7284d523e9f03b8015e3d91e13840baaff5479daf27215223fda799fd23d3f57",
                "437adafbbd88a50ebd332c696e843b2234af418d168a665811b6e15910f9ebdb",
                "b7925a874abbbb9c998e49b458856ee6a146f248926cd12a311452a6de32c749",
                "e10a34b01914f0d690d6e262548a2450f5fd65d949c03027186602ab6879311a",
                "412d5303be6ab43630bd53d8a97c204198065130ca25d785a6cbcf660ae6435e",
                "1f6f2dcaffb77a59fb96e05bc1666e593a22e83de860f246c094676e7743106f",
                "713f2c73367ca016d93b760972b205fd57cb516af76e1f012d84b30db30b689e",
                "3efedd48b3a8bf325c2c70784db6c16215ba49ef0ca6767161d0fa18c67a75ad",
                "d05cfe212940620d37200a1debf567e124af08412239b9ddbd3070e6d7a51fe5",
                "780c8eb953b424b73d260a91987c50597d81361a8edf8f8a47bbee9cdd96cc59",
                "2a324c03d2682b7120f8842a7a93102b3cbd1c34dcd2117d460e039eaefff79d",
                "a6d3ff611ebf48136900f4b46b1bc7070f7805d730d25b1a7f169a3cc4d3aec5",
                "600ca9440649a0781ac642cb2167e0b952739fe8773f02d7cede9ce3a05e75cf",
                "46d01e8df29a449fedcd2e5aecf10d9d6693ebf440375935620d559e40fe1c73",
                "3a8f2c88fa1b0636d573fd3f48dff3c58c82adc7ab403cbd597cbde402635bd8",
                "bf7a8ddf1bae5e71460d00e119185e226a616d2ef8ce38418dbc6674ff4c5630",
                "529332081639b44adbe81df7f1b8d9183aa68561f8dbce9617d56ff6164f35a3",
                "a86ed6cf8d002ddccf5ad8c6ac028b177520efb4d5645b6cf35d03db04532fd7",
                "5e12fa79c265ec34e8857836aad5c3411657a66a8ca51abb21b53f1e6d7d1848",
                "59716dcea895eee5a5556bdf3e6fffb93e9fa2a3e9063c1d258b1886e288c3ca",
                "b1c166f8079de4e30bb0da5ff28399a61216c62c15c927de09d67526193781de",
                "98279228d22f5070a9484492dbdd9e8ced84c0d8768ddd092252c81d16bfca0a",
                "8d4799d5b5cd48e487e741825923ddf03d292d8ec859cc895b04c7b614eace1a",
                "30e115f3797c120f6065c3cf78a7e8a0d32e6c968f60cf5c1bc62762e8e5e09d",
                "6848b0f6f8218a09ce22ade7c412068e93609662bb6d6900af281f869ef55cd9",
                "2e3781deca5c897375971b8b04fd5c7e204243e2caf05167113b384fb4b8baac",
                "557e3844fdfe01fa0743a383572c7e11ac314fe68fb3fc4bc05d5ed983aac2ff",
                "fa644bf739bda98bfacf7aa6858887e7bcab29f5b19385658ce20589eece9f51",
                "cee6c29ad81a926573349d8796b3cb5fe58f7935ec8ea16cf2b73bb7e1844734",
                "19b03bf885f290384df0965f76479d41c73358c28481f202f2713490596d9c56",
                "440ff52d82064e132777fa4f69df94341ef7441296963e0399ca5afb9144bef1",
                "bcee853ebf663868eb6e359fcefefc52260da93325d23366ed3e166e9e7371d3",
                "56c9d70d11c4f5585089d55262918b2241070f204065e7098866e104098f9946",
                "32d4f9696b7e6ef35658c2662f1f30822568eed2a90b4128e1267fdadb2279c2",
                "e79014cfaf99aacceaad25ce37a91e1724544beeeda991e91213378dc5abb884",
                "b4a8a66870e92c54a0f4a3b75d3b2994d93ea9ffbc8170e38576c5bce78ca9df"
            ],
            "type": "Script",
            "firstPartyCookies": {},
            "firstPartyCookiesSent": {
                "_li_dcdm_c": 0.0014063284781516826,
                "s_ppn": 0.00040180813661476645,
                "muuid_origin": 0.00010045203415369161
            },
            "exampleSites": [
                "people.com",
                "www.allrecipes.com",
                "forums.commentcamarche.net",
                "sante-medecine.journaldesfemmes.fr",
                "www.nhl.com",
                "www.linternaute.com",
                "ew.com",
                "www.myrecipes.com",
                "www.todaysparent.com",
                "www.cookinglight.com",
                "www.thestar.com",
                "www.instyle.com",
                "www.yorkregion.com",
                "www.woodmagazine.com",
                "www.macleans.ca",
                "windsor.ctvnews.ca",
                "vancouverisland.ctvnews.ca",
                "www.commentcamarche.net",
                "leconjugueur.lefigaro.fr",
                "www.thespec.com"
            ]
        },
        {
            "rule": "gscontxt\\.net\\/main\\/channels-json\\.cgi",
            "cookies": 0,
            "fingerprinting": 0,
            "subdomains": [
                "wolterskluwer"
            ],
            "apis": {},
            "sites": 2,
            "prevalence": 0.000201,
            "cnames": [],
            "responseHashes": [
                "94faa7660b564a48e03df9d0245aa0056c35440db93f4af7e4a02b8548f6f118"
            ],
            "type": "XHR",
            "firstPartyCookies": {},
            "firstPartyCookiesSent": {},
            "exampleSites": [
                "lww.com",
                "www.ahajournals.org"
            ]
        },
        {
            "rule": "gscontxt\\.net\\/channels\\.cgi",
            "cookies": 0,
            "fingerprinting": 0,
            "subdomains": [
                "hearst"
            ],
            "apis": {},
            "sites": 24,
            "prevalence": 0.00241,
            "cnames": [],