{
    "domain": "gscontxt.net",
    "owner": {},
    "source": [
        "DuckDuckGo-CA"
    ],
    "prevalence": 0.00675,
    "sites": 67,
    "subdomains": [
        "bellmedia-ash",
        "torstar",
        "stuffnz-sydney",
        "hearst",
        "bbc",
        "vmg-ash",
        "vmg-useast"
    ],
    "cnames": [],
    "fingerprinting": 0,
    "resources": [
        {
            "rule": "gscontxt\\.net\\/main\\/channels\\.cgi",
            "cookies": 0,
            "fingerprinting": 0,
            "subdomains": [
                "bellmedia-ash",
                "torstar",
                "stuffnz-sydney"
            ],
            "apis": {},
            "sites": 36,
            "prevalence": 0.00363,
            "cnames": [],
            "responseHashes": [
                "af862a4410a14c4aeadc06600f77ad9f2881cec45f2c62cad2ac3e54a326d7ba",
                "d4a682b89bd798d6c23a40528ea5bfe8ad8ed658316a257c3dd8f4bdf5041869",
                "7687e6ed656404cc359687da761c4323d1a9690448ca8860848d827c25ef73db",
                "bc48d49d6eeed6ed1d41d7a8439f02d4c94892bf12004ca9b90980fda618c789",
                "909a4fa9541f2b4166677772b78b5b18bd79cb11304629d3acb1e59e21a10c47",
                "bf90d3f1cad550d69e8cefbce50219a03db4eefa6e52e60b3a54767feadaa258",
                "b2a3094975fd3164051dcffd61febb238799d978952d4c77cfadd70f86b145b3",
                "67ca9efc49b2bab651222996864ccc85ea23a28b7711ed62d6e668ef34494f66",
                "e214da7e2ab903535033d24caa2b7a71c7134f45b2ca05f2d71a51b4d89c5685",
                "ea82af3e628a4b12ce380529acce8bfe4bdc29a0426798616428bb6afa1f50ed",
                "88688ad82b159c62365be2f6789450a088dece93c8b7ee7cc6aa012b7f6febf0",
                "d94dd3149ee69c7181db9d42d271bf9f55867b8b726c3a71b4d756429b58eb05",
                "e057341fcd467b6146bd74eb4fdceef82190d17045d94807c87f12421ac5b429",
                "a6119e5878e541a2973510fb53d3d7dd84db3ebcacf735062b6d83650e13a782",
                "3459cb38d3d20f74b3ee5a7a8f31f0074dfe235f06689e1aa8d831df24bbe587",
                "8f330fa8c3b017dc9d5932120f0b30be94308550f48644c04ca23bd909164c05",
                "c9138763584f6d75125fe6ecd0da6ddb89d1b00566a51a50fa8a8da3cc0166b5",
                "57747b7a315fabb84394b21671c7100846aa5dcdc01dd6d78753260a479bda93",
                "e9f9e877be85df33781ca892754ad04011b9d76a1757f5d0c27f29fe58b89fbf",
                "d9d230afe108aa6bbcc7b6fe4c7ae365782075539d07a2d94c29c92effe353e4",
                "acf8cffb8ef082d27572872edd14758e31b5ea40db09e448e48d0714856879b5",
                "ba2c23aa10c734ca03aa5855e8dcecd5f858c804f3c1756fa54788d5f17328ce",
                "3b475ede54114cdd96ca1ada9a88078bff77bb489eaefbbe4bc846e2a8610e74",
                "82a2e9e5c4fe1a6f989ff4b5a471cd3e7e389d1a1e870d94dd39cdbc4741f958",
                "4a6b527aa2f6756994b19d9d362096c28f1402002c573798ff8acd23f09341c6",
                "da2524d84eabb9a19addf1521595a79a78d9a0e09744e3b5937fd864c5ab7d6e",
                "b5162a709cb9a378010414b7e8cb01d391bc1d16267b53a5b72c2fccbac94cfa",
                "cf83467c4a2f7ae90b58dd4f16dde65b28129ee48c6308d667d1bc814512521f",
                "2cadfafa91f84579c89dd44ad77bdab3d83bfb36802a6fcbd69effb2999edb83",
                "a2bd43cbb49c8a96e8e6708fe36d97d215493d87e242ee912c751e1fe0d6638e",
                "ec07ed68786ce7eb5e5d6fd85759a31adaaaa8b6551999550a3bf66c15f888b0",
                "30c0de1a30c96fc3015903da166a2535cbf9003869626141c68de458d3eb379b",
                "b3bd5aacb07a3ed2c3f0e2ed016e901166c89d68362c224ac7599241e4b5fcc4",
                "b4051c17886e4a76020c00b81b3604ffced75c45a49b7bcd5b2be06eef9a57e1",
                "88fd7503b5b924ff1e9541761ca8560d311154cf08dbf7435af2b8a551689d6d"
            ],
            "type": "Script",
            "firstPartyCookies": {},
            "firstPartyCookiesSent": {},
            "exampleSites": [
                "www.insideottawavalley.com",
                "regina.ctvnews.ca",
                "saskatoon.ctvnews.ca",
                "london.ctvnews.ca",
                "www.noovomoi.ca",
                "www.thespec.com",
                "windsor.ctvnews.ca",
                "www.stcatharinesstandard.ca",
                "kitchener.ctvnews.ca",
                "www.ctvnews.ca",
                "barrie.ctvnews.ca",
                "www.wellandtribune.ca",
                "edmonton.ctvnews.ca",
                "ottawa.ctvnews.ca",
                "ctvnews.ca",
                "www.muskokaregion.com",
                "www.rds.ca",
                "montreal.ctvnews.ca",
                "www.cp24.com",
                "more.ctv.ca"
            ]
        },
        {
            "rule": "gscontxt\\.net\\/channels\\.cgi",
            "cookies": 0,
            "fingerprinting": 0,
            "subdomains": [
                "hearst"
            ],
            "apis": {},
            "sites": 25,
            "prevalence": 0.00252,
            "cnames": [],
            "responseHashes": [
                "d419cf4a36da11761d44629c2f14d555e26bb92e1324fa2b61deb813ee1c9e85",
                "93f511ad09a15c4b319f8e91552ff594e1ac75d400eb5cf5a5cad241360b77aa",
                "5c12f30c8d5d974abbae2f2fc1883ff0d9fbfee2b23a3cd5d48b4b0bed303654",
                "63e552a1a0c250e19785343eaa330fbd08b8fe7d566e39f0343458591968a208",
                "cfbec96c9d964f1d2e27f7be47f98010491c62b0e2435ac0a10d6eb2bafd97d1",
                "b40cf540109302e455d76cf52319709dffce4934dab64948d8bafed51f84b75d",
                "48c2da0cc118321e0e42072a5726712854e9926dc517bc2864116e3e82d6f459",
                "4f91cfc90a88ca04d8ce32a95db93b8a4e07566febe8651b0ded358ca02b8608",
                "ae6b7ae7044a64565ad8fa3d8e09b60b7d76150a947eb326cd8b06d24205971b",
                "ce4b9477c57959b4e903f0b14119ea4f3443f97c0f18c8e8c6b26ca39d4e4389",
                "0a0d890b87122527303dc4eb5f954f62dbf933e824be88a53a854f97ae3d209d",
                "058769b39a81302b74675437a712158f6ce650f7dec813126102c0881ec6552b",
                "4a91e911d8810ce9aa6cd933d1baa9633df6573bae06023355e20e6d8daca411",
                "ed60fb066f0e44ea6b0147fc5d9aac189250d9394acc6e42c40741ad1a5b678f",
                "9c9acf9fd42e4cbe7f6357b1ae2702f50a85cb9ffaa9e9f51a0aba9ccfaada73",
                "a92a7a3aa86a1088ab35ff23ea6c959e115ef679bd330805b0d2fc076140d7c5",
                "3cecb49f3bf7dcb9cbacfd47c9658b2faf95af832f76ccf442c419fc62070621",
                "9639f3b45b3c77f41385c1b7a9cab03598a052b4ea0411d19c5be8cd5f1274ce",
                "55f120e1eb8d35e016d6d4bf370500e261c2c0fa59166f186dfac862c135faf1",
                "9f9946a7f6071c8a893ad18b9138415741fbfc07d482299bfde8a40dc2c7aaef",
                "a3b0c0f62c41506f19643d9e3c5f23a9a2c6ad0f6cffca984ae5b13f727b06fa",
                "2014a063314bea86098caaed1e3a583f9287ff13586bba7bdd452029f6bbb81d",
                "2286fc2966c483adadbf0d5b63a6b8b1296fba0d8ba205b921a8da762962b1e9",
                "45222f7e287b0878d32729c3a6fa6a1600511e78aee17dd7ea5a0ef18e5d4bb7"
            ],
            "type": "Script",
            "firstPartyCookies": {},
            "firstPartyCookiesSent": {},
            "exampleSites": [
                "www.cosmopolitan.com",
                "www.menshealth.com",
                "www.bicycling.com",
                "www.thepioneerwoman.com",
                "www.housebeautiful.com",
                "autoweek.com",
                "www.harpersbazaar.com",
                "www.oprahdaily.com",
                "www.delish.com",
                "www.runnersworld.com",
                "www.esquire.com",
                "www.gearpatrol.com",
                "www.countryliving.com",
                "www.goodhousekeeping.com",
                "www.prevention.com",
                "www.townandcountrymag.com",
                "www.roadandtrack.com",
                "www.biography.com",
                "www.seventeen.com",
                "www.bestproducts.com"
            ]
        },
        {
            "rule": "gscontxt\\.net\\/",