{
    "domain": "intergient.com",
    "owner": {
        "name": "Intergi Entertainment",
        "displayName": "Intergi Entertainment"
    },
    "source": [
        "DuckDuckGo-CA"
    ],
    "prevalence": 0.00271,
    "sites": 27,
    "subdomains": [
        "cdn"
    ],
    "cnames": [],
    "fingerprinting": 3,
    "resources": [
        {
            "rule": "intergient\\.com\\/ramp_core\\.js",
            "cookies": 0.00231,
            "fingerprinting": 2,
            "subdomains": [
                "cdn"
            ],
            "apis": {
                "Document.cookie setter": 23,
                "window.localStorage": 24,
                "Document.cookie getter": 23,
                "window.sessionStorage": 24,
                "Navigator.prototype.connection": 23,
                "Navigator.prototype.userAgent": 24,
                "Navigator.prototype.cookieEnabled": 23,
                "Navigator.prototype.javaEnabled": 23,
                "window.innerWidth": 23,
                "window.innerHeight": 23,
                "Screen.prototype.width": 23,
                "Screen.prototype.height": 23,
                "Navigator.prototype.appName": 23,
                "Date.prototype.getTime": 1
            },
            "sites": 25,
            "prevalence": 0.00251,
            "cnames": [],
            "responseHashes": [
                "e9acf9cfa9f3ec648cb88c905626a76c720a5ad05273d8b5c361c6b074917c59",
                "e336b2b164017e84db4a6c5e0fae092d76916bb102bf0d917c643eb0b077860c",
                "fc98f8dbe471238b99aa6923dc1adf9774a4e67e30b23aa3ba07396bee6966de",
                "d272aa33317dac88430afaebca43b7f6d564696db8d535f8a22a4c0a9a4570c4",
                "7ed157c559607586b8f7c4b0d143b78256bce5c06d3b5e7b1cd25e82056f4124",
                "8d6b95c4d52d9b926dfb0b0e333eced8bf747f5caeef07ef0de236b0bbd31a3d",
                "6211d6333928562b2a8c506dd45e32b00a7865058354484cf5f53b9d1cc59796",
                "d0d62954f939f28f5c90f0a3d198c21383f090c09196bc81aedf9312fbb4bbdd",
                "f6053961c42d2700acfe230bc25257f8f2091fc92f0427e3fa2f415a3187ee37"
            ],
            "type": "Script",
            "firstPartyCookies": {
                "ad_clicker": {
                    "ttl": 31536000000,
                    "length": 5,
                    "prevalence": 0.002310164724789072,
                    "uniqueness": 0.043478260869565216
                },
                "_pw_fingerprint": {
                    "ttl": 31536002,
                    "length": 38,
                    "prevalence": 0.0022097227802330252,
                    "uniqueness": 0.045454545454545456
                },
                "usprivacy": {
                    "ttl": 33696000,
                    "length": 4,
                    "prevalence": 0.002109280835676979,
                    "uniqueness": 0.047619047619047616
                }
            },
            "firstPartyCookiesSent": {},
            "exampleSites": [
                "thedirect.com",
                "www.animenewsnetwork.com",
                "www.blu-ray.com",
                "www.allmusic.com",
                "www.pricecharting.com",
                "www.sparknotes.com",
                "gbatemp.net",
                "d4builds.gg",
                "www.ontvtonight.com",
                "letterboxd.com",
                "deltiasgaming.com",
                "sofifa.com",
                "oldschool.runescape.wiki",
                "gtaforums.com",
                "www.furaffinity.net",
                "www.androidauthority.com",
                "www.albumoftheyear.org",
                "runescape.wiki",
                "www.omnicalculator.com",
                "flytant.com"
            ]
        },
        {
            "rule": "intergient\\.com\\/pageos\\/1\\.9\\.26\\/iframe\\/iframe\\.html",
            "cookies": 0,
            "fingerprinting": 0,
            "subdomains": [
                "cdn"
            ],
            "apis": {},
            "sites": 23,
            "prevalence": 0.00231,
            "cnames": [],
            "responseHashes": [
                "7fc4257dde3ccbd2fe4f57a8aaadc218df5688f74c546b1bbb277f7b2d513aee"
            ],
            "type": "Document",
            "firstPartyCookies": {},
            "firstPartyCookiesSent": {},
            "exampleSites": [
                "flytant.com",
                "gbatemp.net",
                "discord.me",
                "www.furaffinity.net",
                "www.animenewsnetwork.com",
                "www.coolmathgames.com",
                "runescape.wiki",
                "letterboxd.com",
                "sofifa.com",
                "gtaforums.com",
                "discadia.com",
                "www.allmusic.com",
                "oldschool.runescape.wiki",
                "www.albumoftheyear.org",
                "www.ontvtonight.com",
                "deltiasgaming.com",
                "www.omnicalculator.com",
                "www.blu-ray.com",
                "gamebanana.com",
                "www.androidauthority.com"
            ]
        },
        {
            "rule": "intergient\\.com\\/pageos\\/1\\.9\\.26\\/videoCard\\.01fa78e7064a386f48fc\\.js",
            "cookies": 0,
            "fingerprinting": 2,
            "subdomains": [
                "cdn"
            ],
            "apis": {
                "WebGLRenderingContext.prototype.getExtension": 24,
                "WebGLRenderingContext.prototype.getParameter": 24,
                "window.localStorage": 24
            },
            "sites": 25,
            "prevalence": 0.00251,
            "cnames": [],
            "responseHashes": [
                "df49112f965565d7af2a8ac08e7000ab6c2731ced4340c2b6c89a8097e94c2ea"
            ],
            "type": "Script",
            "firstPartyCookies": {},
            "firstPartyCookiesSent": {},
            "exampleSites": [
                "www.coolmathgames.com",
                "www.omnicalculator.com",
                "oldschool.runescape.wiki",
                "d4builds.gg",
                "gamebanana.com",
                "zmenu.com",
                "deltiasgaming.com",
                "gbatemp.net",
                "www.blu-ray.com",
                "discadia.com",
                "flytant.com",
                "www.sparknotes.com",
                "runescape.wiki",
                "www.albumoftheyear.org",
                "gtaforums.com",
                "discord.me",
                "www.animenewsnetwork.com",
                "sofifa.com",
                "www.androidauthority.com",
                "letterboxd.com"
            ]
        },
        {
            "rule": "intergient\\.com\\/pageos\\/1\\.9\\.26\\/batchHandler\\.77ab1dc43eac56199813\\.js",
            "cookies": 0,
            "fingerprinting": 1,
            "subdomains": [
                "cdn"
            ],
            "apis": {
                "window.localStorage": 24
            },
            "sites": 25,
            "prevalence": 0.00251,
            "cnames": [],
            "responseHashes": [
                "743f0138a0425418260a773e375e698d20820a4a54c816e0819ba1efc38f09aa"
            ],
            "type": "Script",
            "firstPartyCookies": {},
            "firstPartyCookiesSent": {},