{
    "domain": "login-seconnecter.ca",
    "owner": {},
    "source": [
        "DuckDuckGo-CA"
    ],
    "prevalence": 0.000603,
    "sites": 6,
    "subdomains": [
        "socialize"
    ],
    "cnames": [],
    "fingerprinting": 2,
    "resources": [
        {
            "rule": "login-seconnecter\\.ca\\/sdk\\.config\\.get",
            "cookies": 0.000603,
            "fingerprinting": 0,
            "subdomains": [
                "socialize"
            ],
            "apis": {},
            "sites": 6,
            "prevalence": 0.000603,
            "cnames": [],
            "responseHashes": [
                "de196154af0296b90d77e361e1020499542305a64d679d45b5fac3f5249ee582",
                "9f209806b01c40cc4b010df6ffda521d0acda7cf8f7039f852546ec321a003e4",
                "39fe5cabf8767b30b6888f50a14a171b00bb87d9a75333a06ddac96f8789e9bd",
                "32420c2e79056184dd886101248790d177300bbbd6698b8b0f7ca46cc00ad298",
                "3873b325e35f08554312f1e1fa1f8bbc4a4e6f861bc25da2c5523eea20175f97"
            ],
            "type": "Fetch",
            "firstPartyCookies": {},
            "firstPartyCookiesSent": {},
            "exampleSites": [
                "foodland.ca",
                "freshco.com",
                "www.iga.net",
                "www.safeway.ca",
                "www.sobeys.com",
                "www.thriftyfoods.com"
            ]
        },
        {
            "rule": "login-seconnecter\\.ca\\/gs\\/webSdk\\/Api\\.aspx",
            "cookies": 0.000603,
            "fingerprinting": 1,
            "subdomains": [
                "socialize"
            ],
            "apis": {
                "Document.cookie getter": 5,
                "Date.prototype.getTime": 6,
                "Document.cookie setter": 5,
                "Navigator.prototype.userAgent": 5,
                "Navigator.prototype.appVersion": 5,
                "Navigator.prototype.mimeTypes": 5,
                "window.localStorage": 2,
                "window.sessionStorage": 2
            },
            "sites": 6,
            "prevalence": 0.000603,
            "cnames": [],
            "responseHashes": [
                "1ac186062294e357b30d1e62a78223d410f048963459f0660d9cdd1d72a29d39",
                "ee9870dab22a3432ff035f90c232bdb8608593d0871acf25f8d63a21e0dbb4c4",
                "9ebcac0b73b24c0b175bed6cefdd0b70933f98fc40cfc07f4cae6c58074e6a80",
                "79550e5fd35989f10577bfa1dfd7e8fa442de11e7e5ca849425eed58739d279d",
                "00ef70e028a5c87a99c38634052994f8bada120a6410a3181fc29bd2be11e4de"
            ],
            "type": "Document",
            "firstPartyCookies": {},
            "firstPartyCookiesSent": {},
            "exampleSites": [
                "foodland.ca",
                "freshco.com",
                "www.iga.net",
                "www.safeway.ca",
                "www.sobeys.com",
                "www.thriftyfoods.com"
            ]
        },
        {
            "rule": "login-seconnecter\\.ca\\/gs\\/sso\\.htm",
            "cookies": 0.000603,
            "fingerprinting": 1,
            "subdomains": [
                "socialize"
            ],
            "apis": {
                "Navigator.prototype.userAgent": 6,
                "Navigator.prototype.appVersion": 6,
                "Navigator.prototype.mimeTypes": 6,
                "Date.prototype.getTime": 6,
                "Document.cookie getter": 6,
                "Document.cookie setter": 6,
                "window.localStorage": 5,
                "window.sessionStorage": 5
            },
            "sites": 6,
            "prevalence": 0.000603,
            "cnames": [],
            "responseHashes": [
                "fe6f9dfc72e8f64d1a3877e5aeb242315fc8caa9a6e4c95ad495aa9c000b36b8"
            ],
            "type": "Document",
            "firstPartyCookies": {},
            "firstPartyCookiesSent": {},
            "exampleSites": [
                "foodland.ca",
                "freshco.com",
                "www.iga.net",
                "www.safeway.ca",
                "www.sobeys.com",
                "www.thriftyfoods.com"
            ]
        }
    ],
    "categories": [],
    "performance": {},
    "cookies": 0.000603,
    "topInitiators": [
        {
            "domain": "first party",
            "prevalence": 0.7272727272727273
        },
        {
            "domain": "gigya.com",
            "prevalence": 0.2727272727272727
        }
    ],
    "types": {
        "Fetch": 6,
        "Document": 12
    },
    "nameservers": [
        "dns-ns00.aliant.net",
        "dns-nb00.aliant.net",
        "dns-nb01.aliant.net"
    ]
}