{
    "domain": "optidigital.com",
    "owner": {},
    "source": [
        "DuckDuckGo-CA"
    ],
    "prevalence": 0.000703,
    "sites": 7,
    "subdomains": [
        "pbs"
    ],
    "cnames": [],
    "fingerprinting": 0,
    "resources": [
        {
            "rule": "optidigital\\.com\\/cookie_sync",
            "cookies": 0,
            "fingerprinting": 0,
            "subdomains": [
                "pbs"
            ],
            "apis": {},
            "sites": 8,
            "prevalence": 0.000804,
            "cnames": [],
            "responseHashes": [
                "cf1f5f41f643d4fc95901ee525b36f6762e7570ce5c4f512186695d66912d84c",
                "5e0b85460c167e70141750f9dd2bf0428adf902e5017234f396b629eb0c1ce89",
                "f478b302c63c18a3c9a793a649acd65dd03cb17ceaf531cab3e4231757893ea6",
                "d15a761eaf9bc8a0a7e104349d14170791c457a05f9a18a2cbcac3f649b6d0a0",
                "12e37db719eee6002e7378ffa14d130667806ddd77d1191119c14d8b8b1f5e1a",
                "5121eb77dd126a94195fbd8c6de9e63a88da63a4b3f2914ff7d351939f76526c",
                "d44849862e78d0c2897edada752d953b941ccb94a34c40bf1bccc828767ab014"
            ],
            "type": "XHR",
            "firstPartyCookies": {},
            "firstPartyCookiesSent": {},
            "exampleSites": [
                "01net.com",
                "www.01net.com",
                "www.betaseries.com",
                "www.clubic.com",
                "www.jardiner-malin.fr",
                "www.ou-et-quand.net",
                "www.paroles.net",
                "www.tokyvideo.com"
            ]
        },
        {
            "rule": "optidigital\\.com\\/setuid",
            "cookies": 0.000804,
            "fingerprinting": 0,
            "subdomains": [
                "pbs"
            ],
            "apis": {},
            "sites": 8,
            "prevalence": 0.000804,
            "cnames": [],
            "responseHashes": [
                "c956a8bbf43bb56f60d1beefcc5a70f2cb0725083a00e8a0daf423176509fd18",
                "e3b0c44298fc1c149afbf4c8996fb92427ae41e4649b934ca495991b7852b855"
            ],
            "type": "Image",
            "firstPartyCookies": {},
            "firstPartyCookiesSent": {},
            "exampleSites": [
                "01net.com",
                "www.01net.com",
                "www.betaseries.com",
                "www.clubic.com",
                "www.jardiner-malin.fr",
                "www.ou-et-quand.net",
                "www.paroles.net",
                "www.tokyvideo.com"
            ]
        },
        {
            "rule": "optidigital\\.com\\/setuid",
            "cookies": 0.000703,
            "fingerprinting": 0,
            "subdomains": [
                "pbs"
            ],
            "apis": {},
            "sites": 7,
            "prevalence": 0.000703,
            "cnames": [],
            "responseHashes": [
                "e3b0c44298fc1c149afbf4c8996fb92427ae41e4649b934ca495991b7852b855"
            ],
            "type": "Document",
            "firstPartyCookies": {},
            "firstPartyCookiesSent": {},
            "exampleSites": [
                "01net.com",
                "www.betaseries.com",
                "www.clubic.com",
                "www.jardiner-malin.fr",
                "www.ou-et-quand.net",
                "www.paroles.net",
                "www.tokyvideo.com"
            ]
        }
    ],
    "categories": [],
    "performance": {},
    "cookies": 0.000703,
    "topInitiators": [
        {
            "domain": "opti-digital.com",
            "prevalence": 0.676923076923077
        },
        {
            "domain": "3lift.com",
            "prevalence": 0.1076923076923077
        },
        {
            "domain": "omnitagjs.com",
            "prevalence": 0.1076923076923077
        },
        {
            "domain": "pubmatic.com",
            "prevalence": 0.1076923076923077
        }
    ],
    "types": {
        "XHR": 8,
        "Image": 8,
        "Document": 7
    },
    "nameservers": [
        "ns-37-a.gandi.net",
        "ns-78-b.gandi.net",
        "ns-31-c.gandi.net"
    ]
}