{
    "domain": "rtbhouse.net",
    "owner": {},
    "source": [
        "DuckDuckGo-CA"
    ],
    "prevalence": 0.00181,
    "sites": 18,
    "subdomains": [
        "privateads"
    ],
    "cnames": [],
    "fingerprinting": 0,
    "resources": [
        {
            "rule": "rtbhouse\\.net\\/encrypt",
            "cookies": 0,
            "fingerprinting": 0,
            "subdomains": [
                "privateads"
            ],
            "apis": {},
            "sites": 18,
            "prevalence": 0.00181,
            "cnames": [],
            "responseHashes": [
                "feebcd08affa940e00387c3087699471141f7acf5337d2037c83380a028059cb",
                "d65d223ca07595f240a98cf539e5021e2a449ebcad59bd6a9fb202fe8f42f280",
                "077996ce2bb3f1aacce69c6fe66d8c6c86300ab97945ad0ff621ae248bd8e565",
                "8e3bfb5f3017e7f7bacf29a0594b3a7dcf13c539a111f62e4f736e9f3af58b2f",
                "119002f457457f67723a4567309d4d63897d6d4a5b12fe37ef1f456dbd10b675",
                "e689f9e63fec8700d2051bf66326deee0ee1b5877e07ccda74ca55057cae7ecc",
                "cf51deea9be04826d736198e8c3ee7143f8cf39c95ddc3664cf57538f8388028",
                "b5576a81a4108bd4dea070ff1835bdef7ec44c6570907dc6acb21b3f61403e7a",
                "a2c04a5f2aad881be7b680b13aa1a21d12024e851c654815265bc8e24f49e186",
                "a0d8929b5d3caef1690b3f8f69abb538bdd3f45b75e5e98b8a1db8a242634304",
                "342b7ddabf9f23f20dc08579021e0a164766dde771adcf1f733bac53a10aedca",
                "02f86ce8ee8e89e618afbd82194699ec69e7dcb23cb680d59d31559e87470c4b",
                "96fc5cb23ad4657630acbea110ff7a0535c9ac6fd0ff3ef3c0f1312c63aed72b",
                "714fce9f5ac79182da90a2e8a92a141ef29f6326857504807b2f98f24af41f81",
                "46239b707053d6d6960f578d6fcf4f185b845a61926ec32cf70f1e42dd619ab6"
            ],
            "type": "Fetch",
            "firstPartyCookies": {},
            "firstPartyCookiesSent": {},
            "exampleSites": [
                "5e.tools",
                "awoiaf.westeros.org",
                "curejoy.com",
                "en.uesp.net",
                "files.minecraftforge.net",
                "fossbytes.com",
                "interestingengineering.com",
                "m.gsmarena.com",
                "visaguide.world",
                "wccftech.com",
                "www.astrology-zodiac-signs.com",
                "www.bladeforums.com",
                "www.crazydaysandnights.net",
                "www.gradesaver.com",
                "www.gsmarena.com",
                "www.novelupdates.com",
                "www.programiz.com",
                "www.reviewjournal.com"
            ]
        },
        {
            "rule": "rtbhouse\\.net\\/encrypt",
            "cookies": 0,
            "fingerprinting": 0,
            "subdomains": [
                "privateads"
            ],
            "apis": {},
            "sites": 18,
            "prevalence": 0.00181,
            "cnames": [],
            "responseHashes": [],
            "type": "Preflight",
            "firstPartyCookies": {},
            "firstPartyCookiesSent": {},
            "exampleSites": [
                "5e.tools",
                "awoiaf.westeros.org",
                "curejoy.com",
                "en.uesp.net",
                "files.minecraftforge.net",
                "fossbytes.com",
                "interestingengineering.com",
                "m.gsmarena.com",
                "visaguide.world",
                "wccftech.com",
                "www.astrology-zodiac-signs.com",
                "www.bladeforums.com",
                "www.crazydaysandnights.net",
                "www.gradesaver.com",
                "www.gsmarena.com",
                "www.novelupdates.com",
                "www.programiz.com",
                "www.reviewjournal.com"
            ]
        }
    ],
    "categories": [],
    "performance": {},
    "cookies": 0,
    "types": {
        "Fetch": 18,
        "Preflight": 18
    },
    "nameservers": [
        "ans101.rtbhouse.net",
        "ns3.adpilot-rtb.net",
        "ns1.adpilot-rtb.net"
    ]
}