{
    "domain": "sskzlabs.com",
    "owner": {},
    "source": [
        "DuckDuckGo-CA"
    ],
    "prevalence": 0.00111,
    "sites": 11,
    "subdomains": [
        "pbjs"
    ],
    "cnames": [],
    "fingerprinting": 0,
    "resources": [
        {
            "rule": "sskzlabs\\.com\\/bid",
            "cookies": 0,
            "fingerprinting": 0,
            "subdomains": [
                "pbjs"
            ],
            "apis": {},
            "sites": 10,
            "prevalence": 0.00101,
            "cnames": [],
            "responseHashes": [
                "95a6c043d2173d4f1a52690373bd70242337dfe56fba002d563a9f8cb31b5ef0",
                "8113b2e136b1414bf9d0e302597f0f68c6f6eabd5d3f8608fb1f724f92a64ac6",
                "ebefa6848778ae7709c0d5abf315aa7c2dd65244117677433d96d415d3619bf7",
                "a1063e6a317bf38c0b56af502b3aa38c12d78520f46e013b76676546edc51efa",
                "7b80aea126c95585fe6d439a889f6d36335e49cb530f8b14f631b1bb7f24b4a9",
                "025eb7fc4f25072f34b4d8facdedc4bf5fb0934052b9d9d15e3e4296be98c350"
            ],
            "type": "XHR",
            "firstPartyCookies": {},
            "firstPartyCookiesSent": {},
            "exampleSites": [
                "journaldesfemmes.fr",
                "forums.commentcamarche.net",
                "sante-medecine.journaldesfemmes.fr",
                "sante.journaldesfemmes.fr",
                "www.commentcamarche.net",
                "www.e-sante.fr",
                "www.journaldesfemmes.fr",
                "www.linternaute.com",
                "www.linternaute.fr",
                "www.planetf1.com"
            ]
        },
        {
            "rule": "sskzlabs\\.com\\/notify",
            "cookies": 0,
            "fingerprinting": 0,
            "subdomains": [
                "pbjs"
            ],
            "apis": {},
            "sites": 11,
            "prevalence": 0.00111,
            "cnames": [],
            "responseHashes": [
                "dd267cbb1597813a7c236a16232abb7e2c460276d583e6331392c0f6980e5913",
                "32a8ac2a6afd7821139c240549bf9de5e694478067a15d8773b5403258d41965",
                "ba35b24ca2f7fa88c50368910125af2b165fb7d69e40fbc9339d6c0b2ae80cad",
                "d8794b2ac24dfef336a462d625e47b343cee551d93734530fbe24c33062ae3be",
                "cae2ad953e15640d7cebcbe4546e4cda068a030958f176b0b91ce708e7b124bd",
                "eca4c21c9d9cd083969a0edeb9bf97bcb091c14768982c9d9bb6b23e2b32a87e",
                "f5dabce1e306452c79a5838d7e7ec974ed5dcf2b43bbf95ac512d6f2ef7107e8",
                "72fc2d56c74ce3376ef1c67fadfac075bf95b81c5b365ad959a2840cf9294a96",
                "b635a1ab6707ecf325dcfd982c8f8723ce7e133063f154144ee997b7f573faf8",
                "b4e07897d8cfddfd0af3a9de2c07dee41346d4c73720f24ef1c8afe85ce76ec1"
            ],
            "type": "XHR",
            "firstPartyCookies": {},
            "firstPartyCookiesSent": {},
            "exampleSites": [
                "journaldesfemmes.fr",
                "forums.commentcamarche.net",
                "sante-medecine.journaldesfemmes.fr",
                "sante.journaldesfemmes.fr",
                "www.commentcamarche.net",
                "www.e-sante.fr",
                "www.journaldesfemmes.fr",
                "www.linternaute.com",
                "www.linternaute.fr",
                "www.medisite.fr",
                "www.planetf1.com"
            ]
        }
    ],
    "categories": [],
    "performance": {},
    "cookies": 0,
    "types": {
        "XHR": 21
    },
    "nameservers": [
        "ns-527.awsdns-01.net",
        "ns-1541.awsdns-00.co.uk",
        "ns-1076.awsdns-06.org",
        "ns-17.awsdns-02.com"
    ]
}