{
    "domain": "t13.io",
    "owner": {},
    "source": [
        "DuckDuckGo-CA"
    ],
    "prevalence": 0.00661,
    "sites": 66,
    "subdomains": [
        "s2s"
    ],
    "cnames": [],
    "fingerprinting": 0,
    "resources": [
        {
            "rule": "t13\\.io\\/cookie_sync",
            "cookies": 0,
            "fingerprinting": 0,
            "subdomains": [
                "s2s"
            ],
            "apis": {},
            "sites": 66,
            "prevalence": 0.00661,
            "cnames": [],
            "responseHashes": [
                "5cff7dd0327af5aec18ed014a795973b38f1d039e0ad683ad2bb01738511a850",
                "f4e52c538ffcfe2e0a50e6af2b14a68373a2aa11712eb5db6ff28d609e73fadc",
                "3880ad0c9090170e3a9e6e18dfe0d7d9eff8ef17247416740606f2e9cdc1b5ae",
                "ff0ce246721dc732180f2eac798f0bf0e11e38a3ba7d97ecc4f7b0d868bff022",
                "0a0df1549c737e1732da476b253f246e534e5dcc0dcccb5721d84c0a1f210dab",
                "99d98eb54fe8f4fdd530cd86fefe5adbd90901ff924d8d9deca22e05988ccbe6",
                "233c315f0e6c7a6db1d4c986d17eb5705b07ad53712132e8118e82892c508c4e",
                "81e9a3745824a09b8b68b2f849b2d57e2acf840e451341dc3f97451f3a63b0b9",
                "cf928e5d9669e1589148718c8e0bbb72cf2330a8ff6f2de46c9bacaf8197d2ab",
                "a1e8d0fe37d6225d9608362b170d02cb9244cd4f29ccb1c29e907e2ac27a8b9f",
                "f0bbb2a18954b8eaf5f975e296159030d94757ae374172cbbf221de645e801a0",
                "68c1bc1254900c23891720e6814946089e6f2e0b7ed221dc97a2e3afd36c9b17",
                "eebd4e2fec4d1288a726c9ca156384689deb01ac88155ca9d5c5f41079b3f091",
                "10d82a3aac609ac9fdacb418072cfd6014b8e5125039f0c9716ce00b91b5fc94",
                "8eb0da8a2f0c385b8e18384d1a14801e3176396590875aecc61de14ba8ad2374",
                "6c20f507ab8630348d6f19182ec18e9f8fe696c20b6a03d40ceba4050f3bf9aa",
                "9207f3a074974b90b3df89d6ce336200259b1a71471208087b27b3b2cfad547f",
                "d7168da8833f315c3fd3d9e2888c2f4db0a41bb9b9a1a3c4721a18aeb1f9e3b0",
                "d80713627b1e31caf79bbb7301b078ea50742fb5aca29060c5d58d6372009434",
                "05eaf3cdba3dadba9dbd82ee4140014e542f61751585332dee2fc975b15c6d9f",
                "c7e0685383a816b7349c81d88c659244ad5a7bb92bfd34b7cf16df098dbb2f79",
                "ac9f07ddbf1322a5d221098c1677edbf291e12d1548f8dd752085542a287a0e7",
                "ed7c09b9e81a7feb3b27514fe33e1aebaf398802ef6ec245ffae248f68f3f198",
                "68690579eeb0adbdd15ffe128988db8e9da8f3272a22eb65142ad81d6bf879b7",
                "cae8f4ccd85fdf3f49d92551508ba6c2c09331a94e9300652cf8b67fc6209476",
                "4a65cc8b954c16c1b989ae65bfa7151baf455337f17156abbc22dd40e98b87a4",
                "a396e44371938c33bb1f1b47a38b196161a4bde8be115da22eef202fe28a2737",
                "fd4edfe2f62b6002e1bc4dd973b20085049d014ac16c970c1b40837a8d022c68",
                "90bae55a4273aefe9bfee198940b95fe81780f72129dacb2fe167148f4b5ea2f",
                "d5b9bee4d96f2383ad491756af501303bdf0e6cadbd003e1c3d995f985b0b7b7",
                "fa48f9c0f325d93271fd675452c95efcf7746b81438799dd84ce36f44ab595ce",
                "a8355287af6fbb4bb28f2e64c1c325ba25e4dc3997bb9f81901be1ec778767c0",
                "21922a09cee0d930a94329170b39d0c8056ce8a3912ecafff21715c2de6346dc",
                "5c711f80b98126b8820e454beced7513e35c02e3e577d146cf0bbd933d64b948",
                "ad31a799c2ff92b04f62329a5c41abf097676884c90a2fce53a5fea3c585722d",
                "8ece737073ea22585009f5a612efaf6f15bdd35bc018a04753417ed91d4b00d9",
                "a9e5284d096b274c58a99d743880985ae08f548b0127e1b085a9bc06c566dce4",
                "440e3f7e83d1892a957c9082e70ccc09dad861d629c9b346e647c0a4e2cb6938",
                "4de730ed4e0775baa61625d424aa84f831b141d68a71705a98b9f0679c1a8343",
                "851992ce3242f9c2556181290842382290a2a0f4ad77269029c75557987dab0d",
                "31898e06fd0e6eb708587a496a25c1caaf8dcb23211849b842cb57c534edc4e0",
                "06c0c2e02d34e9fb48a2816bd5ca88935b312ebf2e8b8e55dd42c82246758ac0",
                "a643002dc7d71479891481c5a078233050f355fa825676be8e81833bb370d0ea",
                "b66272d54612f4270284e1d28498227ada50a206569155da19a02b6b9b83d0ef",
                "df8fbe06739b60d2c2028ba486cf1bbce5ddcfd95b067f9f68145168df1d4f1f",
                "64e6b62e668df207f433965e9ba0d4986b6cb8738aed2c21b0491a5c18b2f20a",
                "4666f476851087beff567a43d9df14f11e7fe3b9969955793e1c757707dfcf71",
                "78b63c6e8f2eebae81ba7ec1adf3bee73abd0edea25bf65b27ce22f421fe65a1",
                "f51fa37e8fed7ec1d0d1994c2179781e6bb7054ffc6056a1d32f99f6729da2dc",
                "6d1692152580b9795192902d44a5e1fcc17b415b598ab2528709a96d198354fb",
                "8822154bb28a3c77422cc363b1e8a636cc90ccf4a374794b7a96481fa3f70173",
                "fbc67c1d900386174656823c80cb9b4ba89c96ea7321b3695d0e1f892f18f81a",
                "ed5bb58847a9b5fdcc230dea5027f2092330e2954c4aedf880721e40825622f1",
                "9750ac85958d35b9e1ad6fea74ae694305773d138657902b04f162589004f84d",
                "f2cad70f1888d9227c10a3b8af1f0376d14fecf985e7f2c6cfdaabea1b20af6e",
                "8dc632a681f70b7a86b8c72e0f089a43e0276825c68db977c88cc044b8fa8d0a",
                "6530dd282be871d1ebbc16e303764b715b1034a1017986fb0af57cea9747b77f",
                "acbe44af9548d4f6ac57ce4dfda548c06bb4c96d995eaf43be4747bf6660756a",
                "8ec891b2c036c30c1518cee38e78c5c8a80a831852052dac8e88d41f407628d4",
                "184e5c1b62db13aba546bc5d24e470c3b3cafc99d231f6a1bb6e452dcc5436be",
                "0b24cc4669980a4a474ee6fab4026fabf1d9a7b62738ab23ec013b453cc73c03",
                "b9fba584062e54f3ee7576dc9ddbd569fea87beba3ee6d0521cc140be2b361d5",
                "2835f24285559e0c5be870c45ac2ad664af5643a1d3804519033777394b40586",
                "1c282edc5ae86fe60f74effb3eee116b819b00e652e6de327fb766dea46f178e",
                "e55606b1db04916aa996ecb6c724bb552bfedfca5ca41aae186e7f55f10eed72"
            ],
            "type": "XHR",
            "firstPartyCookies": {},
            "firstPartyCookiesSent": {},
            "exampleSites": [
                "dailycaller.com",
                "forum.xda-developers.com",
                "itsfoss.com",
                "thegamehaus.com",
                "www.joblo.com",
                "www.wow-professions.com",
                "www.smartertravel.com",
                "emojipedia.org",
                "www.dimensions.com",
                "worldofsolitaire.com",
                "www.eliteprospects.com",
                "www.flightview.com",
                "www.aljazeera.com",
                "www.uexpress.com",
                "publicholidays.net",
                "www.smithsonianmag.com",
                "www.neowin.net",
                "www.phoronix.com",
                "www.almanac.com",
                "forum.bodybuilding.com"
            ]
        },
        {
            "rule": "t13\\.io\\/openrtb2\\/auction",
            "cookies": 0,
            "fingerprinting": 0,
            "subdomains": [
                "s2s"
            ],
            "apis": {},
            "sites": 66,
            "prevalence": 0.00661,
            "cnames": [],