{
    "domain": "tctm.co",
    "owner": {
        "name": "Call Tracking Metrics LLC",
        "displayName": "Call Tracking Metrics"
    },
    "source": [
        "DuckDuckGo-CA"
    ],
    "prevalence": 0.00111,
    "sites": 11,
    "subdomains": [
        "94058",
        "310659",
        "346055",
        "248604",
        "339167",
        "4326",
        "162503",
        "398969",
        "440875",
        "230186",
        "64459"
    ],
    "cnames": [],
    "fingerprinting": 1,
    "resources": [
        {
            "rule": "tctm\\.co\\/t\\.js",
            "cookies": 0.00111,
            "fingerprinting": 1,
            "subdomains": [
                "94058",
                "310659",
                "346055",
                "248604",
                "339167",
                "4326",
                "162503",
                "398969",
                "440875",
                "230186",
                "64459"
            ],
            "apis": {
                "Document.cookie getter": 6,
                "Navigator.prototype.userAgent": 6,
                "window.localStorage": 6,
                "Date.prototype.getTime": 6,
                "Document.cookie setter": 6
            },
            "sites": 11,
            "prevalence": 0.00111,
            "cnames": [],
            "responseHashes": [
                "fb698933b10cf010964aa79dd6a50ea2e4152ef01e786cfb270e7b8d0a60d909",
                "01ba4719c80b6fe911b091a7c05124b64eeece964e09c058ef8f9805daca546b",
                "3492641cf488ac89213f06ae39a132dd285cfb96bdaec89dd20be7e204739057",
                "9cc95203cc4a841f0458e941280c21bdbf2b36146c71360bf336e05eb709d36e",
                "83ad8772213686db080e8b0a5eda4b9c293fd107dc59c5e43f58d614b9f1bb33",
                "d40645cba081bc77d89b9305cde93376d9c307b3f590ed0bc140d116488006d9"
            ],
            "type": "Script",
            "firstPartyCookies": {
                "__ctmid": {
                    "ttl": 2592002,
                    "length": 24,
                    "prevalence": 0.0006043513295729251,
                    "uniqueness": 1
                }
            },
            "firstPartyCookiesSent": {},
            "exampleSites": [
                "baybloorradio.com",
                "propertyguys.com",
                "www.airliquide.ca",
                "www.blg.com",
                "www.canadabicycleparts.com",
                "www.cityexperiences.com",
                "www.cubcadet.ca",
                "www.edwardjones.ca",
                "www.kmstools.com",
                "www.traversiers.com",
                "www.vbce.ca"
            ]
        }
    ],
    "categories": [],
    "performance": {},
    "cookies": 0.00111,
    "topInitiators": [
        {
            "domain": "googletagmanager.com",
            "prevalence": 0.5833333333333334
        },
        {
            "domain": "first party",
            "prevalence": 0.3333333333333333
        },
        {
            "domain": "tiqcdn.com",
            "prevalence": 0.08333333333333333
        }
    ],
    "types": {
        "Script": 11
    },
    "nameservers": [
        "ns-1163.awsdns-17.org",
        "ns-1852.awsdns-39.co.uk",
        "ns-425.awsdns-53.com",
        "ns-603.awsdns-11.net"
    ]
}