{
    "domain": "trackcmp.net",
    "owner": {
        "name": "ActiveCampaign, Inc.",
        "displayName": "ActiveCampaign"
    },
    "source": [
        "DuckDuckGo-CA"
    ],
    "prevalence": 0.00412,
    "sites": 41,
    "subdomains": [],
    "cnames": [],
    "fingerprinting": 0,
    "resources": [
        {
            "rule": "trackcmp\\.net\\/t_prism_sitemessages\\.php",
            "cookies": 0,
            "fingerprinting": 0,
            "subdomains": [],
            "apis": {},
            "sites": 34,
            "prevalence": 0.00342,
            "cnames": [],
            "responseHashes": [
                "e3b0c44298fc1c149afbf4c8996fb92427ae41e4649b934ca495991b7852b855"
            ],
            "type": "Script",
            "firstPartyCookies": {},
            "firstPartyCookiesSent": {
                "prism_223677903": 0.00010056315366049879,
                "prism_649424205": 0.00010056315366049879,
                "prism_799414891": 0.00010056315366049879,
                "prism_68338242": 0.00010056315366049879,
                "prism_254054709": 0.00010056315366049879,
                "prism_26632450": 0.00010056315366049879,
                "prism_90963874": 0.00010056315366049879,
                "prism_91411204": 0.00010056315366049879,
                "prism_26297670": 0.00010056315366049879,
                "prism_475217867": 0.00010056315366049879,
                "prism_223686333": 0.00010056315366049879,
                "prism_67807852": 0.00010056315366049879,
                "prism_68385552": 0.00010056315366049879,
                "prism_66978442": 0.00020112630732099757,
                "prism_1001544518": 0.00010056315366049879,
                "prism_253856689": 0.00010056315366049879,
                "prism_26374210": 0.00010056315366049879,
                "__pid": 0.00010056315366049879,
                "prism_224817533": 0.00010056315366049879,
                "lotame_domain_check": 0.00020112630732099757,
                "prism_26668640": 0.00020112630732099757,
                "prism_92019704": 0.00010056315366049879,
                "prism_611487216": 0.00010056315366049879,
                "prism_1000410978": 0.00010056315366049879,
                "prism_25900740": 0.00010056315366049879,
                "prism_25753510": 0.00010056315366049879,
                "prism_651055355": 0.00010056315366049879,
                "prism_67159032": 0.00010056315366049879,
                "prism_90278194": 0.00010056315366049879,
                "prism_610292066": 0.00010056315366049879,
                "prism_225948403": 0.00010056315366049879,
                "prism_251835059": 0.00010056315366049879,
                "prism_1001495738": 0.00010056315366049879,
                "prism_651611155": 0.00010056315366049879
            },
            "exampleSites": [
                "add.org",
                "www.christianpost.com",
                "thewalrus.ca",
                "ideapod.com",
                "matadornetwork.com",
                "doublelist.com",
                "www.truity.com",
                "www.ancient-origins.net",
                "www.pff.com",
                "www.tuasaude.com",
                "carfromjapan.com",
                "www.quebec-cite.com",
                "www.classic.com",
                "toggl.com",
                "americansongwriter.com",
                "www.nvisioncenters.com",
                "www.dennys.ca",
                "www.tipranks.com",
                "thriftytraveler.com",
                "www.boss.info"
            ]
        },
        {
            "rule": "trackcmp\\.net\\/visit",
            "cookies": 0.000805,
            "fingerprinting": 0,
            "subdomains": [],
            "apis": {},
            "sites": 8,
            "prevalence": 0.000805,
            "cnames": [],
            "responseHashes": [
                "e3b0c44298fc1c149afbf4c8996fb92427ae41e4649b934ca495991b7852b855"
            ],
            "type": "Script",
            "firstPartyCookies": {},
            "firstPartyCookiesSent": {},
            "exampleSites": [
                "gearspace.com",
                "learn.utoronto.ca",
                "thethirdwave.co",
                "www.fluentu.com",
                "www.grandandtoy.com",
                "www.panaprium.com",
                "www.tripcentral.ca",
                "www.xplore.ca"
            ]
        }
    ],
    "categories": [
        "Ad Motivated Tracking",
        "Advertising",
        "Action Pixels"
    ],
    "performance": {},
    "cookies": 0.000805,
    "topInitiators": [
        {
            "domain": "app-us1.com",
            "prevalence": 0.7380952380952381
        },
        {
            "domain": "first party",
            "prevalence": 0.14285714285714285
        },
        {
            "domain": "googletagmanager.com",
            "prevalence": 0.07142857142857142
        },
        {
            "domain": "d15lxwsio1b0qb.cloudfront.net",
            "prevalence": 0.023809523809523808
        },
        {
            "domain": "geoedge.be",
            "prevalence": 0.023809523809523808
        }
    ],
    "types": {
        "Script": 42
    },
    "nameservers": [
        "love.ns.cloudflare.com",
        "kellen.ns.cloudflare.com"
    ]
}