{
    "domain": "trafficfactory.biz",
    "owner": {},
    "source": [
        "DuckDuckGo-CA"
    ],
    "prevalence": 0.00412,
    "sites": 41,
    "subdomains": [
        "rpc-php",
        "banners-hw",
        "banners-cdn77"
    ],
    "cnames": [],
    "fingerprinting": 1,
    "resources": [
        {
            "rule": "trafficfactory\\.biz\\/videosadsselect\\/footer-footerhome-1\\/\\/\\/xvideos\\/\\/\\/\\/\\/0\\/content\\.json",
            "cookies": 0,
            "fingerprinting": 0,
            "subdomains": [
                "rpc-php"
            ],
            "apis": {},
            "sites": 21,
            "prevalence": 0.00211,
            "cnames": [],
            "responseHashes": [
                "5403def924abcc7b5ca999f07a3ac32c04dadcf96d859bcfc740de4a2ac8961f",
                "501ee24e47c5809700c46d63d482707f3a4a3e007b9335bd023ff9fd529553fc",
                "4676d34b4313193bc0010ebebf87488291e50b3cc7540c08389be2f8c879b321",
                "e91e9038dc814df6b6850a654e59ecddc3b9b6c424ff6d2c1fc760ab04ea305c",
                "055efb852ea74441ccbc7545f37e8f14552535fe1806c7d1f606cfe82398ce6c",
                "0da871a51b434ae931bb5693ddd3075c0bad5944df13f0301d69b197a96783c8",
                "ec193a9db78df4bcc2286f1a9a4b30c9d99d6a9567e338dac859c2fbc534c852",
                "b78761f37bb5deff3af28194741b406229d5d09f40d8abacf81fe2c194ae03bf",
                "575b6f099295cc01be8958976e5fd1830aac6585e7767b9ff965f0d5de99e486",
                "1ad49327d40ce2e5f76710c7aaeda5fe356debc73e24a54767f2820ff985a333",
                "346d6c81cd1e83b9927a8e1aa403b9444c3e3e4f8b62e858d59499181549b52c",
                "2781e23501d93a2501e701038aee3b5b2fbc183c41f87a568780e7abe2da9b89",
                "40f45cff69008d6bb755a56c6c379774b130c69efe0e56315c28a9a4164ceee3",
                "fd6de045f360160cd0107584802a63de69db08b3936419ddec24d432a86922ab",
                "579fc0e4b3421795fa899f815fcf721fa6d509c8d60506a90ca26a63d3d8acd0",
                "86d9f74d6eb8ac83d5c339297338e1bf7c8645755312ab412a56def24328801b",
                "aaccbaa1ad6949a587ab49bf27205b6103a6ea77b174aa3c43ef12cb0e92892e",
                "c55d17d20fe34cbd8b0312b1dc2af24bf2a4ec973e5f349624f570e447f1494d",
                "eef772eda1fd9085e0bd420fa87920613a4e9ee14b34bda1fbb95787081f333e",
                "afe0d2c7a3aafa56b5154cc4c0da70abfc7eb5603a3ad670e3f7e878c76b8085"
            ],
            "type": "XHR",
            "firstPartyCookies": {},
            "firstPartyCookiesSent": {},
            "exampleSites": [
                "www.xnxx.com",
                "xnxx-global.com",
                "xnxx-in.com",
                "spaceporn.porno-erotica.com",
                "010xnxx.com",
                "heosex.cc",
                "xnxx.health",
                "xnxx43.com",
                "vndevtop.com",
                "xnxx33.net",
                "sex.porno-erotica.com",
                "girlsgames4fun.com",
                "https-xnxx-com.com",
                "www.sexforporn.net",
                "area-porno.net",
                "u-porno.com",
                "xxx.riztube.com",
                "xnxx.kactube.com",
                "www.noandmi.top",
                "xnxx-india.net"
            ]
        },
        {
            "rule": "trafficfactory\\.biz\\/videosadsselect\\/native-nativelisting-1xfooter-1\\/\\/\\/xvideos\\/\\/\\/\\/\\/0\\/content\\.json",
            "cookies": 0,
            "fingerprinting": 0,
            "subdomains": [
                "rpc-php"
            ],
            "apis": {},
            "sites": 11,
            "prevalence": 0.0011,
            "cnames": [],
            "responseHashes": [
                "0ca9916fad1974e2503b3354ca0ffaf69936a378a3a708b0de5539bc7442c54e",
                "74e316965226756017d18e8ae4bdb70fee2736819dcfba15993699df279c5bd6",
                "349a78a3e5c4e9a30b36a822f390390f170c0a1c4a356cfc5134223352268645",
                "c45b4d962d2e605d2b92ce89bd7f701d420ff683824ba435712ab23fb5a9e549",
                "ed11d5bea55e5fe5682cb964b4296d65d9eb0d7a31817fa94e64f283e31b8143",
                "50044a1a837f29dbd50829e1b86a61f7197d20cde0aac3bf2a367b44512fb1ab",
                "65b9fd5efa683c852c33edb16d2c626d3a9690830b9b144e379ea4f830f61ed7",
                "65c7a9186a18fb88847b2baad46401ccd598dbdd6018802b61b148e4932ad6a9"
            ],
            "type": "XHR",
            "firstPartyCookies": {},
            "firstPartyCookiesSent": {},
            "exampleSites": [
                "xvideos.com",
                "fr.xvideos.com",
                "it.xvideos.com",
                "mobile-xvideos.com",
                "tube.sexforporn.net",
                "watch-xvideos.com",
                "www.xvideos.com",
                "www.xvideos5.tv",
                "www.xvideos8.org",
                "xvideos099.com",
                "xvideos8.org"
            ]
        },
        {
            "rule": "trafficfactory\\.biz\\/banners\\/61\\/01\\/64\\/d5c0a6d19a708e1e2a2bc43337791ad2\\.jpg",
            "cookies": 0,
            "fingerprinting": 0,
            "subdomains": [
                "banners-hw"
            ],
            "apis": {},
            "sites": 3,
            "prevalence": 0.000301,
            "cnames": [],
            "responseHashes": [
                "4f2d92e67d3de70b0caf69e7236fc98639579a878d120e3b3c6638e03ade961f"
            ],
            "type": "Image",
            "firstPartyCookies": {},
            "firstPartyCookiesSent": {},
            "exampleSites": [
                "xvideos.com",
                "fr.xvideos.com",
                "www.xvideos.com"
            ]
        },
        {
            "rule": "trafficfactory\\.biz\\/banners\\/fb\\/9a\\/e7\\/1da6a44fbbaee0d847af0615e95b438f\\.gif",
            "cookies": 0,
            "fingerprinting": 0,
            "subdomains": [
                "banners-hw"
            ],
            "apis": {},
            "sites": 2,
            "prevalence": 0.000201,
            "cnames": [],
            "responseHashes": [
                "9ed006dc0e028656b9a4de0d52d1c413f3e795f7b55a2c2dc851311f3a2d6271"
            ],
            "type": "Image",
            "firstPartyCookies": {},
            "firstPartyCookiesSent": {},
            "exampleSites": [
                "xvideos.com",
                "www.teensnow.com"
            ]
        },
        {
            "rule": "trafficfactory\\.biz\\/banners\\/8e\\/35\\/21\\/ae282c43a25bf4caa5b3d9cbd24396f7\\.gif",
            "cookies": 0,
            "fingerprinting": 0,
            "subdomains": [
                "banners-hw",
                "banners-cdn77"
            ],
            "apis": {},
            "sites": 2,
            "prevalence": 0.000201,
            "cnames": [],
            "responseHashes": [
                "3f4a153c7ccd4887ac6b7e2eca93de9b60ddde3e29a104569d2cf3edfc287bfb"
            ],
            "type": "Image",
            "firstPartyCookies": {},
            "firstPartyCookiesSent": {},
            "exampleSites": [
                "xvideos.com",
                "www.milfmovs.com"
            ]
        },
        {
            "rule": "trafficfactory\\.biz\\/videosadsselect\\/mobilerectangle-footerhome-1\\/\\/\\/xvideos\\/\\/\\/US\\/\\/0\\/content\\.json",
            "cookies": 0,
            "fingerprinting": 0,
            "subdomains": [
                "rpc-php"
            ],
            "apis": {},
            "sites": 3,
            "prevalence": 0.000301,
            "cnames": [],
            "responseHashes": [
                "861468d6c42da908f21c7abc3f92c3995a0f09df2d474a452efb91949d4dd099",
                "fb7d01fbf616898d04805e7281c287d3789b5ab0cae613d6d27ec1ad65714f05"
            ],
            "type": "XHR",
            "firstPartyCookies": {},
            "firstPartyCookiesSent": {},