{
    "domain": "trafficfactory.biz",
    "owner": {},
    "source": [
        "DuckDuckGo-CA"
    ],
    "prevalence": 0.00201,
    "sites": 20,
    "subdomains": [
        "rpc-php",
        "banners-cdn77"
    ],
    "cnames": [],
    "fingerprinting": 1,
    "resources": [
        {
            "rule": "trafficfactory\\.biz\\/videosadsselect\\/footer-footerhome-1\\/\\/\\/xvideos\\/\\/\\/\\/\\/0\\/content\\.json",
            "cookies": 0,
            "fingerprinting": 0,
            "subdomains": [
                "rpc-php"
            ],
            "apis": {},
            "sites": 10,
            "prevalence": 0.001,
            "cnames": [],
            "responseHashes": [
                "6f26794ddcc58f492b82b607cf9be0e6f2939169b4f6bc3223361ee9acb5faa9",
                "c0a4301e856cb3e012c0b609a0cac602d293d37c161c05c964d69ad29069b7a8",
                "fee3ed0d577112fca1ff7cac1c71e81017446fa2b9c3153d8a7f01eb6a7b7430",
                "1817e2e9ac7f28a187889602cfaa53220064f9a60c40baf58134a3b20db9bda1",
                "4fc18b83aaa5534de0e1942607362412059ff35c28686c02ba49f7270d20ae1a",
                "fc8f3fb60a9a3b2ae7c5d2df50910eb4ba1598d18fb855e59f164c2f3c5fa1ad",
                "8542b118353b1ee0a4da33c83dd30eb94d10dc22045e549ef35ea344548592d5",
                "5ba098cea3bafc65b71e1e02572d9ace9970367a87ece7d44956a9dd291bd832",
                "0fedd54e6a9d67d558d8b6d9f70185219c795f8e34548a751f29eeb88264c3a8"
            ],
            "type": "XHR",
            "firstPartyCookies": {},
            "firstPartyCookiesSent": {},
            "exampleSites": [
                "192xnxx.com",
                "82xnxx.com",
                "desi52.cc",
                "heosex.cc",
                "new-xxx.net",
                "on-xnxx.com",
                "u-porno.com",
                "www.192xnxx.com",
                "www.xnxx.com",
                "xnxx.healthcare"
            ]
        },
        {
            "rule": "trafficfactory\\.biz\\/videosadsselect\\/native-nativelisting-1\\/\\/\\/xvideos\\/\\/\\/\\/\\/0\\/content\\.json",
            "cookies": 0,
            "fingerprinting": 0,
            "subdomains": [
                "rpc-php"
            ],
            "apis": {},
            "sites": 2,
            "prevalence": 0.000201,
            "cnames": [],
            "responseHashes": [
                "565873bf27a0c3fdc604cc001e7efb42ec59ff72832265540a555acd1d5611c8"
            ],
            "type": "XHR",
            "firstPartyCookies": {},
            "firstPartyCookiesSent": {},
            "exampleSites": [
                "xvideos.com",
                "www.xvideos.com"
            ]
        },
        {
            "rule": "trafficfactory\\.biz\\/banners\\/1e\\/e5\\/2b\\/8cb7075bf479cd4d92910614c192f9ce\\.jpg",
            "cookies": 0,
            "fingerprinting": 0,
            "subdomains": [
                "banners-cdn77"
            ],
            "apis": {},
            "sites": 3,
            "prevalence": 0.000301,
            "cnames": [],
            "responseHashes": [
                "50575e105c6f2350283d2d23c6ddacd77ff25bfc7191a41efa1df47a632fead3"
            ],
            "type": "Image",
            "firstPartyCookies": {},
            "firstPartyCookiesSent": {},
            "exampleSites": [
                "xvideos.com",
                "it.xvideos.com",
                "www.xvideos.com"
            ]
        },
        {
            "rule": "trafficfactory\\.biz\\/videosadsselect\\/footer-1\\/\\/\\/xvideos\\/\\/\\/\\/\\/0\\/content\\.json",
            "cookies": 0,
            "fingerprinting": 0,
            "subdomains": [
                "rpc-php"
            ],
            "apis": {},
            "sites": 2,
            "prevalence": 0.000201,
            "cnames": [],
            "responseHashes": [
                "64254529d8cda7969a27de283918e70d2255b9bf1055f65b5d8e9e60a11efcff"
            ],
            "type": "XHR",
            "firstPartyCookies": {},
            "firstPartyCookiesSent": {},
            "exampleSites": [
                "xvideos.com",
                "www.pornorama.com"
            ]
        },
        {
            "rule": "trafficfactory\\.biz\\/banners\\/fb\\/9a\\/e7\\/1da6a44fbbaee0d847af0615e95b438f\\.gif",
            "cookies": 0,
            "fingerprinting": 0,
            "subdomains": [
                "banners-cdn77"
            ],
            "apis": {},
            "sites": 4,
            "prevalence": 0.000402,
            "cnames": [],
            "responseHashes": [
                "9ed006dc0e028656b9a4de0d52d1c413f3e795f7b55a2c2dc851311f3a2d6271"
            ],
            "type": "Image",
            "firstPartyCookies": {},
            "firstPartyCookiesSent": {},
            "exampleSites": [
                "xvideos.com",
                "multi.xnxx.com",
                "www.pornorama.com",
                "www.xnxx.com"
            ]
        },
        {
            "rule": "trafficfactory\\.biz\\/js\\/tfy_cpa\\.min\\.js",
            "cookies": 0,
            "fingerprinting": 1,
            "subdomains": [
                "rpc-php"
            ],
            "apis": {
                "Navigator.prototype.userAgent": 1,
                "window.localStorage": 1,
                "Document.cookie getter": 1
            },
            "sites": 2,
            "prevalence": 0.000201,
            "cnames": [],
            "responseHashes": [
                "1504da746baf2eda3a6be09f5e5c50510609de7b2e70ddf6341d20e0e4d4f284"
            ],
            "type": "Script",
            "firstPartyCookies": {},
            "firstPartyCookiesSent": {},
            "exampleSites": [
                "analvids.com",
                "www.manyvids.com"
            ]
        }
    ],
    "categories": [],
    "performance": {},
    "cookies": 0.0001,
    "topInitiators": [
        {
            "domain": "xnxx-cdn.com",
            "prevalence": 0.43333333333333335
        },
        {
            "domain": "xvideos-cdn.com",
            "prevalence": 0.3333333333333333
        },
        {
            "domain": "first party",
            "prevalence": 0.16666666666666666
        },
        {
            "domain": "others-cdn.com",
            "prevalence": 0.06666666666666667
        }
    ],
    "types": {
        "XHR": 14,
        "Image": 7,
        "Script": 2
    },
    "nameservers": [
        "ns2.randomserver.com",
        "ns5.randomserver.com",
        "ns1.randomserver.com",
        "ns6.randomserver.com",
        "ns4.randomserver.com",
        "ns3.randomserver.com"
    ]
}