{
    "domain": "tubecup.net",
    "owner": {},
    "source": [
        "DuckDuckGo-CA"
    ],
    "prevalence": 0.00713,
    "sites": 80,
    "subdomains": [
        "notification"
    ],
    "cnames": [],
    "fingerprinting": 0,
    "resources": [
        {
            "rule": "tubecup\\.net\\/tags",
            "cookies": 0,
            "fingerprinting": 0,
            "subdomains": [
                "notification"
            ],
            "apis": {},
            "sites": 60,
            "prevalence": 0.00535,
            "cnames": [],
            "responseHashes": [
                "8004668f497738d43b7f739fd8bb8addd244d4d2be86b521faebc8803b405ead",
                "d24b104435ad454083443653e91cfc67a5b5730c236395c4cad72e3cf9814702",
                "b6816c9334f29d1119334971ead4891360f4757a912c7bbf9dea557f8baaa2a9",
                "b4b7b04fae660ab27b7a4561b914777fd18fe633ac3fbe628ec7f6b903704b84",
                "f81432fe904ea1d7a2d5c3f2c7ebd91f63a326b49cb7cf986dd6b374800bbf6a",
                "630f2bd667a4efe4901ad0b06a7ec37c4224009e4153e829dde8c748a98c050f",
                "0f347cee36d24e161462bd8334d62306c16d26a7db612958946042be7c1eb63a",
                "e3b0c44298fc1c149afbf4c8996fb92427ae41e4649b934ca495991b7852b855",
                "8ce239110edaac27f8407a1615ddf097b4ecf341289d1355ab0c9e3fb574e910",
                "2ef88c074b25ed67d148a8c16d1cbaf4903dfd240b321fb407ef31118900ef57",
                "831dab762c8bb9657c249e7eab6f5c441249cbce898791fe09ee5c5f4a0b0903",
                "028e7bc8711a42e8187ae2ec70090717b82c9d93b671a562e1d31c898bddf90f",
                "176e78de21e99b215c20b32034a922e7ea0c16e13de138538f9347957dbc47d0",
                "40986b0267baf3fea7e8c2a3ccbb474d167c7a95eeffe1e293eea8fdeb116490",
                "f10405e0c7d78025dc0ba94f31e50afa98b6d01e551a50ea164a200896b943b7",
                "aa03fd94f1d9f4f83b8b9593e8a5e5f0671c1e3ee3f5fb6da6182be3afce01cd",
                "e1dcd5822a0e200b33e74c673e578f42bee7f8b8c2abedbdc7e20c577ca5c039",
                "c1577bbf590f943cdb520a54d9167691fa67dc39a5d921e37f7896432633b7a2",
                "9a9852475f50dea346665e58790676321b051b491a19ad282e0986d479b1c11e",
                "e867e5a44e0241447aaf6860d23a04cfcc74cb9fc499f3f840cbcd4b51542d48",
                "6904a6acb080e1f25560888aa956d4c4ba7cf3bea3ba4539aa9d80cedf00790c",
                "79e605a9d0074ccaa117baa1381027b9351e80f2a5195a3935f9aa1696e777ff",
                "435d5cf90ad62d0c12e98ee73cfed873b463bba67535abb787b57593710f9059",
                "8487c7648f2c256f3cab1391b7e05b70abade73cf9ad903d1f6ed40b1c81ce3a",
                "cf55fa8597a0504df835dc365aa33e4786579161e6bcd53b9a484e82c9867753",
                "241beb80a9346be3f9993206f5c1137c409e2619fafbf780753f51d90dff3541",
                "a8f31395d5d8c80c1628a22b52854d4fdd62eab6b1ed5abfc7817dc94005134b",
                "61451a9e35baaeb518d6bea3f201a0803b07543a23db7ff14317784f941113ac",
                "c1dba5510f982339bf11339c629c35fd26486ad1964b6c0b8a15301e04985095",
                "df47a3f2823fb1687e5d817628ba66203eaf50dfb6f7dc82c42dd656a30f705d",
                "d828151287f567c93d806e795124b6c2ee36c28f3127cc18717cb9eb7e52fa28",
                "4a5caea1ff621cc58131f18515f364a117a7b8734f691b55292eac0724a53cd0",
                "3518385754be97c8da27a778808d4bcecdc9e7773853c71777640c5787c32c9d",
                "a1c1c0a6ad8f776f0f3b2e07515d29dc5811bc706849156c5d2111c3b2245b5d",
                "08fdca5662992619af61d7dc0bb1c37951f8bdab315f06b6aa58352fac09ab06",
                "c7877dd9b5b21581a1083df1a8370e10ab66faea89fef05ad709f7ffbf26900c",
                "610a719a40b7494e5c7be42e1d0eaa63caca421df07bdb493c02252eeaa39b96",
                "d866168c8aef568ca8214ff1ca6a477410528ef1b5fd1b74975ce651ef6f16e5"
            ],
            "type": "XHR",
            "firstPartyCookies": {},
            "firstPartyCookiesSent": {},
            "exampleSites": [
                "www.porntrex.com",
                "www.anime-tube.pw",
                "bokepindonesiaviral.online",
                "www.hitprn.com",
                "sexleaks.fun",
                "titis.org",
                "www.cn.jtube.space",
                "nudxx.com",
                "bestgore.fun",
                "pornbimbo.com",
                "www.sexnarxnxx.com",
                "thothub.su",
                "hentaiworld.tv",
                "jp.jtube.space",
                "thotslife.com",
                "www.anime-tube.space",
                "xnxx2.top",
                "masahub.net",
                "pornotaran.com",
                "desi52.cc"
            ]
        },
        {
            "rule": "tubecup\\.net\\/in\\/subscription-offers",
            "cookies": 0,
            "fingerprinting": 0,
            "subdomains": [
                "notification"
            ],
            "apis": {},
            "sites": 32,
            "prevalence": 0.00285,
            "cnames": [],
            "responseHashes": [
                "e3b0c44298fc1c149afbf4c8996fb92427ae41e4649b934ca495991b7852b855"
            ],
            "type": "Image",
            "firstPartyCookies": {},
            "firstPartyCookiesSent": {
                "lotame_domain_check": 0.00008913450396648542
            },
            "exampleSites": [
                "thepiratebay.org",
                "extremescatporn.com",
                "txxx.com",
                "hentaiworld.tv",
                "vjav.com",
                "m.porn555.com",
                "zoosuck.com",
                "hemenotmikz1.click",
                "jp.jtube.space",
                "www.pornhits.com",
                "hclips.com",
                "titis.org",
                "www.tabooporn.tv",
                "hdzog.com",
                "www.cn.jtube.space",
                "xxx-porn-hub.com",
                "tubepornclassic.com",
                "www.anime-tube.pw",
                "highporn.net",
                "myscatporn.com"
            ]
        }
    ],
    "categories": [],
    "performance": {},
    "cookies": 0,
    "topInitiators": [
        {
            "domain": "wpadmngr.com",
            "prevalence": 0.2903225806451613
        },
        {
            "domain": "ec5e727d37.com",
            "prevalence": 0.27956989247311825
        },
        {
            "domain": "wpshsdk.com",
            "prevalence": 0.24731182795698925
        },
        {
            "domain": "first party",
            "prevalence": 0.11827956989247312
        },
        {
            "domain": "2f488993d1.com",
            "prevalence": 0.053763440860215055
        },
        {
            "domain": "deadhouse.xyz",
            "prevalence": 0.010752688172043012
        }
    ],
    "types": {
        "XHR": 60,
        "Image": 32
    },
    "nameservers": [
        "gabe.ns.cloudflare.com",
        "kay.ns.cloudflare.com"
    ]
}