{
    "domain": "wgplayer.com",
    "owner": {},
    "source": [
        "DuckDuckGo-CA"
    ],
    "prevalence": 0.000904,
    "sites": 9,
    "subdomains": [
        "universal",
        "dsk"
    ],
    "cnames": [],
    "fingerprinting": 2,
    "resources": [
        {
            "rule": "wgplayer\\.com\\/tag\\/",
            "cookies": 0,
            "fingerprinting": 1,
            "subdomains": [
                "universal"
            ],
            "apis": {
                "Navigator.prototype.userAgent": 7,
                "Document.cookie getter": 7
            },
            "sites": 9,
            "prevalence": 0.000904,
            "cnames": [],
            "responseHashes": [
                "3a315ddfdf35384317c429d8d01696ddc27c47a038828dfcf014b59879149b71",
                "9a6aa1df17363f5ab5674598a4a668354be21cde4a54881e8c47151c84c4de38",
                "3d1bb7503eb6dbd08c0829f532e0db20046ed8745ade49f87284f7a50134da3c",
                "9a6fe6cec1dc7530246d8809ebbc3e299275574eb5036d0f211b4b99d614bbd5",
                "e61a48785a623a2b5477f343538b65f2e7390453653a650dddba5207831b125c",
                "420f157d8da22445df17402685c54bbe966c2001b8251fe9ba81a64f41b44ec0",
                "52291c9156ff19686125a54a148521c94d8e452599af22ae95c046c1f276429f",
                "895c9afb5570008f420d60cd5b98a17cbf181898f511909a2327f2a520b2e9c6"
            ],
            "type": "Script",
            "firstPartyCookies": {},
            "firstPartyCookiesSent": {},
            "exampleSites": [
                "malaysiandigest.com",
                "www.chicagojewishnews.com",
                "www.eclipseaviation.com",
                "www.hyaenidae.org",
                "www.ictsd.org",
                "www.leicestershirevillages.com",
                "www.mozartproject.org",
                "www.play-games.com",
                "www.systranbox.com"
            ]
        },
        {
            "rule": "wgplayer\\.com\\/wgd\\/gfc\\/universal-choices\\.min\\.js",
            "cookies": 0,
            "fingerprinting": 0,
            "subdomains": [
                "dsk"
            ],
            "apis": {},
            "sites": 9,
            "prevalence": 0.000904,
            "cnames": [],
            "responseHashes": [
                "dde7bc983ead678f65e14eb7175cd72055b2ee3707195077c0314bad49a582e8"
            ],
            "type": "Script",
            "firstPartyCookies": {},
            "firstPartyCookiesSent": {},
            "exampleSites": [
                "malaysiandigest.com",
                "www.chicagojewishnews.com",
                "www.eclipseaviation.com",
                "www.hyaenidae.org",
                "www.ictsd.org",
                "www.leicestershirevillages.com",
                "www.mozartproject.org",
                "www.play-games.com",
                "www.systranbox.com"
            ]
        }
    ],
    "categories": [],
    "performance": {},
    "cookies": 0.000804,
    "types": {
        "Script": 18
    },
    "nameservers": [
        "olga.ns.cloudflare.com",
        "miles.ns.cloudflare.com"
    ]
}