{
    "domain": "wisepops.com",
    "owner": {
        "name": "Benjamin Cahen",
        "displayName": "Benjamin Cahen"
    },
    "source": [
        "DuckDuckGo-CA"
    ],
    "prevalence": 0.00192,
    "sites": 19,
    "subdomains": [
        "loader",
        "activity",
        "popup",
        "notifications",
        "tracking"
    ],
    "cnames": [],
    "fingerprinting": 2,
    "resources": [
        {
            "rule": "wisepops\\.com\\/get-loader\\.js",
            "cookies": 0.000908,
            "fingerprinting": 2,
            "subdomains": [
                "loader"
            ],
            "apis": {
                "Intl.DateTimeFormat.prototype.resolvedOptions": 11,
                "window.innerHeight": 11,
                "window.innerWidth": 11,
                "window.localStorage": 11,
                "Document.cookie getter": 10,
                "Date.prototype.getTime": 11,
                "Document.cookie setter": 9,
                "window.sessionStorage": 11,
                "Navigator.prototype.cookieEnabled": 9
            },
            "sites": 18,
            "prevalence": 0.00182,
            "cnames": [],
            "responseHashes": [
                "14f1ac4e76de20edff44c66f00bc31ba3e4a6097c802d25a490599c07db31264",
                "e3b0c44298fc1c149afbf4c8996fb92427ae41e4649b934ca495991b7852b855",
                "3fc250deb4a8f3f4d49a32562da64f1fd438c6d48b7d5759145f2b7edbb96551",
                "5426c09138cb0c89740f025d42154c467085384171a3b4e1356251e9fdb4826b",
                "fe477ab2bfec33d042126827dc80c0ba9b842d23d315cd96a85020c1143a90fe"
            ],
            "type": "Script",
            "firstPartyCookies": {
                "wisepops": {
                    "ttl": 63072009,
                    "length": 180,
                    "prevalence": 0.0009083568833266048,
                    "uniqueness": 1
                },
                "wisepops_session": {
                    "ttl": null,
                    "length": 276,
                    "prevalence": 0.0009083568833266048,
                    "uniqueness": 1
                },
                "wisepops_visits": {
                    "ttl": 63072007,
                    "length": 40,
                    "prevalence": 0.0008074283407347598,
                    "uniqueness": 1
                },
                "wisepops_props": {
                    "ttl": 63072010,
                    "length": 180,
                    "prevalence": 0.00020185708518368994,
                    "uniqueness": 1
                }
            },
            "firstPartyCookiesSent": {},
            "exampleSites": [
                "energymuse.com",
                "hackr.io",
                "haynes.com",
                "lustfel.com",
                "silvergoldbull.ca",
                "thelittleslush.com",
                "www.aura.com",
                "www.bmj.com",
                "www.canadaluggagedepot.ca",
                "www.dailywire.com",
                "www.flightcentre.ca",
                "www.greatbritishchefs.com",
                "www.hellotech.com",
                "www.highsnobiety.com",
                "www.microcenter.com",
                "www.millerthomson.com",
                "www.shoutfactorytv.com",
                "www.spacelist.ca"
            ]
        },
        {
            "rule": "wisepops\\.com\\/",
            "cookies": 0,
            "fingerprinting": 0,
            "subdomains": [
                "activity"
            ],
            "apis": {},
            "sites": 12,
            "prevalence": 0.00121,
            "cnames": [],
            "responseHashes": [],
            "type": "Preflight",
            "firstPartyCookies": {},
            "firstPartyCookiesSent": {},
            "exampleSites": [
                "energymuse.com",
                "hackr.io",
                "haynes.com",
                "silvergoldbull.ca",
                "www.aura.com",
                "www.bmj.com",
                "www.canadaluggagedepot.ca",
                "www.dailywire.com",
                "www.flightcentre.ca",
                "www.hartstores.com",
                "www.hellotech.com",
                "www.spacelist.ca"
            ]
        },
        {
            "rule": "wisepops\\.com\\/",
            "cookies": 0,
            "fingerprinting": 0,
            "subdomains": [
                "activity"
            ],
            "apis": {},
            "sites": 12,
            "prevalence": 0.00121,
            "cnames": [],
            "responseHashes": [
                "e3b0c44298fc1c149afbf4c8996fb92427ae41e4649b934ca495991b7852b855"
            ],
            "type": "XHR",
            "firstPartyCookies": {},
            "firstPartyCookiesSent": {},
            "exampleSites": [
                "energymuse.com",
                "hackr.io",
                "haynes.com",
                "silvergoldbull.ca",
                "www.aura.com",
                "www.bmj.com",
                "www.canadaluggagedepot.ca",
                "www.dailywire.com",
                "www.flightcentre.ca",
                "www.hartstores.com",
                "www.hellotech.com",
                "www.spacelist.ca"
            ]
        },
        {
            "rule": "wisepops\\.com\\/my-wisepop",
            "cookies": 0,
            "fingerprinting": 0,
            "subdomains": [
                "popup"
            ],
            "apis": {},
            "sites": 11,
            "prevalence": 0.00111,
            "cnames": [],
            "responseHashes": [
                "49acf657d6756c485656794792d1afd1e4702943456e0c868ec4faf6b38054e5",
                "eb899e252f80e4a4b770bd19dbcaf7baa9bbba3bc36fc3eb98d71124c1f133d4",
                "4907bd1554e43f0068a3ec5c3ae74ab4e1d0f50967285d5c7204a1ebe9a7b0c3",
                "d0f69a7fdbdda754f0db858affea7dfb162848b6446e3cc7bfc7ff0e10c187b8",
                "f4f7d8130e1c8e685f04e9b579a6ddf3d40fc51afdf59eda256f76e44dbaef56",
                "dbdd0877a1afcaf7b71fc49dc55d520d93650edce4c4b756e30ea7bbc60ea730",
                "0c0e994e8ceb5c016f0d6eddf9ba205287e7726499e892c0362c26142acccae0",
                "b002235318dfd169882c3fc9bf7e163025c991adc4dd80c302f23b8991796f92",
                "1eedcf10ae261ecdd055ecabfe1093f370b4c49fa2b306e72479002542c886f2"
            ],
            "type": "XHR",
            "firstPartyCookies": {},
            "firstPartyCookiesSent": {},
            "exampleSites": [
                "energymuse.com",
                "hackr.io",
                "haynes.com",
                "silvergoldbull.ca",
                "www.aura.com",
                "www.bmj.com",
                "www.canadaluggagedepot.ca",
                "www.dailywire.com",
                "www.flightcentre.ca",
                "www.hartstores.com",
                "www.spacelist.ca"
            ]
        },
        {
            "rule": "wisepops\\.com\\/embed\\/settings",
            "cookies": 0,
            "fingerprinting": 0,
            "subdomains": [
                "notifications"
            ],
            "apis": {},
            "sites": 12,
            "prevalence": 0.00121,
            "cnames": [],
            "responseHashes": [
                "44136fa355b3678a1146ad16f7e8649e94fb4fc21fe77e8310c060f61caaff8a",
                "c43620b85dafe3777d530f21b0d7ba50ed1d11b4ab96c4b2b7142bef2ae5af4e",
                "6ed5c7e448104b8bf9bdb9e8f26fafc4719e52aab70fb4247a1e59f4efc7fdcc"
            ],
            "type": "Fetch",
            "firstPartyCookies": {},
            "firstPartyCookiesSent": {},