{
    "domain": "wpnsrv.com",
    "owner": {},
    "source": [
        "DuckDuckGo-CA"
    ],
    "prevalence": 0.00101,
    "sites": 10,
    "subdomains": [
        "js"
    ],
    "cnames": [],
    "fingerprinting": 1,
    "resources": [
        {
            "rule": "wpnsrv\\.com\\/pn\\.php",
            "cookies": 0.000705,
            "fingerprinting": 1,
            "subdomains": [
                "js"
            ],
            "apis": {
                "Navigator.prototype.userAgent": 7,
                "Notification.permission": 7,
                "Document.cookie getter": 7,
                "Document.cookie setter": 7
            },
            "sites": 8,
            "prevalence": 0.000806,
            "cnames": [],
            "responseHashes": [
                "29f1c2a9b9054bca8f1e0e5256bf0aa6afc6a52c3be4d26c0973d427ed37c3f0"
            ],
            "type": "Script",
            "firstPartyCookies": {
                "pn-zone-3389741": {
                    "ttl": 3888001,
                    "length": 13,
                    "prevalence": 0.0001007252215954875,
                    "uniqueness": 1
                },
                "pn-zone-4772926": {
                    "ttl": 3888001,
                    "length": 13,
                    "prevalence": 0.0001007252215954875,
                    "uniqueness": 1
                },
                "pn-zone-3169187": {
                    "ttl": 3888004,
                    "length": 13,
                    "prevalence": 0.0001007252215954875,
                    "uniqueness": 1
                },
                "pn-zone-4947244": {
                    "ttl": 3888002,
                    "length": 13,
                    "prevalence": 0.0001007252215954875,
                    "uniqueness": 1
                },
                "pn-zone-3199593": {
                    "ttl": 3888001,
                    "length": 13,
                    "prevalence": 0.0001007252215954875,
                    "uniqueness": 1
                },
                "pn-zone-4443548": {
                    "ttl": 3888003,
                    "length": 13,
                    "prevalence": 0.0001007252215954875,
                    "uniqueness": 1
                },
                "pn-zone-3382743": {
                    "ttl": 3888002,
                    "length": 13,
                    "prevalence": 0.0001007252215954875,
                    "uniqueness": 1
                }
            },
            "firstPartyCookiesSent": {},
            "exampleSites": [
                "anysex.com",
                "baddiesonly.tv",
                "javideo.net",
                "mylust.com",
                "recordbate.com",
                "www.pictoa.com",
                "www.ratedgross.com",
                "xcafe.com"
            ]
        },
        {
            "rule": "wpnsrv\\.com\\/worker\\.php",
            "cookies": 0,
            "fingerprinting": 0,
            "subdomains": [
                "js"
            ],
            "apis": {},
            "sites": 8,
            "prevalence": 0.000806,
            "cnames": [],
            "responseHashes": [
                "3a66e410eb25c0c74734c046ab31ae7eb69fb47fde0b6e235abbb58dace266bc"
            ],
            "type": "Other",
            "firstPartyCookies": {},
            "firstPartyCookiesSent": {},
            "exampleSites": [
                "anysex.com",
                "hcbdsm.com",
                "javideo.net",
                "recordbate.com",
                "www.eroprofile.com",
                "www.pictoa.com",
                "www.ratedgross.com",
                "xcafe.com"
            ]
        }
    ],
    "categories": [],
    "performance": {},
    "cookies": 0.000705,
    "topInitiators": [
        {
            "domain": "first party",
            "prevalence": 1
        }
    ],
    "types": {
        "Script": 8,
        "Other": 8
    },
    "nameservers": [
        "ns1.dnsowl.com",
        "ns3.dnsowl.com",
        "ns2.dnsowl.com"
    ]
}