{
    "domain": "09e852b0f3.com",
    "owner": {},
    "source": [
        "DuckDuckGo-GB"
    ],
    "prevalence": 0.00414,
    "sites": 41,
    "subdomains": [
        "3b712d30b3"
    ],
    "cnames": [],
    "fingerprinting": 0,
    "resources": [
        {
            "rule": "09e852b0f3\\.com\\/in\\/multy",
            "cookies": 0,
            "fingerprinting": 0,
            "subdomains": [
                "3b712d30b3"
            ],
            "apis": {},
            "sites": 41,
            "prevalence": 0.00414,
            "cnames": [],
            "responseHashes": [],
            "type": "Preflight",
            "firstPartyCookies": {},
            "firstPartyCookiesSent": {},
            "exampleSites": [
                "www.fpo.xxx",
                "extremescatporn.com",
                "www.voyeur-house.life",
                "thotslife.com",
                "www.hitprn.com",
                "forced-porn.net",
                "justswallows.com",
                "milfnut.com",
                "pornzog.com",
                "thethothub.com",
                "tube.perverzija.com",
                "upornia.com",
                "xporn.to",
                "www.luscious.net",
                "thothub.lol",
                "thothub.org",
                "femdom-joi.com",
                "deadhouse.org",
                "highporn.net",
                "tubepornclassic.com"
            ]
        },
        {
            "rule": "09e852b0f3\\.com\\/in\\/multy",
            "cookies": 0,
            "fingerprinting": 0,
            "subdomains": [
                "3b712d30b3"
            ],
            "apis": {},
            "sites": 41,
            "prevalence": 0.00414,
            "cnames": [],
            "responseHashes": [
                "da25038c2ce06be962d92dd799bf07f94af8dfa55ca7d3d4bced926d2845e121",
                "c5e684870668a0a4f45278b0c8aefad53c9cf1911cc4033e3b40e89d0af6fb5e",
                "6ec3fed6e122f3cbc5745ba8430db8409ae78aeec3095d869f1af0bfe165765e",
                "5c1252df846225310ba7304a17dccb303fa9c630879c8fae9ab57ffad0ded731",
                "8ae6de3e40f94a47cc48fb079d480d0874c03cdd8809de43cadfc096220ac725",
                "4993911dbed4739a20b65ac569a9bf862603aa0b1c6a4fd0615e5cbf7a83ea31",
                "4b3e7d189d30aaeca7755b1320702076c54ed29844cb52acb3b9048abb080e98",
                "2126180b384d99d090ca3dfdec88f31b65d5f8137c11a9868fc8885b748f4b9e",
                "d074411cd3b298f181f01bfb4d04ae0b32891196a0e6ea1f02ea54db56bb570a",
                "05ad91d1505c77f59475df9f956d7b6c80f72ecec3de2e98e5bea55c6e2ea5d2",
                "efd9bed936be6a903a88a88a4de28a980cdad059be3c4ad475785a0088982568",
                "3bd836e676fdb3cf8e779dac5c9936ebc2f347d6e54431ad1bd12fc7d920bfda",
                "1579a92c6f0f6ae0e3f8bdda0bd5ad719e8fde6c1b6d53801a2bed2f583cb61c",
                "b8861e6d985cb32e69fdf360735ffb984eb4f5a4860a21f111a8de6e58378af0",
                "5812a99e3fea42082e05a9f92e160f06e6f39127bf4888a33c1305a7d857b9d9",
                "6d840ede5bfd74e99801a7d0dc399a146ba0fdc619626cbdef17dda16e934aea",
                "fdd3110de81aa25bc511af02dd4ff549a9d1551d63ef3984695686e424bac2e8",
                "33f3fef5cb776d86b7a5c1df8931d2ffdfe9189183fcde2b583b67100f26f325",
                "fd7d52f82b986dadaa6a34d4e3e9ba7a69dc2a833882abc19735b5f898968a0d",
                "585608130b2ed2c853d3157b4cfb664ba9fe4e9dee9ae28303e49592ce121fc9",
                "eddbeae22811b9320cc5d9372db4c7440ac941e83a0661cd333baa7963ad4124",
                "c08a28a903de1491390b147c06b85aa337a3c6a86ffb42c84ad259e37ac0250f",
                "c65adea49d5cc024457825323cb023a7430db89ea68261dbca1d4e2bbd2a5581",
                "c8127b5c6505c7974c9e8e1fee0eab9ccdda7ba53ca6498a9e325611e4f09c46",
                "96f748dfec49ac6ed86c166ff6f3058a506a8bd7786944a333c0bb7ea80b85e1",
                "1f5f42001013351b2cfe06de76139cddf5ba4071e7b9733398d783a4616baffa",
                "00f8acdeaec5b52984626c8ddba209ff78a7de065770c396bead6933e427b5aa",
                "dfcac4730c82ace39b1bd6a4f1fbd337097f29446aabf1c31dcf41cb1a376a28",
                "8c3b7135fa5899c31efbf3e12c2971195830500be1eb89f14dd3c4686ce93a47",
                "431c04d6c175ab84fb4798989a2222c306c6d1bfd4c76e9ac3194b70f6cf2bee",
                "f07fbd75020ff27a2200c72ebd708bfd004fc98c81437e95e810838f3c71e589",
                "e286cd927295c19d193f2f7ffa2876f10f336c6ba2e9a2aa7ebaa00e1c66f572",
                "30ca8b05ddee7d26524ece6e85717253804530fb03a6c44021e8941897b6a643",
                "e3b0c44298fc1c149afbf4c8996fb92427ae41e4649b934ca495991b7852b855",
                "a920c5188a06afb4671f2cfb2cc7f9ea2aad9b31a541b6ad97ffb70287c577f9",
                "9bfc27150aff25f580db953c6e496e782ddae96f1bc7e405de804ef3ee707a4c",
                "d136d2f6c8dc6cf280b251c8de57a540bf3b6771f8a70c8c2704b7d7b5376bba",
                "b931b0e8df11c9ca5763297377af154130cb7dc4a9ab25e8713745a997347f1d",
                "540d42824d94cce81807a05688ecb8aaf2e8fd67532f6540a12fbd547d48e48a",
                "6caf24e2de1ee1a2a137909814eb7bd42fdc464db1862bb9f621808c9bb8918f"
            ],
            "type": "XHR",
            "firstPartyCookies": {},
            "firstPartyCookiesSent": {},
            "exampleSites": [
                "thothub.lol",
                "highporn.net",
                "www.perverttube.com",
                "watchporn.to",
                "tube.perverzija.com",
                "thotslife.com",
                "www.luscious.net",
                "pornovideoshub.com",
                "pornogids.net",
                "porn-leaks.net",
                "thethothub.com",
                "www.fpo.xxx",
                "myscatporn.com",
                "www.pornachi.com",
                "camseek.tv",
                "milfnut.com",
                "cambox.to",
                "pornzog.com",
                "javhub.net",
                "bestgore.fun"
            ]
        },
        {
            "rule": "09e852b0f3\\.com\\/in\\/show\\/",
            "cookies": 0,
            "fingerprinting": 0,
            "subdomains": [
                "3b712d30b3"
            ],
            "apis": {},
            "sites": 39,
            "prevalence": 0.00394,
            "cnames": [],
            "responseHashes": [
                "9f7b2482f23bc5be425bb95e405a03cd0ea379cd05dcdf4a8ed5556f8fa0bf16",
                "e3b0c44298fc1c149afbf4c8996fb92427ae41e4649b934ca495991b7852b855"
            ],
            "type": "Image",
            "firstPartyCookies": {},
            "firstPartyCookiesSent": {},
            "exampleSites": [
                "thethothub.com",
                "bestgore.fun",
                "pornzog.com",
                "cambox.to",
                "thothub.lol",
                "pornogids.net",
                "javhub.net",
                "www.pornachi.com",
                "upornia.com",
                "femdom-joi.com",
                "thotslife.com",
                "forced-porn.net",
                "chiks.org",
                "tubepornclassic.com",
                "sexleaks.fun",
                "mangaforfree.net",
                "pornovideoshub.com",
                "www.voyeur-house.life",
                "xporn.to",
                "hclips.com"
            ]
        }
    ],
    "categories": [],
    "performance": {},
    "cookies": 0,
    "topInitiators": [
        {
            "domain": "wpushsdk.com",
            "prevalence": 0.4596774193548387
        },
        {
            "domain": "b76e86c54d.com",
            "prevalence": 0.33064516129032256
        },
        {
            "domain": "first party",
            "prevalence": 0.20161290322580644
        },
        {
            "domain": "deadhouse.xyz",
            "prevalence": 0.008064516129032258
        }
    ],
    "types": {
        "Preflight": 41,
        "XHR": 41,
        "Image": 39
    },
    "nameservers": [
        "dns1.infrapu.sh",
        "dns2.infrapu.sh"
    ]
}