{
    "domain": "53kf.com",
    "owner": {},
    "source": [
        "DuckDuckGo-GB"
    ],
    "prevalence": 0.000201,
    "sites": 2,
    "subdomains": [
        "accwww2",
        "www2"
    ],
    "cnames": [],
    "fingerprinting": 2,
    "resources": [
        {
            "rule": "53kf\\.com\\/sendacc\\.jsp",
            "cookies": 0,
            "fingerprinting": 0,
            "subdomains": [
                "accwww2"
            ],
            "apis": {},
            "sites": 2,
            "prevalence": 0.000201,
            "cnames": [],
            "responseHashes": [],
            "type": "Script",
            "firstPartyCookies": {},
            "firstPartyCookiesSent": {
                "site_initializing": 0.00020074274816822243,
                "site_initializing_time": 0.00010037137408411121,
                "53gid2": 0.00020074274816822243,
                "53gid0": 0.00020074274816822243,
                "53gid1": 0.00020074274816822243,
                "53kf_72351991_from_host": 0.00020074274816822243,
                "guest_id": 0.00010037137408411121
            },
            "exampleSites": [
                "clevguard.com",
                "www.imyfone.com"
            ]
        },
        {
            "rule": "53kf\\.com\\/kf_new\\.php",
            "cookies": 0.0001,
            "fingerprinting": 1,
            "subdomains": [
                "www2"
            ],
            "apis": {
                "Document.cookie setter": 1
            },
            "sites": 2,
            "prevalence": 0.000201,
            "cnames": [],
            "responseHashes": [],
            "type": "Script",
            "firstPartyCookies": {
                "onliner_zdfq72351991": {
                    "ttl": null,
                    "length": 1,
                    "prevalence": 0.00010037137408411121,
                    "uniqueness": 1
                }
            },
            "firstPartyCookiesSent": {
                "site_initializing": 0.00020074274816822243,
                "53gid2": 0.00020074274816822243,
                "53gid0": 0.00020074274816822243,
                "53gid1": 0.00020074274816822243,
                "53kf_72351991_from_host": 0.00020074274816822243,
                "uuid_53kf_72351991": 0.00020074274816822243,
                "guest_id": 0.00010037137408411121
            },
            "exampleSites": [
                "clevguard.com",
                "www.imyfone.com"
            ]
        }
    ],
    "categories": [],
    "performance": {},
    "cookies": 0.000201,
    "topInitiators": [
        {
            "domain": "first party",
            "prevalence": 1
        }
    ],
    "types": {
        "Script": 4
    },
    "nameservers": [
        "vip3.alidns.com",
        "vip4.alidns.com"
    ]
}