{
    "domain": "a-mx.com",
    "owner": {
        "name": "Monet Engine Inc.",
        "displayName": "Monet Engine"
    },
    "source": [
        "DuckDuckGo-GB"
    ],
    "prevalence": 0.00232,
    "sites": 26,
    "subdomains": [
        "id"
    ],
    "cnames": [],
    "fingerprinting": 0,
    "resources": [
        {
            "rule": "a-mx\\.com\\/sync\\/",
            "cookies": 0,
            "fingerprinting": 0,
            "subdomains": [
                "id"
            ],
            "apis": {},
            "sites": 26,
            "prevalence": 0.00232,
            "cnames": [],
            "responseHashes": [
                "ed47474e89e29ddd7e413c20d74c60b91a942d5394a328b72485e5ab62748f67",
                "94d650514608bd4b92509ac206061e2658cf311c013f1db5c0c3e893ad9801e8",
                "c69f983775b51c3d89c43b1c9fb2b0a2528da1cf18fbc85d1ecc183ceb8e5320",
                "0b75b032781f1b44633d9938ed95f200a1e6fdd94819a9694f80b7b5701e370b",
                "d82742f008c85df4d6909bf87b99b5f3356c28cbd875b2ff9162ce2dc6495cbb",
                "f97a7dd794f09ee6255e281c11f52713ce75851857ea18df3618f51de479395a",
                "2d303ef5d5590be05753a1d4d42682fc3ead6d531e601567c45fd678828abfc8",
                "d3bd320bc9b3548611945487c2d9731a86637df8a5676faed64a5536af083fbd"
            ],
            "type": "XHR",
            "firstPartyCookies": {},
            "firstPartyCookiesSent": {
                "lp_356318": 0.00008908685968819599,
                "lp_415135": 0.00008908685968819599,
                "lp_365231": 0.00008908685968819599,
                "lotame_domain_check": 0.0005345211581291759,
                "lp_380087": 0.00008908685968819599,
                "lp_353699": 0.00008908685968819599,
                "lp_93109": 0.00008908685968819599,
                "lp_385899": 0.00008908685968819599,
                "lp_339384": 0.00008908685968819599,
                "lp_51527": 0.00008908685968819599
            },
            "exampleSites": [
                "drudgereport.com",
                "quordle.net",
                "m.timesofindia.com",
                "www.ispreview.co.uk",
                "www.cookingtimes.co.uk",
                "syukcars.co.uk",
                "www.c-sharpcorner.com",
                "www.horoscopes.co.uk",
                "www.ukpostcodecheck.com",
                "thecoinexpert.co.uk",
                "www.findafishingboat.com",
                "codycrossanswers.com",
                "dailythemedcrosswordanswers.com",
                "www.computerhope.com",
                "www.charlieintel.com",
                "www.thetrendspotter.net",
                "staminacomfort.com",
                "wordlegame.org",
                "www.teamblind.com",
                "quordlegame.org"
            ]
        }
    ],
    "categories": [],
    "performance": {},
    "cookies": 0,
    "topInitiators": [
        {
            "domain": "ezodn.com",
            "prevalence": 0.6774193548387096
        },
        {
            "domain": "vuukle.com",
            "prevalence": 0.25806451612903225
        },
        {
            "domain": "sportslocalmedia.com",
            "prevalence": 0.03225806451612903
        },
        {
            "domain": "relevant-digital.com",
            "prevalence": 0.03225806451612903
        }
    ],
    "types": {
        "XHR": 26
    },
    "nameservers": [
        "jamie.ns.cloudflare.com",
        "algin.ns.cloudflare.com"
    ]
}