{
    "domain": "app-us1.com",
    "owner": {
        "name": "ActiveCampaign, Inc.",
        "displayName": "ActiveCampaign"
    },
    "source": [
        "DuckDuckGo-GB"
    ],
    "prevalence": 0.00251,
    "sites": 25,
    "subdomains": [
        "diffuser-cdn",
        "prism"
    ],
    "cnames": [],
    "fingerprinting": 1,
    "resources": [
        {
            "rule": "app-us1\\.com\\/diffuser\\/diffuser\\.js",
            "cookies": 0.00191,
            "fingerprinting": 1,
            "subdomains": [
                "diffuser-cdn"
            ],
            "apis": {
                "Document.cookie getter": 22,
                "Date.prototype.getTime": 20,
                "Document.cookie setter": 19
            },
            "sites": 25,
            "prevalence": 0.00251,
            "cnames": [],
            "responseHashes": [
                "15eb202865d1d835fae2eff61bb922fa91fb4064a1fb850ebadab1f190782648"
            ],
            "type": "Script",
            "firstPartyCookies": {
                "prism_799414891": {
                    "ttl": 2592004,
                    "length": 36,
                    "prevalence": 0.00010028078620136381,
                    "uniqueness": 1
                },
                "prism_26632450": {
                    "ttl": 2592003,
                    "length": 36,
                    "prevalence": 0.00010028078620136381,
                    "uniqueness": 1
                },
                "prism_801113791": {
                    "ttl": 2592002,
                    "length": 36,
                    "prevalence": 0.00010028078620136381,
                    "uniqueness": 1
                },
                "prism_475842407": {
                    "ttl": 2592002,
                    "length": 36,
                    "prevalence": 0.00010028078620136381,
                    "uniqueness": 1
                },
                "prism_66978442": {
                    "ttl": 2592006,
                    "length": 36,
                    "prevalence": 0.00020056157240272763,
                    "uniqueness": 1
                },
                "prism_475889937": {
                    "ttl": 2592007,
                    "length": 36,
                    "prevalence": 0.00010028078620136381,
                    "uniqueness": 1
                },
                "prism_253856689": {
                    "ttl": 2592003,
                    "length": 36,
                    "prevalence": 0.00010028078620136381,
                    "uniqueness": 1
                },
                "prism_224817533": {
                    "ttl": 2592003,
                    "length": 36,
                    "prevalence": 0.00010028078620136381,
                    "uniqueness": 1
                },
                "prism_26668640": {
                    "ttl": 2592007,
                    "length": 36,
                    "prevalence": 0.00020056157240272763,
                    "uniqueness": 1
                },
                "prism_611487216": {
                    "ttl": 2592002,
                    "length": 36,
                    "prevalence": 0.00010028078620136381,
                    "uniqueness": 1
                },
                "prism_25900740": {
                    "ttl": 2592009,
                    "length": 36,
                    "prevalence": 0.00010028078620136381,
                    "uniqueness": 1
                },
                "prism_1000330038": {
                    "ttl": 2592008,
                    "length": 36,
                    "prevalence": 0.00010028078620136381,
                    "uniqueness": 1
                },
                "prism_610588136": {
                    "ttl": 2592003,
                    "length": 36,
                    "prevalence": 0.00010028078620136381,
                    "uniqueness": 1
                },
                "prism_475730647": {
                    "ttl": 2592010,
                    "length": 36,
                    "prevalence": 0.00010028078620136381,
                    "uniqueness": 1
                },
                "prism_610292066": {
                    "ttl": 2592004,
                    "length": 36,
                    "prevalence": 0.00010028078620136381,
                    "uniqueness": 1
                },
                "prism_254052229": {
                    "ttl": 2592002,
                    "length": 36,
                    "prevalence": 0.00010028078620136381,
                    "uniqueness": 1
                },
                "prism_610523846": {
                    "ttl": 2592002,
                    "length": 36,
                    "prevalence": 0.00010028078620136381,
                    "uniqueness": 1
                }
            },
            "firstPartyCookiesSent": {},
            "exampleSites": [
                "info.lse.ac.uk",
                "www.viovet.co.uk",
                "uk.hornby.com",
                "thegetawaylounge.co.uk",
                "www.nerdsandscoundrels.com",
                "www.camplify.co.uk",
                "fcer.org",
                "www.roland.com",
                "www.yopa.co.uk",
                "www.truity.com",
                "www.catster.com",
                "www.classic.com",
                "petrolmap.co.uk",
                "www.clevescene.com",
                "www.jpost.com",
                "www.lse.ac.uk",
                "carfromjapan.com",
                "www.metrotimes.com",
                "www.mpb.com",
                "www.flightconnections.com"
            ]
        },
        {
            "rule": "app-us1\\.com\\/",
            "cookies": 0.00241,
            "fingerprinting": 0,
            "subdomains": [
                "prism"
            ],
            "apis": {},
            "sites": 25,
            "prevalence": 0.00251,
            "cnames": [],
            "responseHashes": [
                "c249525dfaff1a7fefb410a8ab8a0e431742417b87615d2b8f2f696ba33286e2",
                "67a8a3a4506018141be429af3a0aee4cf9c8e302ae38db6e1e278b4908aeba28",
                "e3b0c44298fc1c149afbf4c8996fb92427ae41e4649b934ca495991b7852b855",
                "a4a40bf62113940c0d8ff4ec40102d85cbcee0cc4fac307214df0c3347f3c0f5",
                "c021ba4a0aeedb78f4c3ce7461922c2ffab216f5acd124920bb97029f9e5faf4",
                "8dfa4c3f036df4f20937932a4d17f81b38f567b8259572c818c01b560743bfd1",
                "bfd3778c9d3b446fe57566ac2c4df748e89b0d493d6e4968a0cc41ba1df21cae",
                "7a0d718618c00387f2e65d5b647f89b5d044f310f60f7ede1fd2cf8fdff3c43d",
                "ceeabbbd7965ae270a13aaa478477e1f075766b933ae2da1543b3e7f4e67184d",
                "71169cf6e7e71f7529fa5a43eec5b136d98d7624779f1b68e7cf9202287125ae",
                "3ff4fa3fd2f602a0dd95b7812c09772a6defc73c242248d78836acdeaf2695be",
                "1a1da2a1b09295024bdb2ac2483a9b50b75fe406cb4a68e175a058cbd317b37e",
                "da4aba4e4d0ac5c2a9fc1cc71d41db891619b9676f46fbcfd71196e689a6eb63",
                "0604a724fd3fe96e6d28bcb210d1ff10c59b3dd627c2b6e41d278f80fcfc6c3c",
                "0872433d42c184cf8e8a244a204bd992ffd102828d49ac29836b6efd661bc270",
                "f02fbc67dded4e1f8b0b55b509df681926175cd6e0d4def520cacd972fec1f76",
                "39b2e12ab9e963fc2eb89a3f47636df2d625977af6d0bd127a4f658d2e5a0e45",
                "ccf95f14b646c06bb632306f159d33136c5b91e2a8256ff34cfe1afb9eb7b311",
                "fea213f07cf182e2c883be304c71b59b9aff2d05c310c6b72acd078f6af4dc01",
                "34637d6f60c64ad1f7c911ed73abe7f59c9aa5f19e3e2934a7ee63a89b434d82",
                "d24caa3d927e5bc48e3c14d9689338ae94bb82b5dce4e5b8a871e5af55211456",
                "2a52d17059c704186846d4d273a1a7323f20ac460f14594e0e018d7c7327b0e3"
            ],
            "type": "Script",
            "firstPartyCookies": {},
            "firstPartyCookiesSent": {
                "_hjTLDTest": 0.00010028078620136381,
                "dy_fs_page": 0.00010028078620136381
            },