{
    "domain": "app-us1.com",
    "owner": {
        "name": "ActiveCampaign, Inc.",
        "displayName": "ActiveCampaign"
    },
    "source": [
        "DuckDuckGo-GB"
    ],
    "prevalence": 0.00241,
    "sites": 24,
    "subdomains": [
        "diffuser-cdn",
        "prism"
    ],
    "cnames": [],
    "fingerprinting": 1,
    "resources": [
        {
            "rule": "app-us1\\.com\\/diffuser\\/diffuser\\.js",
            "cookies": 0.00201,
            "fingerprinting": 1,
            "subdomains": [
                "diffuser-cdn"
            ],
            "apis": {
                "Document.cookie getter": 21,
                "Date.prototype.getTime": 22,
                "Document.cookie setter": 20
            },
            "sites": 24,
            "prevalence": 0.00241,
            "cnames": [],
            "responseHashes": [
                "15eb202865d1d835fae2eff61bb922fa91fb4064a1fb850ebadab1f190782648"
            ],
            "type": "Script",
            "firstPartyCookies": {
                "prism_223677903": {
                    "ttl": 2592012,
                    "length": 36,
                    "prevalence": 0.00010037137408411121,
                    "uniqueness": 1
                },
                "prism_799414891": {
                    "ttl": 2592005,
                    "length": 36,
                    "prevalence": 0.00010037137408411121,
                    "uniqueness": 1
                },
                "prism_26632450": {
                    "ttl": 2592007,
                    "length": 36,
                    "prevalence": 0.00010037137408411121,
                    "uniqueness": 1
                },
                "prism_801113791": {
                    "ttl": 2592003,
                    "length": 36,
                    "prevalence": 0.00010037137408411121,
                    "uniqueness": 1
                },
                "prism_223686333": {
                    "ttl": 2592003,
                    "length": 36,
                    "prevalence": 0.00010037137408411121,
                    "uniqueness": 1
                },
                "prism_68385552": {
                    "ttl": 2592003,
                    "length": 36,
                    "prevalence": 0.00010037137408411121,
                    "uniqueness": 1
                },
                "prism_66978442": {
                    "ttl": 2592004,
                    "length": 36,
                    "prevalence": 0.00010037137408411121,
                    "uniqueness": 1
                },
                "prism_253856689": {
                    "ttl": 2592003,
                    "length": 36,
                    "prevalence": 0.00010037137408411121,
                    "uniqueness": 1
                },
                "prism_224817533": {
                    "ttl": 2592002,
                    "length": 36,
                    "prevalence": 0.00010037137408411121,
                    "uniqueness": 1
                },
                "prism_611487216": {
                    "ttl": 2592003,
                    "length": 36,
                    "prevalence": 0.00010037137408411121,
                    "uniqueness": 1
                },
                "prism_651511975": {
                    "ttl": 2592007,
                    "length": 36,
                    "prevalence": 0.00010037137408411121,
                    "uniqueness": 1
                },
                "prism_253344499": {
                    "ttl": 2592004,
                    "length": 36,
                    "prevalence": 0.00010037137408411121,
                    "uniqueness": 1
                },
                "prism_25900740": {
                    "ttl": 2592008,
                    "length": 36,
                    "prevalence": 0.00010037137408411121,
                    "uniqueness": 1
                },
                "prism_26668640": {
                    "ttl": 2592009,
                    "length": 36,
                    "prevalence": 0.00010037137408411121,
                    "uniqueness": 1
                },
                "prism_1000330038": {
                    "ttl": 2592004,
                    "length": 36,
                    "prevalence": 0.00010037137408411121,
                    "uniqueness": 1
                },
                "prism_610588136": {
                    "ttl": 2592003,
                    "length": 36,
                    "prevalence": 0.00010037137408411121,
                    "uniqueness": 1
                },
                "prism_799691191": {
                    "ttl": 2592010,
                    "length": 36,
                    "prevalence": 0.00010037137408411121,
                    "uniqueness": 1
                },
                "prism_610292066": {
                    "ttl": 2592006,
                    "length": 36,
                    "prevalence": 0.00010037137408411121,
                    "uniqueness": 1
                },
                "prism_225948403": {
                    "ttl": 2592003,
                    "length": 36,
                    "prevalence": 0.00010037137408411121,
                    "uniqueness": 1
                },
                "prism_254052229": {
                    "ttl": 2592004,
                    "length": 36,
                    "prevalence": 0.00010037137408411121,
                    "uniqueness": 1
                }
            },
            "firstPartyCookiesSent": {},
            "exampleSites": [
                "tinybuddha.com",
                "www.jpost.com",
                "add.org",
                "www.gendergp.com",
                "www.ancient-origins.net",
                "www.flightconnections.com",
                "www.metrotimes.com",
                "petrolmap.co.uk",
                "www.truity.com",
                "www.viovet.co.uk",
                "www.tuasaude.com",
                "uk.hornby.com",
                "uk.airfix.com",
                "www.classic.com",
                "www.holyrood.com",
                "ideapod.com",
                "www.lse.ac.uk",
                "www.boss.info",
                "carfromjapan.com",
                "musicteachers.co.uk"
            ]
        },
        {
            "rule": "app-us1\\.com\\/",
            "cookies": 0.00241,
            "fingerprinting": 0,
            "subdomains": [
                "prism"
            ],
            "apis": {},
            "sites": 24,
            "prevalence": 0.00241,
            "cnames": [],