{
    "domain": "cookieless-data.com",
    "owner": {},
    "source": [
        "DuckDuckGo-GB"
    ],
    "prevalence": 0.00252,
    "sites": 25,
    "subdomains": [
        "js",
        "kvt"
    ],
    "cnames": [],
    "fingerprinting": 0,
    "resources": [
        {
            "rule": "cookieless-data\\.com\\/GS\\.d",
            "cookies": 0,
            "fingerprinting": 0,
            "subdomains": [
                "js"
            ],
            "apis": {},
            "sites": 7,
            "prevalence": 0.000705,
            "cnames": [],
            "responseHashes": [
                "e3b0c44298fc1c149afbf4c8996fb92427ae41e4649b934ca495991b7852b855"
            ],
            "type": "Script",
            "firstPartyCookies": {},
            "firstPartyCookiesSent": {},
            "exampleSites": [
                "aleteia.org",
                "cineuropa.org",
                "tunebat.com",
                "www.dafont.com",
                "www.for-sale.co.uk",
                "www.free-scores.com",
                "www.infobel.com"
            ]
        },
        {
            "rule": "cookieless-data\\.com\\/api\\/v1\\/public\\/p\\/28662\\/d\\/33\\/c",
            "cookies": 0,
            "fingerprinting": 0,
            "subdomains": [
                "kvt"
            ],
            "apis": {},
            "sites": 18,
            "prevalence": 0.00181,
            "cnames": [],
            "responseHashes": [
                "9c41234212d9ccb9b58d1abb8e93c65d1a65cdae8dec292526a91cdba7b2f8f4",
                "c1a18d0634b14f060ed88053ed008792a8223f04969e0cfe78643de6a67d3d39",
                "c68c44e0179ef61aa082a56fd8e119fddd6307f0201144a9ef267ed11e908d88",
                "0feb2911c71e04fa82a075fb12cd395d01375628f55ce81cacb6f45f367a8d70",
                "aa4d81355edb129411a0e94b0557fa454906fa00e906f810e7135b802d54d637",
                "c84e8e7737316dea98f36253c8dd139bf2860a72828ff3ee85f89cae915d41f9",
                "f82f1f1b3551ffa29e400af9b7d32f560836eeeb9ed293a344b760f0f39867a9",
                "c0e7c0cf1e6a9363c4b435c34c624b4fdb6cf796f6271fede5110102ae944103",
                "3086730ed26d624b392130dddef6a5437b14f444373c87bf942aef4913e4ec11",
                "0d7986016596e94dcad13404b1fcbefccfe7838b919147cfed65b2d232a601fc",
                "9b9973a9c9fc315d0a854b4b4ef50b8a799a465a07594115d67c25779b07c7b4",
                "7057b5360ab25fec3d7a27958e32d7586ebf183176fdf55d31b7b21f27d31e97",
                "764744214e0aaea3d6414dbc495b856149824ab9e002a73fc9d621eb3b1400e2",
                "08f9f1124d0357c9ad9cbb0fe7ad598962075581ce5e9b225854a8af11564271",
                "4c049a22d5c5e0deec9f34dddd21d1ed12735e4054f4b1bc26aeccb56e0624b2",
                "e2c4471ba18fe341c543bbf973b54fba12b9dd7097bda22657d70a0e69af8b6d",
                "4b0a38742c4c5e9df05ada62e21d762282f45982f7d91c63042a49476535e9e8"
            ],
            "type": "Script",
            "firstPartyCookies": {},
            "firstPartyCookiesSent": {
                "lotame_domain_check": 0.0007047925896093435
            },
            "exampleSites": [
                "footymad.net",
                "ccm.net",
                "classics.honestjohn.co.uk",
                "forums.bluemoon-mcfc.co.uk",
                "good-garage-guide.honestjohn.co.uk",
                "millwallonline.com",
                "pasoti.co.uk",
                "vans.honestjohn.co.uk",
                "www.efestivals.co.uk",
                "www.followfollow.com",
                "www.footballcritic.com",
                "www.honestjohn.co.uk",
                "www.londonnet.co.uk",
                "www.societe.com",
                "www.sporcle.com",
                "www.thelondoneconomic.com",
                "www.thinkbabynames.com",
                "yellowsforum.co.uk"
            ]
        }
    ],
    "categories": [],
    "performance": {},
    "cookies": 0,
    "topInitiators": [
        {
            "domain": "ayads.co",
            "prevalence": 0.7307692307692307
        },
        {
            "domain": "consentframework.com",
            "prevalence": 0.23076923076923078
        },
        {
            "domain": "first party",
            "prevalence": 0.038461538461538464
        }
    ],
    "types": {
        "Script": 25
    },
    "nameservers": [
        "dns113.ovh.net",
        "ns113.ovh.net"
    ]
}