{
    "domain": "cookieless-data.com",
    "owner": {},
    "source": [
        "DuckDuckGo-GB"
    ],
    "prevalence": 0.00211,
    "sites": 21,
    "subdomains": [
        "js",
        "kvt"
    ],
    "cnames": [],
    "fingerprinting": 0,
    "resources": [
        {
            "rule": "cookieless-data\\.com\\/GS\\.d",
            "cookies": 0,
            "fingerprinting": 0,
            "subdomains": [
                "js"
            ],
            "apis": {},
            "sites": 8,
            "prevalence": 0.000803,
            "cnames": [],
            "responseHashes": [
                "e3b0c44298fc1c149afbf4c8996fb92427ae41e4649b934ca495991b7852b855"
            ],
            "type": "Script",
            "firstPartyCookies": {},
            "firstPartyCookiesSent": {},
            "exampleSites": [
                "aleteia.org",
                "fajnegotowanie.pl",
                "www.betaseries.com",
                "www.dafont.com",
                "www.free-scores.com",
                "www.for-sale.co.uk",
                "www.infobel.com",
                "www.theanswerbank.co.uk"
            ]
        },
        {
            "rule": "cookieless-data\\.com\\/api\\/v1\\/public\\/p\\/28662\\/d\\/33\\/c",
            "cookies": 0,
            "fingerprinting": 0,
            "subdomains": [
                "kvt"
            ],
            "apis": {},
            "sites": 13,
            "prevalence": 0.0013,
            "cnames": [],
            "responseHashes": [
                "9175a78c58dc7dd5adaacc6e12495a18cd9b2a4fae68f03f2bf531cf13a84d3b",
                "d539000b5592170d8d9cfd17c50efccbe74541eddf0524d0e5f092e6bf892a69",
                "b53e4a054c949239ee5c242cc8a4e98214d1f59e6b11a68ec43fe03838b445f9",
                "a86a906b9b7c380ab0dc1863bf7557d8bc2eb61dc207e944989ecc4dab0966b9",
                "5c252375d9bc40abb1278a1676cb8a8570d86a1664b5daeb630272be479f5203",
                "8663057dea2c1728bb73a40d623c33c7f7a1738e616683736a5bc9baa21a48f1",
                "4e6f15f3b0d82c79f989b192fbc11fa64a206d28ab47a48797f4b5e907940b03",
                "88c907e96a7914d947c7617c830149859d238e7961c3830d87bceeb1471b29f4",
                "8ac713f0cc70220bf5b8f79bc81edd6fbb12c18672946c3e943664170e6447b6",
                "2bcf4739deb1e8d630142598cd4ebbf77c0881b3ea24b568dd0980a0d7beaac4",
                "326da3a42fbd4f5240bc1c1e87bf67a9d3e39b31cf8761a4209ce81eca83517c",
                "019ab7883aed5ee6399d01c0dfc55d52f76f48e20ab08413d5c7e279b8e9a992"
            ],
            "type": "Script",
            "firstPartyCookies": {},
            "firstPartyCookiesSent": {
                "lotame_domain_check": 0.000501856870420556
            },
            "exampleSites": [
                "ccm.net",
                "classics.honestjohn.co.uk",
                "boards.footymad.net",
                "forums.bluemoon-mcfc.co.uk",
                "good-garage-guide.honestjohn.co.uk",
                "vans.honestjohn.co.uk",
                "wisden.com",
                "www.followfollow.com",
                "www.honestjohn.co.uk",
                "www.londonnet.co.uk",
                "www.sporcle.com",
                "www.thelondoneconomic.com",
                "www.thinkbabynames.com"
            ]
        }
    ],
    "categories": [],
    "performance": {},
    "cookies": 0,
    "topInitiators": [
        {
            "domain": "ayads.co",
            "prevalence": 0.6190476190476191
        },
        {
            "domain": "consentframework.com",
            "prevalence": 0.3333333333333333
        },
        {
            "domain": "first party",
            "prevalence": 0.047619047619047616
        }
    ],
    "types": {
        "Script": 21
    },
    "nameservers": [
        "ns113.ovh.net",
        "dns113.ovh.net"
    ]
}