{
    "domain": "goaserv.com",
    "owner": {},
    "source": [
        "DuckDuckGo-GB"
    ],
    "prevalence": 0.00331,
    "sites": 33,
    "subdomains": [
        "go"
    ],
    "cnames": [],
    "fingerprinting": 1,
    "resources": [
        {
            "rule": "goaserv\\.com\\/banner\\.go",
            "cookies": 0,
            "fingerprinting": 0,
            "subdomains": [
                "go"
            ],
            "apis": {},
            "sites": 32,
            "prevalence": 0.00321,
            "cnames": [],
            "responseHashes": [
                "e94beb6c37350d8089a4b53226fa865e01239be817f30abe2ce0a5a8c147d838",
                "88b7cfc030701d6c260488d6ba88dbad8c74036080e40327fdd75af9235d2750",
                "0495e3801f5fb3c0fcae117faf1a49638d271b40d617cb18f229acbf98f02044",
                "f285e28a0387f5284090412097981a81a12c76e7cdc9309a6758f3bfc28a5113",
                "48d631aa64ef290b4e48ee6f703c0e9a9d65f4003678c30b090873397bc09207",
                "65a5a93407a6ebbc3ffdb5d6864cb47b83cd747ad6afd4dd2db49547fa42568e",
                "cbeda716efb28a52b728445580497de5fea0fe137de2fa9aa13fc234289f69f6",
                "95767d3945ba429cd840ab536d0bd0d93346b950daf5f2ff5574b8a299c65db5",
                "8a1caa69687793884b9ac7f5053771a017307d982ab601ab47c5457d7a6ec3ca",
                "dc9e8c3a692d7e91985609c143b4340de726844341a9dc1beaf2c04188b0be72",
                "8eae5ae38ac570b670094956dc60de4e931beeb91eccf1a162644d405f6a8450",
                "9c9b0b5cd8167a32344e98972305eb4c83a7395a2ffb749c9cc72055310b216a",
                "bc090acf1d1b9288cbc67b031e4a8f7a0f43637c88725e732b344b5bc854c323",
                "f719fd99b76f2778790430a41220b9321aaa9340704b044ba4dfd3d13a66e770",
                "5a0f02091196419fe67974e76b5a8062ea623623a94041702594d9b067332887",
                "3a7197a96667a1145b145b4bf77355defd642d884c9239f8fd8a505beb55d828",
                "5deeb2d653e0ef897ce6d38b5634ca38f00d4dbe5207ddff72255812adbbcded",
                "84b25c7f63ac4b28e4e6a3ac80b8fe1368d938cb08c3ae43ebac13c328aad12c",
                "f56b37e244c823824520e321734df3314067a8a41404d7a3e9b45346b28e5eda",
                "f0d9e6d2b6bf0400b77dac3f26d1c100d340a7db2e52c86c65a75ef0d9922a75",
                "86270b4f5668f6a99134caa1aec4970e56b152e93d41ae305f29545463c6a9d9",
                "27284e2a05cd2b37b4317060a7dc7483dc856b37278b9f7900dfea7c29675877",
                "d07299bd19ecc200df9cc6ad63bd935dba12515c7e1efdf2fec7af0ca0fa17ff",
                "2c9448aa32e7eccc7ede8692a935f341ceeb57c41a44ab9d84b1806ad64a47fa",
                "4a26dd49e3413e742cee855a0633de4a3af89f0635bda58d29e8c8154fb3753e",
                "63143a42393f7bb87ad791b93d5cae88a1843016c6d85b97a7f87d5a17df4c71"
            ],
            "type": "Document",
            "firstPartyCookies": {},
            "firstPartyCookiesSent": {},
            "exampleSites": [
                "motherless.com",
                "www.pornhd.com",
                "www.porntrex.com",
                "www.dirtyshack.com",
                "xnxxx.world",
                "xnxx-xxx.pro",
                "dirtyindianporn.info",
                "porn555.com",
                "hqporn.xxx",
                "porndoe.com",
                "sxyprn.com",
                "pornzog.com",
                "chan.sankakucomplex.com",
                "porn-xnxx.com",
                "3gpking.name",
                "x-xx.pro",
                "la.spankbang.com",
                "www.gekso.org",
                "www.mypornhere.com",
                "leakxxx.com"
            ]
        },
        {
            "rule": "goaserv\\.com\\/imp\\.go",
            "cookies": 0,
            "fingerprinting": 0,
            "subdomains": [
                "go"
            ],
            "apis": {},
            "sites": 2,
            "prevalence": 0.000201,
            "cnames": [],
            "responseHashes": [
                "e3b0c44298fc1c149afbf4c8996fb92427ae41e4649b934ca495991b7852b855"
            ],
            "type": "Image",
            "firstPartyCookies": {},
            "firstPartyCookiesSent": {},
            "exampleSites": [
                "sxyprn.com",
                "sxyprn.net"
            ]
        },
        {
            "rule": "goaserv\\.com\\/loadeactrl\\.go",
            "cookies": 0,
            "fingerprinting": 2,
            "subdomains": [
                "go"
            ],
            "apis": {
                "Screen.prototype.availHeight": 2,
                "Screen.prototype.availWidth": 2,
                "Date.prototype.getTime": 2,
                "window.localStorage": 2,
                "Screen.prototype.height": 2,
                "Screen.prototype.width": 2,
                "window.innerHeight": 2,
                "window.innerWidth": 2
            },
            "sites": 2,
            "prevalence": 0.000201,
            "cnames": [],
            "responseHashes": [
                "ab0b24ea53fb62e28645b91ef088ab83b9d732b31ba3408feb51f2b596efc0fb"
            ],
            "type": "Script",
            "firstPartyCookies": {},
            "firstPartyCookiesSent": {},
            "exampleSites": [
                "gotporn.com",
                "www.pornhd.com"
            ]
        },
        {
            "rule": "goaserv\\.com\\/eactrl\\.go",
            "cookies": 0,
            "fingerprinting": 0,
            "subdomains": [
                "go"
            ],
            "apis": {},
            "sites": 2,
            "prevalence": 0.000201,
            "cnames": [],
            "responseHashes": [
                "1d631073284efcecae2fe344784e629c4d470b20a3398da246a58866936c71a4"
            ],
            "type": "XHR",
            "firstPartyCookies": {},
            "firstPartyCookiesSent": {},
            "exampleSites": [
                "gotporn.com",
                "www.pornhd.com"
            ]
        }
    ],
    "categories": [],
    "performance": {},
    "cookies": 0,
    "types": {
        "Document": 32,
        "Image": 2,
        "Script": 2,
        "XHR": 2
    },
    "nameservers": [
        "dns2.registrar-servers.com",
        "dns1.registrar-servers.com"
    ]
}