{
    "domain": "goinstore.com",
    "owner": {},
    "source": [
        "DuckDuckGo-GB"
    ],
    "prevalence": 0.000702,
    "sites": 7,
    "subdomains": [
        "gis"
    ],
    "cnames": [],
    "fingerprinting": 2,
    "resources": [
        {
            "rule": "goinstore\\.com\\/gis\\/jsapi\\/init-info\\/gisCallbacks\\.initInfo",
            "cookies": 0.000702,
            "fingerprinting": 0,
            "subdomains": [
                "gis"
            ],
            "apis": {},
            "sites": 7,
            "prevalence": 0.000702,
            "cnames": [],
            "responseHashes": [
                "cbfe5d75d725bb69634522acf4cdbedda4540609f16ebcb71061f3f05281b1e0",
                "def2f674143dc7e46a5a81e3b3af2afabbab6cb0903ad9cfea13e61c362e0c84",
                "1506432d2aa014539a599b7a74a0c0deaa514b478a52c1357b3d6b216229815d",
                "1ec5c922036bed7f91315333d4cf97466032137dde8aa1d761af34b63d1342b0",
                "4908566c8c143c21bb19f070a3bda5417c202be65ba54e06136323d3aabb02c8",
                "519aaf0c4de7d903c56117d00c64948ad97e3c82c603d584bd401d9525b58abb"
            ],
            "type": "Script",
            "firstPartyCookies": {},
            "firstPartyCookiesSent": {
                "gis": 0.00020066218521119696,
                "dy_fs_page": 0.00010033109260559848
            },
            "exampleSites": [
                "currys.co.uk",
                "www.carpetright.co.uk",
                "www.ernestjones.co.uk",
                "www.hsamuel.co.uk",
                "www.miele.co.uk",
                "www.ribblecycles.co.uk",
                "www.scs.co.uk"
            ]
        },
        {
            "rule": "goinstore\\.com\\/gis\\/css",
            "cookies": 0.000702,
            "fingerprinting": 0,
            "subdomains": [
                "gis"
            ],
            "apis": {},
            "sites": 7,
            "prevalence": 0.000702,
            "cnames": [],
            "responseHashes": [
                "c5c2020b7881597e6c53bf333b7bd6e4f9dbb477bbb2e05a1838b1b4ef9d549c",
                "8fe7f04a87d0d003ef5b3c4aa921048f208a80caf0aa9009e0b5ab41437c8f06",
                "3a2d09e88eb8cc03fac92017eaaf4711ef88f692cafd8be146b573a4176808d5",
                "ab0db490f0c93e21d37d6b56d74d47d7d15284c6c6b13e22d251cafbb790826d",
                "8ccd991783bf7a1b05649a7d86599ce9f8982cc1ee299a954ea813a764c357ac",
                "e442603e2f35e8c5bc094fb7e9bfb4d41006e0a4d462729f6d9c20970f1ef854"
            ],
            "type": "Stylesheet",
            "firstPartyCookies": {},
            "firstPartyCookiesSent": {},
            "exampleSites": [
                "currys.co.uk",
                "www.carpetright.co.uk",
                "www.ernestjones.co.uk",
                "www.hsamuel.co.uk",
                "www.miele.co.uk",
                "www.ribblecycles.co.uk",
                "www.scs.co.uk"
            ]
        },
        {
            "rule": "goinstore\\.com\\/gis\\/jsapi\\/isClerkAvailable\\/clerkIsAvailable\\/clerkIsNotAvailable",
            "cookies": 0.000502,
            "fingerprinting": 0,
            "subdomains": [
                "gis"
            ],
            "apis": {},
            "sites": 5,
            "prevalence": 0.000502,
            "cnames": [],
            "responseHashes": [
                "df954db012c7d79eaa2a26637f758ef3c3ecbde0c3b199f3d38084303d2abdac"
            ],
            "type": "Script",
            "firstPartyCookies": {},
            "firstPartyCookiesSent": {
                "dy_fs_page": 0.00010033109260559848
            },
            "exampleSites": [
                "currys.co.uk",
                "www.carpetright.co.uk",
                "www.miele.co.uk",
                "www.ribblecycles.co.uk",
                "www.scs.co.uk"
            ]
        },
        {
            "rule": "goinstore\\.com\\/gis\\/images\\/img\\/cta-logo\\.png",
            "cookies": 0.000201,
            "fingerprinting": 0,
            "subdomains": [
                "gis"
            ],
            "apis": {},
            "sites": 2,
            "prevalence": 0.000201,
            "cnames": [],
            "responseHashes": [
                "0127953e9a52a56f9657cd30b5404da4fecd31952c794482e21c73a0612ce444"
            ],
            "type": "Image",
            "firstPartyCookies": {},
            "firstPartyCookiesSent": {},
            "exampleSites": [
                "currys.co.uk",
                "www.ribblecycles.co.uk"
            ]
        }
    ],
    "categories": [],
    "performance": {},
    "cookies": 0.000702,
    "types": {
        "Script": 12,
        "Stylesheet": 7,
        "Image": 2
    },
    "nameservers": [
        "ns-421.awsdns-52.com",
        "ns-1795.awsdns-32.co.uk",
        "ns-1272.awsdns-31.org",
        "ns-655.awsdns-17.net"
    ]
}