{
    "domain": "goinstore.com",
    "owner": {},
    "source": [
        "DuckDuckGo-GB"
    ],
    "prevalence": 0.000807,
    "sites": 8,
    "subdomains": [
        "gis",
        "static-gis"
    ],
    "cnames": [],
    "fingerprinting": 3,
    "resources": [
        {
            "rule": "goinstore\\.com\\/gis\\/jsapi\\/init-info\\/gisCallbacks\\.initInfo",
            "cookies": 0.000706,
            "fingerprinting": 0,
            "subdomains": [
                "gis"
            ],
            "apis": {},
            "sites": 7,
            "prevalence": 0.000706,
            "cnames": [],
            "responseHashes": [
                "993f0e744c9a7c452d3824915cf8a7865d0a815c696882a45a5be8d532d97b7f",
                "414483f715efb83d0435a5169e3293df48a59f969607456e4c70ab474419ca32",
                "0e28e8a040ac914f1ac543efbe150f33e9c766429642bbca062fadc4117b625e",
                "a8f004b8f571db65fcd6ceba6c6dbd5c874e2e3b9d985289d9bda4113953970f",
                "720846274a08b8cd7de42a67c207b78b8cdae4ec259ed5f7072c245c517e4a77",
                "80c7a3193de76c797f1b1ae0e5dbd4308eee619d749976f2a57f25b52be09b65"
            ],
            "type": "Script",
            "firstPartyCookies": {},
            "firstPartyCookiesSent": {
                "giscalluseruuid": 0.00010087763542822556,
                "gpv_url": 0.00010087763542822556,
                "gis": 0.00020175527085645111
            },
            "exampleSites": [
                "currys.co.uk",
                "www.carpetright.co.uk",
                "www.cotswoldco.com",
                "www.currys.co.uk",
                "www.ernestjones.co.uk",
                "www.hsamuel.co.uk",
                "www.ribblecycles.co.uk"
            ]
        },
        {
            "rule": "goinstore\\.com\\/gis\\/css",
            "cookies": 0.000706,
            "fingerprinting": 0,
            "subdomains": [
                "gis"
            ],
            "apis": {},
            "sites": 7,
            "prevalence": 0.000706,
            "cnames": [],
            "responseHashes": [
                "267f1fb34c75d7492996713cb397364943f46f2ebb54410af406179f27072a9b",
                "94f090def9490a19fb90b48da62cca4608df621585cf55ed0ed8fcd625bf0357",
                "1d1d2a79babdaa478b8cb9b5f0961d3e9aecbcfcee8c9bf1375e566fa62846ac",
                "20305f23abb1270e141fb5acfc16aa44051486f2b47aa64fa41a55d2acbf47c7",
                "c301a13ba8ab69cc96c1a4d33c2756080924c126b660018e7d333bf3be127810",
                "8acf72b13502fd4026ccf676780f16fbc859cb998e0c68ac1ff040d9841e28d4"
            ],
            "type": "Stylesheet",
            "firstPartyCookies": {},
            "firstPartyCookiesSent": {},
            "exampleSites": [
                "currys.co.uk",
                "www.carpetright.co.uk",
                "www.cotswoldco.com",
                "www.currys.co.uk",
                "www.ernestjones.co.uk",
                "www.hsamuel.co.uk",
                "www.ribblecycles.co.uk"
            ]
        },
        {
            "rule": "goinstore\\.com\\/gis\\/jsapi\\/isClerkAvailable\\/clerkIsAvailable\\/clerkIsNotAvailable",
            "cookies": 0.000706,
            "fingerprinting": 0,
            "subdomains": [
                "gis"
            ],
            "apis": {},
            "sites": 7,
            "prevalence": 0.000706,
            "cnames": [],
            "responseHashes": [
                "0fea0df831035eb3537e7f46864da0d69efba0fecad3359aa9dd3b32b54feb9b"
            ],
            "type": "Script",
            "firstPartyCookies": {},
            "firstPartyCookiesSent": {
                "giscalluseruuid": 0.00010087763542822556,
                "gpv_url": 0.00010087763542822556,
                "gis": 0.00020175527085645111
            },
            "exampleSites": [
                "currys.co.uk",
                "www.carpetright.co.uk",
                "www.cotswoldco.com",
                "www.currys.co.uk",
                "www.ernestjones.co.uk",
                "www.hsamuel.co.uk",
                "www.ribblecycles.co.uk"
            ]
        },
        {
            "rule": "goinstore\\.com\\/gis\\/images\\/img\\/cta-logo\\.png",
            "cookies": 0.000605,
            "fingerprinting": 0,
            "subdomains": [
                "gis"
            ],
            "apis": {},
            "sites": 6,
            "prevalence": 0.000605,
            "cnames": [],
            "responseHashes": [
                "6745331a42eac2bbb637c6fe2910cb7859133727d004ce55869a49bfdf60ab30",
                "dda7f9788ffb02abead3d525151729ce3ec7656d14558c45ad365a7a8daf5d25",
                "2b3a9135d08d10fa9e42afdb16282f0021f7c784d1cbe20b14ca7e01f5736980",
                "1f12e5a85e3bf10138780b2f25d922e9f65b154705ac1675827bd046ef7e2489",
                "540e6e195c6d9c206a3190b8cfa28045330bceb3a6de6393a536cc28985a99b2"
            ],
            "type": "Image",
            "firstPartyCookies": {},
            "firstPartyCookiesSent": {},
            "exampleSites": [
                "currys.co.uk",
                "www.carpetright.co.uk",
                "www.cotswoldco.com",
                "www.currys.co.uk",
                "www.ribblecycles.co.uk",
                "www.scs.co.uk"
            ]
        },
        {
            "rule": "goinstore\\.com\\/fonts\\/Roboto\\/roboto-v29-vietnamese_latin-ext_latin_greek-ext_greek_cyrillic-ext_cyrillic-regular\\.woff2",
            "cookies": 0,
            "fingerprinting": 0,
            "subdomains": [
                "static-gis"
            ],
            "apis": {},
            "sites": 2,
            "prevalence": 0.000202,
            "cnames": [],
            "responseHashes": [
                "0c3575d736b4b0a00903974bbe00fafb3fc232581fc37039056f15ee47e06ad9"
            ],
            "type": "Font",
            "firstPartyCookies": {},
            "firstPartyCookiesSent": {},
            "exampleSites": [
                "carpetright.co.uk",
                "www.ribblecycles.co.uk"
            ]
        },
        {
            "rule": "goinstore\\.com\\/gis\\/jsapi\\/all-active-broadcasts\\/broadcastCallback",
            "cookies": 0.000202,
            "fingerprinting": 0,
            "subdomains": [
                "gis"
            ],
            "apis": {},
            "sites": 2,
            "prevalence": 0.000202,
            "cnames": [],
            "responseHashes": [
                "a2bfc4ae88b8e43dd254536f3da8546c8f673fa5733d7e57f627114d98ee3d92"
            ],
            "type": "Script",
            "firstPartyCookies": {},
            "firstPartyCookiesSent": {
                "gpv_url": 0.00010087763542822556
            },
            "exampleSites": [
                "currys.co.uk",
                "www.ribblecycles.co.uk"
            ]
        }
    ],
    "categories": [],
    "performance": {},
    "cookies": 0.000807,
    "types": {
        "Script": 16,
        "Stylesheet": 7,
        "Image": 6,
        "Font": 2
    },
    "nameservers": [
        "ns-1272.awsdns-31.org",
        "ns-1795.awsdns-32.co.uk",
        "ns-655.awsdns-17.net",
        "ns-421.awsdns-52.com"
    ]
}