{
    "domain": "gscontxt.net",
    "owner": {},
    "source": [
        "DuckDuckGo-GB"
    ],
    "prevalence": 0.00341,
    "sites": 34,
    "subdomains": [
        "stuffnz-sydney",
        "pedestrian-sydney",
        "torstar",
        "onexl",
        "hoopla-uk",
        "vmg-ash",
        "vmg-useast"
    ],
    "cnames": [],
    "fingerprinting": 0,
    "resources": [
        {
            "rule": "gscontxt\\.net\\/main\\/channels\\.cgi",
            "cookies": 0,
            "fingerprinting": 0,
            "subdomains": [
                "stuffnz-sydney",
                "pedestrian-sydney",
                "torstar"
            ],
            "apis": {},
            "sites": 4,
            "prevalence": 0.000401,
            "cnames": [],
            "responseHashes": [
                "3c90115c8b7755427af043d029221d7ace402e333d42dcfb57e531a47c8c1f86",
                "3ad589dbb14c8f9e69b0d537ddd26cd23e4c1870df6b9bf23d7e03a6fa091e66",
                "87613b2c7d0654f058061a3e2c2b89e2a23888158ab5c5e86b3087df125aa050"
            ],
            "type": "Script",
            "firstPartyCookies": {},
            "firstPartyCookiesSent": {},
            "exampleSites": [
                "stuff.co.nz",
                "www.lifehacker.com.au",
                "www.stuff.co.nz",
                "www.thestar.com"
            ]
        },
        {
            "rule": "gscontxt\\.net\\/multizone\\/channels\\.cgi",
            "cookies": 0,
            "fingerprinting": 0,
            "subdomains": [
                "onexl",
                "hoopla-uk",
                "vmg-ash",
                "vmg-useast"
            ],
            "apis": {},
            "sites": 27,
            "prevalence": 0.00271,
            "cnames": [],
            "responseHashes": [
                "7ea4ac5f3226573475272c5ac0c73c94ec4045f7083b6b2333aee7ca888c5932",
                "b8bab103b8cbbb7b889dd4518226d11578061045c351c68c3d57ed807b8a9de2",
                "7154e972f1313a3893c69377807797e231995269e53fbffc1722010433d2ab62",
                "f93003c94ce3ca5bce7951c8a4e3bbf05ef6f35e36034721a1057170478f9f18",
                "cebc6fc0c157973fff39b7453daf467af7f182478a199f435acbb6a8368c1e35",
                "72f49f639336afcd61815a6f45d705286b2e800d16d4a4256342253b5b166e63",
                "ffed835b433efdea22c0d551bf902290b71691f8d9cc22af1c0952a344fe07b5",
                "7d35aa653c93f43c2afe36bcd23f3738a91582b2eabb3fed5d4af09c8a60aec1",
                "057bda302bd205fb8097d386e57824f2dd3c3fa43fcb5bcc5a0054e3eed35dda",
                "f8076a3c8b59918cb692eb527181c3cd7876a1efd1714cb37fa3dee0a7c4ca6f",
                "d277d26e09ac4e8de5f222f76acaaf3269e8316328a0a926bf12abb8de728059",
                "c44919f96747dfe7c8f04d0f6952db64688bd777722872ccb9be50621941376c",
                "9177add32e350c09c4a9ce100212c1fe76ee37b08c49e0140f39985ea895d73a",
                "adee6539454c724edc2d014a8b29ea67da6ec8f62af1313e0f3e407a692af1a2",
                "967f900d9bb2c581e099aac4a46c8647ff15d3cbf5a437f3f48547325e72b950",
                "fc6b887ed821497956b0b80fa18a4f329cfbd976e57d5992bf02883da5b45bfe",
                "708a2d1b56e6f88ead0fc67a0404e21ac7f07d93ea7a2623735af815c8479861",
                "6847a6608a023b3187f72beb2e3f803d453d6348c2bd0926693fb3baf0bb7173",
                "39f24faada2c54fa2c77190ff69cae76457cbed261511f51037c717e4d5b3d43",
                "216162ce2e79f18b10f79d3217a4c23458b5543478ea3a703af022e3354a3f0f",
                "4392e5162c81a7ea90ba0c1bf05df526256a549f90df4707411bd4a3a15fe3fb",
                "b3f2094c2271aafd0edcb82ecb773b7e8eb541b77161e04f7e7fbf41e137dc3f",
                "0c436e371e309409c0d3b2e778fa0664beaef163336a1ebcfc44dfd60b36b91f",
                "19c612dbba6fbbadd35ff2e16484787820781347a6698a59cc596f69f1c6cd9c",
                "5c8476b8f0b85da76688cf37fe556ac6cf7d7b9ac610eb0b7d0b765ec3f77a18",
                "e5420cf7b318385b223dd3ed7ae784b0f66696378d048996e237d052424210b3"
            ],
            "type": "Script",
            "firstPartyCookies": {},
            "firstPartyCookiesSent": {
                "__pid": 0.001906099518459069,
                "lotame_domain_check": 0.00010032102728731942
            },
            "exampleSites": [
                "www.yorkshirepost.co.uk",
                "www.frenchentree.com",
                "www.thescarboroughnews.co.uk",
                "blackpoolgazette.co.uk",
                "www.refinery29.com",
                "www.northamptonchron.co.uk",
                "www.northantstelegraph.co.uk",
                "www.scotsman.com",
                "www.yorkshireeveningpost.co.uk",
                "www.vice.com",
                "www.shieldsgazette.com",
                "www.thestar.co.uk",
                "www.irishnews.com",
                "www.wigantoday.net",
                "www.manchesterworld.uk",
                "www.sussexexpress.co.uk",
                "www.peterboroughtoday.co.uk",
                "www.sunderlandecho.com",
                "www.newsletter.co.uk",
                "www.derbyshiretimes.co.uk"
            ]
        }
    ],
    "categories": [],
    "performance": {},
    "cookies": 0,
    "topInitiators": [
        {
            "domain": "googletagmanager.com",
            "prevalence": 0.6764705882352942
        },
        {
            "domain": "first party",
            "prevalence": 0.29411764705882354
        },
        {
            "domain": "vice.com",
            "prevalence": 0.029411764705882353
        }
    ],
    "types": {
        "Script": 31
    },
    "nameservers": [
        "ns1.p27.dynect.net",
        "ns4.p27.dynect.net",
        "ns2.p27.dynect.net",
        "ns3.p27.dynect.net"
    ]
}