{
    "domain": "ipp-meredith.com",
    "owner": {},
    "source": [
        "DuckDuckGo-GB"
    ],
    "prevalence": 0.000303,
    "sites": 3,
    "subdomains": [
        "cookie-stream"
    ],
    "cnames": [],
    "fingerprinting": 0,
    "resources": [
        {
            "rule": "ipp-meredith\\.com\\/v1\\/s",
            "cookies": 0.000303,
            "fingerprinting": 0,
            "subdomains": [
                "cookie-stream"
            ],
            "apis": {},
            "sites": 3,
            "prevalence": 0.000303,
            "cnames": [],
            "responseHashes": [
                "3e9abc777c77f6bc590088280934c5094b4d1c84415f53a988a50d0b9470c0fa"
            ],
            "type": "Script",
            "firstPartyCookies": {},
            "firstPartyCookiesSent": {
                "globalTI_SID": 0.0003027856277755349,
                "_pbjs_userid_consent_data": 0.0003027856277755349,
                "ajs_anonymous_id": 0.0003027856277755349,
                "OptanonConsent": 0.0003027856277755349,
                "_gcl_au": 0.0003027856277755349,
                "muuid_link": 0.0003027856277755349,
                "muuid_session": 0.0003027856277755349,
                "muuid_channel": 0.0003027856277755349,
                "muuid_current_channel": 0.0003027856277755349,
                "_ga": 0.00010092854259184497,
                "_gid": 0.00010092854259184497,
                "_li_dcdm_c": 0.00020185708518368994
            },
            "exampleSites": [
                "ew.com",
                "www.eatingwell.com",
                "www.myrecipes.com"
            ]
        }
    ],
    "categories": [],
    "performance": {},
    "cookies": 0.000303,
    "topInitiators": [
        {
            "domain": "googletagmanager.com",
            "prevalence": 1
        }
    ],
    "types": {
        "Script": 3
    },
    "nameservers": [
        "ns-1235.awsdns-26.org",
        "ns-1629.awsdns-11.co.uk",
        "ns-452.awsdns-56.com",
        "ns-1005.awsdns-61.net"
    ]
}