{
    "domain": "ipp-meredith.com",
    "owner": {},
    "source": [
        "DuckDuckGo-GB"
    ],
    "prevalence": 0.000401,
    "sites": 4,
    "subdomains": [
        "cookie-stream"
    ],
    "cnames": [],
    "fingerprinting": 0,
    "resources": [
        {
            "rule": "ipp-meredith\\.com\\/v1\\/s",
            "cookies": 0.000401,
            "fingerprinting": 0,
            "subdomains": [
                "cookie-stream"
            ],
            "apis": {},
            "sites": 4,
            "prevalence": 0.000401,
            "cnames": [],
            "responseHashes": [
                "3e9abc777c77f6bc590088280934c5094b4d1c84415f53a988a50d0b9470c0fa"
            ],
            "type": "Script",
            "firstPartyCookies": {},
            "firstPartyCookiesSent": {
                "globalTI_SID": 0.00040148549633644485,
                "ajs_anonymous_id": 0.00040148549633644485,
                "_pbjs_userid_consent_data": 0.00040148549633644485,
                "OptanonConsent": 0.00040148549633644485,
                "_gcl_au": 0.00040148549633644485,
                "muuid_link": 0.00030111412225233364,
                "muuid_session": 0.00030111412225233364,
                "muuid_channel": 0.00030111412225233364,
                "muuid_current_channel": 0.00030111412225233364,
                "mt.v": 0.00020074274816822243,
                "_dor": 0.00010037137408411121,
                "_li_dcdm_c": 0.00030111412225233364
            },
            "exampleSites": [
                "ew.com",
                "www.cookinglight.com",
                "www.eatingwell.com",
                "www.myrecipes.com"
            ]
        }
    ],
    "categories": [],
    "performance": {},
    "cookies": 0.000401,
    "topInitiators": [
        {
            "domain": "googletagmanager.com",
            "prevalence": 0.75
        },
        {
            "domain": "first party",
            "prevalence": 0.25
        }
    ],
    "types": {
        "Script": 4
    },
    "nameservers": [
        "ns-452.awsdns-56.com",
        "ns-1005.awsdns-61.net",
        "ns-1629.awsdns-11.co.uk",
        "ns-1235.awsdns-26.org"
    ]
}