{
    "domain": "livejasmin.com",
    "owner": {
        "name": "DOCLER IP S.A R.L.",
        "displayName": "Docler IP"
    },
    "source": [
        "DuckDuckGo-GB"
    ],
    "prevalence": 0.00151,
    "sites": 15,
    "subdomains": [
        "crmt"
    ],
    "cnames": [],
    "fingerprinting": 1,
    "resources": [
        {
            "rule": "livejasmin\\.com\\/vast\\/v3",
            "cookies": 0.000303,
            "fingerprinting": 0,
            "subdomains": [
                "crmt"
            ],
            "apis": {},
            "sites": 3,
            "prevalence": 0.000303,
            "cnames": [],
            "responseHashes": [
                "04bd70dca1b16b6af1966ddaa72b4f1f00023e0f9584b738288f1816714332ce",
                "2f5ef234de5fb1a25da9ae4cddcc383dd609735aed6eb9b3707465e65e907771"
            ],
            "type": "Fetch",
            "firstPartyCookies": {},
            "firstPartyCookiesSent": {},
            "exampleSites": [
                "gay.bingo",
                "homemade.xxx",
                "www.porntry.com"
            ]
        },
        {
            "rule": "livejasmin\\.com\\/post\\/play",
            "cookies": 0.000908,
            "fingerprinting": 1,
            "subdomains": [
                "crmt"
            ],
            "apis": {
                "Date.prototype.getTime": 9,
                "window.innerHeight": 2,
                "window.innerWidth": 2
            },
            "sites": 9,
            "prevalence": 0.000908,
            "cnames": [],
            "responseHashes": [
                "235f8955aac55e6f8bf7acb26764aa17c3264ea698bca3d2e603ea2b652ec52d",
                "7bebaad9dfe1031fb249d996bae1c3aaf37c2c246e6bb7bf043809dad680b530",
                "f9c17a775593fdc478b07d495fdcee27aef3ab74a6c06238fe8d068b1b8b9c1d",
                "6ecb0c10d24195ecac3c16c5b50d36b3e3a1a5f737535a37043df7f33fb4a68c",
                "e90cb8abef4f0c55dd66cf457b2ac06926268d89916b092a34eb1e6b5cc3b34a",
                "d5db1c8d120c21b5150daaf34576532a198c2be40a2fa898c0358730529b9f90",
                "7dff2166cf9197ff5eb0368abc2e1a1551aa261d9127c6d50897297dbbd69fe1",
                "69ca93d5172a5274b28e058f93fc13d2aa599b91b0b111d7884d1105b11230b1"
            ],
            "type": "Document",
            "firstPartyCookies": {},
            "firstPartyCookiesSent": {},
            "exampleSites": [
                "spankbang.com",
                "ok.xxx",
                "www.4tube.com",
                "www.lesbian8.com",
                "www.pornhat.com",
                "www.porntry.com",
                "www.porntube.com",
                "www.tnaflix.com",
                "www.tranny.one"
            ]
        },
        {
            "rule": "livejasmin\\.com\\/post\\/play\\/vip\\/tic",
            "cookies": 0.000202,
            "fingerprinting": 1,
            "subdomains": [
                "crmt"
            ],
            "apis": {
                "Date.prototype.getTime": 2
            },
            "sites": 2,
            "prevalence": 0.000202,
            "cnames": [],
            "responseHashes": [
                "e44223d2992b2f5b354f8ac468fc7c644445e139f6b049141c32b619bc76cd28"
            ],
            "type": "Document",
            "firstPartyCookies": {},
            "firstPartyCookiesSent": {},
            "exampleSites": [
                "spankbang.com",
                "jp.spankbang.com"
            ]
        },
        {
            "rule": "livejasmin\\.com\\/post\\/fslf",
            "cookies": 0.000908,
            "fingerprinting": 1,
            "subdomains": [
                "crmt"
            ],
            "apis": {
                "Date.prototype.getTime": 9,
                "window.innerHeight": 2,
                "window.innerWidth": 2
            },
            "sites": 9,
            "prevalence": 0.000908,
            "cnames": [],
            "responseHashes": [
                "c6f75fd5500f2ceb000ddf34fa0ea95738b4752f55c06800d07efe9ae888b7ca",
                "3bb29f26421f7bb3cb72636507922a2d6bea7640fcb61921db5e7bf3c27c9a1e",
                "64bf93560a31dc56b28b753c3ea547bfb4c1364d72d75333e69b11f90bc89ced",
                "5d695a7729bd4c90d20b68dfddc486e0a6ae2e70fb54e0cce46c0d34ef3de969",
                "13f3a150ccd7d68d21a12d7292478221918745b488005c6efaf6f83978030fe8",
                "51680ba637cb39da057c07d95a4bb29b535ed3bab7ae2d178fb905c1824020e5",
                "3098bec072e7f883e76ed3b022b2eb3e92f1df609e1ae127eb6cd11c5698ce08",
                "a8d1777b66ce6ac393ff1cf41486fd0290176513617fd93a8e3faa928e499eb6"
            ],
            "type": "Document",
            "firstPartyCookies": {},
            "firstPartyCookiesSent": {},
            "exampleSites": [
                "ok.xxx",
                "www.4tube.com",
                "www.lesbian8.com",
                "www.pornhat.com",
                "www.porntry.com",
                "www.porntube.com",
                "www.spankingtube.com",
                "www.tnaflix.com",
                "www.tranny.one"
            ]
        },
        {
            "rule": "livejasmin\\.com\\/vast\\/v3",
            "cookies": 0.000404,
            "fingerprinting": 0,
            "subdomains": [
                "crmt"
            ],
            "apis": {},
            "sites": 4,
            "prevalence": 0.000404,
            "cnames": [],
            "responseHashes": [
                "23f449d29b5bf0eda5449250a744817f5bb64552a39bdf07e145203c81b91f30",
                "94f4aa015fdc79b6dfc7621fae2e745333ea0f7ba1d50b7ee89540a40acc3f65",
                "3a4ac1f0fce5bebde58f20fb8c4363f40c90483e50e29643d36c1703a629095b"
            ],
            "type": "XHR",
            "firstPartyCookies": {},
            "firstPartyCookiesSent": {},
            "exampleSites": [
                "vintage-erotica-forum.com",
                "www.lesbian8.com",
                "www.nudecelebforum.com",
                "www.planetsuzy.org"
            ]
        }
    ],
    "categories": [],
    "performance": {},
    "cookies": 0.00151,
    "topInitiators": [
        {
            "domain": "crjpgate.com",
            "prevalence": 0.375
        },
        {
            "domain": "jsmsat.com",
            "prevalence": 0.34375
        },
        {
            "domain": "twinrdsyn.com",
            "prevalence": 0.09375
        },
        {
            "domain": "qhip.com",
            "prevalence": 0.0625
        },
        {
            "domain": "adanald.icu",
            "prevalence": 0.0625
        },
        {
            "domain": "first party",
            "prevalence": 0.03125
        },
        {
            "domain": "xsuffer.com",
            "prevalence": 0.03125
        }
    ],
    "types": {
        "Fetch": 3,
        "Document": 20,
        "XHR": 4
    },
    "nameservers": [
        "ns1.dditservices.com",
        "ns2.dditservices.com"
    ]
}