{
    "domain": "livejasmin.com",
    "owner": {
        "name": "DOCLER IP S.A R.L.",
        "displayName": "Docler IP"
    },
    "source": [
        "DuckDuckGo-GB"
    ],
    "prevalence": 0.00251,
    "sites": 25,
    "subdomains": [
        "crpop"
    ],
    "cnames": [],
    "fingerprinting": 1,
    "resources": [
        {
            "rule": "livejasmin\\.com\\/post\\/play",
            "cookies": 0.000903,
            "fingerprinting": 1,
            "subdomains": [
                "crpop"
            ],
            "apis": {
                "Date.prototype.getTime": 9
            },
            "sites": 9,
            "prevalence": 0.000903,
            "cnames": [],
            "responseHashes": [
                "b97810124d25963208e170dda4c69c7f4cb34d3414e7c908553bb86359f7ea2b",
                "8c2b577284f53c875c01ba243ea2e27eea792ac5e8fb69a8d56c1b9f7045af46",
                "4767a1e4ff8aabb774425e15fa54bc7e3959e2c23b0c354315bd2c0f8f11f21c",
                "bad32f4e078a5f1d614ec409a491b0a72231d1936ebe3f5162bf16874c5f9879",
                "e057842e10938fa5735e35803c964c391711a968d0253e1e5e306d0b3e077745",
                "9ca0d73768c1281f98e9f997cf21a20a9ec82c3f8a342925e667c3dd95158652",
                "5a27dfe6f07b29593ac1a42d1fff279b9b368f426a594f4c513486e4bce25bc7",
                "64ad0e49047e9a7dd57f956cb484f9ab263518da7b50928c13a59dc2262635a1"
            ],
            "type": "Document",
            "firstPartyCookies": {},
            "firstPartyCookiesSent": {},
            "exampleSites": [
                "luxuretv.com",
                "fr.spankbang.com",
                "la.spankbang.com",
                "ru.spankbang.com",
                "www.empflix.com",
                "www.gotporn.com",
                "www.pornhd.com",
                "www.porntry.com",
                "www.spankingtube.com"
            ]
        },
        {
            "rule": "livejasmin\\.com\\/post\\/fslf",
            "cookies": 0.000702,
            "fingerprinting": 1,
            "subdomains": [
                "crpop"
            ],
            "apis": {
                "Date.prototype.getTime": 7
            },
            "sites": 7,
            "prevalence": 0.000702,
            "cnames": [],
            "responseHashes": [
                "024da25bb204fca4761751f6bc6626aae64c41865f5eb3afd21c20db788f98b2",
                "5e9960ecd6fa4a34459f3c6d9bfb84bcfd4464b5aac10453f6d272a0c520ac61",
                "75d5a7044b64f6cc6dbce6f0637246deb6eabb0f46edbd779a7e6a46d914099c",
                "6544b47783f5030897494bd25e4bbbe196a681350fc80a80a4ddeac69587d524",
                "0ea5fca0ba15b5bf3d0229217564a484cbf2e4fef9f27223d4ab83c959750a0d",
                "3bcf27c61e7024fe72fcffe4fd63abfc5cdee0f1a1d03bf2fa4c099ff793b88a"
            ],
            "type": "Document",
            "firstPartyCookies": {},
            "firstPartyCookiesSent": {},
            "exampleSites": [
                "luxuretv.com",
                "la.spankbang.com",
                "ru.spankbang.com",
                "www.empflix.com",
                "www.gotporn.com",
                "www.pornhd.com",
                "www.spankingtube.com"
            ]
        },
        {
            "rule": "livejasmin\\.com\\/vast\\/v3",
            "cookies": 0.0012,
            "fingerprinting": 0,
            "subdomains": [
                "crpop"
            ],
            "apis": {},
            "sites": 12,
            "prevalence": 0.0012,
            "cnames": [],
            "responseHashes": [
                "c6976abd9943722cdd002f362e3ad907d464bc6acb126819f9a07eb1d86bc0f1",
                "5ad385f56892dc5d844106909405ecd954e30458f4c9b229de05bedbeeada0e8",
                "0aa4f12f0adb69d2c2455304e5295c72e0e5f863d9738b5e7a6caf39a1a879ea",
                "bb5130058685fabf4785b399d40ddf32715270aa6610571bb9cddff94a8a7c54",
                "1881f600a1656bebaf18a4413ba6408958ed57e907220425da60481492602006",
                "c87743c38e80da383a3d61ce9da09b59fe923b4b16d065458e652c91bd240aba",
                "3231a9d90dbb298b38c5cc476a5730c0a51937d5e7e54e8ba21b0565d2c5ff34",
                "c8f2231cbdf580c4286e5893a44a6723011c906f0e5765b83ea6143a6e33635d",
                "22f9aa903233ddaf8378ecd4a12dba11feee7099bd4702ea6b64409116554b5b",
                "c5fd38687a150514d12f6f4946ffe7dd3bb56d425fcd37e1fba82ac78fee836f",
                "fd0d30eb81dfe51981eb509d2b697822a781947cdc6998e174fd62cbec1b357b"
            ],
            "type": "Fetch",
            "firstPartyCookies": {},
            "firstPartyCookiesSent": {},
            "exampleSites": [
                "fapdungeon.com",
                "hentaicore.org",
                "justswallows.com",
                "lewdstars.com",
                "mrdeepfakes.com",
                "pornwild.to",
                "prothots.com",
                "shooshtime.com",
                "thotslife.com",
                "www.hitprn.com",
                "www.luscious.net",
                "www.mypornhere.com"
            ]
        },
        {
            "rule": "livejasmin\\.com\\/vast\\/v3",
            "cookies": 0.000201,
            "fingerprinting": 0,
            "subdomains": [
                "crpop"
            ],
            "apis": {},
            "sites": 2,
            "prevalence": 0.000201,
            "cnames": [],
            "responseHashes": [
                "834a7d558835fa08c638bd0ab32bec491eb9d638d89e9f54a7efbd0dca2d6eea"
            ],
            "type": "XHR",
            "firstPartyCookies": {},
            "firstPartyCookiesSent": {},
            "exampleSites": [
                "vintage-erotica-forum.com",
                "www.planetsuzy.org"
            ]
        }
    ],
    "categories": [],
    "performance": {},
    "cookies": 0.00251,
    "types": {
        "Document": 16,
        "Fetch": 12,
        "XHR": 2
    },
    "nameservers": [
        "ns1.dditservices.com",
        "ns2.dditservices.com"
    ]
}