{
    "domain": "particularaudience.com",
    "owner": {},
    "source": [
        "DuckDuckGo-GB"
    ],
    "prevalence": 0.000702,
    "sites": 7,
    "subdomains": [
        "recs-us-e1a"
    ],
    "cnames": [],
    "fingerprinting": 2,
    "resources": [
        {
            "rule": "particularaudience\\.com\\/2\\.7\\/Config",
            "cookies": 0,
            "fingerprinting": 0,
            "subdomains": [
                "recs-us-e1a"
            ],
            "apis": {},
            "sites": 6,
            "prevalence": 0.000602,
            "cnames": [],
            "responseHashes": [
                "144a5b9a69f8633b758e053273e2d12c8c6b4a103d81e8c41e9c91ec7d591e47",
                "2cb3b3d204492b50a59b972d64eb60d7bd067a436ebec6c0df5dbdae643fa2e2",
                "81f92e6354b61b740209308737f0409e26cca8f6a0c9f6a6ef32815c36cf1691",
                "21c05d37bdaabac2a43594bd24f6d113028a091fdd8e55da3ff968e318809538",
                "286494524b2381008d45998f420fb41e591ecc53a696ef61590626f7fe056ac0"
            ],
            "type": "Fetch",
            "firstPartyCookies": {},
            "firstPartyCookiesSent": {
                "dy_fs_page": 0.00020064205457463884
            },
            "exampleSites": [
                "airfix.com",
                "uk.hornby.com",
                "www.appliancecity.co.uk",
                "www.cotswoldco.com",
                "www.hughes.co.uk",
                "www.rieker.co.uk"
            ]
        },
        {
            "rule": "particularaudience\\.com\\/2\\.7\\/PageView",
            "cookies": 0,
            "fingerprinting": 0,
            "subdomains": [
                "recs-us-e1a"
            ],
            "apis": {},
            "sites": 6,
            "prevalence": 0.000602,
            "cnames": [],
            "responseHashes": [
                "e8f7b94b94fbb7d60b20cdb35c654bfc9a0d1c8937d9e18aa9e6c027d342220f",
                "e6c82f17b16fbfec127a0a2bf64d539bf2e4c3425f4c20fe0b0dcad68241e3a0",
                "de1586e387aadd1f2efdf87fa6cf8b5016f5fe49df72b9732675d40457731dc4"
            ],
            "type": "Fetch",
            "firstPartyCookies": {},
            "firstPartyCookiesSent": {
                "dy_fs_page": 0.00020064205457463884,
                "PAC": 0.0006019261637239165
            },
            "exampleSites": [
                "airfix.com",
                "uk.hornby.com",
                "www.appliancecity.co.uk",
                "www.cotswoldco.com",
                "www.hughes.co.uk",
                "www.rieker.co.uk"
            ]
        }
    ],
    "categories": [],
    "performance": {},
    "cookies": 0.000401,
    "topInitiators": [
        {
            "domain": "first party",
            "prevalence": 0.3333333333333333
        },
        {
            "domain": "googletagmanager.com",
            "prevalence": 0.19047619047619047
        },
        {
            "domain": "cloudiq.com",
            "prevalence": 0.19047619047619047
        },
        {
            "domain": "noibu.com",
            "prevalence": 0.14285714285714285
        },
        {
            "domain": "osano.com",
            "prevalence": 0.09523809523809523
        },
        {
            "domain": "dwin1.com",
            "prevalence": 0.047619047619047616
        }
    ],
    "types": {
        "Fetch": 12
    },
    "nameservers": [
        "ns-1750.awsdns-26.co.uk",
        "ns-1140.awsdns-14.org",
        "ns-774.awsdns-32.net",
        "ns-423.awsdns-52.com"
    ]
}