{
    "domain": "sensic.net",
    "owner": {},
    "source": [
        "DuckDuckGo-GB"
    ],
    "prevalence": 0.000906,
    "sites": 9,
    "subdomains": [
        "es-config",
        "es-config-preproduction",
        "sg-config",
        "16819394562766a5cd87ca3c83d0699d5aa138ff11b4196da8461c74.trk",
        "16819387755454c83b06de0029762406d3b75a3538d85755f0256d39.trk",
        "168193743621889a4ee1c0c4969208d47f00e8972ae9f5d3c26e7c62.trk",
        "1681939348162ab88bad7d57b1708fb5ce41b318d3dadfa4a19f97a0.trk",
        "1681940246167edd22249311a01dd681aa7ee67bf2451e669b9b4492.trk",
        "1681940555611b6ddf3f90764ee0f129b6144c730d2a045ae2e1fa6c.trk",
        "16819386323255df381709c1e977c1255b19f14b22d3cc826aeb7635.trk",
        "1681937430530523397f5fe68b68816e96c4a8acaa022c55a68da8a5.trk",
        "16819389337034ee6dbba4c5565f4da5b872f98eecf1142a230f2d0b.trk",
        "es1-s2s",
        "es1preprod-s2s",
        "sg2-s2s"
    ],
    "cnames": [],
    "fingerprinting": 1,
    "resources": [
        {
            "rule": "sensic\\.net\\/s2s-web\\.js",
            "cookies": 0.000101,
            "fingerprinting": 1,
            "subdomains": [
                "es-config",
                "es-config-preproduction",
                "sg-config"
            ],
            "apis": {
                "window.localStorage": 9,
                "Date.prototype.getTime": 9,
                "Navigator.prototype.userAgent": 9,
                "Navigator.prototype.platform": 9,
                "Navigator.prototype.language": 9,
                "Document.cookie getter": 1,
                "Document.cookie setter": 1
            },
            "sites": 9,
            "prevalence": 0.000906,
            "cnames": [],
            "responseHashes": [
                "210d5132a189f5dc441659397479395c01cd422e96023e58492784ca884fc4ff",
                "c451819302a45d639e87b4e17cfc46b185af9cb372a6d60d84fafe33ee2ca413",
                "af912b6d5bba00042aea54553765d150ebd592ead5ef2bf4e8f9827b7a7f2d95"
            ],
            "type": "Script",
            "firstPartyCookies": {
                "sui_1pc": {
                    "ttl": 63072012,
                    "length": 56,
                    "prevalence": 0.00010068465565847765,
                    "uniqueness": 1
                }
            },
            "firstPartyCookiesSent": {},
            "exampleSites": [
                "as.com",
                "en.as.com",
                "elpais.com",
                "english.elpais.com",
                "steptohealth.com",
                "www.elconfidencial.com",
                "www.elmundo.es",
                "www.marca.com",
                "www.straitstimes.com"
            ]
        },
        {
            "rule": "sensic\\.net\\/3pc\\.html",
            "cookies": 0.000101,
            "fingerprinting": 1,
            "subdomains": [
                "es-config",
                "es-config-preproduction",
                "sg-config"
            ],
            "apis": {
                "Document.cookie getter": 9,
                "window.localStorage": 3,
                "Date.prototype.getTime": 1,
                "Document.cookie setter": 1
            },
            "sites": 9,
            "prevalence": 0.000906,
            "cnames": [],
            "responseHashes": [
                "6c2b6d0208ffafae5afbf007859e6c4174aa9b08f5516259cb298e1042fa0e2b"
            ],
            "type": "Document",
            "firstPartyCookies": {},
            "firstPartyCookiesSent": {},
            "exampleSites": [
                "as.com",
                "en.as.com",
                "elpais.com",
                "english.elpais.com",
                "steptohealth.com",
                "www.elconfidencial.com",
                "www.elmundo.es",
                "www.marca.com",
                "www.straitstimes.com"
            ]
        },
        {
            "rule": "sensic\\.net\\/tp\\.gif",
            "cookies": 0,
            "fingerprinting": 0,
            "subdomains": [
                "16819394562766a5cd87ca3c83d0699d5aa138ff11b4196da8461c74.trk",
                "16819387755454c83b06de0029762406d3b75a3538d85755f0256d39.trk",
                "168193743621889a4ee1c0c4969208d47f00e8972ae9f5d3c26e7c62.trk",
                "1681939348162ab88bad7d57b1708fb5ce41b318d3dadfa4a19f97a0.trk",
                "1681940246167edd22249311a01dd681aa7ee67bf2451e669b9b4492.trk",
                "1681940555611b6ddf3f90764ee0f129b6144c730d2a045ae2e1fa6c.trk",
                "16819386323255df381709c1e977c1255b19f14b22d3cc826aeb7635.trk",
                "1681937430530523397f5fe68b68816e96c4a8acaa022c55a68da8a5.trk",
                "16819389337034ee6dbba4c5565f4da5b872f98eecf1142a230f2d0b.trk"
            ],
            "apis": {},
            "sites": 9,
            "prevalence": 0.000906,
            "cnames": [],
            "responseHashes": [
                "e3b0c44298fc1c149afbf4c8996fb92427ae41e4649b934ca495991b7852b855"
            ],
            "type": "XHR",
            "firstPartyCookies": {},
            "firstPartyCookiesSent": {
                "lotame_domain_check": 0.00010068465565847765
            },
            "exampleSites": [
                "as.com",
                "en.as.com",
                "elpais.com",
                "english.elpais.com",
                "steptohealth.com",
                "www.elconfidencial.com",
                "www.elmundo.es",
                "www.marca.com",
                "www.straitstimes.com"
            ]
        },
        {
            "rule": "sensic\\.net\\/",
            "cookies": 0,
            "fingerprinting": 0,
            "subdomains": [
                "es1-s2s",
                "es1preprod-s2s",
                "sg2-s2s"
            ],
            "apis": {},
            "sites": 9,
            "prevalence": 0.000906,
            "cnames": [],
            "responseHashes": [
                "e3b0c44298fc1c149afbf4c8996fb92427ae41e4649b934ca495991b7852b855"
            ],
            "type": "XHR",
            "firstPartyCookies": {},
            "firstPartyCookiesSent": {},
            "exampleSites": [
                "as.com",
                "en.as.com",
                "elpais.com",
                "english.elpais.com",
                "steptohealth.com",
                "www.elconfidencial.com",
                "www.elmundo.es",
                "www.marca.com",
                "www.straitstimes.com"
            ]
        },
        {
            "rule": "sensic\\.net\\/id",
            "cookies": 0,
            "fingerprinting": 0,
            "subdomains": [
                "es1preprod-s2s",
                "es1-s2s",
                "sg2-s2s"
            ],
            "apis": {},
            "sites": 5,
            "prevalence": 0.000503,
            "cnames": [],
            "responseHashes": [
                "e3b0c44298fc1c149afbf4c8996fb92427ae41e4649b934ca495991b7852b855"
            ],
            "type": "XHR",
            "firstPartyCookies": {},
            "firstPartyCookiesSent": {},
            "exampleSites": [
                "steptohealth.com",
                "www.elconfidencial.com",
                "www.elmundo.es",
                "www.marca.com",
                "www.straitstimes.com"
            ]
        }
    ],
    "categories": [],
    "performance": {},
    "cookies": 0.000101,
    "topInitiators": [
        {
            "domain": "first party",
            "prevalence": 0.6428571428571429
        },
        {
            "domain": "epimg.net",
            "prevalence": 0.14285714285714285
        },
        {
            "domain": "tiqcdn.com",
            "prevalence": 0.14285714285714285
        },
        {
            "domain": "adobedtm.com",
            "prevalence": 0.07142857142857142
        }
    ],
    "types": {
        "Script": 9,
        "Document": 9,
        "XHR": 23
    },