{
    "domain": "trafficfactory.biz",
    "owner": {},
    "source": [
        "DuckDuckGo-GB"
    ],
    "prevalence": 0.00331,
    "sites": 33,
    "subdomains": [
        "rpc-php",
        "banners-hw",
        "banners-cdn77"
    ],
    "cnames": [],
    "fingerprinting": 1,
    "resources": [
        {
            "rule": "trafficfactory\\.biz\\/videosadsselect\\/footer-footerhome-1\\/\\/\\/xvideos\\/\\/\\/\\/\\/0\\/content\\.json",
            "cookies": 0,
            "fingerprinting": 0,
            "subdomains": [
                "rpc-php"
            ],
            "apis": {},
            "sites": 21,
            "prevalence": 0.00211,
            "cnames": [],
            "responseHashes": [
                "c506e405a4118cda4a3b3ac8ec5a47599805607e728d354e5c3f6f9aba9683c4",
                "f597ce6a2bd6bac9ea2e9396e43414e465061b79dc222610b3444ef56df1b6e3",
                "dc7cd29f405790d220ae234ad20a933074e6402e4e9ce36af37ff5c3f3fd366d",
                "c2592a265956967c5d55ebb956dd34f70a282c4bb940eb2d902aa37221f1d203",
                "32e53b8fc1ccffb5e9dee220e51244acfef517b3f68d3a37a2d84cd43e94ef32",
                "8300337cce72efd6c7cdb2d8438d4fd7f26fc1d57abf9a0bb0f521cca53684b3",
                "19156ad8d403e519d4325a55c0965ac0bd0ce1ec22ea71b8367c04e0ab2f5b54",
                "31afc8485dbfb0861b613fcfea0e1009a192e7ece08025421393cdbc1f2bf716",
                "f5f8bc659278af5744414c204df1d99a99a5e30b18001c3d87d2cc64384a137f",
                "cd132b98ebfa046843837523901cc4d9c4e96ff3a6ccdd4ae84d2fe340f5bc4d",
                "1358d0792f546ef9140fa1bfbbcc95749a5d6c139cea7c3cb2c37fec9d5e6651",
                "86cbdafd551fb0a438dcdeaae75414dfd295c044c478b8984e3ae2c22e626a46",
                "a456aabe336eb77cbf865ade3af75f7b0e11703640bcf51b890751ea0c3e1270",
                "4f126f2fdfeac93af5f9e7cebe2f2af666ee9f1f2c87634a76d807dcb669f01e",
                "92d729b58175d092966621c447674a771d4df42305d46345c034c2117c0d2bba",
                "a31932d730a3b7d2eb5e91d0ac724dbab8240cac972b0ed8677ed138fee5dc06",
                "16e6671c8c0089849f679645f4a71aa53df9dbc9079ee67d48fe7a2a03e6cdcd",
                "102290b47d1a3eb1a53f8b57f8734dfb1797f888942c638f22dd91b27463c586",
                "c8781a1f049db3b2a54d452ef468645b272c06cba0011c01160c85abfefb6b98",
                "ecad36a9da0d2d10887b5109e2178ffb8cceeb8aa314d9fe5806ceae5a36fa17"
            ],
            "type": "XHR",
            "firstPartyCookies": {},
            "firstPartyCookiesSent": {},
            "exampleSites": [
                "www.xnxx.com",
                "xnxx.kactube.com",
                "www.xnxx.wiki",
                "www.xnxx.xxx",
                "https-xnxx-com.com",
                "sex.porno-erotica.com",
                "www.sexforporn.net",
                "www.tiztube.com",
                "www.xnxx.tv",
                "xxx.riztube.com",
                "xnxx.wiki",
                "porn.tubespice.com",
                "www-xnxx-com.com",
                "www.porndron.net",
                "xnxx.lizporn.com",
                "xnxx43.com",
                "www.roctube.net",
                "68xnxx.com",
                "xxx.yayatube.com",
                "vndevtop.com"
            ]
        },
        {
            "rule": "trafficfactory\\.biz\\/videosadsselect\\/native-nativelisting-1xfooter-1\\/\\/\\/xvideos\\/\\/\\/\\/\\/0\\/content\\.json",
            "cookies": 0,
            "fingerprinting": 0,
            "subdomains": [
                "rpc-php"
            ],
            "apis": {},
            "sites": 7,
            "prevalence": 0.000702,
            "cnames": [],
            "responseHashes": [
                "077b5f7c4d7387ad85ce0e59d2967f047ac2ee05ad1bebbf0a212bb956120efb",
                "4b2aecafc25315987554fcbae281de310434feac2a57c1bf3601b493d144a39b",
                "7333d0febc8ada33815f723da2f824a95f5b9bb528b5c40199cc60bdfe73375a",
                "8f38fef6ddf94ebafa4887b9bdbe53459d3616d5f1a3771096ed99c6169da32b",
                "c038b125d84ddd0428341040819f528da1d18aa79e8c5889666e71cf5d69a0b3"
            ],
            "type": "XHR",
            "firstPartyCookies": {},
            "firstPartyCookiesSent": {},
            "exampleSites": [
                "xvideos.com",
                "fr.xvideos.com",
                "it.xvideos.com",
                "mobile-xvideos.com",
                "pocomu.com",
                "www.xvideos.com",
                "www.xvideos.es"
            ]
        },
        {
            "rule": "trafficfactory\\.biz\\/banners\\/20\\/38\\/0f\\/3646d411c2c122e048d005b3bd67970d\\.jpg",
            "cookies": 0,
            "fingerprinting": 0,
            "subdomains": [
                "banners-hw"
            ],
            "apis": {},
            "sites": 3,
            "prevalence": 0.000301,
            "cnames": [],
            "responseHashes": [
                "ddaf55fb4ad7070de46fc24f01b940559f2ee8d75379461982cf6a613a932da4"
            ],
            "type": "Image",
            "firstPartyCookies": {},
            "firstPartyCookiesSent": {},
            "exampleSites": [
                "xvideos.com",
                "www.xvideos.com",
                "www.xvideos.es"
            ]
        },
        {
            "rule": "trafficfactory\\.biz\\/banners\\/ca\\/d6\\/ce\\/628a033c9ec9223450213599ab3ca931\\.gif",
            "cookies": 0,
            "fingerprinting": 0,
            "subdomains": [
                "banners-hw",
                "banners-cdn77"
            ],
            "apis": {},
            "sites": 8,
            "prevalence": 0.000803,
            "cnames": [],
            "responseHashes": [
                "3eea3cba0784df98c6628813f8f1eb88144763992a4f11b6fda8a7fff1d8d65b"
            ],
            "type": "Image",
            "firstPartyCookies": {},
            "firstPartyCookiesSent": {},
            "exampleSites": [
                "xvideos.com",
                "fr.xvideos.com",
                "it.xvideos.com",
                "www.milfmovs.com",
                "www.porndron.net",
                "www.tiztube.com",
                "www.xnxx.com",
                "www.xnxx.xxx"
            ]
        },
        {
            "rule": "trafficfactory\\.biz\\/js\\/tfy_cpa\\.min\\.js",
            "cookies": 0,
            "fingerprinting": 1,
            "subdomains": [
                "rpc-php"
            ],
            "apis": {
                "Navigator.prototype.userAgent": 2,
                "window.localStorage": 2,
                "Document.cookie getter": 2
            },
            "sites": 2,
            "prevalence": 0.000201,
            "cnames": [],
            "responseHashes": [
                "1504da746baf2eda3a6be09f5e5c50510609de7b2e70ddf6341d20e0e4d4f284"
            ],
            "type": "Script",
            "firstPartyCookies": {},
            "firstPartyCookiesSent": {},
            "exampleSites": [
                "analvids.com",
                "www.manyvids.com"
            ]
        }
    ],
    "categories": [],
    "performance": {},
    "cookies": 0.0001,
    "types": {
        "XHR": 28,
        "Image": 11,
        "Script": 2
    },
    "nameservers": [
        "ns3.randomserver.com",
        "ns1.randomserver.com",
        "ns4.randomserver.com",
        "ns5.randomserver.com",
        "ns6.randomserver.com",
        "ns2.randomserver.com"
    ]
}