{
    "domain": "tubecup.net",
    "owner": {},
    "source": [
        "DuckDuckGo-GB"
    ],
    "prevalence": 0.00802,
    "sites": 80,
    "subdomains": [
        "notification"
    ],
    "cnames": [],
    "fingerprinting": 0,
    "resources": [
        {
            "rule": "tubecup\\.net\\/tags",
            "cookies": 0,
            "fingerprinting": 0,
            "subdomains": [
                "notification"
            ],
            "apis": {},
            "sites": 59,
            "prevalence": 0.00592,
            "cnames": [],
            "responseHashes": [
                "e3b0c44298fc1c149afbf4c8996fb92427ae41e4649b934ca495991b7852b855",
                "928a516185379f28d2f38e819cfb66488f670ba8231984fcd76fdfff68ac9ef2",
                "12ae22bd7f32e8dc63a5680377f52f37a3275429bbb40954021bdf4fd838658d",
                "58244a8ee608e0a53806ec6843af4ed685752b055bbb2793823128830c6b8596",
                "09324665d8c4d44d066afeeb02bc5d73a62fdf0f084884e2d6355415ef9b11b4",
                "456a728b7c9d31ff42894d14cb5fb01c36a913713cca4b46af83ae39827373e9",
                "80dbf693ccd2b31c32e82018a11905f74e71f57c0af0f685a2a527cd2b6becc4",
                "9366fd49047f74cdf03565dd693d5465e89f39710287be34dd12c2338aeb12ac",
                "f43db74d22c1be1f8a4798251202d1305043b50222ec8fe111f231e183be8bbd",
                "0fc18d20f651a4dbb6b73e05516ddedc15705a6229291540fb59b250033cc63f",
                "f76ba387ae30797b09915b405f3c65a8f7ccce04906e6919510c62582fa88411",
                "2bfb0ae01b6248b69df4676e22a78902b321989a1edf7e9615268964edee094f",
                "870533c29220049fa549950b4009d7b235eb893c45f074c46b57d71ebc7d51f2",
                "aea4220fd57e1d00ab0328a4abe720a9aa614d8f44facfb45e0a18a4a2f6b8a8",
                "6b5b742116654dcfe0cf2e6c9eaf053668fc41d4fb58a9c178f354143dde6198",
                "3207edd377c3b54e09f97660db5c962e71c39170a43e4cc30b12ae0d8c2e6e94",
                "dbaa2664317b257bb500f949576f70897aa6a35e7f3ea9f0d72f2769d2ef1a58",
                "fe39d4b4ee3c247acdaec782d16a2718536a42eda0e544da105d5acda4d0d94b",
                "106bae8e0ed48002677f34d943dad7eca64232ed619ac7c6dff2099c2ab60365",
                "e5bbbac85dd80b6d6cb6cb67564341b778ed6d5a8e743f83172f9e7fdf5896bf",
                "79045e34cf3ec868063ef028d0043f7b36d59d0c51dbce03d6138dad79c0a5b3",
                "90ee46575bbd4ed972a8f1915cfa61f8436e1d1d25610b12bec800fcfd53e9e7",
                "3c90390c55c2a5cb644542088b1326ae97651113282df649d0792a2a57032df7",
                "1b397094c4692bcc491b33c940f5c207f0d47d428a65d130971e7f3344ce1d0d",
                "656417ec2ca09657e4e9d66ca7f4ef24c32dfc34999d1f195937aca710fe57c2",
                "c31689b622ae8201ec414d9c51fa2b6400cfbbe7c1a8bb0e9273715bc7cd0480",
                "bbf3dfc74cc189196f5e1f7ea913897ded47de7a7feb299807ca496df9c50bb8",
                "80c79810ae3ae513e46c7b6d793873d5071fe602ef4874b370300bfc64aff411",
                "4f66123c30d9f26f635de8cc6ee3a599558b96ad48ec14fca864de99ab5250c9",
                "419645a7c8a5318b3b7dd5ca5478845f88ce39d1f246af449182f387820dfc33"
            ],
            "type": "XHR",
            "firstPartyCookies": {},
            "firstPartyCookiesSent": {},
            "exampleSites": [
                "leaked.fun",
                "www.pornachi.com",
                "thethothub.com",
                "xxxxvideo.uno",
                "thothub.su",
                "forced-porn.net",
                "fuxporn.com",
                "bestgore.fun",
                "watchporn.to",
                "www.youku-tube.space",
                "gaypornoaction.com",
                "messytube.com",
                "dirtyship.com",
                "muvisex.club",
                "pornogids.net",
                "leaknud.com",
                "www.sissyhypno.com",
                "www.anime-tube.pw",
                "mangaforfree.net",
                "pornbimbo.com"
            ]
        },
        {
            "rule": "tubecup\\.net\\/in\\/subscription-offers",
            "cookies": 0,
            "fingerprinting": 0,
            "subdomains": [
                "notification"
            ],
            "apis": {},
            "sites": 23,
            "prevalence": 0.00231,
            "cnames": [],
            "responseHashes": [
                "e3b0c44298fc1c149afbf4c8996fb92427ae41e4649b934ca495991b7852b855"
            ],
            "type": "Image",
            "firstPartyCookies": {},
            "firstPartyCookiesSent": {},
            "exampleSites": [
                "thepiratebay.org",
                "bokepindonesia.net",
                "indian-porn.pro",
                "taboo.desi",
                "xhamster.pet",
                "highporn.net",
                "javsex.vip",
                "upornia.com",
                "m.porn555.com",
                "txxx.com",
                "hclips.com",
                "www.retroporn.sexy",
                "m.sss.xxx",
                "thegay.porn",
                "hdzog.com",
                "porn555.com",
                "femefun.com",
                "www.pornhits.com",
                "tubepornclassic.com",
                "desi52.cc"
            ]
        }
    ],
    "categories": [],
    "performance": {},
    "cookies": 0,
    "types": {
        "XHR": 59,
        "Image": 23
    },
    "nameservers": [
        "kay.ns.cloudflare.com",
        "gabe.ns.cloudflare.com"
    ]
}