{
    "domain": "usehero.com",
    "owner": {},
    "source": [
        "DuckDuckGo-GB"
    ],
    "prevalence": 0.001,
    "sites": 10,
    "subdomains": [
        "cdn",
        "merchants-app",
        "api",
        "upload"
    ],
    "cnames": [],
    "fingerprinting": 2,
    "resources": [
        {
            "rule": "usehero\\.com\\/loader\\.js",
            "cookies": 0.000903,
            "fingerprinting": 1,
            "subdomains": [
                "cdn",
                "merchants-app"
            ],
            "apis": {
                "Date.prototype.getTime": 9,
                "Document.cookie getter": 9,
                "Document.cookie setter": 9,
                "window.sessionStorage": 9,
                "Navigator.prototype.userAgent": 9,
                "window.localStorage": 9
            },
            "sites": 10,
            "prevalence": 0.001,
            "cnames": [],
            "responseHashes": [
                "a86a3db2e5d5b10dfaeb5f0c007ddcdaedaafa069f79f833b151d1cd908be241",
                "17f6e002aef0783e660b1efe22a9a42d4e8bd6b73dd0853fc5332ac92698edf4"
            ],
            "type": "Script",
            "firstPartyCookies": {
                "hero-session-9caaef98-9a10-403c-a39b-b9bb87725a5a": {
                    "ttl": 31536007,
                    "length": 6,
                    "prevalence": 0.00010032102728731942,
                    "uniqueness": 1
                },
                "hero-session-0aa88662-e37a-4097-ae4a-460b893489db": {
                    "ttl": 31536013,
                    "length": 6,
                    "prevalence": 0.00010032102728731942,
                    "uniqueness": 1
                },
                "hero-session-a581de00-5df7-4863-aada-81a350ef681b": {
                    "ttl": 31536005,
                    "length": 6,
                    "prevalence": 0.00010032102728731942,
                    "uniqueness": 1
                },
                "hero-session-0f1ed2c1-2676-4a4a-ab3a-266cdc01703d": {
                    "ttl": 31536003,
                    "length": 6,
                    "prevalence": 0.00010032102728731942,
                    "uniqueness": 1
                },
                "hero-user-id": {
                    "ttl": 2592007,
                    "length": 4,
                    "prevalence": 0.00010032102728731942,
                    "uniqueness": 1
                },
                "hero-session-23ba646a-b0d7-46ca-af03-cc5bf3b24d83": {
                    "ttl": 31536007,
                    "length": 6,
                    "prevalence": 0.00010032102728731942,
                    "uniqueness": 1
                },
                "hero-session-34a82f76-8500-4291-8350-de81626242b4": {
                    "ttl": 31536011,
                    "length": 6,
                    "prevalence": 0.00010032102728731942,
                    "uniqueness": 1
                },
                "hero-session-c5d3bbc9-608e-46ef-a302-84399aefcbfd": {
                    "ttl": 31536004,
                    "length": 6,
                    "prevalence": 0.00010032102728731942,
                    "uniqueness": 1
                },
                "hero-session-7194fd8f-4f09-494d-8210-e3d57773d335": {
                    "ttl": 31536010,
                    "length": 6,
                    "prevalence": 0.00010032102728731942,
                    "uniqueness": 1
                },
                "hero-session-3e2754c6-a42d-4433-ac60-6bb43493d008": {
                    "ttl": 31536006,
                    "length": 6,
                    "prevalence": 0.00010032102728731942,
                    "uniqueness": 1
                }
            },
            "firstPartyCookiesSent": {},
            "exampleSites": [
                "dyson.co.uk",
                "www.gooutdoors.co.uk",
                "www.harrods.com",
                "www.heals.com",
                "www.kickgame.co.uk",
                "www.lenovo.com",
                "www.pmtonline.co.uk",
                "www.thefragranceshop.co.uk",
                "www.three.co.uk",
                "www.vivobarefoot.com"
            ]
        },
        {
            "rule": "usehero\\.com\\/webplugin\\/display",
            "cookies": 0,
            "fingerprinting": 0,
            "subdomains": [
                "api"
            ],
            "apis": {},
            "sites": 10,
            "prevalence": 0.001,
            "cnames": [],
            "responseHashes": [
                "887a150ae328cf1b1da96a3ee1373d24f54b48b6fc4f893648d09b29e338f637",
                "4131e4f2f0f36bec7dceb835f91e7b25d46d3a9ea7506c034d1439760a89b2fa",
                "493a0ec4e28b83629728c5ea6b288bcff838011fc0ae33b310f0e7ea96e79082",
                "a4f52252fa3e836f127c917d221f7bce15fc63c760b0cd4296875bf616227b09",
                "43c91228956155f8328eaee2d97549583f47c151a9cf59d50892811bf6b0528c",
                "5d55e3d49d1063f0dc2dfe14097b7c71f2ef08098116b20bdb120f739b1b1172",
                "63088d5c96b417c7eea75282dab9e04b8d656218264ff1b699dc83738c2d74d5"
            ],
            "type": "XHR",
            "firstPartyCookies": {},
            "firstPartyCookiesSent": {},
            "exampleSites": [
                "dyson.co.uk",
                "www.gooutdoors.co.uk",
                "www.harrods.com",
                "www.heals.com",
                "www.kickgame.co.uk",
                "www.lenovo.com",
                "www.pmtonline.co.uk",
                "www.thefragranceshop.co.uk",
                "www.three.co.uk",
                "www.vivobarefoot.com"
            ]
        },
        {
            "rule": "usehero\\.com\\/webplugin\\/display",
            "cookies": 0,
            "fingerprinting": 0,
            "subdomains": [
                "api"
            ],
            "apis": {},
            "sites": 10,
            "prevalence": 0.001,
            "cnames": [],
            "responseHashes": [],
            "type": "Preflight",
            "firstPartyCookies": {},
            "firstPartyCookiesSent": {},
            "exampleSites": [
                "dyson.co.uk",
                "www.gooutdoors.co.uk",
                "www.harrods.com",
                "www.heals.com",
                "www.kickgame.co.uk",
                "www.lenovo.com",
                "www.pmtonline.co.uk",
                "www.thefragranceshop.co.uk",
                "www.three.co.uk",
                "www.vivobarefoot.com"
            ]
        },
        {
            "rule": "usehero\\.com\\/metrics",
            "cookies": 0,
            "fingerprinting": 0,
            "subdomains": [
                "api"
            ],
            "apis": {},
            "sites": 2,
            "prevalence": 0.000201,
            "cnames": [],
            "responseHashes": [],
            "type": "Preflight",
            "firstPartyCookies": {},
            "firstPartyCookiesSent": {},
            "exampleSites": [
                "heals.com",
                "www.heals.com"
            ]
        },
        {
            "rule": "usehero\\.com\\/metrics",
            "cookies": 0,
            "fingerprinting": 0,
            "subdomains": [
                "api"
            ],
            "apis": {},
            "sites": 2,
            "prevalence": 0.000201,
            "cnames": [],
            "responseHashes": [
                "e3b0c44298fc1c149afbf4c8996fb92427ae41e4649b934ca495991b7852b855"
            ],
            "type": "XHR",
            "firstPartyCookies": {},
            "firstPartyCookiesSent": {},
            "exampleSites": [
                "heals.com",
                "www.heals.com"
            ]
        },
        {
            "rule": "usehero\\.com\\/launcherAvatars\\/p4yDTXVfFo1i6VIw7dumc",
            "cookies": 0,
            "fingerprinting": 0,
            "subdomains": [
                "upload"
            ],
            "apis": {},
            "sites": 2,