{
    "domain": "usehero.com",
    "owner": {},
    "source": [
        "DuckDuckGo-GB"
    ],
    "prevalence": 0.001,
    "sites": 10,
    "subdomains": [
        "cdn",
        "merchants-app",
        "api",
        "api.eu.1",
        "upload"
    ],
    "cnames": [],
    "fingerprinting": 2,
    "resources": [
        {
            "rule": "usehero\\.com\\/loader\\.js",
            "cookies": 0.000903,
            "fingerprinting": 1,
            "subdomains": [
                "cdn",
                "merchants-app"
            ],
            "apis": {
                "Date.prototype.getTime": 9,
                "Document.cookie getter": 9,
                "Document.cookie setter": 9,
                "window.sessionStorage": 9,
                "Navigator.prototype.userAgent": 9,
                "window.localStorage": 9
            },
            "sites": 10,
            "prevalence": 0.001,
            "cnames": [],
            "responseHashes": [
                "29aa79f5cf5695195835dfaee210e88868d49aee408271fc67274653aa77bfe1",
                "e3b0c44298fc1c149afbf4c8996fb92427ae41e4649b934ca495991b7852b855"
            ],
            "type": "Script",
            "firstPartyCookies": {
                "hero-session-9caaef98-9a10-403c-a39b-b9bb87725a5a": {
                    "ttl": 31536008,
                    "length": 6,
                    "prevalence": 0.00010029084344599338,
                    "uniqueness": 1
                },
                "hero-session-0aa88662-e37a-4097-ae4a-460b893489db": {
                    "ttl": 31536011,
                    "length": 6,
                    "prevalence": 0.00010029084344599338,
                    "uniqueness": 1
                },
                "hero-session-a581de00-5df7-4863-aada-81a350ef681b": {
                    "ttl": 31536006,
                    "length": 6,
                    "prevalence": 0.00010029084344599338,
                    "uniqueness": 1
                },
                "hero-session-0f1ed2c1-2676-4a4a-ab3a-266cdc01703d": {
                    "ttl": 31536020,
                    "length": 6,
                    "prevalence": 0.00010029084344599338,
                    "uniqueness": 1
                },
                "hero-user-id": {
                    "ttl": 2592023,
                    "length": 4,
                    "prevalence": 0.00010029084344599338,
                    "uniqueness": 1
                },
                "hero-session-23ba646a-b0d7-46ca-af03-cc5bf3b24d83": {
                    "ttl": 31536004,
                    "length": 6,
                    "prevalence": 0.00010029084344599338,
                    "uniqueness": 1
                },
                "hero-session-34a82f76-8500-4291-8350-de81626242b4": {
                    "ttl": 31536012,
                    "length": 6,
                    "prevalence": 0.00010029084344599338,
                    "uniqueness": 1
                },
                "hero-session-c5d3bbc9-608e-46ef-a302-84399aefcbfd": {
                    "ttl": 31536003,
                    "length": 6,
                    "prevalence": 0.00010029084344599338,
                    "uniqueness": 1
                },
                "hero-session-7194fd8f-4f09-494d-8210-e3d57773d335": {
                    "ttl": 31536008,
                    "length": 6,
                    "prevalence": 0.00010029084344599338,
                    "uniqueness": 1
                },
                "hero-session-3e2754c6-a42d-4433-ac60-6bb43493d008": {
                    "ttl": 31536007,
                    "length": 6,
                    "prevalence": 0.00010029084344599338,
                    "uniqueness": 1
                }
            },
            "firstPartyCookiesSent": {},
            "exampleSites": [
                "dyson.co.uk",
                "www.gooutdoors.co.uk",
                "www.harrods.com",
                "www.heals.com",
                "www.kickgame.co.uk",
                "www.lenovo.com",
                "www.pmtonline.co.uk",
                "www.thefragranceshop.co.uk",
                "www.three.co.uk",
                "www.vivobarefoot.com"
            ]
        },
        {
            "rule": "usehero\\.com\\/webplugin\\/display",
            "cookies": 0,
            "fingerprinting": 0,
            "subdomains": [
                "api"
            ],
            "apis": {},
            "sites": 10,
            "prevalence": 0.001,
            "cnames": [],
            "responseHashes": [
                "887a150ae328cf1b1da96a3ee1373d24f54b48b6fc4f893648d09b29e338f637",
                "43c91228956155f8328eaee2d97549583f47c151a9cf59d50892811bf6b0528c",
                "493a0ec4e28b83629728c5ea6b288bcff838011fc0ae33b310f0e7ea96e79082",
                "a4f52252fa3e836f127c917d221f7bce15fc63c760b0cd4296875bf616227b09",
                "8339004ad5a940661e6f03326f47faed4ba37930874c25f829fcd6dbec38b328",
                "63088d5c96b417c7eea75282dab9e04b8d656218264ff1b699dc83738c2d74d5"
            ],
            "type": "XHR",
            "firstPartyCookies": {},
            "firstPartyCookiesSent": {},
            "exampleSites": [
                "dyson.co.uk",
                "www.gooutdoors.co.uk",
                "www.harrods.com",
                "www.heals.com",
                "www.kickgame.co.uk",
                "www.lenovo.com",
                "www.pmtonline.co.uk",
                "www.thefragranceshop.co.uk",
                "www.three.co.uk",
                "www.vivobarefoot.com"
            ]
        },
        {
            "rule": "usehero\\.com\\/webplugin\\/display",
            "cookies": 0,
            "fingerprinting": 0,
            "subdomains": [
                "api"
            ],
            "apis": {},
            "sites": 10,
            "prevalence": 0.001,
            "cnames": [],
            "responseHashes": [],
            "type": "Preflight",
            "firstPartyCookies": {},
            "firstPartyCookiesSent": {},
            "exampleSites": [
                "dyson.co.uk",
                "www.gooutdoors.co.uk",
                "www.harrods.com",
                "www.heals.com",
                "www.kickgame.co.uk",
                "www.lenovo.com",
                "www.pmtonline.co.uk",
                "www.thefragranceshop.co.uk",
                "www.three.co.uk",
                "www.vivobarefoot.com"
            ]
        },
        {
            "rule": "usehero\\.com\\/metrics",
            "cookies": 0,
            "fingerprinting": 0,
            "subdomains": [
                "api"
            ],
            "apis": {},
            "sites": 2,
            "prevalence": 0.000201,
            "cnames": [],
            "responseHashes": [
                "e3b0c44298fc1c149afbf4c8996fb92427ae41e4649b934ca495991b7852b855"
            ],
            "type": "XHR",
            "firstPartyCookies": {},
            "firstPartyCookiesSent": {},
            "exampleSites": [
                "heals.com",
                "www.heals.com"
            ]
        },
        {
            "rule": "usehero\\.com\\/parse\\/files\\/mnus0eKNVNsMrK4NxEUk6tQE53rqPLHEbXc9A0Dh\\/8496fdcee540cab0d863b662de923444_healsLauncherAvatar@2x\\.png",
            "cookies": 0,
            "fingerprinting": 0,
            "subdomains": [
                "api.eu.1"
            ],
            "apis": {},
            "sites": 2,
            "prevalence": 0.000201,
            "cnames": [],
            "responseHashes": [
                "25cc657b5e0741e9fee0166b1823302c91a24a68587407e304f1a5e6ae801289"
            ],
            "type": "Image",
            "firstPartyCookies": {},
            "firstPartyCookiesSent": {},
            "exampleSites": [
                "heals.com",
                "www.heals.com"
            ]
        },
        {
            "rule": "usehero\\.com\\/avatars\\/5QM8bSdQkI-TwvBzEKE1vF0ZjmfAMJnG-56x56\\.jpg",
            "cookies": 0,