{
    "domain": "whoson.com",
    "owner": {},
    "source": [
        "DuckDuckGo-GB"
    ],
    "prevalence": 0.0011,
    "sites": 11,
    "subdomains": [
        "spareparts",
        "gateway6",
        "hotelchocolat",
        "gateway2",
        "gateway1",
        "tyre-shoppergw",
        "radwellgw",
        "gateway3",
        "gateway7",
        "radwell"
    ],
    "cnames": [],
    "fingerprinting": 2,
    "resources": [
        {
            "rule": "whoson\\.com\\/include\\.js",
            "cookies": 0.000702,
            "fingerprinting": 1,
            "subdomains": [
                "spareparts",
                "gateway6",
                "hotelchocolat",
                "gateway2",
                "gateway1",
                "tyre-shoppergw",
                "radwellgw",
                "gateway3",
                "gateway7"
            ],
            "apis": {
                "Navigator.prototype.userAgent": 8,
                "Document.cookie getter": 7,
                "Date.prototype.getTime": 7,
                "Document.cookie setter": 7,
                "window.sessionStorage": 4
            },
            "sites": 11,
            "prevalence": 0.0011,
            "cnames": [],
            "responseHashes": [
                "3add88e7619d73c2e3e16ccacb9495968a8a5d98b6d9b1c1f2f0d54b39599c3e",
                "3a02b4f31b9b6417c46076a12222d6a1645c683ecd6a9fca2c3777f29ef1afb6",
                "2a09cd298c7f09590345ded22da0d5dec70b44108d417dd0c16bbe2b41db77e9",
                "6ed6e2e04a1367b5370385c726969e56d4b360e9b34020400d0af1046c0c3391",
                "89437fb379d2ed92283d87773b2b9998f281a8c673af8d196b5f5f1aaf9313b2",
                "850159c87d801a6a9fd1be9487a46a1afd4902cb01b056d103fb103923f349f8",
                "0ebdc15776459bc0934d67c11d04f14ec67f54218c5ac3175f9330e78775f708",
                "e384552fb1c020a6185de78e44e8ce65ffb930131d58b414fd4adf68d939fd4e",
                "109300ed32b88d0b44a58ef63804e837651c060dd1df26f5b1c419a9ac26f820",
                "15e3c68721908faceccdcf1079563aff3905d6a91a25d1ae906762e65623ad2c"
            ],
            "type": "Script",
            "firstPartyCookies": {
                "whoson": {
                    "ttl": 31540002,
                    "length": 17,
                    "prevalence": 0.0007020359041219537,
                    "uniqueness": 1
                }
            },
            "firstPartyCookiesSent": {},
            "exampleSites": [
                "buyspares.co.uk",
                "www.espares.co.uk",
                "www.hfholidays.co.uk",
                "www.hotelchocolat.com",
                "www.kirklees.gov.uk",
                "www.locksonline.co.uk",
                "www.national.co.uk",
                "www.radwell.co.uk",
                "www.shop.flymo.co.uk",
                "www.worldofcamping.co.uk",
                "www.yourspares.co.uk"
            ]
        },
        {
            "rule": "whoson\\.com\\/newchat\\/js\\/whoson\\.inline\\.min\\.js",
            "cookies": 0,
            "fingerprinting": 1,
            "subdomains": [
                "spareparts",
                "radwell"
            ],
            "apis": {
                "Navigator.prototype.userAgent": 4,
                "window.sessionStorage": 4
            },
            "sites": 4,
            "prevalence": 0.000401,
            "cnames": [],
            "responseHashes": [
                "4a281c7860cca94e9db1f0f4f086d8e5d28abc431b33d857ba14534c0011494f",
                "48fdaefd914dee871ac2768edd0f3c9d68681dbe86d1dd7361a7e4a09cf4754b"
            ],
            "type": "Script",
            "firstPartyCookies": {},
            "firstPartyCookiesSent": {},
            "exampleSites": [
                "buyspares.co.uk",
                "www.espares.co.uk",
                "www.radwell.co.uk",
                "www.shop.flymo.co.uk"
            ]
        },
        {
            "rule": "whoson\\.com\\/w\\.js",
            "cookies": 0,
            "fingerprinting": 0,
            "subdomains": [
                "spareparts",
                "radwellgw"
            ],
            "apis": {},
            "sites": 5,
            "prevalence": 0.000501,
            "cnames": [],
            "responseHashes": [
                "e96608d6b54bab1b2c064c7fccc2583987cf09849e227b262e8888665cf27d71",
                "2db0fac86100a45a75074d00db10d64a011c1fd0e09942089c62ce717c2eb530",
                "95fa60611ac7705dedb7c45f2fd595b23feabe835d1e0cb0edf16b22b9eedfcc",
                "556d9c27078282c2c67f4c53f2241b0072c482677ba2c322c2cc34869c09ae50"
            ],
            "type": "Script",
            "firstPartyCookies": {},
            "firstPartyCookiesSent": {
                "whoson": 0.0005014542172299669
            },
            "exampleSites": [
                "buyspares.co.uk",
                "www.buyspares.co.uk",
                "www.espares.co.uk",
                "www.radwell.co.uk",
                "www.shop.flymo.co.uk"
            ]
        },
        {
            "rule": "whoson\\.com\\/invite\\.js",
            "cookies": 0,
            "fingerprinting": 1,
            "subdomains": [
                "spareparts",
                "gateway1",
                "radwellgw",
                "gateway3"
            ],
            "apis": {
                "window.innerWidth": 6,
                "window.innerHeight": 6,
                "Date.prototype.getTime": 6
            },
            "sites": 6,
            "prevalence": 0.000602,
            "cnames": [],
            "responseHashes": [
                "10a74f8d0de13c91404599a85ba58fee9001663d55e2560474ff68ed76710c61",
                "3a810b2102ecf9a2fa7ce16aa73fb03518e77937e8bc80d232985055d6aaea66",
                "c5fb5dffdbe4ff71c4e5866ea317718f3909dc8432e5cb866f17aedcba21b3dc",
                "eab3ee732947e1efaa91fb1e36922a920f8fd87241cb391605f0fa221ea41044",
                "717f44f510780f87fac79da3031e978a75729c8abd816531df6aab579a82fb1c"
            ],
            "type": "Script",
            "firstPartyCookies": {},
            "firstPartyCookiesSent": {
                "whoson": 0.0004011633737839735
            },
            "exampleSites": [
                "buyspares.co.uk",
                "www.espares.co.uk",
                "www.locksonline.co.uk",
                "www.radwell.co.uk",
                "www.shop.flymo.co.uk",
                "www.worldofcamping.co.uk"
            ]
        },
        {
            "rule": "whoson\\.com\\/newchat\\/\\/css-inline\\/whoson\\.inline\\.min\\.css",
            "cookies": 0,
            "fingerprinting": 0,
            "subdomains": [
                "spareparts",
                "radwell"
            ],
            "apis": {},
            "sites": 4,
            "prevalence": 0.000401,
            "cnames": [],
            "responseHashes": [
                "beae4076ff0c2de17813a873444848578f4c50799c45f8f50274cd11a3ee0ecf",
                "f5a814c6bb7672edec1eb5c63560d9f905a4e5fd90df1096c61636533ec7170a"
            ],
            "type": "Stylesheet",
            "firstPartyCookies": {},
            "firstPartyCookiesSent": {},
            "exampleSites": [
                "buyspares.co.uk",
                "www.espares.co.uk",
                "www.radwell.co.uk",
                "www.shop.flymo.co.uk"
            ]
        },
        {
            "rule": "whoson\\.com\\/siteimage\\.htm",
            "cookies": 0,
            "fingerprinting": 0,
            "subdomains": [
                "spareparts"
            ],
            "apis": {},
            "sites": 4,
            "prevalence": 0.000401,
            "cnames": [],
            "responseHashes": [
                "2297cf2bbaf1497bf0170d9a5ab050d95777cc104c7fba26b5d3fc9b075f91a0",
                "78a99a70827b0e24d1a204025422e30308c3091279ed92b8808405aa408ba5a4"
            ],
            "type": "Image",
            "firstPartyCookies": {},