{
    "domain": "yottaa.net",
    "owner": {
        "name": "Yottaa Inc",
        "displayName": "Yottaa"
    },
    "source": [
        "DuckDuckGo-GB"
    ],
    "prevalence": 0.00151,
    "sites": 17,
    "subdomains": [
        "qoe-1",
        "cdn-fsly",
        "qoe-jh"
    ],
    "cnames": [],
    "fingerprinting": 2,
    "resources": [
        {
            "rule": "yottaa\\.net\\/api\\/v1\\/configure\\.rapid\\.js",
            "cookies": 0.000178,
            "fingerprinting": 0,
            "subdomains": [
                "qoe-1"
            ],
            "apis": {},
            "sites": 10,
            "prevalence": 0.000891,
            "cnames": [],
            "responseHashes": [
                "772155f60b5e22ec8a65e28df11391c46d59790107ea4f7c3dbe33756e07244c",
                "8fe15023ea525554acb00f5a6c5b3945c9c7001408745cae6822002c1075f78f",
                "d996d35b6f9e994fdaae11223dac30641f6d39ecc90684f9a71ee68aa887650c",
                "5fdf960ce06d42a5c6f6fc3ce2608f7d558db1e39257c1ddab60289710ac5413",
                "7a43f837676d345a33694b86a224e20fb37b7da88b308ae6d4554e3b08af5137",
                "fbc8e19ae9a417158d67fac1ec86b3cd95e5ba9c0fc515770e24db4d6e97f21e",
                "66aa77eacdb30e03f9366e54bf57eb083023123a928b08bfedff80f7856f3216",
                "86f5c25624b4feb4c9b2e60102f55a98895bd1c2be930cc79693b46a8ab0a558",
                "d9b6ac1881731f2ec6f84a857cdef0711aac92b7dc894752bdaa4897792832b6"
            ],
            "type": "XHR",
            "firstPartyCookies": {},
            "firstPartyCookiesSent": {
                "dy_fs_page": 0.00026726057906458796
            },
            "exampleSites": [
                "jbl.com",
                "www.asics.com",
                "www.invaluable.com",
                "www.kingarthurbaking.com",
                "www.landsend.co.uk",
                "www.logitechg.com",
                "www.logitech.com",
                "www.marksandspencer.com",
                "www.michaelkors.co.uk",
                "www.timex.co.uk"
            ]
        },
        {
            "rule": "yottaa\\.net\\/log-nt\\/event",
            "cookies": 0,
            "fingerprinting": 0,
            "subdomains": [
                "qoe-1"
            ],
            "apis": {},
            "sites": 15,
            "prevalence": 0.00134,
            "cnames": [],
            "responseHashes": [
                "ca3d163bab055381827226140568f3bef7eaac187cebd76878e0b63e9e442356"
            ],
            "type": "Ping",
            "firstPartyCookies": {},
            "firstPartyCookiesSent": {},
            "exampleSites": [
                "jbl.com",
                "uk.pandora.net",
                "www.asics.com",
                "www.hoka.com",
                "www.invaluable.com",
                "www.kingarthurbaking.com",
                "www.landsend.co.uk",
                "www.marksandspencer.com",
                "www.michaelkors.co.uk",
                "www.netgear.com",
                "www.ralphlauren.co.uk",
                "www.routledge.com",
                "www.screwfix.com",
                "www.timex.co.uk",
                "www.ugg.com"
            ]
        },
        {
            "rule": "yottaa\\.net\\/609426e54f1bbfff95ac5cfc\\/uk\\.pandora\\.net\\/v~4b\\.5\\/on\\/demandware\\.static\\/Sites-en-GB-Site\\/-\\/en_GB\\/v1674277438626\\/fonts\\/PanDisplay-Regular\\.woff2",
            "cookies": 0,
            "fingerprinting": 0,
            "subdomains": [
                "cdn-fsly"
            ],
            "apis": {},
            "sites": 2,
            "prevalence": 0.000178,
            "cnames": [],
            "responseHashes": [
                "cb5f99156427dbc9c1aefd254925336bba03f848e36e2f49ca1462f09644579e"
            ],
            "type": "Font",
            "firstPartyCookies": {},
            "firstPartyCookiesSent": {},
            "exampleSites": [
                "pandora.net",
                "uk.pandora.net"
            ]
        },
        {
            "rule": "yottaa\\.net\\/609426e54f1bbfff95ac5cfc\\/uk\\.pandora\\.net\\/v~4b\\.5\\/on\\/demandware\\.static\\/Sites-en-GB-Site\\/-\\/en_GB\\/v1674277438626\\/fonts\\/PanDisplay-Light\\.woff2",
            "cookies": 0,
            "fingerprinting": 0,
            "subdomains": [
                "cdn-fsly"
            ],
            "apis": {},
            "sites": 2,
            "prevalence": 0.000178,
            "cnames": [],
            "responseHashes": [
                "51c706819f2c047454a609b66e8ba26cdb857d11b27e8c8ec990e3126dbb24e4"
            ],
            "type": "Font",
            "firstPartyCookies": {},
            "firstPartyCookiesSent": {},
            "exampleSites": [
                "pandora.net",
                "uk.pandora.net"
            ]
        },
        {
            "rule": "yottaa\\.net\\/609426e54f1bbfff95ac5cfc\\/uk\\.pandora\\.net\\/v~4b\\.5\\/on\\/demandware\\.static\\/Sites-en-GB-Site\\/-\\/en_GB\\/v1674277438626\\/fonts\\/PanDisplay-Bold\\.woff2",
            "cookies": 0,
            "fingerprinting": 0,
            "subdomains": [
                "cdn-fsly"
            ],
            "apis": {},
            "sites": 2,
            "prevalence": 0.000178,
            "cnames": [],
            "responseHashes": [
                "f3058be24c1bc3d29c6f2416f1875ecc40b5f12a48bcdb777614c2d07fc25b85"
            ],
            "type": "Font",
            "firstPartyCookies": {},
            "firstPartyCookiesSent": {},
            "exampleSites": [
                "pandora.net",
                "uk.pandora.net"
            ]
        },
        {
            "rule": "yottaa\\.net\\/609426e54f1bbfff95ac5cfc\\/uk\\.pandora\\.net\\/v~4b\\.5\\/on\\/demandware\\.static\\/Sites-en-GB-Site\\/-\\/en_GB\\/v1674277438626\\/fonts\\/PanText-Regular\\.woff2",
            "cookies": 0,
            "fingerprinting": 0,
            "subdomains": [
                "cdn-fsly"
            ],
            "apis": {},
            "sites": 2,
            "prevalence": 0.000178,
            "cnames": [],
            "responseHashes": [
                "f031c937e2f23d401cfce03388373924607b67bc853c2afc0d7be4cfb7f530da"
            ],
            "type": "Font",
            "firstPartyCookies": {},
            "firstPartyCookiesSent": {},
            "exampleSites": [
                "pandora.net",
                "uk.pandora.net"
            ]
        },
        {
            "rule": "yottaa\\.net\\/log-jh",
            "cookies": 0,
            "fingerprinting": 0,
            "subdomains": [
                "qoe-jh"
            ],
            "apis": {},
            "sites": 3,
            "prevalence": 0.000267,
            "cnames": [],
            "responseHashes": [
                "ca3d163bab055381827226140568f3bef7eaac187cebd76878e0b63e9e442356"
            ],
            "type": "Ping",
            "firstPartyCookies": {},
            "firstPartyCookiesSent": {},
            "exampleSites": [
                "logitechg.com",
                "www.logitech.com",
                "www.routledge.com"
            ]
        },
        {
            "rule": "yottaa\\.net\\/5f85aab3d93140f2cca82579\\/www\\.ralphlauren\\.co\\.uk\\/v~4b\\.64\\/on\\/demandware\\.static\\/-\\/Library-Sites-RalphLauren_EU_Library\\/en_GB\\/v1674284758984\\/_common\\/fonts\\/rl-fonts\\/Fonts\\/NorthwellAlt\\.woff2",
            "cookies": 0,
            "fingerprinting": 0,
            "subdomains": [
                "cdn-fsly"
            ],
            "apis": {},
            "sites": 2,
            "prevalence": 0.000178,
            "cnames": [],
            "responseHashes": [
                "e982843ce8ed58987bb26cc0f1a083c965eeb39bb2bcd4c67364d1b67c110217"
            ],
            "type": "Font",
            "firstPartyCookies": {},
            "firstPartyCookiesSent": {},