{
    "domain": "adconsole.ch",
    "owner": {},
    "source": [
        "DuckDuckGo-CH"
    ],
    "prevalence": 0.00202,
    "sites": 20,
    "subdomains": [
        "api"
    ],
    "cnames": [],
    "fingerprinting": 1,
    "resources": [
        {
            "rule": "adconsole\\.ch\\/api\\/ws-businessclick\\/v2\\/data\\.json",
            "cookies": 0,
            "fingerprinting": 0,
            "subdomains": [
                "api"
            ],
            "apis": {},
            "sites": 11,
            "prevalence": 0.00111,
            "cnames": [],
            "responseHashes": [],
            "type": "Preflight",
            "firstPartyCookies": {},
            "firstPartyCookiesSent": {
                "bclk": 0.0010081661457808247,
                "lotame_domain_check": 0.00010081661457808247
            },
            "exampleSites": [
                "journaldesfemmes.fr",
                "lesobservateurs.ch",
                "sante-medecine.journaldesfemmes.fr",
                "www.agropool.ch",
                "www.blick.ch",
                "www.bote.ch",
                "www.cdt.ch",
                "www.journaldesfemmes.fr",
                "www.journaldunet.fr",
                "www.laliberte.ch",
                "www.polizei-schweiz.ch"
            ]
        },
        {
            "rule": "adconsole\\.ch\\/api\\/ws-businessclick\\/v2\\/data\\.json",
            "cookies": 0,
            "fingerprinting": 0,
            "subdomains": [
                "api"
            ],
            "apis": {},
            "sites": 11,
            "prevalence": 0.00111,
            "cnames": [],
            "responseHashes": [
                "e789f0f9e7f5acd8a7f27dd8e889c2540337be8927aa6203964dc5f1cc3b93c4",
                "65be66815455a843edb6847ed1170462fd878639b0261737000d7c8712050aba",
                "5306e1778a2514d6bd06d045f6f9207bdc487ea1eebcbb6495b68a98377e0dd2",
                "ac957aafd98ae6b247e2875641a95e80d68a566a98d22a8bbe0f3b94c80f00f0",
                "9a0710acc832e695adfc98e24e16020b3d2aef63b12c856cfc721bc09fc74b18",
                "964cfb5736dd41bef1944b27a19c386a117a8776d4db13eb731d717acd593dd3",
                "6d7d8838d946a858d62e7f5e5a97fdb79ae758711892bbcaeec5bb196bf62cb5",
                "5ee0756d7b94203482dbf531ef72862047afdc3421781a13fe36f9d98a38a4e2"
            ],
            "type": "XHR",
            "firstPartyCookies": {},
            "firstPartyCookiesSent": {
                "bclk": 0.0010081661457808247,
                "lotame_domain_check": 0.00010081661457808247
            },
            "exampleSites": [
                "journaldesfemmes.fr",
                "lesobservateurs.ch",
                "sante-medecine.journaldesfemmes.fr",
                "www.agropool.ch",
                "www.blick.ch",
                "www.bote.ch",
                "www.cdt.ch",
                "www.journaldesfemmes.fr",
                "www.journaldunet.fr",
                "www.laliberte.ch",
                "www.polizei-schweiz.ch"
            ]
        },
        {
            "rule": "adconsole\\.ch\\/api\\/ws-contextual\\/page-keywords",
            "cookies": 0,
            "fingerprinting": 0,
            "subdomains": [
                "api"
            ],
            "apis": {},
            "sites": 7,
            "prevalence": 0.000706,
            "cnames": [],
            "responseHashes": [],
            "type": "Preflight",
            "firstPartyCookies": {},
            "firstPartyCookiesSent": {
                "lotame_domain_check": 0.00010081661457808247
            },
            "exampleSites": [
                "lesobservateurs.ch",
                "www.agropool.ch",
                "www.blick.ch",
                "www.bote.ch",
                "www.cdt.ch",
                "www.laliberte.ch",
                "www.polizei-schweiz.ch"
            ]
        },
        {
            "rule": "adconsole\\.ch\\/api\\/ws-contextual\\/page-keywords",
            "cookies": 0,
            "fingerprinting": 0,
            "subdomains": [
                "api"
            ],
            "apis": {},
            "sites": 7,
            "prevalence": 0.000706,
            "cnames": [],
            "responseHashes": [
                "cbf48481e89a4b3abcc45baf9cbdfb9cd3f0fc8b1e0c6a6d7cfe1ed829643e45",
                "8acfbe9e5a9aedb3d84a77f8916e3b038ed445228f65fa53d1b4370537e23e52",
                "750eda22581f4e3a457de99208ffacf6ede3bece8931afe2718d52e13d1e6a0a",
                "54b679ef1b1c6f2062f2a87c52468accb5ee40f7c3acf419886759976bc82912",
                "11c016fab6c085179d7c1e0a7af7e8b4558f6c0fb66fa14605396a924aea4d34",
                "fdbe911d30dc8d984c4b0ea183d31cde89238262c8c5f52a622368ef2be1c58c"
            ],
            "type": "XHR",
            "firstPartyCookies": {},
            "firstPartyCookiesSent": {
                "lotame_domain_check": 0.00010081661457808247
            },
            "exampleSites": [
                "lesobservateurs.ch",
                "www.agropool.ch",
                "www.blick.ch",
                "www.bote.ch",
                "www.cdt.ch",
                "www.laliberte.ch",
                "www.polizei-schweiz.ch"
            ]
        },
        {
            "rule": "adconsole\\.ch\\/cdn\\/ws-creatives\\/file_html_asset_1670577455090\\.zip\\/index\\.html",
            "cookies": 0,
            "fingerprinting": 0,
            "subdomains": [
                "api"
            ],
            "apis": {},
            "sites": 2,
            "prevalence": 0.000202,
            "cnames": [],
            "responseHashes": [
                "6a90a5865ff3e377dd673024780e90449b4f308b93b592805e0840fed0cec3eb"
            ],
            "type": "Document",
            "firstPartyCookies": {},
            "firstPartyCookiesSent": {},
            "exampleSites": [
                "rro.ch",
                "www.1815.ch"
            ]
        },
        {
            "rule": "adconsole\\.ch\\/cdn\\/ws-creatives\\/file_html_asset_1670577455090\\.zip\\/760f4fd93fb0cbcc6166f15d2f6e0d53\\.js",
            "cookies": 0,
            "fingerprinting": 0,
            "subdomains": [
                "api"
            ],
            "apis": {},
            "sites": 2,
            "prevalence": 0.000202,
            "cnames": [],
            "responseHashes": [
                "e3b0c44298fc1c149afbf4c8996fb92427ae41e4649b934ca495991b7852b855"
            ],
            "type": "Script",
            "firstPartyCookies": {},
            "firstPartyCookiesSent": {},
            "exampleSites": [
                "rro.ch",
                "www.1815.ch"
            ]
        }
    ],
    "categories": [],
    "performance": {},
    "cookies": 0,
    "topInitiators": [
        {
            "domain": "businessclick.ch",
            "prevalence": 0.5757575757575758
        },
        {
            "domain": "adnxs.com",
            "prevalence": 0.2727272727272727
        },
        {
            "domain": "first party",
            "prevalence": 0.12121212121212122
        },
        {
            "domain": "adnz.co",
            "prevalence": 0.030303030303030304
        }
    ],
    "types": {
        "Preflight": 18,
        "XHR": 18,
        "Document": 2,
        "Script": 2
    },
    "nameservers": [
        "cheryl.ns.cloudflare.com",
        "charles.ns.cloudflare.com"
    ]
}