{
    "domain": "adt313.net",
    "owner": {},
    "source": [
        "DuckDuckGo-CH"
    ],
    "prevalence": 0.000904,
    "sites": 9,
    "subdomains": [
        "gtm"
    ],
    "cnames": [],
    "fingerprinting": 0,
    "resources": [
        {
            "rule": "adt313\\.net\\/jsTag",
            "cookies": 0,
            "fingerprinting": 0,
            "subdomains": [
                "gtm"
            ],
            "apis": {},
            "sites": 9,
            "prevalence": 0.000904,
            "cnames": [],
            "responseHashes": [
                "36c9d46e787d8fb18a9a8d68083e2abcac822890f66aee6db6067552aaa394e1",
                "15d57e88b224e1a64ca637f181a99732285e147c64be8bb24b7bc3fd374465eb",
                "22687bd47680a9f951ac90d836509bf65f4aefe6dd3b94244877f3aa69e7f721",
                "1ebb028a52ed137f3cc10663639912fb238a1d037e719feca43e1abb757e801d",
                "bc8cf46579798c223679398c7e68fa18a969cc446d8f30c4e89ef86b76643a30",
                "7bf5db6085a478ac7bd102f3109f8aeee4f1aaf461330c083f570b60b5ace0b5",
                "236c5e944c5c479618d8b4d054181512d8bc02798855f556305199e5f9d6ccd9",
                "af4701f956f390497e2e5f77511d1984843117e17309201e991475809c2fa174"
            ],
            "type": "Script",
            "firstPartyCookies": {},
            "firstPartyCookiesSent": {},
            "exampleSites": [
                "fischen.ch",
                "hauptner.ch",
                "shop.magic-x.ch",
                "www.beldona.com",
                "www.lastminute.ch",
                "www.lehner-versand.ch",
                "www.militaershop.ch",
                "www.moevenpick-wein.com",
                "www.newbalance.ch"
            ]
        }
    ],
    "categories": [],
    "performance": {},
    "cookies": 0,
    "topInitiators": [
        {
            "domain": "googletagmanager.com",
            "prevalence": 0.7777777777777778
        },
        {
            "domain": "first party",
            "prevalence": 0.2222222222222222
        }
    ],
    "types": {
        "Script": 9
    },
    "nameservers": [
        "ns-581.awsdns-08.net",
        "ns-336.awsdns-42.com",
        "ns-1895.awsdns-44.co.uk",
        "ns-1531.awsdns-63.org"
    ]
}