{
    "domain": "baidu.com",
    "owner": {
        "name": "Baidu, Inc.",
        "displayName": "Baidu"
    },
    "source": [
        "DuckDuckGo-CH"
    ],
    "prevalence": 0.00131,
    "sites": 13,
    "subdomains": [
        "hm",
        "pos",
        "sofire"
    ],
    "cnames": [],
    "fingerprinting": 2,
    "resources": [
        {
            "rule": "baidu\\.com\\/hm\\.js",
            "cookies": 0.00131,
            "fingerprinting": 2,
            "subdomains": [
                "hm"
            ],
            "apis": {
                "Navigator.prototype.userAgent": 13,
                "Navigator.prototype.cookieEnabled": 13,
                "Navigator.prototype.javaEnabled": 13,
                "Navigator.prototype.language": 13,
                "Screen.prototype.width": 13,
                "Screen.prototype.height": 13,
                "Screen.prototype.colorDepth": 13,
                "Screen.prototype.orientation": 13,
                "window.innerWidth": 13,
                "window.localStorage": 13,
                "window.sessionStorage": 13,
                "Date.prototype.getTime": 13,
                "window.innerHeight": 13,
                "Document.cookie getter": 11,
                "Document.cookie setter": 11
            },
            "sites": 13,
            "prevalence": 0.00131,
            "cnames": [],
            "responseHashes": [
                "05a6d9f3f526d8387258d3bb9bbf801e9884fe2dea5145806139c045f59e2207",
                "66f9f971c3c72a2ca1d62fa2e96c2590ed7d79be58921dc17d06e1d1b4431d34",
                "25dd089483111f0ae9d1b48dc7ad2a78a5940bcdcad309c8752bd2342bccd20a",
                "7a0f0d773bc6269b8510ed8a05100d5f58fce9fe33242a7f9d2055fc43ec9f66",
                "02f24eac74a7d1798a826fe6e5bdab9227e3ca4fdc8e6cb6ce10b13a8eb11794",
                "43b2934d52940a356854bcbbf75ef5344e706bd082223834a2f9ecd3ae59ff66",
                "3275050e99e8143f84bbd3137f6c3a6ef02c0f1841313ed97cec3165f4550cc2",
                "c6616c9a8bc319b3bcbf9098d942eba00ecd2a912bc4e12ce9fd05fefaa573c1",
                "ed9de35abd5d7dd4cb28d45e8c92891b3bece2ca6710075c56e6e6232dd7c68e",
                "de3951064d2db9b1fb60ff0db3091a59b2d332a0d15a871ad8d1111cc4f80bc9",
                "91fe3ac94d60e03481da9c85ac6a74354d3747595eca2a69766ea5d9c885a38b",
                "1e06ccf35ea59533d6bf56f04c1fe49b31ded8f9bfcf2d46e6e3a40dbc212adc"
            ],
            "type": "Script",
            "firstPartyCookies": {
                "Hm_lvt_6bcd52f51e9b3dce32bec4a3997715ac": {
                    "ttl": 31536009,
                    "length": 10,
                    "prevalence": 0.00010081661457808247,
                    "uniqueness": 1
                },
                "Hm_lpvt_6bcd52f51e9b3dce32bec4a3997715ac": {
                    "ttl": null,
                    "length": 10,
                    "prevalence": 0.00010081661457808247,
                    "uniqueness": 1
                },
                "Hm_up_6bcd52f51e9b3dce32bec4a3997715ac": {
                    "ttl": 31536009,
                    "length": 194,
                    "prevalence": 0.00010081661457808247,
                    "uniqueness": 1
                },
                "Hm_lvt_348ae416cdd7c28a5596623c3ad39143": {
                    "ttl": 31536008,
                    "length": 10,
                    "prevalence": 0.00020163322915616494,
                    "uniqueness": 1
                },
                "Hm_lpvt_348ae416cdd7c28a5596623c3ad39143": {
                    "ttl": null,
                    "length": 10,
                    "prevalence": 0.00020163322915616494,
                    "uniqueness": 1
                },
                "Hm_lvt_960ef17df44dacb2a038ecfdc57c6bf5": {
                    "ttl": 31536005,
                    "length": 10,
                    "prevalence": 0.00010081661457808247,
                    "uniqueness": 1
                },
                "Hm_lpvt_960ef17df44dacb2a038ecfdc57c6bf5": {
                    "ttl": null,
                    "length": 10,
                    "prevalence": 0.00010081661457808247,
                    "uniqueness": 1
                },
                "Hm_lvt_4c2baaa51a9429b06ce4697848a7ef01": {
                    "ttl": 31536007,
                    "length": 10,
                    "prevalence": 0.00010081661457808247,
                    "uniqueness": 1
                },
                "Hm_lpvt_4c2baaa51a9429b06ce4697848a7ef01": {
                    "ttl": null,
                    "length": 10,
                    "prevalence": 0.00010081661457808247,
                    "uniqueness": 1
                },
                "Hm_lvt_9978f1c33dc0d6bf52417b38db4512fa": {
                    "ttl": 31536011,
                    "length": 10,
                    "prevalence": 0.00010081661457808247,
                    "uniqueness": 1
                },
                "Hm_lpvt_9978f1c33dc0d6bf52417b38db4512fa": {
                    "ttl": null,
                    "length": 10,
                    "prevalence": 0.00010081661457808247,
                    "uniqueness": 1
                },
                "Hm_lvt_69e29c39b0a7dde8af20774d1a4ba2ab": {
                    "ttl": 31536004,
                    "length": 10,
                    "prevalence": 0.00010081661457808247,
                    "uniqueness": 1
                },
                "Hm_lpvt_69e29c39b0a7dde8af20774d1a4ba2ab": {
                    "ttl": null,
                    "length": 10,
                    "prevalence": 0.00010081661457808247,
                    "uniqueness": 1
                },
                "Hm_lvt_fa278ec1439fcaa28815da073b793a39": {
                    "ttl": 31536003,
                    "length": 10,
                    "prevalence": 0.00010081661457808247,
                    "uniqueness": 1
                },
                "Hm_lpvt_fa278ec1439fcaa28815da073b793a39": {
                    "ttl": null,
                    "length": 10,
                    "prevalence": 0.00010081661457808247,
                    "uniqueness": 1
                },
                "Hm_lvt_95e64d347633bfd0a2462e25c93606d6": {
                    "ttl": 31536004,
                    "length": 10,
                    "prevalence": 0.00010081661457808247,
                    "uniqueness": 1
                },
                "Hm_lpvt_95e64d347633bfd0a2462e25c93606d6": {
                    "ttl": null,
                    "length": 10,
                    "prevalence": 0.00010081661457808247,
                    "uniqueness": 1
                },
                "Hm_lvt_98beee57fd2ef70ccdd5ca52b9740c49": {
                    "ttl": 31536003,
                    "length": 10,
                    "prevalence": 0.00020163322915616494,
                    "uniqueness": 1
                },
                "Hm_lpvt_98beee57fd2ef70ccdd5ca52b9740c49": {
                    "ttl": null,
                    "length": 10,
                    "prevalence": 0.00020163322915616494,
                    "uniqueness": 1
                }
            },
            "firstPartyCookiesSent": {},
            "exampleSites": [
                "wiley.com",
                "blog.csdn.net",
                "docs.espressif.com",
                "gitmind.com",
                "kb.vmware.com",
                "mangapark.net",
                "onlinelibrary.wiley.com",
                "www.creality.com",
                "www.espressif.com",
                "www.suse.com",
                "www.wipo.int",
                "www.zhihu.com",
                "zhuanlan.zhihu.com"
            ]
        },
        {
            "rule": "baidu\\.com\\/hm\\.gif",
            "cookies": 0,
            "fingerprinting": 0,
            "subdomains": [
                "hm"
            ],
            "apis": {},
            "sites": 13,
            "prevalence": 0.00131,
            "cnames": [],