{
    "domain": "chatntr.com",
    "owner": {},
    "source": [
        "DuckDuckGo-CH"
    ],
    "prevalence": 0.00201,
    "sites": 20,
    "subdomains": [],
    "cnames": [],
    "fingerprinting": 1,
    "resources": [
        {
            "rule": "chatntr\\.com\\/script\\.js",
            "cookies": 0,
            "fingerprinting": 1,
            "subdomains": [],
            "apis": {
                "Document.cookie getter": 4
            },
            "sites": 4,
            "prevalence": 0.000401,
            "cnames": [],
            "responseHashes": [
                "91f8b51aa971066c1e206e887248a90543cf2bb3fbd6c9a6e2586c1950f353ea"
            ],
            "type": "Script",
            "firstPartyCookies": {},
            "firstPartyCookiesSent": {},
            "exampleSites": [
                "pornohutdeutsch.net",
                "sexfilmetube.net",
                "www.sexfilme24.org",
                "youporndeutsch.xyz"
            ]
        },
        {
            "rule": "chatntr\\.com\\/widget",
            "cookies": 0,
            "fingerprinting": 1,
            "subdomains": [],
            "apis": {
                "Document.cookie getter": 11
            },
            "sites": 20,
            "prevalence": 0.00201,
            "cnames": [],
            "responseHashes": [
                "c1e5b724286673b3633b7d277f6b3124200acfd659ae82ec99222d084af5639d",
                "cb9ea6e2f985a0fbe2572960803b84c2e1c51c00c0815415b04d76232a714b06",
                "8da10aa97663278dbe1a6fd91594be2cf9ad07f27d6a14c5af27eebd7a7ca321",
                "ed6fdb5f060c6709650a0a797de93ddb4a9e037015f46ae177e242f936113ab3",
                "3b71ade1812bf94e9607bfa61241631dc0dfc5a24a9541446686633fc9967b23",
                "580d3488a5824bed9b0c1b5f2d86e49cada49f369d043fec6447c3adb5afaec4",
                "30617293b9c7fb33af652662d5b20bd5f269ee5036fbb7e0a5320127ae071a58",
                "d6c39933f203df89ae2f97da157304eb54dad83d993e53cc18acd0e0b5b40f37",
                "efe0bd6c6da0a4c949357401eed1e026a10e9dc34205e6f16360c28425fd9c7e",
                "578ef7fe8d76054519a24d44c005f1b806b610cb12dea081405eb04847b67be9",
                "64c9482ade4d1ad00d3267f1c615932103146d1495cd290f4235917df840b5e1",
                "65b5249e7101644dd1d8dfe64fe16b140fb43f336f0ddbc432ef77850ef1d9d8",
                "6c242c61f3fc767a4b24f12e4bb88e2b035445bac32eed6c5830516b62c83607",
                "4d037b56eba661110d0e8e4c2b9b7365742f1769f4f46880ca1744bcf08fbc9c",
                "676f93d17b50b32aa042885b676df3af8caa564ab04e369397066c34409fed73",
                "0ecf7bd492076c69e4ac18cc1da29c859b93a87cc5fb2818426b058f87799eef",
                "b271fc03b4178cda4b22c27fb6227d14a11e486a0dde66aff1fb8337a8210119",
                "91e9facceaedc3abcbb5e9f33860a627b7fabde0f1d0661553239d6b194972bf",
                "98d5ab19b356270ec3d3928ea8de41c0101dff47dc1cadad3d3a6eceadb443f4"
            ],
            "type": "Document",
            "firstPartyCookies": {},
            "firstPartyCookiesSent": {},
            "exampleSites": [
                "pornohutdeutsch.net",
                "sexfilmetube.net",
                "www.deinesexfilme.com",
                "www.gutesexfilme.com",
                "www.halloporno.net",
                "www.hd-pornos.com",
                "www.hdpornos.net",
                "www.hd-sexfilme.com",
                "www.herzporno.com",
                "www.nursexfilme.com",
                "www.pornohammer.com",
                "www.pornoaffe.com",
                "www.pornojenny.com",
                "www.pornoklinge.com",
                "www.pornohirsch.net",
                "www.pornotom.com",
                "www.sexfilme24.org",
                "www.sexvideos-hd.com",
                "www.xnxx-pornos.com",
                "youporndeutsch.xyz"
            ]
        }
    ],
    "categories": [],
    "performance": {},
    "cookies": 0,
    "types": {
        "Script": 4,
        "Document": 20
    },
    "nameservers": [
        "tim.ns.cloudflare.com",
        "mona.ns.cloudflare.com"
    ]
}