{
    "domain": "cookieless-data.com",
    "owner": {},
    "source": [
        "DuckDuckGo-CH"
    ],
    "prevalence": 0.00813,
    "sites": 81,
    "subdomains": [
        "kvt",
        "map"
    ],
    "cnames": [],
    "fingerprinting": 0,
    "resources": [
        {
            "rule": "cookieless-data\\.com\\/api\\/v1\\/public\\/p\\/28662\\/d\\/33\\/c",
            "cookies": 0,
            "fingerprinting": 0,
            "subdomains": [
                "kvt"
            ],
            "apis": {},
            "sites": 33,
            "prevalence": 0.00331,
            "cnames": [],
            "responseHashes": [
                "2357c71c17e17199def92a3fb6ca3485cb14f885294c3341463e42155d1998d2",
                "ad31ae49db429ad67efd072af2f7167021c0d7446500d25f17eaa522ee901035",
                "5f3ea67c8e2708c5e29ca0e7c2dda315de25630801bda83303cd6a7a5e3a543c",
                "229308e59f122d0b823be135dbf01727401f5c0a669667a8f5ccf40b3ffcefa5",
                "c6c4a50329a3dc174a6cdaa0d6d7f10f21f803dbf356e9e432d0c65a4f864354",
                "5e89a6dd81329fcc31dbadca7e904f249284efb6a052b205be723ac9b378c714",
                "232f1edaadb3cb543c10c4ce0e1a9d29b13b8a9884d3cdd333c5db8727b87a66",
                "42762a81ad4880df226afc721a8d5b659e78b9f16b3d148bdb333707be2481d5",
                "6661b660b178fd94e850fca8dce85a0739f7e877c90f2e0c20498c4e26772b42",
                "26db613db4c203286f48171c9c68668438cab01ad2ae6c4ecb0dfc1b91109b9f",
                "19fa65f9ac374d337c0006a8dc65eb085d26cbe433dae7a54cecfa961e708274",
                "d4e01761a085a998b3ae1a01769dc6d1d3f1742ca20dae50a0177f210d13f049",
                "361c4572274b3b17d7b12bd31974de043227e8d95b936fd26f50ca315b4126a3",
                "82aaca421e5e7a99d16501cf4582511d0d6424e91a7255821c65618c1ec2159a",
                "233f6aa1817a555a2e4605c99dc393034353e7432072000e1c67b16f1dc0c71f",
                "68c4cf75e926eff623425a21a06c07c331204b83d5f5be2645ddab8feee6fe29",
                "190fe005fc94a89ae6a1ba586117d485257045edf114ed205fcd9a6070f7c5e2",
                "41cfbf61e7019aaffb343027fc981f87e69c0ce9218af11ab7abd6038266ab90",
                "b6f4cf5edd44aa641eb1e5f5d513309512a7f686c65372b219d7e8ec735f381f",
                "c8dd7b8e5c8a19e2090737a49edb71dc8b5f69ee31a313bd4fd16e407707f52e",
                "029ca4fd4d6cb1c20d81cf41e63b605dda7ad20fca843295e344dcf475e67a4d",
                "e5d9b17580d234fef10cfeb68fca746d07208539a669bb4299d2c6a45da44421",
                "e228f93ca5873c2438bc5e30e42df6776d92d34c38b599b0139fcc6a858a13ba",
                "b3fbafde965b5786f08710edf2ac5ba81c8cbd80a3cacaad5ec1dedd094565d1",
                "3826c3831a9344e8b66001fcf938f7dbbdd859a6ea697e57592bf56a1ca249ec",
                "e94bf924aa5d3a3eb1c81386f3be6fecb9f83d89fe26fed0d5fda286d99ce7fa",
                "8726a679836d9180e8ce129bf0214805918bd7f9b9bf7498e3df9645145516dd",
                "b1892b9f8431aa8900aca4ecb9a0162854ee159f0b1cbbd8417703e2d207754e",
                "abbeb6794e9e05fc4c69a24192a9a3b97585f611cc61238e2c73e49728fc3e76",
                "d9ec25ac9572372ad073387f397a246b0f5ba87ba8485f2c376c9a2f7a674053",
                "8489a214fef04ace821818285eee713189fee68332b88a379e3342eb19260c79",
                "5575388a986037d1ab31eb826651b757c65e5d2badfcaab6646d0c09f5cf2301"
            ],
            "type": "Script",
            "firstPartyCookies": {},
            "firstPartyCookiesSent": {
                "lotame_domain_check": 0.00010032102728731942
            },
            "exampleSites": [
                "coupedumonde2022.net",
                "www.medisite.fr",
                "www.linternaute.com",
                "www.sporcle.com",
                "sante-medecine.journaldesfemmes.fr",
                "sante.journaldesfemmes.fr",
                "forums.commentcamarche.net",
                "www.scan-manga.com",
                "www.hugolescargot.com",
                "www.thinkbabynames.com",
                "www.topito.com",
                "bricolage.linternaute.com",
                "www.lacoccinelle.net",
                "deco.journaldesfemmes.fr",
                "www.petitfute.com",
                "www.laculturegenerale.com",
                "droit-finances.commentcamarche.com",
                "www.journaldunet.com",
                "www.recht-finanzen.de",
                "www.journaldunet.fr"
            ]
        },
        {
            "rule": "cookieless-data\\.com\\/MAP\\.d",
            "cookies": 0,
            "fingerprinting": 0,
            "subdomains": [
                "map"
            ],
            "apis": {},
            "sites": 52,
            "prevalence": 0.00522,
            "cnames": [],
            "responseHashes": [
                "1866961a029c65376fefb7f2ba1e6187e09ff50ea58d97dedfd72c197947d002"
            ],
            "type": "Image",
            "firstPartyCookies": {},
            "firstPartyCookiesSent": {},
            "exampleSites": [
                "www.logicieleducatif.fr",
                "www.lacoccinelle.net",
                "www.clubic.com",
                "www.infobel.com",
                "www.wohin-und-wann.de",
                "vacances-scolaires.education",
                "www.die-konjugation.de",
                "www.jardiner-malin.fr",
                "www.fsolver.fr",
                "www.slate.fr",
                "www.francaisfacile.com",
                "www.madmoizelle.com",
                "www.koreus.com",
                "www.betaseries.com",
                "forums.futura-sciences.com",
                "www.consoglobe.com",
                "www.presse-citron.net",
                "www.nouveautes-tele.com",
                "www.toutelatele.com",
                "www.aquaportail.com"
            ]
        }
    ],
    "categories": [],
    "performance": {},
    "cookies": 0,
    "topInitiators": [
        {
            "domain": "sddan.com",
            "prevalence": 0.6022727272727273
        },
        {
            "domain": "ayads.co",
            "prevalence": 0.36363636363636365
        },
        {
            "domain": "smartadserver.com",
            "prevalence": 0.011363636363636364
        },
        {
            "domain": "consentframework.com",
            "prevalence": 0.011363636363636364
        },
        {
            "domain": "adlightning.com",
            "prevalence": 0.011363636363636364
        }
    ],
    "types": {
        "Script": 33,
        "Image": 52
    },
    "nameservers": [
        "dns113.ovh.net",
        "ns113.ovh.net"
    ]
}