{
    "domain": "enthusiastgaming.net",
    "owner": {},
    "source": [
        "DuckDuckGo-CH"
    ],
    "prevalence": 0.000803,
    "sites": 8,
    "subdomains": [
        "api"
    ],
    "cnames": [],
    "fingerprinting": 0,
    "resources": [
        {
            "rule": "enthusiastgaming\\.net\\/scripts\\/cdn\\.enthusiast\\.gg\\/script\\/eg-aps\\/release\\/eg-aps-bootstrap-v2\\.0\\.0\\.bundle\\.js",
            "cookies": 0,
            "fingerprinting": 0,
            "subdomains": [
                "api"
            ],
            "apis": {},
            "sites": 8,
            "prevalence": 0.000803,
            "cnames": [],
            "responseHashes": [
                "d57c534239d1f555b005c7a6cb937e75b94ddf8c815a5bf2891cfd4c5ec5828d",
                "4ae504f747f6b9c9969cee4ee6bae819b1b70dcd96d0474f5cb8873591edf0ec",
                "cafa18f65d776b4c2c5e8073e2c97bac9d84c1fe0d95a484aa2585fcdf36f416",
                "4141e0fe7918517588584efff1fb4f965ea0702248b87fde78ff2386d9642b59",
                "2154e1b6b9271a88c572719c57ed4434e8f7645b7e1dd64e4c8df05e007ba7ee",
                "c4af3d09722fc684f5e69dfa831759e75dccd421fa3400fdfafdbf14a0ca6b8a"
            ],
            "type": "XHR",
            "firstPartyCookies": {},
            "firstPartyCookiesSent": {},
            "exampleSites": [
                "fextralife.com",
                "darksouls.wiki.fextralife.com",
                "lostark.wiki.fextralife.com",
                "twinfinite.net",
                "www.icy-veins.com",
                "www.invenglobal.com",
                "www.nexusmods.com",
                "www.pcinvasion.com"
            ]
        },
        {
            "rule": "enthusiastgaming\\.net\\/scripts\\/cdn\\.enthusiast\\.gg\\/script\\/eg-aps\\/release\\/eg-aps-vanilla-v2\\.0\\.0\\.bundle\\.js",
            "cookies": 0,
            "fingerprinting": 0,
            "subdomains": [
                "api"
            ],
            "apis": {},
            "sites": 8,
            "prevalence": 0.000803,
            "cnames": [],
            "responseHashes": [
                "1cce8ec6b39f57eee82380505e0b30acbb09d4e66c3ebd27f55c33fa4234bed7",
                "c382d102954e615ef1bd508ae218b13d123c00900894a61915fa0adb8acaf13e",
                "3ce8f94caf68991518d0dad52e81037335cf20ffbe32cf6624a099511e884b0f",
                "7321367a8f5e28275edbb90bfc54fa13ee72b24ed28a2ddadb13047cdef9bedb",
                "33a983d5ec570b60697bf8048ff00f3134037285cea61d6f0469bf2916efcfef",
                "7bb56e64550998b471fd6a73f8f69a5b6081f6099a654519d849b74639591c68"
            ],
            "type": "Fetch",
            "firstPartyCookies": {},
            "firstPartyCookiesSent": {},
            "exampleSites": [
                "fextralife.com",
                "darksouls.wiki.fextralife.com",
                "lostark.wiki.fextralife.com",
                "twinfinite.net",
                "www.icy-veins.com",
                "www.invenglobal.com",
                "www.nexusmods.com",
                "www.pcinvasion.com"
            ]
        }
    ],
    "categories": [],
    "performance": {},
    "cookies": 0,
    "types": {
        "XHR": 8,
        "Fetch": 8
    },
    "nameservers": [
        "ns-209.awsdns-26.com",
        "ns-534.awsdns-02.net",
        "ns-1029.awsdns-00.org",
        "ns-1725.awsdns-23.co.uk"
    ]
}