{
    "domain": "future.net.uk",
    "owner": {},
    "source": [
        "DuckDuckGo-CH"
    ],
    "prevalence": 0.0014,
    "sites": 14,
    "subdomains": [
        "search-api.fie"
    ],
    "cnames": [],
    "fingerprinting": 0,
    "resources": [
        {
            "rule": "future\\.net\\.uk\\/css\\/browser\\/16\\.36\\.6-05790428996a7904b9a5df1d4458e34be566aea3\\/promotionfallback\\.min\\.css",
            "cookies": 0,
            "fingerprinting": 0,
            "subdomains": [
                "search-api.fie"
            ],
            "apis": {},
            "sites": 2,
            "prevalence": 0.000201,
            "cnames": [],
            "responseHashes": [
                "06c6ed04d297314900b5cb76ff12e60da3af17be2b99effaafe9bbbc06c25968"
            ],
            "type": "Stylesheet",
            "firstPartyCookies": {},
            "firstPartyCookiesSent": {},
            "exampleSites": [
                "androidcentral.com",
                "www.windowscentral.com"
            ]
        },
        {
            "rule": "future\\.net\\.uk\\/merchant-domains\\.php",
            "cookies": 0,
            "fingerprinting": 0,
            "subdomains": [
                "search-api.fie"
            ],
            "apis": {},
            "sites": 9,
            "prevalence": 0.000903,
            "cnames": [],
            "responseHashes": [
                "2c954bbeaf4897458defbf2e0557cdee0399766de78ac3310b6e3fbe7198d0e1",
                "00c7ce06d0b2c2f00e65d34114457630e12212b1c42615a5d8a06b5495c7d620",
                "5f4b30836e8cf6a4baef176c72080304fb44eb3286d071c47c45022c7fcb7d5e",
                "78beaa2b9a86c00c2d8026e4697e70c111c156ef5cf5d532a9bb8d996f1a01fb",
                "bbed529194977e5ed1bc892705707c0528898b8d34484bc803177fd03c6b7014",
                "eb323c35d0cc7b8852adf9a309dea487f420c8ee2edb7c10bf7f88a6f33320cd",
                "57f1cb76e6968536814eefb10cfedc8c38527daf6b3dd5aad80773f59ab0418d",
                "e7b763e06f1f8be5f2ffc3007a2751d01f5ab4943dd52e9ae62b2a94b0e57bb5"
            ],
            "type": "Fetch",
            "firstPartyCookies": {},
            "firstPartyCookiesSent": {},
            "exampleSites": [
                "androidcentral.com",
                "www.cinemablend.com",
                "www.cyclingnews.com",
                "www.cyclingweekly.com",
                "www.goodto.com",
                "www.imore.com",
                "www.marieclaire.com",
                "www.whattowatch.com",
                "www.windowscentral.com"
            ]
        },
        {
            "rule": "future\\.net\\.uk\\/css\\/browser\\/16\\.36\\.6-05790428996a7904b9a5df1d4458e34be566aea3\\/promotion\\.min\\.css",
            "cookies": 0,
            "fingerprinting": 0,
            "subdomains": [
                "search-api.fie"
            ],
            "apis": {},
            "sites": 8,
            "prevalence": 0.000803,
            "cnames": [],
            "responseHashes": [
                "dee85655bd87ff85ec628fcf4c0e65c2df774ebd83f169b2adb64e0ed2fd8906"
            ],
            "type": "Stylesheet",
            "firstPartyCookies": {},
            "firstPartyCookiesSent": {},
            "exampleSites": [
                "cyclingweekly.com",
                "www.gamesradar.com",
                "www.goodto.com",
                "www.guitarworld.com",
                "www.imore.com",
                "www.livescience.com",
                "www.loudersound.com",
                "www.space.com"
            ]
        }
    ],
    "categories": [],
    "performance": {},
    "cookies": 0,
    "topInitiators": [
        {
            "domain": "first party",
            "prevalence": 0.6896551724137931
        },
        {
            "domain": "futurecdn.net",
            "prevalence": 0.3103448275862069
        }
    ],
    "types": {
        "Stylesheet": 10,
        "Fetch": 9
    },
    "nameservers": [
        "ns-615.awsdns-12.net",
        "ns-1198.awsdns-21.org",
        "ns-1825.awsdns-36.co.uk",
        "ns-57.awsdns-07.com"
    ]
}