{
    "domain": "h5v.eu",
    "owner": {},
    "source": [
        "DuckDuckGo-CH"
    ],
    "prevalence": 0.00171,
    "sites": 17,
    "subdomains": [
        "prebid-server",
        "frag-mutti",
        "yield"
    ],
    "cnames": [],
    "fingerprinting": 2,
    "resources": [
        {
            "rule": "h5v\\.eu\\/cookie_sync",
            "cookies": 0,
            "fingerprinting": 0,
            "subdomains": [
                "prebid-server"
            ],
            "apis": {},
            "sites": 9,
            "prevalence": 0.000907,
            "cnames": [],
            "responseHashes": [
                "5b855776b355e50b8a33695eb99ff219488617fd9494d643ec3ca838eec1da82",
                "3064c1e717d5b9fcef3e2f01f7936fe3ca1867ac99b1ca8207fa0a9bccbe3519",
                "fdabbae4929d043ed37731a76398b6561a499fc23fa254dff36490e11ffc3efb"
            ],
            "type": "XHR",
            "firstPartyCookies": {},
            "firstPartyCookiesSent": {},
            "exampleSites": [
                "anderes-wort.de",
                "forum.frag-mutti.de",
                "wow.4fansites.de",
                "www.dogforum.de",
                "www.frag-mutti.de",
                "www.helpster.de",
                "www.lovelybooks.de",
                "www.testedich.de",
                "www.vermoegenmagazin.de"
            ]
        },
        {
            "rule": "h5v\\.eu\\/openrtb2\\/auction",
            "cookies": 0,
            "fingerprinting": 0,
            "subdomains": [
                "prebid-server"
            ],
            "apis": {},
            "sites": 9,
            "prevalence": 0.000907,
            "cnames": [],
            "responseHashes": [
                "87065f79ab3b59cac6782529e737d066fdc44f4154fcf8924f273c8757b9e2bf",
                "348b458ad60a62c97ccc50abf6e5d79023373de2c3ea2b651d75b7cfdb7b8000",
                "28eec8f1f45c284648309bd68689c059926e466d8f4dd4f201595e01cdf9f06e",
                "d6eb4c33efe1cce49b5feaa27bf417dab5d402e27eb594d6ca6eaf333c7ed264",
                "f355b636547b7aa09a713abec8cb6689fbeefd528ed42ac12c20908ccaf9d026",
                "f324fe6efdc6a3ac1ccbc6cc8e538c520de45deea3ae435b93977a960a7aef86",
                "bb1bbf4b644e6e41f4e5b266551f7f29ad30af852de278c4f05d2a198131fb26",
                "12e54a183c2432aec088e48ef229852b0da5a3c8ccd1e2a34bb8664aa74e5065"
            ],
            "type": "XHR",
            "firstPartyCookies": {},
            "firstPartyCookiesSent": {},
            "exampleSites": [
                "anderes-wort.de",
                "forum.frag-mutti.de",
                "wow.4fansites.de",
                "www.dogforum.de",
                "www.frag-mutti.de",
                "www.helpster.de",
                "www.lovelybooks.de",
                "www.testedich.de",
                "www.vermoegenmagazin.de"
            ]
        },
        {
            "rule": "h5v\\.eu\\/setuid",
            "cookies": 0.00101,
            "fingerprinting": 0,
            "subdomains": [
                "prebid-server"
            ],
            "apis": {},
            "sites": 10,
            "prevalence": 0.00101,
            "cnames": [],
            "responseHashes": [
                "e3b0c44298fc1c149afbf4c8996fb92427ae41e4649b934ca495991b7852b855",
                "c956a8bbf43bb56f60d1beefcc5a70f2cb0725083a00e8a0daf423176509fd18"
            ],
            "type": "Image",
            "firstPartyCookies": {},
            "firstPartyCookiesSent": {},
            "exampleSites": [
                "anderes-wort.de",
                "ein.anderes-wort.de",
                "forum.frag-mutti.de",
                "wow.4fansites.de",
                "www.dogforum.de",
                "www.frag-mutti.de",
                "www.helpster.de",
                "www.lovelybooks.de",
                "www.testedich.de",
                "www.vermoegenmagazin.de"
            ]
        },
        {
            "rule": "h5v\\.eu\\/140\\/moli_b4dc499c4eae0ae422da\\.min\\.mjs",
            "cookies": 0.000202,
            "fingerprinting": 2,
            "subdomains": [
                "frag-mutti"
            ],
            "apis": {
                "Navigator.prototype.userAgent": 2,
                "Navigator.prototype.cookieEnabled": 2,
                "window.sessionStorage": 2,
                "Navigator.prototype.appName": 2,
                "window.localStorage": 2,
                "Document.cookie getter": 2,
                "Date.prototype.getTime": 2,
                "Document.cookie setter": 2,
                "window.innerWidth": 2,
                "window.innerHeight": 2,
                "Navigator.prototype.doNotTrack": 2,
                "Screen.prototype.height": 2,
                "Screen.prototype.width": 2,
                "Navigator.prototype.language": 2,
                "Navigator.prototype.connection": 2
            },
            "sites": 2,
            "prevalence": 0.000202,
            "cnames": [],
            "responseHashes": [
                "0d0a0315ea9ffe7056a4dd340f33cac69fbc422a142703563539b98672f252fe"
            ],
            "type": "Script",
            "firstPartyCookies": {
                "_pbjs_userid_consent_data": {
                    "ttl": 2592004,
                    "length": 16,
                    "prevalence": 0.00020163322915616494,
                    "uniqueness": 0.5
                },
                "pbjs-id5id": {
                    "ttl": -86396,
                    "length": 3,
                    "prevalence": 0.00020163322915616494,
                    "uniqueness": 0.5
                },
                "pbjs-id5id_nb": {
                    "ttl": -86396,
                    "length": 3,
                    "prevalence": 0.00020163322915616494,
                    "uniqueness": 0.5
                },
                "pbjs-id5id_828_nb": {
                    "ttl": -86396,
                    "length": 3,
                    "prevalence": 0.00020163322915616494,
                    "uniqueness": 0.5
                },
                "pbjs-id5id_last": {
                    "ttl": -86396,
                    "length": 3,
                    "prevalence": 0.00020163322915616494,
                    "uniqueness": 0.5
                },
                "id5id.1st": {
                    "ttl": -86396,
                    "length": 3,
                    "prevalence": 0.00020163322915616494,
                    "uniqueness": 0.5
                },
                "id5id.1st_nb": {
                    "ttl": -86396,
                    "length": 3,
                    "prevalence": 0.00020163322915616494,
                    "uniqueness": 0.5
                },
                "id5id.1st_828_nb": {
                    "ttl": -86396,
                    "length": 3,
                    "prevalence": 0.00020163322915616494,
                    "uniqueness": 0.5
                },
                "id5id.1st_last": {
                    "ttl": -86396,
                    "length": 3,
                    "prevalence": 0.00020163322915616494,
                    "uniqueness": 0.5
                },
                "id5id": {
                    "ttl": -86396,
                    "length": 3,
                    "prevalence": 0.00020163322915616494,
                    "uniqueness": 0.5
                },
                "id5id_nb": {
                    "ttl": -86396,
                    "length": 3,
                    "prevalence": 0.00020163322915616494,
                    "uniqueness": 0.5
                },
                "id5id_828_nb": {
                    "ttl": -86396,
                    "length": 3,
                    "prevalence": 0.00020163322915616494,
                    "uniqueness": 0.5
                },
                "id5id_last": {
                    "ttl": -86396,
                    "length": 3,
                    "prevalence": 0.00020163322915616494,