{
    "domain": "a-mx.com",
    "owner": {
        "name": "Monet Engine Inc.",
        "displayName": "Monet Engine"
    },
    "source": [
        "DuckDuckGo-DE"
    ],
    "prevalence": 0.00141,
    "sites": 14,
    "subdomains": [
        "id"
    ],
    "cnames": [],
    "fingerprinting": 0,
    "resources": [
        {
            "rule": "a-mx\\.com\\/sync\\/",
            "cookies": 0,
            "fingerprinting": 0,
            "subdomains": [
                "id"
            ],
            "apis": {},
            "sites": 8,
            "prevalence": 0.000806,
            "cnames": [],
            "responseHashes": [
                "909fb49fe1783ffebc4df30ca9d691547d5c12b392b2cb297d00801de7d73f68",
                "3d2c78248c26b3ba7cd16602b3ca45ff80c2b332893fdd2142d99c4c2bd14251"
            ],
            "type": "XHR",
            "firstPartyCookies": {},
            "firstPartyCookiesSent": {
                "lp_380087": 0.00010078613182826043,
                "lp_93109": 0.00010078613182826043,
                "lotame_domain_check": 0.00040314452731304173,
                "_li_dcdm_c": 0.00010078613182826043
            },
            "exampleSites": [
                "wordlegame.org",
                "www.c-sharpcorner.com",
                "www.dexerto.com",
                "www.hausverwaltung-ratgeber.de",
                "www.klimatabelle.info",
                "www.mangaread.org",
                "www.newsweek.com",
                "www.rogerebert.com"
            ]
        },
        {
            "rule": "a-mx\\.com\\/sync\\/",
            "cookies": 0,
            "fingerprinting": 0,
            "subdomains": [
                "id"
            ],
            "apis": {},
            "sites": 6,
            "prevalence": 0.000605,
            "cnames": [],
            "responseHashes": [
                "c3682d64933ee8c9b6d1b7db98b74a287c4a63f921d0a934bc27071b17a56930",
                "4fbaa64d37f0e6a17ee6785fb24cb6d1f456e387cc9f35b668a2a9691070f7c6",
                "28e33b1752a1261b597a7467b8b14f99dc3a984263a78fd5365ce2e3d33debaa",
                "3540c33a6275697051218846d126217a992060cc4eb7a8a0bc6923e25c4e8f9b"
            ],
            "type": "Fetch",
            "firstPartyCookies": {},
            "firstPartyCookiesSent": {
                "lotame_domain_check": 0.0006047167909695626
            },
            "exampleSites": [
                "mysqltutorial.org",
                "www.oracletutorial.com",
                "www.postgresqltutorial.com",
                "www.pythontutorial.net",
                "www.sqlitetutorial.net",
                "www.vielfliegertreff.de"
            ]
        }
    ],
    "categories": [],
    "performance": {},
    "cookies": 0,
    "topInitiators": [
        {
            "domain": "increaserev.com",
            "prevalence": 0.3333333333333333
        },
        {
            "domain": "ezodn.com",
            "prevalence": 0.26666666666666666
        },
        {
            "domain": "relevant-digital.com",
            "prevalence": 0.06666666666666667
        },
        {
            "domain": "vlitag.com",
            "prevalence": 0.06666666666666667
        },
        {
            "domain": "h12-media.com",
            "prevalence": 0.06666666666666667
        },
        {
            "domain": "first party",
            "prevalence": 0.06666666666666667
        },
        {
            "domain": "adligature.com",
            "prevalence": 0.06666666666666667
        },
        {
            "domain": "netpoint-media.de",
            "prevalence": 0.06666666666666667
        }
    ],
    "types": {
        "XHR": 8,
        "Fetch": 6
    },
    "nameservers": [
        "algin.ns.cloudflare.com",
        "jamie.ns.cloudflare.com"
    ]
}