{
    "domain": "bhabhiporn.pro",
    "owner": {},
    "source": [
        "DuckDuckGo-DE"
    ],
    "prevalence": 0.000603,
    "sites": 6,
    "subdomains": [
        "asg"
    ],
    "cnames": [],
    "fingerprinting": 0,
    "resources": [
        {
            "rule": "bhabhiporn\\.pro\\/api\\/spots\\/56334",
            "cookies": 0.000603,
            "fingerprinting": 0,
            "subdomains": [
                "asg"
            ],
            "apis": {},
            "sites": 6,
            "prevalence": 0.000603,
            "cnames": [],
            "responseHashes": [
                "ea2c8f7af5f41528ebfad2094ac682bb61fd31132bc2f6573fc75c1fc512c3c1",
                "2aba22abff3ce8edd76dd2d4cc88990b7b69a5e27f00e5df0f352e3c653b4cca",
                "7d8ff6755e5f8b829113c5ab22461b969000c48cda98d2062b36acbaa54b163b",
                "e06ce556adde052aba53de3e55a890b019704b87086ce160b6ae84524f740d32",
                "c0a26094dfba13618e42a3cc3abb0c2f60962f7ddf3107bc20b895587dc1a28a"
            ],
            "type": "Document",
            "firstPartyCookies": {},
            "firstPartyCookiesSent": {},
            "exampleSites": [
                "indian-porn.pro",
                "porn-xnxx.com",
                "x-xx.pro",
                "xnxx-xxx.pro",
                "xnxx.club",
                "xxxfuck.pro"
            ]
        },
        {
            "rule": "bhabhiporn\\.pro\\/api\\/spots\\/56335",
            "cookies": 0.000603,
            "fingerprinting": 0,
            "subdomains": [
                "asg"
            ],
            "apis": {},
            "sites": 6,
            "prevalence": 0.000603,
            "cnames": [],
            "responseHashes": [
                "3467a6eabf1a3bc8cf2c4b47369eb62c7c95d1e65b8bc02e39e3362d54e64931",
                "c942eac908f439f824d3e59346e8c2818f4584bb1fc828ef82894bc811199574",
                "ad62d8a065484914f1502f5fef71da32706d5860bed36b9b6f9b6d2966021c8c",
                "c02e76c971fabf0250f1f2ab909fb6857fd7e8608913ad40df509ca78abd020e",
                "d296ca893f98d32abb3d1d8a2ced144542e3960b39fee54520c47fb8425b17ea"
            ],
            "type": "Document",
            "firstPartyCookies": {},
            "firstPartyCookiesSent": {},
            "exampleSites": [
                "indian-porn.pro",
                "porn-xnxx.com",
                "x-xx.pro",
                "xnxx-xxx.pro",
                "xnxx.club",
                "xxxfuck.pro"
            ]
        },
        {
            "rule": "bhabhiporn\\.pro\\/api\\/spots\\/56336",
            "cookies": 0.000603,
            "fingerprinting": 0,
            "subdomains": [
                "asg"
            ],
            "apis": {},
            "sites": 6,
            "prevalence": 0.000603,
            "cnames": [],
            "responseHashes": [
                "42f59a8617fd1d60bc1b80c11b16702fe4787393e14de6608fc2f7094a08f2d2",
                "17b52158a53ca2844eb1034e6b4d72f40b1915337a884904e6d75e92279e13d3",
                "b7449595ae75ac9a9d17b245e7b168164d54ee727ccba5ea8b35881a42233429",
                "253c2ee645f82b83feef26d020afd8213b93703de79644ecdcf64e5aa85cd1b6",
                "ee28b98cc6733eca0c13b5e750c89b3ab6d6950f5e50762cb764fcfa876fd622"
            ],
            "type": "Document",
            "firstPartyCookies": {},
            "firstPartyCookiesSent": {},
            "exampleSites": [
                "indian-porn.pro",
                "porn-xnxx.com",
                "x-xx.pro",
                "xnxx-xxx.pro",
                "xnxx.club",
                "xxxfuck.pro"
            ]
        },
        {
            "rule": "bhabhiporn\\.pro\\/api\\/spots\\/56337",
            "cookies": 0.000603,
            "fingerprinting": 0,
            "subdomains": [
                "asg"
            ],
            "apis": {},
            "sites": 6,
            "prevalence": 0.000603,
            "cnames": [],
            "responseHashes": [
                "af9691ae2e8e2545efc2ae3eb355d3fff211ca7109330da215dcd4dd5e6265ec",
                "fbdfb5c714d96363b2ef558dd350bfed984eebc1559aaa53c565c32ed53bd9d4",
                "bc605d29964654fdb70d08d65af7415ed2e91d9afb591d64addc2fc7f8bc1253",
                "509cffc4f2de45cb5eb59262ce0426ea45750e18c8dce587355d3e59858c45b0",
                "6f64d1fdf07b4798de1c5730a6b9f39272700ee87b3398f4f27a0c1e82689424"
            ],
            "type": "Document",
            "firstPartyCookies": {},
            "firstPartyCookiesSent": {},
            "exampleSites": [
                "indian-porn.pro",
                "porn-xnxx.com",
                "x-xx.pro",
                "xnxx-xxx.pro",
                "xnxx.club",
                "xxxfuck.pro"
            ]
        }
    ],
    "categories": [],
    "performance": {},
    "cookies": 0.000603,
    "topInitiators": [
        {
            "domain": "first party",
            "prevalence": 1
        }
    ],
    "types": {
        "Document": 24
    },
    "nameservers": [
        "emily.ns.cloudflare.com",
        "simon.ns.cloudflare.com"
    ]
}