{
    "domain": "daaaaaeade.com",
    "owner": {},
    "source": [
        "DuckDuckGo-DE"
    ],
    "prevalence": 0.000904,
    "sites": 9,
    "subdomains": [
        "1a77438787"
    ],
    "cnames": [],
    "fingerprinting": 0,
    "resources": [
        {
            "rule": "daaaaaeade\\.com\\/in\\/multy",
            "cookies": 0,
            "fingerprinting": 0,
            "subdomains": [
                "1a77438787"
            ],
            "apis": {},
            "sites": 9,
            "prevalence": 0.000904,
            "cnames": [],
            "responseHashes": [
                "6cce54af97460e8a94a9c2a92f809805601cb01b36457a3a3cd4dc12fb26444f",
                "f75fb457ea1fc5d8c2ef7cf14ccd77fb4ce7b5f2a098359f263c49780b8d23e9",
                "9e7858f3b05e00f2f6896539a764dfe06cbcad6622d0c04aaf8571f361a86eb5",
                "55f9775ce7e7f8bd77aaea5686f4713da0b2f1073d326e9dd82b0d62971bbb63",
                "52b92793328ddf369c7a176623037d6de0c58e89cec1c5e20db9751371fa0a6e",
                "4775ce02a5d2e053dfee9f739e3e51c21e85979d017972cf7b97df7b21f403e5",
                "c8f5f50d167e0240178438528aaa35bc51a29e7a255032c1906c11b70b0e135a",
                "6ec82abdc0fbe60027128e2069cdddb47bc68213920c72b773a33ac1b1f625db"
            ],
            "type": "XHR",
            "firstPartyCookies": {},
            "firstPartyCookiesSent": {},
            "exampleSites": [
                "chaturflix.cam",
                "naked.titis.org",
                "titis.org",
                "tubepornclassic.com",
                "txxx.com",
                "txxx.tube",
                "vintic.name",
                "www.javmost.cx",
                "www.xtremehard.net"
            ]
        },
        {
            "rule": "daaaaaeade\\.com\\/in\\/show\\/",
            "cookies": 0,
            "fingerprinting": 0,
            "subdomains": [
                "1a77438787"
            ],
            "apis": {},
            "sites": 8,
            "prevalence": 0.000803,
            "cnames": [],
            "responseHashes": [],
            "type": "Document",
            "firstPartyCookies": {},
            "firstPartyCookiesSent": {},
            "exampleSites": [
                "chaturflix.cam",
                "naked.titis.org",
                "titis.org",
                "tubepornclassic.com",
                "txxx.com",
                "vintic.name",
                "www.javmost.cx",
                "www.xtremehard.net"
            ]
        },
        {
            "rule": "daaaaaeade\\.com\\/in\\/show\\/",
            "cookies": 0,
            "fingerprinting": 0,
            "subdomains": [
                "1a77438787"
            ],
            "apis": {},
            "sites": 9,
            "prevalence": 0.000904,
            "cnames": [],
            "responseHashes": [
                "e3b0c44298fc1c149afbf4c8996fb92427ae41e4649b934ca495991b7852b855"
            ],
            "type": "Image",
            "firstPartyCookies": {},
            "firstPartyCookiesSent": {},
            "exampleSites": [
                "chaturflix.cam",
                "naked.titis.org",
                "titis.org",
                "tubepornclassic.com",
                "txxx.com",
                "txxx.tube",
                "vintic.name",
                "www.javmost.cx",
                "www.xtremehard.net"
            ]
        },
        {
            "rule": "daaaaaeade\\.com\\/in\\/viewtrack",
            "cookies": 0,
            "fingerprinting": 0,
            "subdomains": [
                "1a77438787"
            ],
            "apis": {},
            "sites": 2,
            "prevalence": 0.000201,
            "cnames": [],
            "responseHashes": [
                "e3b0c44298fc1c149afbf4c8996fb92427ae41e4649b934ca495991b7852b855"
            ],
            "type": "XHR",
            "firstPartyCookies": {},
            "firstPartyCookiesSent": {},
            "exampleSites": [
                "vintic.name",
                "www.xtremehard.net"
            ]
        }
    ],
    "categories": [],
    "performance": {},
    "cookies": 0,
    "topInitiators": [
        {
            "domain": "4bb551aca1.com",
            "prevalence": 0.8456375838926175
        },
        {
            "domain": "first party",
            "prevalence": 0.12751677852348994
        },
        {
            "domain": "natsdk.com",
            "prevalence": 0.026845637583892617
        }
    ],
    "types": {
        "XHR": 11,
        "Document": 8,
        "Image": 9
    },
    "nameservers": [
        "gerald.ns.cloudflare.com",
        "kimora.ns.cloudflare.com"
    ]
}