{
    "domain": "delmovip.com",
    "owner": {},
    "source": [
        "DuckDuckGo-DE"
    ],
    "prevalence": 0.00311,
    "sites": 31,
    "subdomains": [
        "go",
        "static"
    ],
    "cnames": [],
    "fingerprinting": 2,
    "resources": [
        {
            "rule": "delmovip\\.com\\/loadeactrl\\.go",
            "cookies": 0,
            "fingerprinting": 2,
            "subdomains": [
                "go"
            ],
            "apis": {
                "Screen.prototype.availHeight": 27,
                "Screen.prototype.availWidth": 27,
                "Date.prototype.getTime": 26,
                "Screen.prototype.height": 26,
                "Screen.prototype.width": 26,
                "Navigator.prototype.appName": 20,
                "Navigator.prototype.appVersion": 20
            },
            "sites": 27,
            "prevalence": 0.00271,
            "cnames": [],
            "responseHashes": [
                "43672b66143ab373868e0449f3c48ce8cf209e050f824015474e6c7e0cff681a",
                "a4aed5ad4c7f5cd58513181f7c6b2ffb7be212532555628a86fa2378ee5b0cae",
                "109f806ca62b6c998669b9329fd6c3a8d6ed9684a7fc5f89c924f75895f92dd8",
                "06b3c38bf51889254949c836ca4494bdf5d6d1f11b411fad17bde812188477bc",
                "4a8e04bf13b578845e122f186f91dc6c262e7508024bbbffaa40bb97e90033d1",
                "775a2383d91f1862052c123a47866b83707173d1e179d11deed25825f9c9e4e9",
                "b5eb7ee8d6f4f90c68b10e795f8b05e7769f6c03642bfa58697d6d777876f5e0",
                "6bf4ace25b1ef87f2728461ce358020730937310dc1457fa92aa12e6b1410f05",
                "2dbe2c5cd4162fe046f57c724d33baed2369efc2bb3a11133c17fcf78707d637",
                "33a9bba8793b88c0499090a8dea71fa39a75623c6398f0fb774c45458b568729",
                "0250f641b2861348309a0ad77a411be8b9da65a13b2254f83642d942b22363d4",
                "5ebfb182303f4c38b7fe27a5c27b9af6bd7261c1299e100beb9edda51743c260",
                "598d1d46c231e5572713d5dc9098e54c066dc698c63ea650d36b4116ba9cb7d2",
                "bd1e3feb99a34b4613b64764aea0d0533f48cea793cbc1fcd6c90a3299561371",
                "9f1878880d9dfe5ddb0ce5635f2aa83539b8d760296f3e3221d97852dbc77fcd",
                "5199196ab5cb1b4a1ca859aa48ab61b97cb6b4fe9b5c18b3c8b3d3f0df200ce5",
                "8245d69fde26350e5eac337a98be1d6198ed7f1f5267199159dd492c738defd4",
                "7fe2f8a17f2d5c1606396ca0d1d129015eba7ff4f0fe51d3cd242925158ad5d3",
                "c293ee34d3d83fd9e77955dbe122912ee1029256d69ddcf3de983f230c480ceb",
                "d0a0f332336f2d05487b3c08cdd818ef06cd99387574c8702c57cd795bc885c7",
                "94f5443c41fd6bd9216bab28d05d1b7857c45418d00233523dd570c16b3a8f70",
                "f77bf61d4c1f2b2378202333d0dd06683f09bb448dd87f14aae6237a666f357b",
                "1d8aba56bd74979f0fae7fe1ef084900ff84fe5859ff9f233899c3aa1f080158",
                "e325a727b9fb3d553427c8e08f9cb68489a265bcad5df877a14740af38cfa0ff",
                "a386291fdbd1b56b7fe73823f0664a2eef52fd61cd2a079e328ef4d7d428e8f7",
                "33e42ea8b902d71e5cb7ef737182aad61c455fcb5cc897ab4177997dfc504f2c"
            ],
            "type": "Script",
            "firstPartyCookies": {},
            "firstPartyCookiesSent": {},
            "exampleSites": [
                "www.unitedfuck-pornos.com",
                "www.oldiepornos.com",
                "www.german-porno-deutsch.info",
                "pornohutdeutsch.net",
                "www.sexgeschichten.tv",
                "ficken-pornos.net",
                "deutschepornos-kostenlos.net",
                "sexfilmetube.net",
                "www.omasexpornos.com",
                "www.dickefrauen.info",
                "www.lesben-pornos.co",
                "www.gratissexvideos.org",
                "www.deutschepornos.co",
                "youporndeutsch.xyz",
                "www.erotik-sexvideos.com",
                "www.lesbenpornos.net",
                "youporn-deutsch.biz",
                "deutschepornos-tube.org",
                "reifefrauenpornos.com",
                "you-porn-deutsch.com"
            ]
        },
        {
            "rule": "delmovip\\.com\\/eactrl\\.go",
            "cookies": 0,
            "fingerprinting": 0,
            "subdomains": [
                "go"
            ],
            "apis": {},
            "sites": 30,
            "prevalence": 0.00301,
            "cnames": [],
            "responseHashes": [
                "63e1519619dc9c7e6d4c88c8410b8a27aad6b399a1b384479cd2af808f3a2358",
                "550f09cde746125f73e04ac5d52e7b7148c72189a405a66cbbadab17754a48f5",
                "c142de6187c131273555e3f5fa97d3708f19a3c0d7bbc2a0f684c1deb2d309f6",
                "cd4907b9bfedbde43cf93671e06ca0d8893f3305d334007640937845b42fd127",
                "6fa2b9c0c9745d9418c6044dfa38667a5321bfc16e2b2c93121bb3921b6a587c",
                "e6726a7eb5844b504c208520122a3084a407275f191a5d0580061b4678e629e8",
                "f0d60529d6579261595d73196201b5230a7051fc93bfbeba56ab11c5a66a47b8",
                "c0055501189ada412557f824cad7ded3564a7b0823908ae0792be77b74c38353",
                "aeec29b891a785b7a232dc9e0d7cbb2131fe7a6d7039b568fd3310cbf41130c9",
                "fec2fb42f30b57e30027983c4b8203e8328c30a285dc7c7a6d22eb4f243097af",
                "eb2ed7eca2172eddc4a98e75ecfe06092ebee3918d1bec5edc14154a810ddcb5",
                "13fd1899db41e051bec86c3ccf4eb4aee4655e01df5a689efede0e1f01def35c",
                "fbb20cc31f06b6b4f21bd02e9a7436c9b11c1e34acc943611c9419f325d5a046",
                "ef94bd169ddd1302caccb37865f1717a20ba86c965b98ed15a8ce411048670b9",
                "b5da9768bec27f9c93b8bf9a3683e3d923a0c086e9fd83e4ddcff7beecf60d30",
                "c4d27b6de414a020d452c83d18cf040b0d6d18b9a3e5bbe94e95d6765094ed67",
                "6b0b885573b03d137ebd65124040874eedd08d210f0275ef413e0093fa29fe97",
                "e2bd3bbb17585f24d9e2363de172df80b7fa456caf8d5304c5b06df1ae6a89ae",
                "0f14c2ed5bed097d20100f2e75537fc157abbb7faf9f3029b266935edc194635",
                "bf121d68b75a07b9e31850f9f51d90fd81b8018866103cdaf57dad4c1db7b307",
                "a4b18c9674549250a7d2915abae9f8e43567b03642c22e3592db8dbcce291aa0",
                "35e8f983953ec438ea810d64a07b70be56e86409ddcd14ac7100db536b3d6f50",
                "e8677ba9757bd3d4e1f752d35ef4fcd1f7be9f62c231a4d112e64f9ea4adb499",
                "a346c9ba8bf3c7ced0ed969543d025c4d9a501da3a65934331021e495c1edf97",
                "d03bf753e5ddce763af4a12ae5b59d1eb1105f40f948bc9a4c112f8327a8b644",
                "aad16035a5e22182dec1580de851864f888e9359f606241100af9b311e2a8a8b",
                "dc1f898d38c28e5f0ac576277be99ec461c5b6a62bc0b2421f051da6fb72c139",
                "36e0cdf316bd89a84eb4f130d9a17ed1220b76bff2274551626e0e8e3899609e",
                "9391b24244ac75576414d6619a5a7b35312b77d23bc94f7cb86a57d5d5f367e4"
            ],
            "type": "XHR",
            "firstPartyCookies": {},
            "firstPartyCookiesSent": {},
            "exampleSites": [
                "www.lesbenpornos.net",
                "youporndeutsch.xyz",
                "www.oldiepornos.com",
                "reifefrauenpornos.com",
                "youporn-deutsch.biz",
                "www.dickefrauen.info",
                "www.echtsexgeschichten.com",
                "www.gratissexvideos.org",
                "deutschepornos-kostenlos.net",
                "www.deinemuschis.com",
                "ficken-pornos.net",
                "www.sexgeschichten.tv",
                "sexfilmetube.net",
                "www.pornotom.com",
                "www.deutscherporno.biz",
                "gaypornovideos.biz",
                "www.unitedfuck-pornos.com",
                "forum.amateurpin.xxx",
                "pornohutdeutsch.net",
                "www.lesben-pornos.co"
            ]
        },
        {
            "rule": "delmovip\\.com\\/data\\/banners\\/550\\/3224\\.mp4",
            "cookies": 0,