{
    "domain": "intelliad.de",
    "owner": {},
    "source": [
        "DuckDuckGo-DE"
    ],
    "prevalence": 0.000702,
    "sites": 7,
    "subdomains": [
        "t13",
        "t23"
    ],
    "cnames": [],
    "fingerprinting": 1,
    "resources": [
        {
            "rule": "intelliad\\.de\\/hfpc\\.min\\.js",
            "cookies": 0.000602,
            "fingerprinting": 1,
            "subdomains": [
                "t13"
            ],
            "apis": {
                "Document.cookie getter": 6,
                "Date.prototype.getTime": 6,
                "Document.cookie setter": 6
            },
            "sites": 6,
            "prevalence": 0.000602,
            "cnames": [],
            "responseHashes": [
                "b95aa3f47aa13e07f6874689ff02c2a7757bd71dd61177c9ebbb55508fc7bb7d"
            ],
            "type": "Script",
            "firstPartyCookies": {
                "ia-5333437323236323131303": {
                    "ttl": 2592003,
                    "length": 110,
                    "prevalence": 0.00010033109260559848,
                    "uniqueness": 1
                },
                "ia-5323435373136323131303": {
                    "ttl": 2592004,
                    "length": 110,
                    "prevalence": 0.00010033109260559848,
                    "uniqueness": 1
                },
                "ia-6383932313236323131303": {
                    "ttl": 2592003,
                    "length": 110,
                    "prevalence": 0.00010033109260559848,
                    "uniqueness": 1
                },
                "ia-4303532313236323131303": {
                    "ttl": 2592005,
                    "length": 110,
                    "prevalence": 0.00010033109260559848,
                    "uniqueness": 1
                },
                "ia-8333636373136323131303": {
                    "ttl": 2592006,
                    "length": 110,
                    "prevalence": 0.00010033109260559848,
                    "uniqueness": 1
                },
                "ia-1353737373136323131303": {
                    "ttl": 2592004,
                    "length": 110,
                    "prevalence": 0.00010033109260559848,
                    "uniqueness": 1
                }
            },
            "firstPartyCookiesSent": {},
            "exampleSites": [
                "astroshop.de",
                "www.bankofscotland.de",
                "www.blue-tomato.com",
                "www.outdoortrends.de",
                "www.tonerpartner.de",
                "www.watchmaster.com"
            ]
        },
        {
            "rule": "intelliad\\.de\\/crossdevice\\.php",
            "cookies": 0.000602,
            "fingerprinting": 0,
            "subdomains": [
                "t23"
            ],
            "apis": {},
            "sites": 6,
            "prevalence": 0.000602,
            "cnames": [],
            "responseHashes": [
                "df0184377e2e4591f5765c26e3a62463698e296b1645bca6f2304945af4a16c2",
                "f26e5963b855b88a390e2694ce9af77c52c7d4d2ce4fa4114eadfb88436c124e",
                "7a918b380addcebb24f5e49ad471a518e93e13cc365412d22924b4a5ade8d12c",
                "abb13c4b344a76cce0d775c5ca980e83192e2a62e24c0422508a65438262a3cb",
                "ac55ad261c8b095f7d57a15bd261722b87f4bac49eac905b4097e33942d3a316"
            ],
            "type": "Script",
            "firstPartyCookies": {},
            "firstPartyCookiesSent": {},
            "exampleSites": [
                "astroshop.de",
                "www.bankofscotland.de",
                "www.blue-tomato.com",
                "www.outdoortrends.de",
                "www.tonerpartner.de",
                "www.watchmaster.com"
            ]
        },
        {
            "rule": "intelliad\\.de\\/bnc\\.php",
            "cookies": 0.000602,
            "fingerprinting": 0,
            "subdomains": [
                "t23"
            ],
            "apis": {},
            "sites": 6,
            "prevalence": 0.000602,
            "cnames": [],
            "responseHashes": [
                "d346801abbf9bb4e9e9a055239053d4ab5596514304f601a6c70604187acb744"
            ],
            "type": "Image",
            "firstPartyCookies": {},
            "firstPartyCookiesSent": {
                "ia-5333437323236323131303": 0.00010033109260559848,
                "ia-5323435373136323131303": 0.00010033109260559848,
                "ia-6383932313236323131303": 0.00010033109260559848,
                "ia-4303532313236323131303": 0.00010033109260559848,
                "ia-8333636373136323131303": 0.00010033109260559848,
                "ia-1353737373136323131303": 0.00010033109260559848
            },
            "exampleSites": [
                "astroshop.de",
                "www.bankofscotland.de",
                "www.blue-tomato.com",
                "www.outdoortrends.de",
                "www.tonerpartner.de",
                "www.watchmaster.com"
            ]
        },
        {
            "rule": "intelliad\\.de\\/mct\\.php",
            "cookies": 0.000602,
            "fingerprinting": 0,
            "subdomains": [
                "t23"
            ],
            "apis": {},
            "sites": 6,
            "prevalence": 0.000602,
            "cnames": [],
            "responseHashes": [
                "d346801abbf9bb4e9e9a055239053d4ab5596514304f601a6c70604187acb744"
            ],
            "type": "Image",
            "firstPartyCookies": {},
            "firstPartyCookiesSent": {
                "ia-5333437323236323131303": 0.00010033109260559848,
                "ia-5323435373136323131303": 0.00010033109260559848,
                "ia-6383932313236323131303": 0.00010033109260559848,
                "ia-4303532313236323131303": 0.00010033109260559848,
                "ia-8333636373136323131303": 0.00010033109260559848,
                "ia-1353737373136323131303": 0.00010033109260559848
            },
            "exampleSites": [
                "astroshop.de",
                "www.bankofscotland.de",
                "www.blue-tomato.com",
                "www.outdoortrends.de",
                "www.tonerpartner.de",
                "www.watchmaster.com"
            ]
        },
        {
            "rule": "intelliad\\.de\\/c2\\.php",
            "cookies": 0.000602,
            "fingerprinting": 0,
            "subdomains": [
                "t23"
            ],
            "apis": {},
            "sites": 6,
            "prevalence": 0.000602,
            "cnames": [],
            "responseHashes": [
                "d346801abbf9bb4e9e9a055239053d4ab5596514304f601a6c70604187acb744"
            ],
            "type": "Image",
            "firstPartyCookies": {},
            "firstPartyCookiesSent": {
                "ia-5333437323236323131303": 0.00010033109260559848,
                "ia-5323435373136323131303": 0.00010033109260559848,
                "ia-6383932313236323131303": 0.00010033109260559848,
                "ia-4303532313236323131303": 0.00010033109260559848,
                "ia-8333636373136323131303": 0.00010033109260559848,
                "ia-1353737373136323131303": 0.00010033109260559848
            },
            "exampleSites": [
                "astroshop.de",
                "www.bankofscotland.de",
                "www.blue-tomato.com",
                "www.outdoortrends.de",
                "www.tonerpartner.de",
                "www.watchmaster.com"
            ]
        }
    ],
    "categories": [],
    "performance": {},
    "cookies": 0.000702,
    "types": {
        "Script": 12,
        "Image": 18
    },
    "nameservers": [
        "ns01.v-dns.de",
        "ns02.v-dns.de",
        "ns03.v-dns.de",
        "ns04.v-dns.de"
    ]
}