{
    "domain": "mantisadnetwork.com",
    "owner": {},
    "source": [
        "DuckDuckGo-DE"
    ],
    "prevalence": 0.000441,
    "sites": 5,
    "subdomains": [
        "mantodea"
    ],
    "cnames": [],
    "fingerprinting": 0,
    "resources": [
        {
            "rule": "mantisadnetwork\\.com\\/prebid\\/display",
            "cookies": 0,
            "fingerprinting": 0,
            "subdomains": [
                "mantodea"
            ],
            "apis": {},
            "sites": 5,
            "prevalence": 0.000441,
            "cnames": [],
            "responseHashes": [
                "373ea6f9a613235d20904171722e31f39e33c21e2f7bd050c4b07f85c2e1b298",
                "5352720a5ffb778e42dbb1d4b81c975c02018dd660e1fe9c430cbf13dba78762",
                "0ae7287e83940b36fb4dd65e0693bb7c1d94d5f0d6518e6149b62eae1e3ceb91",
                "aa0432104dd460a33b2e1f213a993d0da90fd5f6cb58de4c6fab1cb51605508a"
            ],
            "type": "XHR",
            "firstPartyCookies": {},
            "firstPartyCookiesSent": {
                "lotame_domain_check": 0.00008812125484666901
            },
            "exampleSites": [
                "cplusplus.com",
                "pokemon.gameinfo.io",
                "pureinfotech.com",
                "www.iplocation.net",
                "www.manualscat.com"
            ]
        },
        {
            "rule": "mantisadnetwork\\.com\\/prebid\\/iframe",
            "cookies": 0,
            "fingerprinting": 0,
            "subdomains": [
                "mantodea"
            ],
            "apis": {},
            "sites": 5,
            "prevalence": 0.000441,
            "cnames": [],
            "responseHashes": [
                "e912bb6f95ff471462796b794025d402598d32d9dd680be89bb974756457b7c6",
                "8241e55897def159bed440225f94226a502f01c2c4c079d486837c545ce24293",
                "489203bae69a46f22349e16fc1f9f52f205ed5cd00d8006cec820ec3afccbff3",
                "fc9a2af8cf913b954d9148d9d2904623bed20e930987c8f4dc61e6edb5711164"
            ],
            "type": "Document",
            "firstPartyCookies": {},
            "firstPartyCookiesSent": {
                "lotame_domain_check": 0.00008812125484666901
            },
            "exampleSites": [
                "cplusplus.com",
                "pokemon.gameinfo.io",
                "pureinfotech.com",
                "www.iplocation.net",
                "www.manualscat.com"
            ]
        }
    ],
    "categories": [],
    "performance": {},
    "cookies": 0,
    "topInitiators": [
        {
            "domain": "buysellads.net",
            "prevalence": 1
        }
    ],
    "types": {
        "XHR": 5,
        "Document": 5
    },
    "nameservers": [
        "pat.ns.cloudflare.com",
        "brad.ns.cloudflare.com"
    ]
}