{
    "domain": "mrf.io",
    "owner": {
        "name": "Marfeel Solutions, S.L.",
        "displayName": "Marfeel"
    },
    "source": [
        "DuckDuckGo-DE"
    ],
    "prevalence": 0.00131,
    "sites": 13,
    "subdomains": [
        "sdk",
        "marfeelexperimentsexperienceengine",
        "flowcards"
    ],
    "cnames": [],
    "fingerprinting": 1,
    "resources": [
        {
            "rule": "mrf\\.io\\/statics\\/marfeel-sdk\\.js",
            "cookies": 0.000201,
            "fingerprinting": 1,
            "subdomains": [
                "sdk"
            ],
            "apis": {
                "window.localStorage": 13,
                "Navigator.prototype.userAgent": 13,
                "window.sessionStorage": 13,
                "Date.prototype.getTime": 12,
                "Document.cookie getter": 12,
                "Document.cookie setter": 2
            },
            "sites": 13,
            "prevalence": 0.00131,
            "cnames": [],
            "responseHashes": [
                "2bc5ef0d7964a3f601a86f084b8f07cae13819b12275e7f0169d89cdca3c71e9",
                "f5d95c2c46adc2c742dda81c74ac528b5dc156fd3bedbba90619fc1cca04f735",
                "ad57cc243e69f9425f5a32c36861a784061657e5aab6a37254b1ee4a95e507c0",
                "e5ca3db98494af1abc98e825465c9cfd934707669eef96df0526d28e6da2586b",
                "31ae04f69e5b83e223454fb9f91ac1ab0953db9ab5fff0fd5137d9593a8a306f",
                "5bb3c05d9fe33cdb26b1e7e82d3bc337dbd02074028d80ff4ab46c9cbd4d5aa2",
                "faa3057eef7d7b4d3aa425ebe7ee07c00418b12bb69087acfde10e88178d5e29",
                "b0320523565a048140ba0df5fb13782e2e1c9781e452b745bf89f20f79996039"
            ],
            "type": "Script",
            "firstPartyCookies": {
                "___nrbic": {
                    "ttl": null,
                    "length": 323,
                    "prevalence": 0.0002008435428800964,
                    "uniqueness": 1
                },
                "___nrbi": {
                    "ttl": 15897601,
                    "length": 187,
                    "prevalence": 0.0002008435428800964,
                    "uniqueness": 1
                },
                "compass_uid": {
                    "ttl": 15897601,
                    "length": 36,
                    "prevalence": 0.0002008435428800964,
                    "uniqueness": 1
                }
            },
            "firstPartyCookiesSent": {},
            "exampleSites": [
                "elpais.com",
                "gedankenwelt.de",
                "heavy.com",
                "regionalheute.de",
                "www.abendzeitung-muenchen.de",
                "www.blic.rs",
                "www.elmundo.es",
                "www.ginx.tv",
                "www.marca.com",
                "www.marmiton.org",
                "www.netmums.com",
                "www.trueachievements.com",
                "www.zvw.de"
            ]
        },
        {
            "rule": "mrf\\.io\\/experimentsexperience\\/render",
            "cookies": 0,
            "fingerprinting": 0,
            "subdomains": [
                "marfeelexperimentsexperienceengine"
            ],
            "apis": {},
            "sites": 4,
            "prevalence": 0.000402,
            "cnames": [],
            "responseHashes": [
                "222f2ad60e136caeed7fda1d680b8848e8ee6923dd8df0ef65770a5dbd08d589"
            ],
            "type": "Script",
            "firstPartyCookies": {},
            "firstPartyCookiesSent": {},
            "exampleSites": [
                "elpais.com",
                "www.abendzeitung-muenchen.de",
                "www.elmundo.es",
                "www.marca.com"
            ]
        },
        {
            "rule": "mrf\\.io\\/statics\\/compass-multimedia-sdk\\.js",
            "cookies": 0,
            "fingerprinting": 0,
            "subdomains": [
                "sdk"
            ],
            "apis": {},
            "sites": 2,
            "prevalence": 0.000201,
            "cnames": [],
            "responseHashes": [
                "28dc0313036d9826dabf3ac2c18c291ec125aafe556dd2fdf1de8c8addea5e1f"
            ],
            "type": "Script",
            "firstPartyCookies": {},
            "firstPartyCookiesSent": {},
            "exampleSites": [
                "elmundo.es",
                "www.marca.com"
            ]
        },
        {
            "rule": "mrf\\.io\\/statics\\/f6141e181f15963db8aa\\.js",
            "cookies": 0,
            "fingerprinting": 1,
            "subdomains": [
                "sdk"
            ],
            "apis": {
                "Navigator.prototype.userAgent": 2
            },
            "sites": 2,
            "prevalence": 0.000201,
            "cnames": [],
            "responseHashes": [
                "75327f92924c4b5cf4584552c13fa3125a52a0db14b2838669bfba16e63dd93c"
            ],
            "type": "Script",
            "firstPartyCookies": {},
            "firstPartyCookiesSent": {},
            "exampleSites": [
                "elmundo.es",
                "www.marca.com"
            ]
        },
        {
            "rule": "mrf\\.io\\/json\\/experiences",
            "cookies": 0,
            "fingerprinting": 0,
            "subdomains": [
                "flowcards"
            ],
            "apis": {},
            "sites": 2,
            "prevalence": 0.000201,
            "cnames": [],
            "responseHashes": [],
            "type": "Fetch",
            "firstPartyCookies": {},
            "firstPartyCookiesSent": {},
            "exampleSites": [
                "elmundo.es",
                "www.zvw.de"
            ]
        }
    ],
    "categories": [],
    "performance": {},
    "cookies": 0.000201,
    "topInitiators": [
        {
            "domain": "first party",
            "prevalence": 0.4375
        },
        {
            "domain": "googletagmanager.com",
            "prevalence": 0.25
        },
        {
            "domain": "epimg.net",
            "prevalence": 0.125
        },
        {
            "domain": "tiqcdn.com",
            "prevalence": 0.125
        },
        {
            "domain": "uecdn.es",
            "prevalence": 0.0625
        }
    ],
    "types": {
        "Script": 21,
        "Fetch": 2
    },
    "nameservers": [
        "ns-105.awsdns-13.com",
        "ns-655.awsdns-17.net",
        "ns-1457.awsdns-54.org",
        "ns-1834.awsdns-37.co.uk"
    ]
}