{
    "domain": "nmrodam.com",
    "owner": {},
    "source": [
        "DuckDuckGo-DE"
    ],
    "prevalence": 0.00291,
    "sites": 29,
    "subdomains": [
        "cdn-gl",
        "secure-eu",
        "d5skajyqhr2a2lir1jjsvhlfh0raj1687359732.nuid",
        "oqa4aseggk0m9f5h3g8btpkwmucq21687359311.nuid",
        "ry47mgupo2hgn2crsqkskuohjsi0n1687362172.nuid",
        "da5piff73kuukyacre7s5huub7ewk1687359262.nuid",
        "m3yip1n64stgsie2zvqnq0j5bdyhy1687359314.nuid",
        "sahaiddxlhwuu81nbc2unszfmudqe1687360630.nuid",
        "wsh0hjxpibgupk5uc0bysqdffihg71687359425.nuid",
        "2mdhmz75bdwmfymtzb5de8cfiuc1y1687359355.nuid",
        "onj2ttiogsszdonnktagc6j8prodv1687359259.nuid",
        "wotmrnwpyfltgkqbhbhwc8hvuqwlt1687359972.nuid",
        "p5jleaxcjd79uyfo7sd8geo6waehk1687359315.nuid",
        "haum9j3zjog4ygmwh6tcs1xlddtu71687359353.nuid",
        "kngbzudql0ftwt34agzybjfiqdcmd1687359398.nuid",
        "hmdzmlls6kifrpbkjtqdu0sdf8rim1687363519.nuid",
        "xkdlhbnxgjgybfbsggakrhfhhg3hy1687360385.nuid",
        "esptf1pc03a0vb6nwwpizsdnsrqly1687359252.nuid",
        "tudnkfgbdm3ghvw2vx7xgafwckyc61687359299.nuid",
        "s939glryhvrkxm6yo3lwodllm11rl1687359289.nuid",
        "lcowyop0kluggdrw1zwoihtwouwqf1687359895.nuid",
        "ejrklpk6hnxdztmmqgpqfackfrtb91687359468.nuid",
        "ibpfw0w5f2a55bvj4lsvxg15jermt1687359289.nuid",
        "oxznmeqq5qciplntza5p3tcl2tnmf1687360592.nuid",
        "pagxklwhb2qwlixd9gk6x8ie3usvw1687359637.nuid",
        "jxiofph5kdhgl6op3on8kvtrtzxzy1687359300.nuid",
        "sl7ffmep4l3mj1wfs95lznspv5wn71687359771.nuid",
        "3iti9ttzyb0ohaae66uzsu43rks2j1687359780.nuid",
        "6awhvdb5pgal3tcbrvj66d7c59fei1687359952.nuid",
        "8zdvpdc9uj6961p9msbimesqkeksa1687363055.nuid"
    ],
    "cnames": [],
    "fingerprinting": 2,
    "resources": [
        {
            "rule": "nmrodam\\.com\\/conf\\/P1035C25D-ACF8-43B1-A619-2E132933BDCE\\.js",
            "cookies": 0,
            "fingerprinting": 1,
            "subdomains": [
                "cdn-gl"
            ],
            "apis": {
                "window.name": 2
            },
            "sites": 2,
            "prevalence": 0.000201,
            "cnames": [],
            "responseHashes": [
                "46a35f283c9868dd760101e059e3ba88be65c88c8aef973960c64b070f19c037"
            ],
            "type": "Script",
            "firstPartyCookies": {},
            "firstPartyCookiesSent": {},
            "exampleSites": [
                "onmeda.de",
                "www.onmeda.de"
            ]
        },
        {
            "rule": "nmrodam\\.com\\/novms\\/js\\/2\\/nlsSDK600\\.eu\\.bundle\\.min\\.js",
            "cookies": 0,
            "fingerprinting": 1,
            "subdomains": [
                "cdn-gl"
            ],
            "apis": {
                "Navigator.prototype.userAgent": 29,
                "Date.prototype.getTime": 29,
                "Document.cookie getter": 29,
                "Navigator.prototype.cookieEnabled": 29,
                "window.localStorage": 28,
                "Navigator.prototype.platform": 28
            },
            "sites": 29,
            "prevalence": 0.00291,
            "cnames": [],
            "responseHashes": [
                "767a456e2a3d977102a5a4224d43f77ca39d3e196d21ba98e3849eb5061d1e5c"
            ],
            "type": "Script",
            "firstPartyCookies": {},
            "firstPartyCookiesSent": {},
            "exampleSites": [
                "www.vox.de",
                "onmeda.de",
                "www.travelbook.de",
                "www.fitbook.de",
                "mobil.stern.de",
                "www.brigitte.de",
                "www.geo.de",
                "www.stern.de",
                "www.essen-und-trinken.de",
                "www.finanzen.net",
                "www.winario.de",
                "www.eltern.de",
                "www.vip.de",
                "www.transfermarkt.de",
                "live.daserste.de",
                "www.onmeda.de",
                "www.schoener-wohnen.de",
                "www.gala.de",
                "www.stylebook.de",
                "www.livingathome.de"
            ]
        },
        {
            "rule": "nmrodam\\.com\\/novms\\/html\\/ls\\.html",
            "cookies": 0,
            "fingerprinting": 1,
            "subdomains": [
                "cdn-gl"
            ],
            "apis": {
                "Navigator.prototype.cookieEnabled": 28,
                "Document.cookie getter": 28,
                "window.sessionStorage": 4,
                "window.localStorage": 4
            },
            "sites": 29,
            "prevalence": 0.00291,
            "cnames": [],
            "responseHashes": [
                "c1ca15aa8598ac972f25c8812a1c189cd22f8926ec7b890bc8ea6a70a7779fd1"
            ],
            "type": "Document",
            "firstPartyCookies": {},
            "firstPartyCookiesSent": {},
            "exampleSites": [
                "www.schoener-wohnen.de",
                "www.geo.de",
                "www.rtl.de",
                "www.stern.de",
                "www.bild.de",
                "www.eltern.de",
                "www.fitbook.de",
                "www.myhomebook.de",
                "plus.rtl.de",
                "www.capital.de",
                "www.livingathome.de",
                "www.brigitte.de",
                "www.sport.de",
                "www.n-tv.de",
                "www.transfermarkt.de",
                "www.vip.de",
                "live.daserste.de",
                "www.finanzen.net",
                "www.essen-und-trinken.de",
                "www.travelbook.de"
            ]
        },
        {
            "rule": "nmrodam\\.com\\/cgi-bin\\/gn",
            "cookies": 0,
            "fingerprinting": 0,
            "subdomains": [
                "secure-eu"
            ],
            "apis": {},
            "sites": 29,
            "prevalence": 0.00291,
            "cnames": [],
            "responseHashes": [
                "fdac00913d85f920b622b4dec8036c30a93c352aa3999336c0760d8a8c08c6c8"
            ],
            "type": "Image",
            "firstPartyCookies": {},
            "firstPartyCookiesSent": {},
            "exampleSites": [
                "www.stylebook.de",
                "fragen.onmeda.de",
                "www.travelbook.de",
                "www.onmeda.de",
                "www.vip.de",
                "www.gala.de",
                "www.n-tv.de",
                "mobil.stern.de",
                "www.stern.de",
                "www.livingathome.de",
                "www.transfermarkt.de",
                "www.myhomebook.de",
                "www.capital.de",
                "www.brigitte.de",
                "www.geo.de",
                "www.finanzen.net",
                "onmeda.de",
                "www.kochbar.de",
                "www.schoener-wohnen.de",
                "www.bild.de"
            ]
        },
        {
            "rule": "nmrodam\\.com\\/",
            "cookies": 0,
            "fingerprinting": 0,