{
    "domain": "pub.network",
    "owner": {},
    "source": [
        "DuckDuckGo-DE"
    ],
    "prevalence": 0.00281,
    "sites": 28,
    "subdomains": [
        "a",
        "d",
        "c"
    ],
    "cnames": [],
    "fingerprinting": 2,
    "resources": [
        {
            "rule": "pub\\.network\\/core\\/pubfig\\/cls\\.css",
            "cookies": 0,
            "fingerprinting": 0,
            "subdomains": [
                "a"
            ],
            "apis": {},
            "sites": 10,
            "prevalence": 0.001,
            "cnames": [],
            "responseHashes": [
                "3d510e16e6e569e573980fd67a55221795d539fd56688ecaca8d284255e86ee6"
            ],
            "type": "Stylesheet",
            "firstPartyCookies": {},
            "firstPartyCookiesSent": {},
            "exampleSites": [
                "filmifeed.com",
                "itsfoss.com",
                "thecinemaholic.com",
                "www.azlyrics.com",
                "www.baeldung.com",
                "www.bedienungsanleitu.ng",
                "www.bleepingcomputer.com",
                "www.manua.ls",
                "www.softwaretestinghelp.com",
                "www.usermanual.uk"
            ]
        },
        {
            "rule": "pub\\.network\\/v2\\/init",
            "cookies": 0.00261,
            "fingerprinting": 0,
            "subdomains": [
                "d"
            ],
            "apis": {},
            "sites": 26,
            "prevalence": 0.00261,
            "cnames": [],
            "responseHashes": [
                "b2c6370ea75d30b002a493857ed8f332c28fbd8fc6df054db875d9be8bbfcc56",
                "c88ffd0f58618de3c18ceeb400e8f9d5dfc1bd74e122f8c7c670ce1676a639d5",
                "b00b2171af036a5873f41114e535034d550e716527f90e7c9cecf5be866a2ffe",
                "9f653b9cc1c26b9775bfedb2ee3d8f28d21baf6f17276cfa9f98e0e093855eb3",
                "1c5582b006b5dfc4038ee1f617b06d61367f29191ae12126af9e9beef10eec0d",
                "668bf7006be14583940b9f2a896fd97fb9cb58dbe26d8b7986e769f0828eb2fa",
                "f615d177664a55b1b6203ff40779c1f06c9340e2d78b7b41678f65bdaa7a5a2b",
                "c1aa1f62f55b53e87a8fb69cb1f106555cda57e2087bbbb3e870045931c69b31",
                "f06ac387d9738f274b5b859a4afa14e8e1e0e2d0506be01d522c80856ca1221c",
                "ef31f2aa4346fb0b4511647225c8cab57855f9b483015c1455145b02ca345ba3",
                "64b44d84f041376a377db1c5d264c4907ca18f5d1c9b7d19c71c283e2672dfbd",
                "3ac1334353097aeecbd8c6947b462b41eb0d2af41a75b53446a538b24caae21b",
                "76ff52d6b267d8c0018f2b80a8793d59d4e4dbaf4fa50a546e80cabde57ea740",
                "3d8452d4ca63887d382c82e6aba1b6cb69a356853dc7c10bab047cdac9776810",
                "bfce074b1bdfa393c9c65cbe66cbec772e7a04dc6adb09a18764c40ef0efbcfc",
                "ce5e03155cd6cd573ede538dde56b648b75d24f80c218bd41232e52603cd228e",
                "f5a102c5a1efb63eee2603248c25d1615262512953731a1112cb19cff7278eab",
                "25bd2db2c2ab3a83dcb9b9eb1189c317497f0f413ff1e9b316549cf0da0fd1f8",
                "5dc82f2f726410b69d86039448f70ce05c4c1c2782ca57d6b492f17769347038",
                "965465f10edc407f1e71c5d67dca0b0902f3543c0038ec7e149d2844972b94e5",
                "05929466240622db8becc0777f8252317d1e62b30e954007f1c72ab64e3ff8db",
                "a817f61f0270daa3ecc73e5a479b8868433a818efa186ceef084e1a21316dd0a",
                "7040f1bf971455e490846b5841355d56b38f315aa3a9fab15754ced20148d86d",
                "a82e2d655f57f3a2bae94cacbbfb3b0eaa02b80e3e71f25e96f522ea2829fb54",
                "2c1a177d4fc610332cdb38cc2d9e668e9f126e6f83090d10fed4e86ba54270d9"
            ],
            "type": "XHR",
            "firstPartyCookies": {},
            "firstPartyCookiesSent": {},
            "exampleSites": [
                "itsfoss.com",
                "whatismyipaddress.com",
                "www.azlyrics.com",
                "www.fossmint.com",
                "www.moviefone.com",
                "worldpopulationreview.com",
                "www.macupdate.com",
                "www.myabandonware.com",
                "www.manua.ls",
                "www.baeldung.com",
                "time.is",
                "www.flightconnections.com",
                "www.bleepingcomputer.com",
                "www.alphr.com",
                "stocktwits.com",
                "thecinemaholic.com",
                "www.tecmint.com",
                "xda-developers.com",
                "www.usermanual.uk",
                "www.bedienungsanleitu.ng"
            ]
        },
        {
            "rule": "pub\\.network\\/alphr-com\\/pubfig\\.min\\.js",
            "cookies": 0.000201,
            "fingerprinting": 1,
            "subdomains": [
                "a"
            ],
            "apis": {
                "Navigator.prototype.userAgent": 2,
                "Navigator.prototype.product": 2,
                "Document.cookie getter": 2,
                "Document.cookie setter": 2,
                "window.sessionStorage": 2
            },
            "sites": 2,
            "prevalence": 0.000201,
            "cnames": [],
            "responseHashes": [
                "7907ec3333ab8ff25dd39fbf756631e3ac071a6d6d1bf3ddee75315ac0434ce9"
            ],
            "type": "Script",
            "firstPartyCookies": {
                "fsbotchecked": {
                    "ttl": null,
                    "length": 4,
                    "prevalence": 0.00020062192797672785,
                    "uniqueness": 0.5
                }
            },
            "firstPartyCookiesSent": {},
            "exampleSites": [
                "alphr.com",
                "www.alphr.com"
            ]
        },
        {
            "rule": "pub\\.network\\/c",
            "cookies": 0.0001,
            "fingerprinting": 0,
            "subdomains": [
                "c"
            ],
            "apis": {},
            "sites": 2,
            "prevalence": 0.000201,
            "cnames": [],
            "responseHashes": [
                "fca4aa7f229b36cf310f6afb9a678af5a170eea351c8cb3dcf8b00eb38644b02"
            ],
            "type": "XHR",
            "firstPartyCookies": {},
            "firstPartyCookiesSent": {},
            "exampleSites": [
                "azlyrics.com",
                "www.azlyrics.com"
            ]
        }
    ],
    "categories": [],
    "performance": {},
    "cookies": 0.00261,
    "types": {
        "Stylesheet": 10,
        "XHR": 28,
        "Script": 2
    },
    "nameservers": [
        "zara.ns.cloudflare.com",
        "anirban.ns.cloudflare.com"
    ]
}