{
    "domain": "sensic.net",
    "owner": {},
    "source": [
        "DuckDuckGo-DE"
    ],
    "prevalence": 0.00221,
    "sites": 22,
    "subdomains": [
        "es-config",
        "de-config",
        "de-config-preproduction",
        "a99b89b707cab0bf7956cfc4148f021dfe653828321d1d50abd60191.trk",
        "d16c4219c864cfede0c0b954416ff50a8de76c1240e151b39c3e4df1.trk",
        "6ae23373761621d41d8d01c2bee84e907d57f91478efc0742b265504.trk",
        "cb5ab1dee8bc20a7e8bf65e248259e1bbe4b983c967bcc5865640259.trk",
        "238e567ffc346a5b3763b41e0666ad956b3e760ffb10d0ed10c41379.trk",
        "8502326905bbac4706d0a80b3d6156a7545fee607f7bad4728541506.trk",
        "affdd6cccda78a73dccdcd0603036f72fcd9b42449f51a24c20b96b0.trk",
        "f55f6e0847c9ac0623f6adfaf8b275e9541cfb94e5de82786560db6f.trk",
        "593c5215e64481d98f6b604d2aac430c311a971063b5286b407ff0b7.trk",
        "7219375cda6858aecb2ec834ff4236624c0c13f39d2b38d82839572c.trk",
        "3b1770f7c3350b64dfae2bd1207e9f4e007feb1a124df7ee300a5950.trk",
        "041d1a018f39590791735a18f3621992547448d3a4a997cd006ee013.trk",
        "9f0f49a61fdc216b01a7ab369461437af6d3e8b3f3cabad4c3ae51ad.trk",
        "bdfcd2c01c2b2315238d4e8042896c1283b7fb58b567a89d7d9770fb.trk",
        "7d43f3f11d1318c91b57524175760b0006b7002c1eb2ff992894981d.trk",
        "6ae011a753943a998fa7d916a345231a4fb9fcf2ad8fd16d722ca1ca.trk",
        "ff34325431e626e3752bbe54092eec6ec83a31cd69bbec1f94724800.trk",
        "de1-s2s",
        "es1-s2s",
        "localhost"
    ],
    "cnames": [],
    "fingerprinting": 1,
    "resources": [
        {
            "rule": "sensic\\.net\\/s2s-web\\.js",
            "cookies": 0,
            "fingerprinting": 2,
            "subdomains": [
                "es-config"
            ],
            "apis": {
                "Navigator.prototype.userAgent": 5,
                "window.localStorage": 5,
                "Date.prototype.getTime": 5,
                "Navigator.prototype.platform": 5,
                "Navigator.prototype.doNotTrack": 5,
                "Navigator.prototype.language": 2
            },
            "sites": 5,
            "prevalence": 0.000502,
            "cnames": [],
            "responseHashes": [
                "8a35df4ee97c23e229e411cdac7c505f76912fdb6c134315c7809f8ebb0166a8",
                "678028fe465b20cef96317ae69720ea14b7d7e29393fdaa745a8b032d85d8829"
            ],
            "type": "Script",
            "firstPartyCookies": {},
            "firstPartyCookiesSent": {},
            "exampleSites": [
                "as.com",
                "elpais.com",
                "www.elmundo.es",
                "www.mallorcazeitung.es",
                "www.marca.com"
            ]
        },
        {
            "rule": "sensic\\.net\\/ts\\.json",
            "cookies": 0,
            "fingerprinting": 0,
            "subdomains": [
                "es-config"
            ],
            "apis": {},
            "sites": 5,
            "prevalence": 0.000502,
            "cnames": [],
            "responseHashes": [
                "e3b0c44298fc1c149afbf4c8996fb92427ae41e4649b934ca495991b7852b855"
            ],
            "type": "XHR",
            "firstPartyCookies": {},
            "firstPartyCookiesSent": {},
            "exampleSites": [
                "as.com",
                "elpais.com",
                "www.elmundo.es",
                "www.mallorcazeitung.es",
                "www.marca.com"
            ]
        },
        {
            "rule": "sensic\\.net\\/sui-connector\\.js",
            "cookies": 0,
            "fingerprinting": 1,
            "subdomains": [
                "de-config",
                "de-config-preproduction"
            ],
            "apis": {
                "Navigator.prototype.userAgent": 13
            },
            "sites": 13,
            "prevalence": 0.0013,
            "cnames": [],
            "responseHashes": [
                "10a864295171a569632ac294a6ccbd64c17e5075c7c26e6b582d4c7a2f5c2f7c",
                "8d2d2b3ab034067d8f5f703ee16d71670d9f5dd2bc164f7ff3bac982c1b8d2a7"
            ],
            "type": "Script",
            "firstPartyCookies": {},
            "firstPartyCookiesSent": {},
            "exampleSites": [
                "ndr.de",
                "live.daserste.de",
                "tv.sport1.de",
                "www.ard-text.de",
                "www.ardmediathek.de",
                "www.arte.tv",
                "www.daserste.de",
                "www.hessenschau.de",
                "www.hr-fernsehen.de",
                "www.hr1.de",
                "www.hr3.de",
                "www.phoenix.de",
                "www.sr.de"
            ]
        },
        {
            "rule": "sensic\\.net\\/sui\\.html",
            "cookies": 0,
            "fingerprinting": 0,
            "subdomains": [
                "de-config",
                "es-config",
                "de-config-preproduction"
            ],
            "apis": {},
            "sites": 17,
            "prevalence": 0.00171,
            "cnames": [],
            "responseHashes": [
                "d8bc402f0b0bd629a68cfe0318d54d195a08f189ed97e823bec7ade045717a68"
            ],
            "type": "Document",
            "firstPartyCookies": {},
            "firstPartyCookiesSent": {},
            "exampleSites": [
                "ndr.de",
                "live.daserste.de",
                "tv.sport1.de",
                "www.ard-text.de",
                "www.ardmediathek.de",
                "www.arte.tv",
                "www.daserste.de",
                "www.elmundo.es",
                "www.hessenschau.de",
                "www.hr-fernsehen.de",
                "www.hr1.de",
                "www.hr3.de",
                "www.marca.com",
                "www.phoenix.de",
                "www.sportschau.de",
                "www.sr.de",
                "www.tagesschau.de"
            ]
        },
        {
            "rule": "sensic\\.net\\/sui\\.js",
            "cookies": 0.0001,
            "fingerprinting": 1,
            "subdomains": [
                "de-config",
                "es-config",
                "de-config-preproduction"
            ],
            "apis": {
                "Navigator.prototype.userAgent": 14,
                "window.localStorage": 14,
                "Document.cookie getter": 14,
                "Date.prototype.getTime": 1,
                "Document.cookie setter": 1
            },
            "sites": 16,
            "prevalence": 0.00161,
            "cnames": [],
            "responseHashes": [
                "3e95f189a197557326589a746ecdbc67f3be07f2424e87b7ca22a127880db0c9",
                "d05848ce4a5d35b307c4d304df8d4410b37d1d4c621b41cee76c98f21642ba8e",
                "1b6be21dbcb49c02d9f135b5ae67bb6e5f370ef6bbd159f24165f90e7dc82d83"
            ],
            "type": "Script",
            "firstPartyCookies": {},
            "firstPartyCookiesSent": {},
            "exampleSites": [
                "ndr.de",
                "live.daserste.de",
                "tv.sport1.de",
                "www.ard-text.de",
                "www.arte.tv",
                "www.daserste.de",
                "www.elmundo.es",
                "www.hessenschau.de",
                "www.hr-fernsehen.de",
                "www.hr1.de",
                "www.hr3.de",
                "www.marca.com",
                "www.phoenix.de",
                "www.sportschau.de",
                "www.sr.de",
                "www.tagesschau.de"
            ]
        },
        {
            "rule": "sensic\\.net\\/suigenerator",
            "cookies": 0,
            "fingerprinting": 0,
            "subdomains": [
                "de-config",
                "es-config",
                "de-config-preproduction"
            ],
            "apis": {},
            "sites": 15,
            "prevalence": 0.00151,
            "cnames": [],