{
    "domain": "squarelovin.com",
    "owner": {},
    "source": [
        "DuckDuckGo-DE"
    ],
    "prevalence": 0.000703,
    "sites": 7,
    "subdomains": [
        "med-euw3c"
    ],
    "cnames": [],
    "fingerprinting": 1,
    "resources": [
        {
            "rule": "squarelovin\\.com\\/squarelovin\\.js",
            "cookies": 0,
            "fingerprinting": 1,
            "subdomains": [],
            "apis": {
                "window.innerWidth": 6,
                "Document.cookie getter": 6,
                "window.innerHeight": 2
            },
            "sites": 6,
            "prevalence": 0.000603,
            "cnames": [],
            "responseHashes": [
                "a2df0d28e89687046f735e71333c68ad90b73958f6bb1ae583ce5ac03a6db66c",
                "6dcba018ee34bd7a810658b371228984759ee242d6fb973a324d4fa04dd3792f",
                "306d974d288113a601e8fc25570868af568b7b5d171cde4a66416a4ecb1bf6e0",
                "d94e2b9bce94cf01987a8b250389849c04b3a03c521303038133c0ccb72f6ad7",
                "b13de8cae5e9b7f85270c965e1e8f1231550056af08168fd3b4db78b477398fd"
            ],
            "type": "Script",
            "firstPartyCookies": {},
            "firstPartyCookiesSent": {},
            "exampleSites": [
                "teufel.de",
                "www.casio.com",
                "www.mueller.de",
                "www.ortlieb.com",
                "www.rossmann.de",
                "www.wall-art.de"
            ]
        },
        {
            "rule": "squarelovin\\.com\\/squarelovin\\.css",
            "cookies": 0,
            "fingerprinting": 0,
            "subdomains": [],
            "apis": {},
            "sites": 6,
            "prevalence": 0.000603,
            "cnames": [],
            "responseHashes": [
                "506d6e9048c286831be962852490750b7316c9596890f07bf50e5df62795e88d",
                "6b07d20cb75ca21244a6fbde0d3cbcafc5c69f6ee7bcbc04ba6c6ec647c6c4fe",
                "bfcaad188ab286571060f7185fd70ff32a58654a5219ceacecf371d2ff6e9438",
                "adddfa071ed587f26c8c7788d43a134a5cbc5170658a1b9167d3e4ddc1711a86",
                "a918091748cce5d9d8b3b082a5061361e9453dca0187f80f15c1eb23c30e4269"
            ],
            "type": "Stylesheet",
            "firstPartyCookies": {},
            "firstPartyCookiesSent": {},
            "exampleSites": [
                "teufel.de",
                "www.casio.com",
                "www.mueller.de",
                "www.ortlieb.com",
                "www.rossmann.de",
                "www.wall-art.de"
            ]
        },
        {
            "rule": "squarelovin\\.com\\/themes\\/api\\/assets\\/img\\/bl\\.png",
            "cookies": 0,
            "fingerprinting": 0,
            "subdomains": [],
            "apis": {},
            "sites": 3,
            "prevalence": 0.000301,
            "cnames": [],
            "responseHashes": [
                "1af14f73c78064721d14c92a9fb2b49959a53ba6c5e055a97c01c93c608d8db5"
            ],
            "type": "Image",
            "firstPartyCookies": {},
            "firstPartyCookiesSent": {},
            "exampleSites": [
                "teufel.de",
                "www.mueller.de",
                "www.rossmann.de"
            ]
        },
        {
            "rule": "squarelovin\\.com\\/themes\\/api\\/assets\\/img\\/br\\.png",
            "cookies": 0,
            "fingerprinting": 0,
            "subdomains": [],
            "apis": {},
            "sites": 3,
            "prevalence": 0.000301,
            "cnames": [],
            "responseHashes": [
                "5013898951308d6c811b59b65ecb8ea632187b30cedbd9ba99183c42a195ed1e"
            ],
            "type": "Image",
            "firstPartyCookies": {},
            "firstPartyCookiesSent": {},
            "exampleSites": [
                "teufel.de",
                "www.mueller.de",
                "www.rossmann.de"
            ]
        },
        {
            "rule": "squarelovin\\.com\\/api\\/index\\/get-stream-media\\/",
            "cookies": 0,
            "fingerprinting": 0,
            "subdomains": [],
            "apis": {},
            "sites": 4,
            "prevalence": 0.000402,
            "cnames": [],
            "responseHashes": [
                "6a13dabe9472046de3f79abce27296a895318858257f195239bba29f37f7c7ab",
                "89273ed07626b466fbca9c922d4eb385119b5d3a0e4e3bc86adaa0d640ae61fa",
                "635a31e8e834bcd1cca78e296b0966174c4189609fb964fafe9b6ae6fde02166"
            ],
            "type": "Script",
            "firstPartyCookies": {},
            "firstPartyCookiesSent": {},
            "exampleSites": [
                "teufel.de",
                "www.casio.com",
                "www.ortlieb.com",
                "www.wall-art.de"
            ]
        },
        {
            "rule": "squarelovin\\.com\\/",
            "cookies": 0,
            "fingerprinting": 0,
            "subdomains": [
                "med-euw3c"
            ],
            "apis": {},
            "sites": 3,
            "prevalence": 0.000301,
            "cnames": [],
            "responseHashes": [
                "a39ee488e7ac8ec544b923a320a3260ac0daa660d4ca8c18b61bbf1188320edf",
                "74cefb94b0229403944795828e5912476c72df2438cb26c77e10e9a38125abb0"
            ],
            "type": "Image",
            "firstPartyCookies": {},
            "firstPartyCookiesSent": {},
            "exampleSites": [
                "casio.com",
                "www.casio.com",
                "www.deuter.com"
            ]
        }
    ],
    "categories": [],
    "performance": {},
    "cookies": 0,
    "topInitiators": [
        {
            "domain": "first party",
            "prevalence": 0.9230769230769231
        },
        {
            "domain": "ravenjs.com",
            "prevalence": 0.07692307692307693
        }
    ],
    "types": {
        "Script": 10,
        "Stylesheet": 6,
        "Image": 9
    },
    "nameservers": [
        "alice.ns.cloudflare.com",
        "austin.ns.cloudflare.com"
    ]
}