{
    "domain": "srvtrck.com",
    "owner": {},
    "source": [
        "DuckDuckGo-DE"
    ],
    "prevalence": 0.000602,
    "sites": 6,
    "subdomains": [
        "js",
        "i",
        "hades"
    ],
    "cnames": [],
    "fingerprinting": 1,
    "resources": [
        {
            "rule": "srvtrck\\.com\\/v1\\/js",
            "cookies": 0.000401,
            "fingerprinting": 1,
            "subdomains": [
                "js"
            ],
            "apis": {
                "Document.cookie getter": 5,
                "Date.prototype.getTime": 4,
                "Document.cookie setter": 4
            },
            "sites": 6,
            "prevalence": 0.000602,
            "cnames": [],
            "responseHashes": [
                "0845e1c804fd20073b8fe73df60032daf4268cf9d584a7be6eeb706af36ac250",
                "9b4b7ce9b646c19fc642a89229d41fd4b6961a2898c199ce01061903588e81a6",
                "0fd61b218008432fb18907cfd21d3539838b664b71fcdbe6d6492808a66571a4",
                "57490fe980fb0b4dd71e08a47836a0fd096106f2a7297c34c09b89824e4afa50",
                "2d1454fd906dde813a9c1c71b9cc51e1c2a0b8aeba01b3e20192c985f63c8765"
            ],
            "type": "Script",
            "firstPartyCookies": {
                "vidyk": {
                    "ttl": 31536005,
                    "length": 1,
                    "prevalence": 0.0004013243704223939,
                    "uniqueness": 0.25
                },
                "svidyk": {
                    "ttl": 1805,
                    "length": 1,
                    "prevalence": 0.0004013243704223939,
                    "uniqueness": 0.25
                }
            },
            "firstPartyCookiesSent": {},
            "exampleSites": [
                "pcgameshardware.de",
                "outlet-in.de",
                "produkte-im-test.de",
                "www.erfahrungen.com",
                "www.linternaute.com",
                "www.mediengestalter.info"
            ]
        },
        {
            "rule": "srvtrck\\.com\\/v1\\/i",
            "cookies": 0.000401,
            "fingerprinting": 0,
            "subdomains": [
                "i"
            ],
            "apis": {},
            "sites": 5,
            "prevalence": 0.000502,
            "cnames": [],
            "responseHashes": [
                "370dbc0a7e85181d81ecf29999a4782fc0fde9621e538b4d17887e2d1af1522d"
            ],
            "type": "Image",
            "firstPartyCookies": {},
            "firstPartyCookiesSent": {},
            "exampleSites": [
                "pcgameshardware.de",
                "outlet-in.de",
                "produkte-im-test.de",
                "www.erfahrungen.com",
                "www.mediengestalter.info"
            ]
        },
        {
            "rule": "srvtrck\\.com\\/v2\\/uuid\\.html",
            "cookies": 0,
            "fingerprinting": 0,
            "subdomains": [
                "hades"
            ],
            "apis": {},
            "sites": 4,
            "prevalence": 0.000401,
            "cnames": [],
            "responseHashes": [
                "cd45713beee6c2428f11ad6444c6e2a6bbe1bfad330e68002052e9832a5dcc03"
            ],
            "type": "Document",
            "firstPartyCookies": {},
            "firstPartyCookiesSent": {},
            "exampleSites": [
                "outlet-in.de",
                "produkte-im-test.de",
                "www.erfahrungen.com",
                "www.mediengestalter.info"
            ]
        },
        {
            "rule": "srvtrck\\.com\\/static\\/json2\\.js",
            "cookies": 0,
            "fingerprinting": 0,
            "subdomains": [
                "hades"
            ],
            "apis": {},
            "sites": 4,
            "prevalence": 0.000401,
            "cnames": [],
            "responseHashes": [
                "caba961cf71d7213df26fc8d5f11212204b5968f62698056ce768dada4656676"
            ],
            "type": "Script",
            "firstPartyCookies": {},
            "firstPartyCookiesSent": {},
            "exampleSites": [
                "outlet-in.de",
                "produkte-im-test.de",
                "www.erfahrungen.com",
                "www.mediengestalter.info"
            ]
        },
        {
            "rule": "srvtrck\\.com\\/static\\/hades-server2\\.js",
            "cookies": 0,
            "fingerprinting": 1,
            "subdomains": [
                "hades"
            ],
            "apis": {
                "window.localStorage": 4,
                "Document.cookie getter": 4
            },
            "sites": 4,
            "prevalence": 0.000401,
            "cnames": [],
            "responseHashes": [
                "e3e8ec7865f2d8dffcd47b65e40efda889633cc02962596a6bf3d1be6d19a6dd"
            ],
            "type": "Script",
            "firstPartyCookies": {},
            "firstPartyCookiesSent": {},
            "exampleSites": [
                "outlet-in.de",
                "produkte-im-test.de",
                "www.erfahrungen.com",
                "www.mediengestalter.info"
            ]
        },
        {
            "rule": "srvtrck\\.com\\/v1\\/profile",
            "cookies": 0,
            "fingerprinting": 0,
            "subdomains": [
                "hades"
            ],
            "apis": {},
            "sites": 4,
            "prevalence": 0.000401,
            "cnames": [],
            "responseHashes": [
                "7b9a45f9b8bdd8badbd1e899bd91f396c8014f7e7c9fa6a5eb838086cbc5300b"
            ],
            "type": "Image",
            "firstPartyCookies": {},
            "firstPartyCookiesSent": {},
            "exampleSites": [
                "outlet-in.de",
                "produkte-im-test.de",
                "www.erfahrungen.com",
                "www.mediengestalter.info"
            ]
        }
    ],
    "categories": [],
    "performance": {},
    "cookies": 0.000401,
    "types": {
        "Script": 14,
        "Image": 9,
        "Document": 4
    },
    "nameservers": [
        "ben.ns.cloudflare.com",
        "fay.ns.cloudflare.com"
    ]
}