{
    "domain": "875413cfaf.com",
    "owner": {},
    "source": [
        "DuckDuckGo-NO"
    ],
    "prevalence": 0.00412,
    "sites": 41,
    "subdomains": [
        "052d3c5276",
        "8966c190d4"
    ],
    "cnames": [],
    "fingerprinting": 0,
    "resources": [
        {
            "rule": "875413cfaf\\.com\\/in\\/multy",
            "cookies": 0,
            "fingerprinting": 0,
            "subdomains": [
                "052d3c5276",
                "8966c190d4"
            ],
            "apis": {},
            "sites": 41,
            "prevalence": 0.00412,
            "cnames": [],
            "responseHashes": [],
            "type": "Preflight",
            "firstPartyCookies": {},
            "firstPartyCookiesSent": {
                "ad_tags": 0.00010055304172951231
            },
            "exampleSites": [
                "www.porntrex.com",
                "thethothub.com",
                "tube.perverzija.com",
                "www.thothub.to",
                "unlistedleaks.su",
                "myscatporn.com",
                "www.hitprn.com",
                "leakedofan.com",
                "hentaiworld.tv",
                "femdom-joi.com",
                "vomitkings.com",
                "deepgoretube.site",
                "thothub.to",
                "deadhouse.org",
                "www.perverttube.com",
                "chaturflix.cam",
                "www.japteenx.com",
                "thisisgore.com",
                "nudist-movies.top",
                "www.xmegadrive.com"
            ]
        },
        {
            "rule": "875413cfaf\\.com\\/in\\/multy",
            "cookies": 0,
            "fingerprinting": 0,
            "subdomains": [
                "052d3c5276",
                "8966c190d4"
            ],
            "apis": {},
            "sites": 41,
            "prevalence": 0.00412,
            "cnames": [],
            "responseHashes": [
                "735c9ace17418d432dd2cfbcf2ffea212c56a146b681279d223672528eb38d36",
                "5a7ea158b93b7e6861c59aabae76a6183434b11f44359160d0cd767594258fd7",
                "015f5f3b4fb920edc84a0edcd0b8f0147786d0a3e4b60c8778924fc0f1e2f541",
                "bf7039bef3631b5aa6e0ddccf8d0df280910f0f51bfbe982c94bfecd4d86e9a3",
                "dc06d9b99bf446f552a3116fc1c31ffb7c34b7dcadbab873424bb94089a1ca0d",
                "5997e356e3bd89e92037d97ddddb27e5e6c14225f36e39e5bda3f52123257da9",
                "4be2043211bfd2a32c566f744c41547622ca4b05df523e2c1813e04d7275fa71",
                "968ca5201d6dd5bd30a4bdceebba95e02e73bc782edd35ae7a5be71a5c8c66de",
                "d38601d5b873322eb7c82a4b4d975fe7179126ec2829ecf1e6f1cf1a4de25817",
                "4b0c447f5181c7f811a54c508cdd51427ed097478e7b0d60b2d3e52e78090590",
                "b563b4f13bfe8bcddeaf3172afeeab0e2b8488dbd790287bb8b1f70c9e0b2c9f",
                "6c471064c4b81613137db3f4c8efe471a4e4f171ad1a51e97cfa915e9ac5c148",
                "96405d2cc61a8726bdd7eccc72dd159d049eae006f9bbca47e19fd2daa1ebd80",
                "647c9d66e52a4c95dbe19c4494e1ac62253ee3e188ac294faa6723bf122a4871",
                "a7afcf3c9a3d66a83c4a191073dc28b7336a92c517650e0afbbc21f1bad14a52",
                "b9150ef57b70cc9495bbffe83fb657c03bd96fce12de045a03a3d61573790c10",
                "0548114bfbcff937ffe0adcde9a0cc34247e358cb0b9ba260ccc86febf66353c",
                "79a6aa1aae8b484a46838aa615eb1b3871ce5522bc378b0e72060237c4420987",
                "d441d7d8ff6716b10b84e458e6bfef7d3c4bf87b580767d63ae270f28d93e639",
                "ec24c8a2999234065da1015d67e5e4802cc5498985d3c52f042e289a055610e3",
                "517c8399a1eda2902c3faecf2ee3d0f94df106fc784f7a51e2d4fd752a662c1b",
                "a096e707c66959cfbbe5648b93becf38b3937fec04cdc7e3f0d5048452c58a9e",
                "1e538fc2181415bf22a0e35a6c23df19db3e1e5eb601e8428992d0e91a0ef1a3",
                "b4308c2ddce0856f298d51f83ee4ec06ce49600812dbcfe6e0113e65a8c7a9d1",
                "1bc133477535612224877e78e5236472b839628a6cba39e488ce80261c299c07",
                "ac69cdf3ddd0fafb3240f8a2812549ded97dbc54010609d375cc361645eac506",
                "ddb7ccc879eb247a5eebc7f53d36b4e91bfee5a6c24ad573b5ac4d977b1b8465",
                "252abaf7f1031f339037abd132db376eeef1b794be9802ca759c8035e53f4f88",
                "eb902fc5bb0ea3c7d9af43901ba1f32c7a55db75b437c545f9380c8befc935c2",
                "e5dbb29a8e15409667c397a4ad7ca52e3d04415401ba4c16d020e6322608b9f3",
                "7584f339a98b83c98ea3d26347098fa8e75bf0963ba36fb39619c3ad80acf826",
                "8bb0241257e6e17eb1a1a5ea1c8d68bb7441119ed3de6cbaeb56370ab64671cf",
                "e2d596191355256f1ebfd150d73b28e4f175c48bf0d2191665668901263be51a",
                "baad00f67b6fba3755dfbb4d2b8651a4873c2d22de22d2f8f4fe4c6b65a47f4a",
                "8913bde2bde1c2ae8ba0f1680f5688222ab94971e5f4f6105122ef53bab208e4",
                "bc68c839707ae76a6319e519164724f643ac30b7dfd718c4379ef78b925c616a",
                "144da372b4f909112eae6b69848a82e3475025b2c13a48edf3f18adb056d448c",
                "e5646e8a6a0b01b23a4590479f9e7217c4c2092bafa83294a2c50c6facb11c25",
                "5b7e958397c7c2276544b4a86bbeca4d7989a9fb68d889cb9824d204d65472d4",
                "342be1f3869a149906b296a0ee96474d8177b065802d07f2101523fab854226b"
            ],
            "type": "XHR",
            "firstPartyCookies": {},
            "firstPartyCookiesSent": {
                "ad_tags": 0.00010055304172951231
            },
            "exampleSites": [
                "www.porntrex.com",
                "femdom-joi.com",
                "www.desisex.site",
                "deepgoretube.site",
                "seegore.com",
                "thethothub.com",
                "www.thothub.to",
                "fssquad.com",
                "nudist-movies.top",
                "youngtube.tw",
                "www.pornachi.com",
                "vomitkings.com",
                "forced-porn.net",
                "leakedofan.com",
                "extremescatporn.com",
                "bestgore.fun",
                "unlistedleaks.su",
                "pornve.com",
                "www.perverttube.com",
                "mangaforfree.net"
            ]
        },
        {
            "rule": "875413cfaf\\.com\\/in\\/show\\/",
            "cookies": 0,
            "fingerprinting": 0,
            "subdomains": [
                "052d3c5276"
            ],
            "apis": {},
            "sites": 41,
            "prevalence": 0.00412,
            "cnames": [],
            "responseHashes": [
                "e3b0c44298fc1c149afbf4c8996fb92427ae41e4649b934ca495991b7852b855"
            ],
            "type": "Image",
            "firstPartyCookies": {},
            "firstPartyCookiesSent": {},
            "exampleSites": [
                "www.porntrex.com",
                "deadhouse.org",
                "alivegore.com",
                "nudist-movies.top",
                "www.hitprn.com",
                "www.japteenx.com",
                "chaturflix.cam",
                "deepgoretube.site",
                "seegore.com",
                "www.gorecenter.com",
                "pornotaran.com",
                "thethothub.com",
                "www.xmegadrive.com",
                "thothub.to",
                "extremescatporn.com",
                "www.thothub.to",
                "unlistedleaks.su",
                "familypornhd.com",
                "www.perverttube.com",
                "youngtube.tw"
            ]
        },
        {
            "rule": "875413cfaf\\.com\\/in\\/show\\/",
            "cookies": 0,
            "fingerprinting": 0,
            "subdomains": [
                "8966c190d4"
            ],
            "apis": {},
            "sites": 2,
            "prevalence": 0.000201,
            "cnames": [],
            "responseHashes": [],
            "type": "Document",
            "firstPartyCookies": {},
            "firstPartyCookiesSent": {},