{
    "domain": "aid.no",
    "owner": {},
    "source": [
        "DuckDuckGo-NO"
    ],
    "prevalence": 0.00535,
    "sites": 53,
    "subdomains": [
        "www"
    ],
    "cnames": [],
    "fingerprinting": 0,
    "resources": [
        {
            "rule": "aid\\.no\\/api\\/pluto\\/v1\\/sessions\\/current",
            "cookies": 0,
            "fingerprinting": 0,
            "subdomains": [
                "www"
            ],
            "apis": {},
            "sites": 52,
            "prevalence": 0.00525,
            "cnames": [],
            "responseHashes": [
                "74d7744a622315f05b91016f1f34892cacdecdda10f74574169b613389226b9e",
                "0b07e60c0ee74d18667aecdf951ca1d864f863eee7debad20e0d926e6f5825db",
                "a47f68e958de9792dcfa5e82cf173848c1dd0d57f09674c91fd281062bf804ba",
                "86a9e1b86aead64db37f09c3f4971063fbea4047d7ef04966d59dc8e824bbe5e",
                "58fbbe655ae768e2688e57bdf0abd6df064b1caf8e4facc6756022743f49c2d0",
                "b5432592f870057d2e519bae576edf3894aba2fe558431dbeed56790f537a051",
                "c40d31d7f4aa30bf6d939a36544c45dd94daa600444a9065a6ba16aea7cc337c",
                "20a17f115f5fb5abdd0c86230d648ae880456b11f7c75ce2172617c4629f61cd",
                "9384badc62d4091addb923cd8a39f1623b5483fafb80474c44361ca05839c3b0",
                "5d9e8effd6c89d7dda9dae703ced931cd4c14f210120c675e49bffdf838664ed",
                "33e9c5974bd1de9eddd49d5d701ce417f99869f8c78983535d2f9559f82e6eca",
                "3fb91ad57d70f63d06596f24dee724cff9748f7889ff97b0774e3a4d37ebb9a4",
                "828cecaf3ed4f21303dba87104e20bc91e75446d8c20e99e49740732118c61a6",
                "51409667b502cb59bf425740eb41250c97ed90ab134b748fd8fb7585b84feaa4",
                "d300150090f11f90d63735dc5bd8dd3b15b7c54d1a89dc37e3211fce1fec674e",
                "3918f7b5cf96e5ef3f4efc6741a65d5add9de5594db95dcf80f7b854a90e9cf7",
                "64e94352179ebf64b8a4f9e2378556fdf9d2eddc6fb12f618d09f76b1ccf6ffb",
                "768c93ac7995d864ec20dea2907bb93129105c5028f54f944e670ea2210be592",
                "0cbb6d55bc5d7abb90069bb9c82c094c7e382864bae0e61d7c9958a6647cff8a",
                "76afa0d89558af34571aea0a62babffb58bb2d3bda7fb58f4f405934e12ce4b2",
                "794426c3cb191be44ab273cc02c7dd6630835b652f5f99f59cf3ad78560dc488",
                "0a9fa9ed79d11171f01831c49270b1d3dd490b46b7c66595e32b3fafb5015ca9",
                "4921d83b000f16a821e2a667b2651ea8d3081fe3c2c1c1e30245da131b0a3e4b",
                "ebbf9204bd4a959eddb037f78b74b74672f3eb85b21a5903d64a1be85fa145a3",
                "fc0eec428abaf0d2a9cedd0bb3549ee4e1d8cd5663d61f1efe52ea228dd0c32c",
                "445dde3c39927be18283ef6ee6dfbeca51ccb1d74b02373779a9bd64fc969a8d",
                "be9cec634ec02551e935a58a926046f7d2d598734f6d32127055e09588f2038f",
                "97c64c23140ca0e64c280a99dfd88256692896d4c37fe315c1235946b0c8a6b4",
                "a45f0221bd1eea2538825fdb23d7220d57101478e2a3c99791a44ea0204e7b37",
                "3d9b20bb6fd5ecc0081a3810b3b6d1b117aabc2ef12eadd1b19755343c083bd7",
                "1959e1266ac8103732aea46d1cc3be376f3a370d606dedfeea29f5cc65b28e95",
                "d7c6768c49ae0ce5b014975621a3c2bfa034594406dfedc2e025d68d2b78d849",
                "5aaea2ded6bf15784578a7bc5660454a1c56b101a5cd1e6b522d61deea47b652",
                "04647765e116f5b638ed82291fff87ac90360a7d5d59586f701e6948dc39f063",
                "e83ec875d4eaa805bd728967c17f4239dfbf316fc5a3747781de8f01e0cbb363",
                "37d735ad5a3b32a0fd99e22228cd70729d65e01cef2e07099b2054b18fc76007",
                "65c48016330dd515a28fda220fdd07af3998b835488d35fa7afc5026a537d00e",
                "93d785ff6aae1de89045ca36a0fa8db36ba15fecef9983d7aa8ac37183cd7a3f",
                "56eea75162f5999c4307c7358f56547731b141be393071fa8be8b87bd2aabe7c",
                "bb540c2692625005c3c6d1b6a21fea1e69c6fd3d6c26f7715b37c1ff2525faaa",
                "775dc324c2a1afb7fd6c1d7333b56f6c571b796d87021942414205341fa9e988",
                "38498a0700dc440b48c9129b67e2e839654c44b5d8db195b1023dda249b16553",
                "3753337b34ff7e8dd2100f961e12ed3fdf6510306353eb3d20b91bcdb6cf4114",
                "fcc615fc730f9520ff85d58ebe81084ddb49657e386eb0397d17b25e36a1f68d",
                "7adc3cb8dc3ff001e1ac765f2df0b8b5d124720b9f732d56a0618c548c337c6e",
                "131d332e909546610454fd047c5146dbbb7a912cf22779fe7ee52b943fa63806",
                "55e13652ebf53cffe9a8f632a28f6bcf99856e749eef6421e279b19e190b9f87",
                "1daa02dee73da1d47dbd18a72abc65bd032325779f5e65ffe690759cfe07f932",
                "1f53af4460692b09af580ec05d6a3351d68c40d63020ef4dd1fbdca77e081236",
                "747440d4e4c4aa88e2a777b32d7d6d896f0217577118221d6b87b5894a1c7df8",
                "008d7422b824a5d7f27de831a0e41698553700543d5fc49f315892c3aa84f539"
            ],
            "type": "Fetch",
            "firstPartyCookies": {},
            "firstPartyCookiesSent": {},
            "exampleSites": [
                "www.ta.no",
                "www.ranablad.no",
                "www.oblad.no",
                "www.h-avis.no",
                "www.stangeavisa.no",
                "www.budstikka.no",
                "www.nordhordland.no",
                "www.ha-halden.no",
                "www.dt.no",
                "www.lofot-tidende.no",
                "www.nettavisen.no",
                "www.ostlendingen.no",
                "www.t-a.no",
                "www.firda.no",
                "www.ba.no",
                "www.ao.no",
                "www.noblad.no",
                "www.ifinnmark.no",
                "www.sb.no",
                "www.nordnorskdebatt.no"
            ]
        }
    ],
    "categories": [],
    "performance": {},
    "cookies": 0,
    "topInitiators": [
        {
            "domain": "acdn.no",
            "prevalence": 1
        }
    ],
    "types": {
        "Fetch": 52
    },
    "nameservers": [
        "ns-foo.i.bitbit.net",
        "ns-bar.i.bitbit.net",
        "ns-zoo.i.bitbit.net"
    ]
}