{
    "domain": "elfsightcdn.com",
    "owner": {},
    "source": [
        "DuckDuckGo-NO"
    ],
    "prevalence": 0.000904,
    "sites": 9,
    "subdomains": [
        "proxy",
        "phosphor.utils"
    ],
    "cnames": [],
    "fingerprinting": 0,
    "resources": [
        {
            "rule": "elfsightcdn\\.com\\/",
            "cookies": 0,
            "fingerprinting": 0,
            "subdomains": [
                "proxy",
                "phosphor.utils"
            ],
            "apis": {},
            "sites": 8,
            "prevalence": 0.000803,
            "cnames": [],
            "responseHashes": [
                "f73523ed50b12a8c8f52b5fb826acb097cdab302d176dd9671a4853576641762",
                "300d728c7a78dff466e1c8c6bda5fdf6ed60e1b37f035dd03056a51ade94cde9",
                "f95c146670866b2d31193bb60dd48801ce2cedcb763191f1929ad11998f926da",
                "243bc3fbe7af4192e8949f603008113e56cb3675fe4617862857b3adb0a964ed",
                "78935de1e80b861b5fd8eaf260ef85ffac04ecc12f8d2f95cf8b2ebe20308d5d",
                "91a0c65f82d49266d30d96613709263756b86b3bd460e0cb7eda820fc98cba69",
                "1410122504041794ab8616c261b41a577077f7602afef2da085fa2e884c79413"
            ],
            "type": "Image",
            "firstPartyCookies": {},
            "firstPartyCookiesSent": {},
            "exampleSites": [
                "bymuseet.no",
                "husflid.no",
                "pascalwear.no",
                "strikkeverden.no",
                "www.camelbak.no",
                "www.leathermanshop.no",
                "www.norsegear.no",
                "www.sandnes-sentrum.no"
            ]
        }
    ],
    "categories": [],
    "performance": {},
    "cookies": 0,
    "topInitiators": [
        {
            "domain": "elfsight.com",
            "prevalence": 0.8888888888888888
        },
        {
            "domain": "first party",
            "prevalence": 0.1111111111111111
        }
    ],
    "types": {
        "Image": 8
    },
    "nameservers": [
        "rihana.ns.cloudflare.com",
        "dilbert.ns.cloudflare.com"
    ]
}