{
    "domain": "getsitectrl.com",
    "owner": {},
    "source": [
        "DuckDuckGo-NO"
    ],
    "prevalence": 0.000703,
    "sites": 7,
    "subdomains": [
        "events"
    ],
    "cnames": [],
    "fingerprinting": 0,
    "resources": [
        {
            "rule": "getsitectrl\\.com\\/api\\/v1\\/events",
            "cookies": 0,
            "fingerprinting": 0,
            "subdomains": [
                "events"
            ],
            "apis": {},
            "sites": 7,
            "prevalence": 0.000703,
            "cnames": [],
            "responseHashes": [
                "e63697ba73828bead034e5c8c8488da037e6b3f90941397c0b50aaa5487822a5",
                "e028bf81433100995c37351f5df79243b7d1a17459754db208d637085dc01e42",
                "76b738e921feca42854dc4dc5ee9482809a7302016546e5ae579f358f36d66b9",
                "ca6384263b5eb7201a2142110111d8ef597a36e09e3a5e9a4afb174220006a19",
                "243f6f2b04b2705cc4d8387649e5f9cdcb0e385b4d8e743d0c2fb088b93d3f89",
                "c6f9a2845edccc7eb55afc4084bb8ccd6c087cc701ba0e6f62a26c1e2a7cbcca"
            ],
            "type": "Fetch",
            "firstPartyCookies": {},
            "firstPartyCookiesSent": {},
            "exampleSites": [
                "enphase.com",
                "itsfoss.com",
                "nudie.dk",
                "theconceptwardrobe.com",
                "www.campercontact.com",
                "www.inyourpocket.com",
                "www4.enphase.com"
            ]
        }
    ],
    "categories": [],
    "performance": {},
    "cookies": 0,
    "types": {
        "Fetch": 7
    },
    "nameservers": [
        "ns-420.awsdns-52.com",
        "ns-853.awsdns-42.net",
        "ns-1552.awsdns-02.co.uk",
        "ns-1342.awsdns-39.org"
    ]
}