{
    "domain": "getsitectrl.com",
    "owner": {},
    "source": [
        "DuckDuckGo-NO"
    ],
    "prevalence": 0.000904,
    "sites": 9,
    "subdomains": [
        "events"
    ],
    "cnames": [],
    "fingerprinting": 0,
    "resources": [
        {
            "rule": "getsitectrl\\.com\\/api\\/v1\\/events",
            "cookies": 0,
            "fingerprinting": 0,
            "subdomains": [
                "events"
            ],
            "apis": {},
            "sites": 9,
            "prevalence": 0.000904,
            "cnames": [],
            "responseHashes": [
                "792e0a0718cde6d73d4bc206d604e3316bf4212833161f36cba7b9de78a367c6",
                "4d808061785d181bec3534c968800c088c493232e71e40348952db871fce048f",
                "23eb539876c0519f33f6e7076074fac5002b4eb17b2b4d3b75ea6c6bb1c0d371",
                "ac4de7c8e7f5cb1edf2ee96a812f73065426cca4424b913233a994eb142df617",
                "11654848c93c86c77e8f8af8109da0477b4c03271261b8f7be36ec8d536420d7",
                "a0e842524fb651bd0525c5418620575c3d5a4c5a93d6679014e303423b80c673",
                "51b6b4c7949a646eb8c7ab437e979b2a89abd917c3e0fddb809dc9da99af2fc5",
                "3d11401820abf7685e9f42366a87dd463db90f4fb63fd40b8f55353f74aea956"
            ],
            "type": "Fetch",
            "firstPartyCookies": {},
            "firstPartyCookiesSent": {},
            "exampleSites": [
                "itsfoss.com",
                "lekeakademiet.no",
                "www.apotek1.no",
                "www.holidayclubresorts.com",
                "www.inyourpocket.com",
                "www.kinkly.com",
                "www.translate.com",
                "www.vibilagare.se",
                "www.watchgecko.com"
            ]
        },
        {
            "rule": "getsitectrl\\.com\\/api\\/v1\\/events",
            "cookies": 0,
            "fingerprinting": 0,
            "subdomains": [
                "events"
            ],
            "apis": {},
            "sites": 2,
            "prevalence": 0.000201,
            "cnames": [],
            "responseHashes": [
                "e3b0c44298fc1c149afbf4c8996fb92427ae41e4649b934ca495991b7852b855"
            ],
            "type": "Ping",
            "firstPartyCookies": {},
            "firstPartyCookiesSent": {},
            "exampleSites": [
                "apotek1.no",
                "www.translate.com"
            ]
        }
    ],
    "categories": [],
    "performance": {},
    "cookies": 0,
    "types": {
        "Fetch": 9,
        "Ping": 2
    },
    "nameservers": [
        "ns-420.awsdns-52.com",
        "ns-853.awsdns-42.net",
        "ns-1552.awsdns-02.co.uk",
        "ns-1342.awsdns-39.org"
    ]
}