{
    "domain": "glimr.io",
    "owner": {},
    "source": [
        "DuckDuckGo-NO"
    ],
    "prevalence": 0.00312,
    "sites": 31,
    "subdomains": [
        "pixel"
    ],
    "cnames": [],
    "fingerprinting": 0,
    "resources": [
        {
            "rule": "glimr\\.io\\/v4\\/iptags\\/H3IYO2A4LD43YPFZIJLN\\/",
            "cookies": 0,
            "fingerprinting": 0,
            "subdomains": [
                "pixel"
            ],
            "apis": {},
            "sites": 27,
            "prevalence": 0.00271,
            "cnames": [],
            "responseHashes": [
                "f858ada548f36b0c7a6ae578065270887f6c48384f4fe3d743033ef08961497a",
                "c62fb19cba679756f10a23daf14910efd3e24d4c6394da59c65a69da03bb2bc6",
                "32f5249c50c343e88a24dd2685323e8c11b4e3dffb525de27d781367ee1e4cbc",
                "11693b2d86950a6c4ed45eeb999ed84af26d3502f155fa662b3a94e383e0d5bc",
                "1ed1f938c79776df1a6af7712c66b37f8aacc7359ba23ab8f32fd8bbfa7c714b",
                "2ab7d777b9e830ab86c7e1f5a0f85eb7d02ddf3cd71746712c4704f45051e9bf",
                "ae6c3b907b13e159a6e8c9bef45befc76a857e5a706c370cd87693d78a7e26b7",
                "63c5ae1241253f40dd1763d0599fb29608dd216dbe9e628837ee403d758e3cd8",
                "536952a31b3e89d604d4c65722ebaf15c6b2ee100c49d7801c4c6c436eb0cc11",
                "97670ad3b7476672e605ef42d4393156f972b376e30916811f46391410894f55",
                "ef542137e4a3ff5d33122445ab4e33a9ac7a8e3e8cd37ae6c58e3601612e120f",
                "d22ab2e5a7cf6032d03db6629bade4b81560793977fcb0df2ecc58cfd97ab7ae",
                "44fc8b1b31d60383fe11abbbeabe31868a439a1c2b47d99ccb60f9d4c5da81ce",
                "975b38ab09ef9d3c0bfa5ee1d86da8423a18df07ba3661e316d4808998a7881f",
                "ebfc4c7c972fecb55d2d3fd8814808089e2755de89c4d6dfe65b1f03eeec132d",
                "f898bd98691b1221d68527c19c7bc0109d1473b8617a757997f876314c3923a2",
                "653dd604fd218461aaa0a36702222efb4915f44b8bf3872aef5213d45a6aacb3",
                "6b417b3cc90a5a7ecc608a65dbaf580f90677d3ba79318575dfbb93d1620775f",
                "283d1c3676d8917219399acb872457508d733a50bc4148a130988acaab292061",
                "c18f43b4d79c8255c9713102eeddf81237d12b43de506db6dfd435e22aa0fb71",
                "8cd168bd559fa16720aab418a003b10885d07df4f79baedda19e63bed3903926",
                "e9d7af763492637f2d8e5af409f1f124ea51845bbaffb9a2c8a16e41d794f568",
                "c0c89608fdc15e1a28ae847caa0671fb867c3ab1f12835cf1fef2564272c7fbd",
                "45f4b1b743eba3e3ec95ed2857751efa06f3defdc74f0ec5137aed9dd6d39898",
                "b1745a715fdb777547feae1355a4da44418d8bc15fda951d3a7c69fb73cb02c3",
                "98e5efcf94720b019c4df959e47ffc41d35c3ff026686aa8dea93dc64ce1557e"
            ],
            "type": "Script",
            "firstPartyCookies": {},
            "firstPartyCookiesSent": {},
            "exampleSites": [
                "www.tronderbladet.no",
                "www.adressa.no",
                "www.godt.no",
                "www.midtnorskdebatt.no",
                "e24.no",
                "www.vg.no",
                "www.smp.no",
                "pent.no",
                "www.vikebladet.no",
                "fvn.no",
                "www.aftenposten.no",
                "www.bt.no",
                "www.innherred.no",
                "www.ht.no",
                "www.itromso.no",
                "www.fjordingen.no",
                "www.folkebladet.no",
                "www.fjt.no",
                "www.avisa-st.no",
                "www.bladet.no"
            ]
        },
        {
            "rule": "glimr\\.io\\/v4\\/iptags\\/OYGH3SXYFAQR78LVPNQD\\/",
            "cookies": 0,
            "fingerprinting": 0,
            "subdomains": [
                "pixel"
            ],
            "apis": {},
            "sites": 3,
            "prevalence": 0.000302,
            "cnames": [],
            "responseHashes": [
                "a21b49b41626e5b9bda483a58d7819b822c3079fd74d1fb695440bfdf43baf8e",
                "04abcc41d518a4fdaf14fe3431c77d74ba599bcc08fe61dfb099c5d59b2d56e7"
            ],
            "type": "Script",
            "firstPartyCookies": {},
            "firstPartyCookiesSent": {},
            "exampleSites": [
                "aftonbladet.se",
                "www.blocket.se",
                "www.svd.se"
            ]
        }
    ],
    "categories": [],
    "performance": {},
    "cookies": 0,
    "types": {
        "Script": 30
    },
    "nameservers": [
        "mns01.domaincontrol.com",
        "mns02.domaincontrol.com"
    ]
}