{
    "domain": "goaserv.com",
    "owner": {},
    "source": [
        "DuckDuckGo-NO"
    ],
    "prevalence": 0.00191,
    "sites": 19,
    "subdomains": [
        "go",
        "static"
    ],
    "cnames": [],
    "fingerprinting": 0,
    "resources": [
        {
            "rule": "goaserv\\.com\\/banner\\.go",
            "cookies": 0,
            "fingerprinting": 0,
            "subdomains": [
                "go"
            ],
            "apis": {},
            "sites": 19,
            "prevalence": 0.00191,
            "cnames": [],
            "responseHashes": [
                "e52be74963d77b625d50650f83a648383d90ee8f03d0a20feb3c7c9e3cefdc42",
                "59a961eb2b65d08e51624302d904291b5427df52a298c370ff2cc5414131aff1",
                "f28889cb2e543aa8e75d9171dabfb3cf1cec6d7407cc9f9fab6654b5aa7c3f6f",
                "85fe29328530d694e50ba9f60873180c558caab8ece7f4681be1254e29980c07",
                "3c6556edff2eae93791004889e9d5bcce8422ea6be58d650b56626edbb3ec0ac",
                "0061e931ce2dda7023cfb60e566cd102fd8ea2334042bc1cbf512eb8f5586b02",
                "9f8f8b1e103ca03df72059d289d8e7c15b00a875d3cb95ffa7f3672c68e4aadf",
                "92e24bc88879502c2bf9a5f14df13a40429e71827747a762961b89e9111cc50c",
                "e94beb6c37350d8089a4b53226fa865e01239be817f30abe2ce0a5a8c147d838",
                "8bee1b6ca81b3a17cfd2bea14ca79ec2bd1a98d5acef19917d169672d55a37e0",
                "b268e26b35bdddab91d97dfd30f4aaf3286fddccd8f5e08da05639d5328e895f",
                "d5fa5cfa60c48e61ec800563a469f90422d4f546ae9a1d192d0ecb0302c8cee3",
                "95e43cc7abcf1864c8c0544848d3442c9dde71ed846ad32b4c3b717fcbc98324",
                "13cb1dcad7f36d397abdc98f5f7700098aeb732f690d906b4473fff51b4b329e",
                "5a1a9804849e6f7d174dc0fdc1e2ad661ee93fa4934e6dd11099da1af381c598"
            ],
            "type": "Document",
            "firstPartyCookies": {},
            "firstPartyCookiesSent": {},
            "exampleSites": [
                "18girlsporn.com",
                "babesflirt.com",
                "bestpussypictures.com",
                "gayspornvideos.com",
                "leakxxx.com",
                "maturenudeporn.com",
                "nudegirls.wiki",
                "oncam.me",
                "pornzog.com",
                "sexynudes.tv",
                "spankbang.com",
                "thotshub.tv",
                "www.gopornload.com",
                "www.pornhits.com",
                "www.pornhd.com",
                "www.realporntube.com",
                "www.redgifs.com",
                "www.xfreehd.com",
                "xxx-porn-hub.com"
            ]
        },
        {
            "rule": "goaserv\\.com\\/data\\/creatives\\/1164\\/1563\\.mp4",
            "cookies": 0,
            "fingerprinting": 0,
            "subdomains": [
                "static"
            ],
            "apis": {},
            "sites": 4,
            "prevalence": 0.000402,
            "cnames": [],
            "responseHashes": [],
            "type": "Media",
            "firstPartyCookies": {},
            "firstPartyCookiesSent": {},
            "exampleSites": [
                "18girlsporn.com",
                "pornzog.com",
                "www.gopornload.com",
                "www.xfreehd.com"
            ]
        },
        {
            "rule": "goaserv\\.com\\/data\\/creatives\\/1164\\/1563\\.gif",
            "cookies": 0,
            "fingerprinting": 0,
            "subdomains": [
                "static"
            ],
            "apis": {},
            "sites": 4,
            "prevalence": 0.000402,
            "cnames": [],
            "responseHashes": [
                "2dc785d6f08ccdd974d3f2db8d232cc0ee8c06a4ebd0948a4e29d794593ca2f9"
            ],
            "type": "Image",
            "firstPartyCookies": {},
            "firstPartyCookiesSent": {},
            "exampleSites": [
                "18girlsporn.com",
                "pornzog.com",
                "www.gopornload.com",
                "www.xfreehd.com"
            ]
        },
        {
            "rule": "goaserv\\.com\\/data\\/creatives\\/1164\\/1491\\.mp4",
            "cookies": 0,
            "fingerprinting": 0,
            "subdomains": [
                "static"
            ],
            "apis": {},
            "sites": 5,
            "prevalence": 0.000502,
            "cnames": [],
            "responseHashes": [],
            "type": "Media",
            "firstPartyCookies": {},
            "firstPartyCookiesSent": {},
            "exampleSites": [
                "bestpussypictures.com",
                "leakxxx.com",
                "sexynudes.tv",
                "www.gopornload.com",
                "www.realporntube.com"
            ]
        },
        {
            "rule": "goaserv\\.com\\/data\\/creatives\\/1164\\/1491\\.gif",
            "cookies": 0,
            "fingerprinting": 0,
            "subdomains": [
                "static"
            ],
            "apis": {},
            "sites": 5,
            "prevalence": 0.000502,
            "cnames": [],
            "responseHashes": [
                "d72caac08cc3bc5a79a9a66e305a8a827b25286b6718734625a63bc757465658"
            ],
            "type": "Image",
            "firstPartyCookies": {},
            "firstPartyCookiesSent": {},
            "exampleSites": [
                "bestpussypictures.com",
                "leakxxx.com",
                "sexynudes.tv",
                "www.gopornload.com",
                "www.realporntube.com"
            ]
        },
        {
            "rule": "goaserv\\.com\\/data\\/creatives\\/1164\\/1445\\.mp4",
            "cookies": 0,
            "fingerprinting": 0,
            "subdomains": [
                "static"
            ],
            "apis": {},
            "sites": 4,
            "prevalence": 0.000402,
            "cnames": [],
            "responseHashes": [
                "75ef1720496e91f4eab5538e179c34b9b87da41c256d1a94b6a5dec4102db935"
            ],
            "type": "Media",
            "firstPartyCookies": {},
            "firstPartyCookiesSent": {},
            "exampleSites": [
                "gayspornvideos.com",
                "thotshub.tv",
                "www.gopornload.com",
                "xxx-porn-hub.com"
            ]
        },
        {
            "rule": "goaserv\\.com\\/data\\/creatives\\/1164\\/1445\\.gif",
            "cookies": 0,
            "fingerprinting": 0,
            "subdomains": [
                "static"
            ],
            "apis": {},
            "sites": 3,
            "prevalence": 0.000301,
            "cnames": [],
            "responseHashes": [
                "04c843e56c33a6be8b55c4429f34f60a53e86b151de5131730afa697b6fc5ae9"
            ],
            "type": "Image",
            "firstPartyCookies": {},
            "firstPartyCookiesSent": {},
            "exampleSites": [
                "gayspornvideos.com",
                "www.gopornload.com",
                "xxx-porn-hub.com"
            ]
        },
        {
            "rule": "goaserv\\.com\\/data\\/creatives\\/1164\\/1648\\.mp4",
            "cookies": 0,
            "fingerprinting": 0,
            "subdomains": [
                "static"
            ],
            "apis": {},
            "sites": 6,
            "prevalence": 0.000602,
            "cnames": [],
            "responseHashes": [],
            "type": "Media",
            "firstPartyCookies": {},
            "firstPartyCookiesSent": {},
            "exampleSites": [
                "gayspornvideos.com",
                "maturenudeporn.com",
                "nudegirls.wiki",
                "www.gopornload.com",
                "www.pornhits.com",
                "www.redgifs.com"
            ]
        },
        {
            "rule": "goaserv\\.com\\/data\\/creatives\\/1164\\/1648\\.gif",
            "cookies": 0,
            "fingerprinting": 0,