{
    "domain": "gscontxt.net",
    "owner": {},
    "source": [
        "DuckDuckGo-NO"
    ],
    "prevalence": 0.00344,
    "sites": 34,
    "subdomains": [
        "bbc",
        "hearst",
        "step-dk",
        "euronews-ams",
        "iqdigital-ams",
        "hoopla-uk",
        "vmg-ash",
        "elsevier",
        "vmg-useast"
    ],
    "cnames": [],
    "fingerprinting": 0,
    "resources": [
        {
            "rule": "gscontxt\\.net\\/",
            "cookies": 0,
            "fingerprinting": 0,
            "subdomains": [
                "bbc"
            ],
            "apis": {},
            "sites": 2,
            "prevalence": 0.000203,
            "cnames": [],
            "responseHashes": [
                "91669ad7fffc4b349305b366d12c10c563ddd9c9fe5a2290dfdeca8d8e33749d"
            ],
            "type": "Script",
            "firstPartyCookies": {},
            "firstPartyCookiesSent": {},
            "exampleSites": [
                "bbc.com",
                "www.bbc.co.uk"
            ]
        },
        {
            "rule": "gscontxt\\.net\\/channels\\.cgi",
            "cookies": 0,
            "fingerprinting": 0,
            "subdomains": [
                "hearst"
            ],
            "apis": {},
            "sites": 17,
            "prevalence": 0.00172,
            "cnames": [],
            "responseHashes": [
                "a923aa131c0993c7460792e1c46b3d288e657a9028503f3f57f70ea294a6d378",
                "8c440c58a1de88b21f233ab71e3a4a9759efde63aa5475b486d0028f2745fe70",
                "42cbcfab24a9a8326de86bd6385b13d3a24ffe0ba647a2c4290271a475397366",
                "f81d311a2db889c9066bbb9f7a22ab4486cb776a7e2b2eaf8aaf1d4647a5647d",
                "5e8a6d9061e85ff3e8baba17ddf8df9fb75d47d741d52b5aeafe8206f098e7a3",
                "ded5269b433641190c85f624e7a882b1754355ff9d98b04a41297c2fc02a6e23",
                "ada7650de5d85467cc314c1df55b7272f239e7c8e2037526dbb6b2423b5cf657",
                "901142499f39f11edff6a31ff686f0d257cae1891d6c7d2486ab53de7abcabdb",
                "4adf6c211e11a87b4be6efdaddc8a6db3973d51a2e30218d2fadfb33011d14b3",
                "6b1b7c939a6027a8f200baab2ec44e0767d78843a9cf6f510f5c09393e44a4e0",
                "2f83ba3dba09c2045821c614ad7aa5d3a47c387e48aa52795f70f3c4ed1731b0",
                "d4ad570f1958e661228714da6795111757d03d0ffda1de2da20294f260b9517d",
                "7ec7ed00d216656f6eacc3fcbfbf53f12a95fbea2583738cb96309521716f50a",
                "26008309cde62196706b747653ae00fbfb904fea7d2539dd6dc29bbbaff49c7b",
                "e7a23b66764200b40e463ef4906e6917529642813ea518668c683b57dcbc325d"
            ],
            "type": "Script",
            "firstPartyCookies": {},
            "firstPartyCookiesSent": {},
            "exampleSites": [
                "bestproducts.com",
                "www.bicycling.com",
                "www.caranddriver.com",
                "www.cosmopolitan.com",
                "www.delish.com",
                "www.digitalspy.com",
                "www.elle.com",
                "www.esquire.com",
                "www.gearpatrol.com",
                "www.goodhousekeeping.com",
                "www.harpersbazaar.com",
                "www.menshealth.com",
                "www.popularmechanics.com",
                "www.runnersworld.com",
                "www.seventeen.com",
                "www.townandcountrymag.com",
                "www.womenshealthmag.com"
            ]
        },
        {
            "rule": "gscontxt\\.net\\/main\\/main\\/channels\\.cgi",
            "cookies": 0,
            "fingerprinting": 0,
            "subdomains": [
                "step-dk"
            ],
            "apis": {},
            "sites": 5,
            "prevalence": 0.000506,
            "cnames": [],
            "responseHashes": [
                "4fdf5ab8e634f070b091f7d609f0cd62258d9fd6134cf39a5b486b3339100b25",
                "9e223a6433416151188dfef36402498325d89383594127acb2029423ee64bf0f",
                "e031a7a5d60df3cd2e35d67e47a7566cab9e9ce1d872efea9ea9200c230ca6e8",
                "1a9c077f537914c53d173d4f7d53eaefca4e6bdcbcbe79aef5b4d7538012f51c"
            ],
            "type": "Script",
            "firstPartyCookies": {},
            "firstPartyCookiesSent": {},
            "exampleSites": [
                "boligsiden.dk",
                "www.guloggratis.dk",
                "www.lav-det-selv.dk",
                "www.proff.dk",
                "www.tilbudsuken.no"
            ]
        },
        {
            "rule": "gscontxt\\.net\\/standard\\/channels\\.fcgi",
            "cookies": 0,
            "fingerprinting": 0,
            "subdomains": [
                "euronews-ams",
                "iqdigital-ams"
            ],
            "apis": {},
            "sites": 2,
            "prevalence": 0.000203,
            "cnames": [],
            "responseHashes": [
                "3e8b5f7e7bb90815f0d2a772ac2918edb88262b660e92ea3f5cb3b794d2cdbde"
            ],
            "type": "Script",
            "firstPartyCookies": {},
            "firstPartyCookiesSent": {},
            "exampleSites": [
                "euronews.com",
                "www.spektrum.de"
            ]
        },
        {
            "rule": "gscontxt\\.net\\/multizone\\/channels\\.cgi",
            "cookies": 0,
            "fingerprinting": 0,
            "subdomains": [
                "hoopla-uk",
                "vmg-ash",
                "elsevier",
                "vmg-useast"
            ],
            "apis": {},
            "sites": 4,
            "prevalence": 0.000405,
            "cnames": [],
            "responseHashes": [
                "116ef5832d62ea86e25b8235a7116b0de618fbe36d284f76a5f596d5f3e01eb3",
                "be808a2536b2bf1b064ca15a2cddebe28bcda5884981cbdbbdc249487c23c284",
                "e535ea199032c49c033271b1b27210f0419e15fd755dcf2afde91f0b3ae16a80"
            ],
            "type": "Script",
            "firstPartyCookies": {},
            "firstPartyCookiesSent": {
                "lotame_domain_check": 0.0001012555690562981
            },
            "exampleSites": [
                "pocket-lint.com",
                "www.refinery29.com",
                "www.thelancet.com",
                "www.vice.com"
            ]
        }
    ],
    "categories": [],
    "performance": {},
    "cookies": 0,
    "types": {
        "Script": 30
    },
    "nameservers": [
        "ns1.p27.dynect.net",
        "ns3.p27.dynect.net",
        "ns2.p27.dynect.net",
        "ns4.p27.dynect.net"
    ]
}