{
    "domain": "kameleoon.eu",
    "owner": {
        "name": "Kameleoon",
        "displayName": "Kameleoon"
    },
    "source": [
        "DuckDuckGo-NO"
    ],
    "prevalence": 0.00091,
    "sites": 9,
    "subdomains": [
        "qchmhd61sj",
        "camr80fzpy",
        "ahkboccefd",
        "y2cbhwcf2h",
        "9e9soula8o",
        "j7q313hy22",
        "l96jc26jvj",
        "jptdpz43r4",
        "5k3e8fp43y"
    ],
    "cnames": [],
    "fingerprinting": 2,
    "resources": [
        {
            "rule": "kameleoon\\.eu\\/kameleoon\\.js",
            "cookies": 0.000809,
            "fingerprinting": 2,
            "subdomains": [
                "qchmhd61sj",
                "camr80fzpy",
                "ahkboccefd",
                "y2cbhwcf2h",
                "9e9soula8o",
                "j7q313hy22",
                "l96jc26jvj",
                "jptdpz43r4",
                "5k3e8fp43y"
            ],
            "apis": {
                "Date.prototype.getTime": 10,
                "window.sessionStorage": 10,
                "Navigator.prototype.userAgent": 10,
                "window.localStorage": 10,
                "Document.cookie getter": 10,
                "Document.cookie setter": 8,
                "Screen.prototype.height": 10,
                "Screen.prototype.width": 10,
                "Intl.DateTimeFormat.prototype.resolvedOptions": 10,
                "window.innerHeight": 10,
                "window.innerWidth": 10,
                "Navigator.prototype.javaEnabled": 10,
                "Navigator.prototype.language": 10
            },
            "sites": 10,
            "prevalence": 0.00101,
            "cnames": [],
            "responseHashes": [
                "9c9fc11a52de6bd4881122966cfa711e7b739704810906174fdcb7176b11ed6e",
                "65b6e7e3accd843296efca14f55ba79c050a7f12d368c61e6978f88a59d76b10",
                "72f43d9de1f5b8684525f5032605b31064921b384e683ac14424c91fb7c27b8e",
                "4b8008653c6a710229671edc6dd0bfcf22f3d8e4d0cd9d2d5f00e4d996abd6cb",
                "021f5e7a409bef8f9454fe1536d322531c797d7cc4c2d75085bd8110b3e654cc",
                "55297c3de10d1191d56acda39eba683226072b9915cdc153114a141c1575f1f9",
                "93f15dab0aac2b4c3e7d69078a1fa12d4cadd6af7919af5223eeb48cc2ce7daa",
                "96b997246de6fe8fd3b73ff5b45efef900fca5e9acee0678664ae7bb4c06fda6",
                "413d664c1fa4ab0332ae94a1ec1046fe3db06cb8825e20f8c1d99a62ad9b7711"
            ],
            "type": "Script",
            "firstPartyCookies": {
                "kameleoonVisitorCode": {
                    "ttl": 31536004,
                    "length": 20,
                    "prevalence": 0.0008086525826341858,
                    "uniqueness": 0.875
                }
            },
            "firstPartyCookiesSent": {},
            "exampleSites": [
                "accor.com",
                "all.accor.com",
                "www.bikester.no",
                "www.immowelt.de",
                "www.liebscher-bracht.com",
                "www.michelin.no",
                "www.n-tv.de",
                "www.obi.de",
                "www.srf.ch",
                "www.victorinox.com"
            ]
        }
    ],
    "categories": [],
    "performance": {},
    "cookies": 0.000708,
    "topInitiators": [
        {
            "domain": "first party",
            "prevalence": 0.7272727272727273
        },
        {
            "domain": "cookielaw.org",
            "prevalence": 0.09090909090909091
        },
        {
            "domain": "tiqcdn.com",
            "prevalence": 0.09090909090909091
        },
        {
            "domain": "kameleoonglobalscript.js",
            "prevalence": 0.09090909090909091
        }
    ],
    "types": {
        "Script": 10
    },
    "nameservers": [
        "lady.ns.cloudflare.com",
        "pete.ns.cloudflare.com"
    ]
}