{
    "domain": "linkconnector.com",
    "owner": {
        "name": "LinkConnector Corporation",
        "displayName": "LinkConnector"
    },
    "source": [
        "DuckDuckGo-NO"
    ],
    "prevalence": 0.00101,
    "sites": 10,
    "subdomains": [
        "www"
    ],
    "cnames": [],
    "fingerprinting": 1,
    "resources": [
        {
            "rule": "linkconnector\\.com\\/uts_lp\\.php",
            "cookies": 0.000905,
            "fingerprinting": 1,
            "subdomains": [
                "www"
            ],
            "apis": {
                "Document.cookie getter": 9,
                "window.localStorage": 9,
                "Date.prototype.getTime": 9,
                "Document.cookie setter": 9
            },
            "sites": 9,
            "prevalence": 0.000905,
            "cnames": [],
            "responseHashes": [
                "17be285603c26395285676ffef5c9653b182f00e8a74ea26b1f74ff15b68cd0b",
                "115d839fa364a56ea606a6fdeb9a91f809677a27c6d16325d2002a7b232ba7f8",
                "3de22aafaf70ce4a2a2240979d7f17bfb4339469e1cd7b1fac3157423374ef63",
                "726d2162edd120f0d1453e8be31ecdb42affb90acde708bf9fcae90e9500daf7",
                "e6a0e68570762a1e1e346fbd533ddd03cbda4f5f3579866bc98acec02c1e3b3d",
                "589dda0c509e91efb04d1b4a0865dd1872b35dc95c92a7630c8dc2ad9f824080",
                "bcd6a4caee74ac76571d647caec9020eeda56bf2a2e9cbd7773af27584c49eb1",
                "905a3a5c45f571dc75431ff0c231ae0821f25a4db5102aa1de0f197ca9a4201b"
            ],
            "type": "Script",
            "firstPartyCookies": {
                "uts_id": {
                    "ttl": 157680004,
                    "length": 17,
                    "prevalence": 0.0009045226130653266,
                    "uniqueness": 1
                },
                "LCUTS_UID_900133": {
                    "ttl": 3606,
                    "length": 6,
                    "prevalence": 0.0004020100502512563,
                    "uniqueness": 0.25
                },
                "LCUTS_UID_901602": {
                    "ttl": 3602,
                    "length": 6,
                    "prevalence": 0.00020100502512562814,
                    "uniqueness": 0.5
                },
                "LCUTS_UID_900216": {
                    "ttl": 3602,
                    "length": 6,
                    "prevalence": 0.00010050251256281407,
                    "uniqueness": 1
                },
                "LCUTS_UID_900594": {
                    "ttl": 3604,
                    "length": 6,
                    "prevalence": 0.00010050251256281407,
                    "uniqueness": 1
                },
                "LCUTS_UID_901609": {
                    "ttl": 3604,
                    "length": 6,
                    "prevalence": 0.00010050251256281407,
                    "uniqueness": 1
                }
            },
            "firstPartyCookiesSent": {
                "LCUTS_UID_900133": 0.0004020100502512563,
                "LCUTS_UID_901602": 0.00020100502512562814,
                "LCUTS_UID_900216": 0.00010050251256281407,
                "LCUTS_UID_900594": 0.00010050251256281407,
                "LCUTS_UID_901609": 0.00010050251256281407
            },
            "exampleSites": [
                "wondershare.com",
                "filmora.wondershare.com",
                "moviemaker.minitool.com",
                "pdf.wondershare.com",
                "recoverit.wondershare.com",
                "www.gunsinternational.com",
                "www.iskysoft.com",
                "www.minitool.com",
                "www.videoproc.com"
            ]
        },
        {
            "rule": "linkconnector\\.com\\/tu\\.php",
            "cookies": 0.000603,
            "fingerprinting": 0,
            "subdomains": [
                "www"
            ],
            "apis": {},
            "sites": 6,
            "prevalence": 0.000603,
            "cnames": [],
            "responseHashes": [
                "942fa519ebb6234f59c3d8c8c66c6b2671b69364c1c31a6788f722e4baca9a94"
            ],
            "type": "Image",
            "firstPartyCookies": {},
            "firstPartyCookiesSent": {
                "_gcl_au": 0.0005025125628140704,
                "_uetsid": 0.0004020100502512563,
                "_uetvid": 0.0004020100502512563,
                "_ga_24WTSJBD5B": 0.0005025125628140704,
                "_ga": 0.0011055276381909548,
                "_gid": 0.0006030150753768845,
                "IR_gbd": 0.00030150753768844223
            },
            "exampleSites": [
                "wondershare.com",
                "filmora.wondershare.com",
                "pdf.wondershare.com",
                "recoverit.wondershare.com",
                "www.gunsinternational.com",
                "www.iskysoft.com"
            ]
        },
        {
            "rule": "linkconnector\\.com\\/js\\/uts_uid\\.php",
            "cookies": 0.000603,
            "fingerprinting": 0,
            "subdomains": [
                "www"
            ],
            "apis": {},
            "sites": 6,
            "prevalence": 0.000603,
            "cnames": [],
            "responseHashes": [
                "942fa519ebb6234f59c3d8c8c66c6b2671b69364c1c31a6788f722e4baca9a94"
            ],
            "type": "Image",
            "firstPartyCookies": {},
            "firstPartyCookiesSent": {
                "LCUTS_UID_900133": 0.0004020100502512563,
                "LCUTS_UID_900216": 0.00010050251256281407,
                "LCUTS_UID_900594": 0.00010050251256281407
            },
            "exampleSites": [
                "wondershare.com",
                "filmora.wondershare.com",
                "pdf.wondershare.com",
                "recoverit.wondershare.com",
                "www.gunsinternational.com",
                "www.iskysoft.com"
            ]
        },
        {
            "rule": "linkconnector\\.com\\/uts_clickcounts\\.php",
            "cookies": 0,
            "fingerprinting": 0,
            "subdomains": [
                "www"
            ],
            "apis": {},
            "sites": 6,
            "prevalence": 0.000603,
            "cnames": [],
            "responseHashes": [
                "e3b0c44298fc1c149afbf4c8996fb92427ae41e4649b934ca495991b7852b855"
            ],
            "type": "Script",
            "firstPartyCookies": {},
            "firstPartyCookiesSent": {
                "LCUTS_UID_901602": 0.00020100502512562814,
                "site_initializing": 0.00010050251256281407,
                "53kf_72351991_from_host": 0.00010050251256281407,
                "LCUTS_UID_900216": 0.00010050251256281407,
                "LCUTS_UID_900594": 0.00010050251256281407,
                "LCUTS_UID_901609": 0.00010050251256281407
            },
            "exampleSites": [
                "minitool.com",
                "www.clevguard.com",
                "www.gunsinternational.com",
                "www.iskysoft.com",
                "www.minitool.com",
                "www.videoproc.com"
            ]
        }
    ],
    "categories": [],
    "performance": {},
    "cookies": 0.000905,
    "topInitiators": [
        {
            "domain": "googletagmanager.com",
            "prevalence": 0.5
        },
        {
            "domain": "first party",
            "prevalence": 0.5
        }
    ],
    "types": {
        "Script": 15,
        "Image": 12
    },
    "nameservers": [
        "edna.ns.cloudflare.com",
        "sri.ns.cloudflare.com"
    ]
}