{
    "domain": "livejasmin.com",
    "owner": {
        "name": "DOCLER IP S.A R.L.",
        "displayName": "Docler IP"
    },
    "source": [
        "DuckDuckGo-NO"
    ],
    "prevalence": 0.00192,
    "sites": 19,
    "subdomains": [
        "crmpt",
        "vast"
    ],
    "cnames": [],
    "fingerprinting": 1,
    "resources": [
        {
            "rule": "livejasmin\\.com\\/post\\/play",
            "cookies": 0.000605,
            "fingerprinting": 1,
            "subdomains": [
                "crmpt"
            ],
            "apis": {
                "Date.prototype.getTime": 6
            },
            "sites": 6,
            "prevalence": 0.000605,
            "cnames": [],
            "responseHashes": [
                "f058c2cc83015f8c671d93337e5a4aa81811c4a62516aa2790947848b89a33da",
                "7f8f64d925f658753b77abf31bdf6f2a54fd7afccaf7d417059eba0f4252441c",
                "2ffe1879083a565c2a769692c84e89aeab5d7addd3a242fd43c58c5f3f01ff41",
                "6bfe2661d9a883969bc5e829b98a8e76d4ea8845fa9d7c712b5dc6efea038569",
                "d425882db5f3b3f9348b85f7d32282958bc979523d08f9dba01487dd4753aa5b"
            ],
            "type": "Document",
            "firstPartyCookies": {},
            "firstPartyCookiesSent": {},
            "exampleSites": [
                "hello.porn",
                "max.porn",
                "porncoven.com",
                "www.lesbian8.com",
                "www.tnaflix.com",
                "www.tranny.one"
            ]
        },
        {
            "rule": "livejasmin\\.com\\/post\\/fslf",
            "cookies": 0.000908,
            "fingerprinting": 1,
            "subdomains": [
                "crmpt"
            ],
            "apis": {
                "Date.prototype.getTime": 9
            },
            "sites": 9,
            "prevalence": 0.000908,
            "cnames": [],
            "responseHashes": [
                "f7ce201ebc4d8c48c7bf72bcdf96924ed0c344cdc313913c76b3f2e7a6298316",
                "1928b477f6ee3dad5f1984364acebf0ce640a07fb2ceddfc7169ed94b5af5eff",
                "32ffa50dc42f6b25eff77dbb613251319804019ae969417a577e78de7b23a918",
                "a95fec4dc0a12adc19a52884801f4b6c7212292945b6de14165f7f416048f3af",
                "a218d0e715cd846f3a65b1fd180c417fee184f96a91a81d6331343f6d05b32e1",
                "cb4cf9572fdec6526f74a48d52357ade9ab061a25875026ad9d0b3b75f132c6c",
                "52321b1b7f07d18b278925d579bb2219e918e2f0ac1bc3e488b5a1befd152e99",
                "b211c497080cb0cda48bf981f3b68b4af81be443535a4896db1870ec2d247953"
            ],
            "type": "Document",
            "firstPartyCookies": {},
            "firstPartyCookiesSent": {},
            "exampleSites": [
                "hello.porn",
                "porncoven.com",
                "www.4tube.com",
                "www.fapcat.com",
                "www.lesbian8.com",
                "www.pornhat.com",
                "www.spankingtube.com",
                "www.tnaflix.com",
                "www.tranny.one"
            ]
        },
        {
            "rule": "livejasmin\\.com\\/post\\/exralifk\\/5",
            "cookies": 0.000202,
            "fingerprinting": 1,
            "subdomains": [
                "crmpt"
            ],
            "apis": {
                "Date.prototype.getTime": 2
            },
            "sites": 2,
            "prevalence": 0.000202,
            "cnames": [],
            "responseHashes": [
                "dd7953ab53635c7d2191c6b5b9c04eeb9d9ad69c5665846d79d958de7f95b3be"
            ],
            "type": "Document",
            "firstPartyCookies": {},
            "firstPartyCookiesSent": {},
            "exampleSites": [
                "ok.xxx",
                "pornsavant.com"
            ]
        },
        {
            "rule": "livejasmin\\.com\\/",
            "cookies": 0.000404,
            "fingerprinting": 0,
            "subdomains": [
                "vast"
            ],
            "apis": {},
            "sites": 4,
            "prevalence": 0.000404,
            "cnames": [],
            "responseHashes": [
                "383cf69487474598d114e7d84add1ff59a7072e56ab8da7be3a9bbb4ae8fe536",
                "5fa739f1d7442b19017caa74e794f72fbb3268b206f10534264f5405bbc010de",
                "4d24d7e327b2d3803207b6091a89b362d0cdb0b8f1959c4150d79a3c97d85b3e"
            ],
            "type": "XHR",
            "firstPartyCookies": {},
            "firstPartyCookiesSent": {},
            "exampleSites": [
                "redhdtube.xxx",
                "vintage-erotica-forum.com",
                "www.planetsuzy.org",
                "zzztube.com"
            ]
        },
        {
            "rule": "livejasmin\\.com\\/post\\/play\\/vip\\/tic",
            "cookies": 0.000303,
            "fingerprinting": 1,
            "subdomains": [
                "crmpt"
            ],
            "apis": {
                "Date.prototype.getTime": 3
            },
            "sites": 3,
            "prevalence": 0.000303,
            "cnames": [],
            "responseHashes": [
                "ea59ee7922b25b3f318366d6719b0b81a69cecff4b56a1966902db5e9d94c19e",
                "94c4ad6f93d8609a3186c68eac31db4b34d53a6041e533b27ba41006d4f7fe2b"
            ],
            "type": "Document",
            "firstPartyCookies": {},
            "firstPartyCookiesSent": {},
            "exampleSites": [
                "4tube.com",
                "www.fapcat.com",
                "www.spankingtube.com"
            ]
        }
    ],
    "categories": [],
    "performance": {},
    "cookies": 0.00192,
    "topInitiators": [
        {
            "domain": "crmentjg.com",
            "prevalence": 0.4642857142857143
        },
        {
            "domain": "jsmsat.com",
            "prevalence": 0.32142857142857145
        },
        {
            "domain": "twinrdsyn.com",
            "prevalence": 0.07142857142857142
        },
        {
            "domain": "tsyndicate.com",
            "prevalence": 0.03571428571428571
        },
        {
            "domain": "twinrdsrv.com",
            "prevalence": 0.03571428571428571
        },
        {
            "domain": "cdnvideo3.com",
            "prevalence": 0.03571428571428571
        },
        {
            "domain": "blg-1216lb.com",
            "prevalence": 0.03571428571428571
        }
    ],
    "types": {
        "Document": 20,
        "XHR": 4
    },
    "nameservers": [
        "ns2.dditservices.com",
        "ns1.dditservices.com"
    ]
}