{
    "domain": "relevant-digital.com",
    "owner": {},
    "source": [
        "DuckDuckGo-NO"
    ],
    "prevalence": 0.00212,
    "sites": 21,
    "subdomains": [
        "pbs",
        "worker30-api",
        "otc-pbs",
        "worker11-api",
        "otc-cdn"
    ],
    "cnames": [],
    "fingerprinting": 2,
    "resources": [
        {
            "rule": "relevant-digital\\.com\\/cookie_sync",
            "cookies": 0,
            "fingerprinting": 0,
            "subdomains": [
                "pbs",
                "worker30-api"
            ],
            "apis": {},
            "sites": 11,
            "prevalence": 0.00111,
            "cnames": [],
            "responseHashes": [
                "6b5db9060924fb7fc77a8040c02167987748433000cdf9b8b2ac0fdd6185de14",
                "9a95b51a88a12fd4481a14504c7b312a457d8c28dee065244aca0089c82b5850",
                "57ce2b08ef8da65d0f5627d6e41c7725efd32d3e377dea3c91025a375ae93fdf"
            ],
            "type": "XHR",
            "firstPartyCookies": {},
            "firstPartyCookiesSent": {},
            "exampleSites": [
                "e24.no",
                "www.aftenposten.no",
                "www.aftenbladet.no",
                "www.aftonbladet.se",
                "www.blocket.se",
                "www.bt.no",
                "www.charlieintel.com",
                "www.dexerto.com",
                "www.finn.no",
                "www.svd.se",
                "www.vg.no"
            ]
        },
        {
            "rule": "relevant-digital\\.com\\/openrtb2\\/auction",
            "cookies": 0,
            "fingerprinting": 0,
            "subdomains": [
                "pbs",
                "worker30-api"
            ],
            "apis": {},
            "sites": 12,
            "prevalence": 0.00121,
            "cnames": [],
            "responseHashes": [
                "c49763a1209cdd269c5b6d52ab5b372524cc0822d333fb2c7d3905f0a4b59ade",
                "3b7e7303ed8911e7458670c220945aa276b1cd3efaa1bb446e819248e7439ecf",
                "3d415b2b48d398136b4d957a100b84dd1d8f03e7b26ce6f72a4886589e89ceab",
                "a67ec7619682ed0d15347840cf74b56062366ee4bcb5d6ba94d23d95b3b77206",
                "5b109998bc477e8085fc6fe4bc9388fdb98742a606a5e2dd5f8b27925dbde8d5",
                "be4301f8eeda6ff2727d9e759bbb4164589d930c98af031860845f1492556ba3",
                "2e6fc62335c872c7d75ccf34bba983698183845eb3a19ac1d996ef3d0a43138c",
                "06b7fcb5e8ba10434ae361d4ce4dbdc9b881bb79040af35a3424faa5d4277c0e",
                "dbca3ad6f16981f1561fe02f9dcab98e09bc48f3308ebdc2be0fcee1d388b654",
                "f88e768911444f1e422b6b835b648de46c8890b1d0eceb1b92e9a822c44949f9",
                "e311d9db6aa096ca0cde6fdc56621e24125f583781f9e3e6f1807f4fe53ecadb"
            ],
            "type": "XHR",
            "firstPartyCookies": {},
            "firstPartyCookiesSent": {},
            "exampleSites": [
                "e24.no",
                "www.aftenposten.no",
                "www.aftenbladet.no",
                "www.aftonbladet.se",
                "www.blocket.se",
                "www.bt.no",
                "www.charlieintel.com",
                "www.dexerto.com",
                "www.finn.no",
                "www.klart.se",
                "www.svd.se",
                "www.vg.no"
            ]
        },
        {
            "rule": "relevant-digital\\.com\\/analytics",
            "cookies": 0,
            "fingerprinting": 0,
            "subdomains": [
                "pbs",
                "otc-pbs",
                "worker11-api"
            ],
            "apis": {},
            "sites": 13,
            "prevalence": 0.00131,
            "cnames": [],
            "responseHashes": [
                "e3b0c44298fc1c149afbf4c8996fb92427ae41e4649b934ca495991b7852b855"
            ],
            "type": "Script",
            "firstPartyCookies": {},
            "firstPartyCookiesSent": {
                "__uzmbj2": 0.00010108157282927322,
                "__uzmdj2": 0.00010108157282927322,
                "lotame_domain_check": 0.00020216314565854644
            },
            "exampleSites": [
                "e24.no",
                "www.1881.no",
                "www.aftenposten.no",
                "www.aftenbladet.no",
                "www.aftonbladet.se",
                "www.blocket.se",
                "www.bt.no",
                "www.charlieintel.com",
                "www.dexerto.com",
                "www.finn.no",
                "www.klart.se",
                "www.svd.se",
                "www.vg.no"
            ]
        },
        {
            "rule": "relevant-digital\\.com\\/static\\/tags\\/5f9ab6007fc14fc4f4e32bce\\.js",
            "cookies": 0,
            "fingerprinting": 2,
            "subdomains": [
                "otc-cdn"
            ],
            "apis": {
                "Document.cookie getter": 2,
                "window.innerWidth": 2,
                "window.innerHeight": 2,
                "Navigator.prototype.userAgent": 2,
                "Navigator.prototype.cookieEnabled": 2,
                "window.sessionStorage": 2,
                "Navigator.prototype.appName": 2,
                "Date.prototype.getTime": 2,
                "window.localStorage": 2
            },
            "sites": 2,
            "prevalence": 0.000202,
            "cnames": [],
            "responseHashes": [
                "90dc2adf379b82ae2a6f18c5bb4984814060ad689fbca9f5314956d962d69685"
            ],
            "type": "Script",
            "firstPartyCookies": {},
            "firstPartyCookiesSent": {},
            "exampleSites": [
                "nhi.no",
                "test.nhi.no"
            ]
        }
    ],
    "categories": [],
    "performance": {},
    "cookies": 0.000708,
    "topInitiators": [
        {
            "domain": "first party",
            "prevalence": 0.9
        },
        {
            "domain": "blocketcdn.se",
            "prevalence": 0.04285714285714286
        },
        {
            "domain": "googletagmanager.com",
            "prevalence": 0.02857142857142857
        },
        {
            "domain": "atmng.io",
            "prevalence": 0.014285714285714285
        },
        {
            "domain": "getjad.io",
            "prevalence": 0.014285714285714285
        }
    ],
    "types": {
        "XHR": 23,
        "Script": 15
    },
    "nameservers": [
        "ns1.planeetta.net",
        "ns2.planeetta.net",
        "ns3.planeetta.org"
    ]
}