{
    "domain": "rtbhouse.com",
    "owner": {},
    "source": [
        "DuckDuckGo-NO"
    ],
    "prevalence": 0.00271,
    "sites": 27,
    "subdomains": [
        "esp"
    ],
    "cnames": [],
    "fingerprinting": 0,
    "resources": [
        {
            "rule": "rtbhouse\\.com\\/encrypt",
            "cookies": 0,
            "fingerprinting": 0,
            "subdomains": [
                "esp"
            ],
            "apis": {},
            "sites": 24,
            "prevalence": 0.00241,
            "cnames": [],
            "responseHashes": [],
            "type": "Preflight",
            "firstPartyCookies": {},
            "firstPartyCookiesSent": {},
            "exampleSites": [
                "www.makeuseof.com",
                "www.hotcars.com",
                "www.scabieshomeremedies.com",
                "www.dagens.no",
                "verificationguide.com",
                "www.capital.bg",
                "www.radio-norge.org",
                "www.vosan.co",
                "www.thegamer.com",
                "www.dualshockers.com",
                "www.iplocation.net",
                "vocepergunta.com",
                "www.flightradar24.com",
                "dotnettutorials.net",
                "fccid.io",
                "fileproinfo.com",
                "agar.io",
                "vimbuzz.com",
                "www.mysqltutorial.org",
                "www.computerhope.com"
            ]
        },
        {
            "rule": "rtbhouse\\.com\\/encrypt",
            "cookies": 0,
            "fingerprinting": 0,
            "subdomains": [
                "esp"
            ],
            "apis": {},
            "sites": 27,
            "prevalence": 0.00271,
            "cnames": [],
            "responseHashes": [
                "71445383e406518845b5735e94a6488fefbdd68cdf74744f1b4fa1158aeef025",
                "66cd87b14f170f3ed87124632150c50da76effe96f3fdf6e1a9ee0a1e6837e91",
                "ca587412a04bc59ed4f631b086ed7373667b448b3567e3bee95211980933362a",
                "4496e744ef60e50b87e51f37b070072280f67b9b259d60eb4bf985eae2d5c58a",
                "d77b7a83bd52f65be142c27927c8beada0faa6b7611ff1cea252f6244b3a5084",
                "656723d26653ea7ffce5892b7b80aeb2269ac4284d7ba655c5d41ba40e104cca",
                "8b7b4adc205b00c6cd9749bc4c4388b8040ce57f81b0e14bf11a43b0b2a6a09c",
                "477bb58bb412b317059de8616c0467f79791453455565177e34106c10698c86f",
                "17f4d894a09eb68e1d8514d478fcf8140edbc34c01da049dfcc1cce146a68404",
                "5a5a03674adeb55aaa9b086ff65af5feb6243db5f64cb662e9d17cf9341d5dfb",
                "2f4b8884b914b78616bb3dffa83881973a778dda08a378e30032ba60ca36516e",
                "c4cab82180c5a79638e9e7ceb8f2558c9b4a16622232bee744d3cf851120b81f",
                "fa7f724290f1a7a8bf3101f8b3a5083af480834d0e087223df3b97ddaafc413b",
                "f889253063b2762744a340d16f3ee094630b36624e45c2523ec2232df1e917a0",
                "1e822f44ef2564ce5d8b8ca30aad84a4f9b8dbb0e7b97f3b13518de6d9872259",
                "7e6254ef195d4b8b2920f662a1066f6da432a58584f936e3204f9ea127d24d19",
                "b724b0c687ad198ce58551f5debd51972730f1a4b0abcff0ddda7c54ff26dd8a",
                "f59c2bf1b9a20e45828c77b54019fab8eee4df334b76189ebf5e8618aa63f22f",
                "301c526c903c5a5822b29de5d0db787e474648dcc8e4feefd3d7fd8c7bb925cd",
                "0ed5f1e59f867a98c5ab09eb9b0bbf679548c982f9f6228db366f7d730de0ca7",
                "8353b1686cb6fd43be01c51836bdb56867f03f4b363ad34b592e88c366d3c1e4",
                "e88457d4a716f340a8eef4192110623010ce67a553c25cf49fe504f9991f1bc7"
            ],
            "type": "Fetch",
            "firstPartyCookies": {},
            "firstPartyCookiesSent": {},
            "exampleSites": [
                "screenrant.com",
                "www.makeuseof.com",
                "dotnettutorials.net",
                "thewebdev.info",
                "verificationguide.com",
                "hagefrik.no",
                "www.thesportster.com",
                "www.radio-norge.org",
                "www.thegamer.com",
                "www.dagens.no",
                "www.vosan.co",
                "vocepergunta.com",
                "www.flightradar24.com",
                "www.iplocation.net",
                "fileproinfo.com",
                "www.mysqltutorial.org",
                "www.cbr.com",
                "www.dualshockers.com",
                "www.hotcars.com",
                "agar.io"
            ]
        },
        {
            "rule": "rtbhouse\\.com\\/encrypt",
            "cookies": 0,
            "fingerprinting": 0,
            "subdomains": [
                "esp"
            ],
            "apis": {},
            "sites": 3,
            "prevalence": 0.000301,
            "cnames": [],
            "responseHashes": [],
            "type": "Other",
            "firstPartyCookies": {},
            "firstPartyCookiesSent": {},
            "exampleSites": [
                "screenrant.com",
                "www.cbr.com",
                "www.thesportster.com"
            ]
        }
    ],
    "categories": [],
    "performance": {},
    "cookies": 0,
    "topInitiators": [
        {
            "domain": "creativecdn.com",
            "prevalence": 0.8888888888888888
        },
        {
            "domain": "first party",
            "prevalence": 0.1111111111111111
        }
    ],
    "types": {
        "Preflight": 24,
        "Fetch": 27,
        "Other": 3
    },
    "nameservers": [
        "ans101.rtbhouse.net",
        "ns1.adpilot-rtb.net",
        "ns3.adpilot-rtb.net"
    ]
}