{
    "domain": "sensic.net",
    "owner": {},
    "source": [
        "DuckDuckGo-NO"
    ],
    "prevalence": 0.0012,
    "sites": 12,
    "subdomains": [
        "es-config",
        "sg-config",
        "de-config",
        "1677080333275db25e81df473e85a60358a036fd0b07cd1c733c0789.trk",
        "16770813815534baab7737711ea47962302a1d621244d52b37d78dd8.trk",
        "167708329921866f3609458246c8d74eca86422ad9534b729dce3f01.trk",
        "167708099899303fb2189f5a9c55dc130c0a6b0ff32985fea3223ed8.trk",
        "16770833689167f2bd7939c24fc8fa0e600a0b4c8ef8db234404e6f2.trk",
        "1677082263465140326a46e4eb353a0e21c2703ffd770032eda46d60.trk",
        "1677080821382e7638b944c6b6083685841b95682c03f83f7a0e0920.trk",
        "d4eddf6d087143c6bd79b314e708b41b6611c0f8493cfdc6cf667e13.trk",
        "1677083118376de79d4c1dc27c8a966c1a3c4facef6d0b7357dd6544.trk",
        "f99b390238eaae3f62f6c6eba446194e1f5c41dccf7131ae11a502c8.trk",
        "3c55aef8c66bf822b201605b6176f08441b7c552c8c397e76a530851.trk",
        "16770809905996d5e5f52e25635704c1b80067fb39d66beed1afc547.trk",
        "es1-s2s",
        "sg2-s2s"
    ],
    "cnames": [],
    "fingerprinting": 2,
    "resources": [
        {
            "rule": "sensic\\.net\\/s2s-web\\.js",
            "cookies": 0.0001,
            "fingerprinting": 1,
            "subdomains": [
                "es-config",
                "sg-config"
            ],
            "apis": {
                "window.localStorage": 9,
                "Date.prototype.getTime": 9,
                "Navigator.prototype.userAgent": 9,
                "Navigator.prototype.platform": 9,
                "Navigator.prototype.language": 9,
                "Document.cookie getter": 1,
                "Document.cookie setter": 1
            },
            "sites": 9,
            "prevalence": 0.000903,
            "cnames": [],
            "responseHashes": [
                "b54ad2da094286d53ffe69a5e927eecb98adc23189b4f1289b1f0ffe4d823f63",
                "1a602bab7c1190df7f564d4546781e88f2178276ff78b656fea29f87c48532fb"
            ],
            "type": "Script",
            "firstPartyCookies": {
                "sui_1pc": {
                    "ttl": 63072015,
                    "length": 56,
                    "prevalence": 0.00010035122930255896,
                    "uniqueness": 1
                }
            },
            "firstPartyCookiesSent": {},
            "exampleSites": [
                "as.com",
                "elpais.com",
                "www.20minutos.es",
                "www.elperiodico.com",
                "www.lavanguardia.com",
                "www.marca.com",
                "www.sport.es",
                "www.straitstimes.com",
                "www.ultimahora.es"
            ]
        },
        {
            "rule": "sensic\\.net\\/3pc\\.html",
            "cookies": 0,
            "fingerprinting": 1,
            "subdomains": [
                "es-config",
                "de-config",
                "sg-config"
            ],
            "apis": {
                "Document.cookie getter": 7,
                "window.localStorage": 4,
                "Date.prototype.getTime": 1
            },
            "sites": 9,
            "prevalence": 0.000903,
            "cnames": [],
            "responseHashes": [
                "6c2b6d0208ffafae5afbf007859e6c4174aa9b08f5516259cb298e1042fa0e2b",
                "794ab39d313352db1cd9832d4183079b6f0eed5cea4a7818389bcd4f2eebc6c3"
            ],
            "type": "Document",
            "firstPartyCookies": {},
            "firstPartyCookiesSent": {},
            "exampleSites": [
                "as.com",
                "elpais.com",
                "www.20minutos.es",
                "www.ardmediathek.de",
                "www.elperiodico.com",
                "www.marca.com",
                "www.sport.es",
                "www.straitstimes.com",
                "www.ultimahora.es"
            ]
        },
        {
            "rule": "sensic\\.net\\/tp\\.gif",
            "cookies": 0,
            "fingerprinting": 0,
            "subdomains": [
                "1677080333275db25e81df473e85a60358a036fd0b07cd1c733c0789.trk",
                "16770813815534baab7737711ea47962302a1d621244d52b37d78dd8.trk",
                "167708329921866f3609458246c8d74eca86422ad9534b729dce3f01.trk",
                "167708099899303fb2189f5a9c55dc130c0a6b0ff32985fea3223ed8.trk",
                "16770833689167f2bd7939c24fc8fa0e600a0b4c8ef8db234404e6f2.trk",
                "1677082263465140326a46e4eb353a0e21c2703ffd770032eda46d60.trk",
                "1677080821382e7638b944c6b6083685841b95682c03f83f7a0e0920.trk",
                "d4eddf6d087143c6bd79b314e708b41b6611c0f8493cfdc6cf667e13.trk",
                "1677083118376de79d4c1dc27c8a966c1a3c4facef6d0b7357dd6544.trk",
                "f99b390238eaae3f62f6c6eba446194e1f5c41dccf7131ae11a502c8.trk",
                "3c55aef8c66bf822b201605b6176f08441b7c552c8c397e76a530851.trk",
                "16770809905996d5e5f52e25635704c1b80067fb39d66beed1afc547.trk"
            ],
            "apis": {},
            "sites": 12,
            "prevalence": 0.0012,
            "cnames": [],
            "responseHashes": [
                "e3b0c44298fc1c149afbf4c8996fb92427ae41e4649b934ca495991b7852b855"
            ],
            "type": "XHR",
            "firstPartyCookies": {},
            "firstPartyCookiesSent": {
                "__pid": 0.00020070245860511792,
                "lotame_domain_check": 0.00010035122930255896
            },
            "exampleSites": [
                "as.com",
                "elpais.com",
                "www.20minutos.es",
                "www.ardmediathek.de",
                "www.elperiodico.com",
                "www.lavanguardia.com",
                "www.marca.com",
                "www.sportschau.de",
                "www.sport.es",
                "www.straitstimes.com",
                "www.tagesschau.de",
                "www.ultimahora.es"
            ]
        },
        {
            "rule": "sensic\\.net\\/",
            "cookies": 0,
            "fingerprinting": 0,
            "subdomains": [
                "es1-s2s",
                "sg2-s2s"
            ],
            "apis": {},
            "sites": 9,
            "prevalence": 0.000903,
            "cnames": [],
            "responseHashes": [
                "e3b0c44298fc1c149afbf4c8996fb92427ae41e4649b934ca495991b7852b855"
            ],
            "type": "XHR",
            "firstPartyCookies": {},
            "firstPartyCookiesSent": {},
            "exampleSites": [
                "as.com",
                "elpais.com",
                "www.20minutos.es",
                "www.elperiodico.com",
                "www.lavanguardia.com",
                "www.marca.com",
                "www.sport.es",
                "www.straitstimes.com",
                "www.ultimahora.es"
            ]
        },
        {
            "rule": "sensic\\.net\\/id",
            "cookies": 0,
            "fingerprinting": 0,
            "subdomains": [
                "es1-s2s",
                "sg2-s2s"
            ],
            "apis": {},
            "sites": 4,
            "prevalence": 0.000401,
            "cnames": [],
            "responseHashes": [
                "e3b0c44298fc1c149afbf4c8996fb92427ae41e4649b934ca495991b7852b855"
            ],
            "type": "XHR",
            "firstPartyCookies": {},
            "firstPartyCookiesSent": {},
            "exampleSites": [
                "elperiodico.com",
                "www.marca.com",
                "www.sport.es",
                "www.straitstimes.com"
            ]
        },
        {
            "rule": "sensic\\.net\\/sui\\.html",
            "cookies": 0,
            "fingerprinting": 0,
            "subdomains": [
                "de-config",
                "sg-config"
            ],
            "apis": {},
            "sites": 4,