{
    "domain": "t13.io",
    "owner": {},
    "source": [
        "DuckDuckGo-NO"
    ],
    "prevalence": 0.00465,
    "sites": 46,
    "subdomains": [
        "s2s"
    ],
    "cnames": [],
    "fingerprinting": 0,
    "resources": [
        {
            "rule": "t13\\.io\\/cookie_sync",
            "cookies": 0,
            "fingerprinting": 0,
            "subdomains": [
                "s2s"
            ],
            "apis": {},
            "sites": 46,
            "prevalence": 0.00465,
            "cnames": [],
            "responseHashes": [
                "fe1c806ed7d78681a9c1993df9d94a62d5873a8dfc558cc11cca1fc20fd66391",
                "a10f59394b246ab9f4f9a9743369bcfd4e30fab18b0d7632c82d25716713fdc2",
                "d97156fc0aba77dbf6859fad41f40007b638adffae755a0ec899493c075770bf",
                "f11c25828f9ee76a50381767fc25e390f912c73e7f0eb304d206d404205cd342",
                "c6d5647be020ae28c1b5b361ad711db5df19533f5e3ef020f5ab02c4191bc5e0",
                "a97eef31e374208d9dfca7db2eb1774774855d56babd90fc4724722053902756",
                "550388c5ffc9b6b513d15de8e73e2d5f8524b6f8a3452586d5cd52aaa5c7ef0b",
                "0e33593805d6f52ceb49d8a27090133abe6f7aa993c2aa16c975a6a4b4a8c845",
                "5c2e9fc8e2bad5918108cf3ac53a015602a80a1566818f015f9b40d4f17e88b7",
                "79681e92f3d9bde1e0f0c089ea7e6133e8bb26ad4c43017e1610818e2c1c43f0",
                "37fd0dd336551c2ab15f3b3a2c700612aa47896b17c19fae723fc38b213ec3c4",
                "2dc8522823955d79cc941ba4cdc5d29b0c07187dd91c14cef1f1c24c4d66ce8b",
                "7112d9dfdfcbb1cfbef6ee5cf9b163d39da727cb5864bad3f5142891ce514535",
                "3c92066b84d377f530f05c63a72a9b6fe94675a19b49e8cc5f3dc348245cb43a",
                "ed9d1cf9a41c2a569d1b8020ef6a06f357bbd26569c6a99591c2efbcd6b59614",
                "902d5df0433a367387bf730ad3f25a10b9770b6be2a80ebd63c04222911f0a62",
                "5e6bb592d7307ce31c227d1bedc2d21c164422653a186d27c3974b73565805b3",
                "5bb80509fe35b510e3aab2c50f9d620c1ecdb0ac313cedfa3c22796e37f5e5dd",
                "5c594b21243f329789daae562f31e30b827f009ffb7401033ffe8c788cc06b0f",
                "1fdb0fd9d952dd2df61e7276f90d730ebba3c99712dc46e108aaefa185b41c0a",
                "e2e75742715a69370f2c102a4a03fe9548163cfb8b658a1a55da50cc1110be74",
                "03e4b4189942cc78548e948773601f11686444b4b9a23dc4ed0a3cd1b948e7e0",
                "61276154eb67106aea487bf6c3151aa7d2b3b4846274b7134fb233576f69a93d",
                "ff8a380ea9377b085db93dd65234826ca908d90d46cf7f6e19dbcf408183dd6c",
                "375a5301564f3a82a7d2921c33cc3c80d4ca5f331175bf342e9fd20ca4708cce",
                "456ee6b1b29844552b60aa2606853f854e281294351862f1b24d6b1b96d7a7fd",
                "f61eba515e3b8d231ab6066cca2f9f606d219913cddd9c7ee3de57491e642d71",
                "04a80ebde6ceb550d25bd2c52fe7a7bfdd5f36b70581683cf94e38a3d813b791",
                "8139b860b1a4afdc1b46dc4c1aa5f3b8e044ce78619206344f8e2e7da03c9d00",
                "ad7ebdf24a9dadd597e0f589c96ce014662bc028c5858fe309d826c33c1fe42c",
                "029099878b2cec70379978890d121129fc4ffdc1ccde4cc9f1e274ced972a829",
                "2bf2fbcf1ccedd41a49e39f5987585a8c2ff27d534077f19f691515100101af6",
                "6f4eda4379573e64d5e4f60c66b1a99456383f8ffa160907ad230618da35be8f",
                "6e2df13572a94f03df22b060d834f6b4200d6fb5b51406a7302180df7fcd9beb",
                "d70c939e6450d6515911d63ab11d2a96cee6d4d6924bb97280dc56d1c0d4b40c",
                "7e4ceee1c6963d7e04e5dce2caea541f8ffccaa2c4fc8172bb508198f6f934d2",
                "895bdc5227220484e5eb0fb46668ce44585b0e287e1e77759dd691862da06308",
                "48d4a90ff75575af2b56a122e5c987d9dabf5abb85910c7f28d9fe7e295311f8",
                "052eb50917ec4e9fcfe631fbed0bda56d6d9a626249ecbcc169924ec53e5c10d",
                "52d30b41a1b4258600b9ab66567f781132d777e79668cf986f48c1434893b234",
                "ab82c2c3683c8be6d1ae38f36a08f1a88373ee968094c228ca433ba7a9a18f7b",
                "32d76d23e2f8ceb20a8b3de210d774f5f1f5e74a5118cb19136fc542495b3965",
                "9eb277193e908bd275dd31fe2b0429771b0e6b53c17d654eb55a11fba31947e1",
                "16ea155768dd88e12d11658d4170edf9da5abbe6ffb4a7f3d702df59f2362bfc",
                "ddf8e041bb654c9e79a09d54f4e0aacf75c9585e1f9f03c48904189029d9e66c"
            ],
            "type": "XHR",
            "firstPartyCookies": {},
            "firstPartyCookiesSent": {},
            "exampleSites": [
                "forum.xda-developers.com",
                "itsfoss.com",
                "whatismyipaddress.com",
                "thecinemaholic.com",
                "forum.bodybuilding.com",
                "www.themoscowtimes.com",
                "playerassist.com",
                "publicholidays.no",
                "www.tigerdirect.com",
                "www.aljazeera.com",
                "www.myabandonware.com",
                "ukutabs.com",
                "worldpopulationreview.com",
                "www.365chess.com",
                "www.ukulele-tabs.com",
                "www.gocomics.com",
                "podbay.fm",
                "time.is",
                "hothardware.com",
                "history-computer.com"
            ]
        },
        {
            "rule": "t13\\.io\\/openrtb2\\/auction",
            "cookies": 0,
            "fingerprinting": 0,
            "subdomains": [
                "s2s"
            ],
            "apis": {},
            "sites": 46,
            "prevalence": 0.00465,
            "cnames": [],