{
    "domain": "ukenthasc.xyz",
    "owner": {},
    "source": [
        "DuckDuckGo-NO"
    ],
    "prevalence": 0.00191,
    "sites": 19,
    "subdomains": [],
    "cnames": [],
    "fingerprinting": 0,
    "resources": [
        {
            "rule": "ukenthasc\\.xyz\\/utx",
            "cookies": 0.00191,
            "fingerprinting": 0,
            "subdomains": [],
            "apis": {},
            "sites": 19,
            "prevalence": 0.00191,
            "cnames": [],
            "responseHashes": [
                "e3b0c44298fc1c149afbf4c8996fb92427ae41e4649b934ca495991b7852b855"
            ],
            "type": "XHR",
            "firstPartyCookies": {},
            "firstPartyCookiesSent": {},
            "exampleSites": [
                "6soap2day.com",
                "freeofleaks.com",
                "getofleaks.com",
                "hdporn92.com",
                "heyleaks.co",
                "homemade.porn",
                "hotdesipics.co",
                "lookmovie.vc",
                "ofleaksdaily.com",
                "rapepornvideo.net",
                "shittytube.com",
                "thepornfull.com",
                "topofleaked.co",
                "www.heavy-r.com",
                "www.pornachi.com",
                "www.twuko.com",
                "www.xpee.com",
                "www.xrares.com",
                "zodhacks.com"
            ]
        },
        {
            "rule": "ukenthasc\\.xyz\\/floater",
            "cookies": 0.0011,
            "fingerprinting": 0,
            "subdomains": [],
            "apis": {},
            "sites": 11,
            "prevalence": 0.0011,
            "cnames": [],
            "responseHashes": [
                "2954881443a56d51beb3abe331b84168e7167a179b54ccf623767677c81ce3c2",
                "de00fffc22618811860b1e9fe652f94022052e0ff0d3fcb468530c55567fca01",
                "53bad4f7261e3c4589e58816403977be251612c27e959c043f69c935d3c984a4",
                "af63eff92b53ca58aa77feabdff49d45e5d663c68640f38d899c1210a713cc35",
                "9d8ad45c48fc84195c34a7576bfea6630d8206004d434c2a1c7e7de94750e2e7",
                "890224987dc04e879c3db3497695033d3cd2c7b21b6040d83f3ea83965c211cb",
                "bc827ec71a4b17085449548043f73c7adce337638dcbffd9eafcc53b3482b9b7",
                "232c8d78b84c8659964a95121cdb4cd082d255edf3f9686add5a0982993ccd3f",
                "359587292d0619707041f8c94012f65396e8372d319dbe760702258a46112b32",
                "ce9ece6b00341ad1892d7d0b40f5a1cff6116ac1344ecd81f6bc4bfa85fca9ed"
            ],
            "type": "XHR",
            "firstPartyCookies": {},
            "firstPartyCookiesSent": {},
            "exampleSites": [
                "hdporn92.com",
                "homemade.porn",
                "hotdesipics.co",
                "rapepornvideo.net",
                "shittytube.com",
                "thepornfull.com",
                "www.heavy-r.com",
                "www.pornachi.com",
                "www.twuko.com",
                "www.xpee.com",
                "www.xrares.com"
            ]
        }
    ],
    "categories": [],
    "performance": {},
    "cookies": 0.00191,
    "types": {
        "XHR": 30
    },
    "nameservers": [
        "aiden.ns.cloudflare.com",
        "demi.ns.cloudflare.com"
    ]
}