{
    "domain": "vntsm.io",
    "owner": {},
    "source": [
        "DuckDuckGo-NO"
    ],
    "prevalence": 0.00221,
    "sites": 22,
    "subdomains": [
        "hb"
    ],
    "cnames": [],
    "fingerprinting": 0,
    "resources": [
        {
            "rule": "vntsm\\.io\\/content\\.html",
            "cookies": 0.00221,
            "fingerprinting": 0,
            "subdomains": [
                "hb"
            ],
            "apis": {},
            "sites": 22,
            "prevalence": 0.00221,
            "cnames": [],
            "responseHashes": [
                "b70f60b352e5eeaf9e6aecec5d89c455435d9d8ebc80f5d891d10c16f9d61c31",
                "1c9612341440b3ead8ffdd7ec1a6023d2b7b22b37c2e1cd27cb4ef4d44cc78c4",
                "722a7368fda78b8cec0eca67bad3cc100111ccd985d1391c89cbbc2412e378a4",
                "f851820bdc09bcdc1048a324fc0a6361000023d47c49ffe39197e119e28985bf",
                "e8a7a58b8cf12eb92a0fda1168a0d1c787d0719ce7a0474f1582483deba8c5b3",
                "b98dc395e16897d5c164670b792e9f2f6379ee34e9c7066d882a4df1e69fdb77",
                "4de08f2c16f78510a288b84a9dde2a03ef6c034c5af9e5a2ff981a608a0b9430",
                "f657c45b62bded9bb127c96c1c595fa1964b63ae5b316bbfe3899b0ebdbf37b4",
                "285812e23435683fca9f615c111be21f355fd5352cbb50a656d00adac2db91f5",
                "5767bfa010db74c06a6e978a4e742bd64f30597306642348df0cb00969b56715",
                "049aa29633018850c28fe274d37fee2e18791eaed7faa9f400c7795019337a36",
                "ce8368e5b8e9f2f066acc6284578c00021aea742c4c7c7ec2836c232a5f8b1f8",
                "97d13f38fa79bbbffaa8347b8d4ecc530e600dd86ae00ae93d009900f5d357ce",
                "a6a0b1dc8ce852605c9e60a97224ec8220cb94e846f48b8c9c84d53e75f17f41",
                "187d6f639c10f2f3102a85600bdcad9ee6cb89789982317c7689c2072d392921",
                "fa0a22ea187fc164ce492ee663cd2fb96720bc7e805dca730d79d13177760225",
                "dd93201efa461e32e14ff75a86fcb0a1f6ea519eab0d785794d3123adb4a9504",
                "62621f215e2f95ca6b632943235dff636d1636fdccfab1f1d20005d621bc2e06",
                "8ff626a5c7b9859aefb62a61a5c812483c5b934410e73f234c9124f0688df4a1"
            ],
            "type": "Fetch",
            "firstPartyCookies": {},
            "firstPartyCookiesSent": {},
            "exampleSites": [
                "gamersdecide.com",
                "www.planetminecraft.com",
                "www.mobafire.com",
                "www.koreaboo.com",
                "wafflegame.net",
                "ffxiv.gamerescape.com",
                "www.lightnovelworld.com",
                "www.mtggoldfish.com",
                "www.gamersdecide.com",
                "www.playstationtrophies.org",
                "www.allthetests.com",
                "www.belloflostsouls.net",
                "www.gosunoob.com",
                "www.smbc-comics.com",
                "op.gg",
                "www.smogon.com",
                "wh40k.lexicanum.com",
                "www.light.gg",
                "www.op.gg",
                "www.racedepartment.com"
            ]
        }
    ],
    "categories": [],
    "performance": {},
    "cookies": 0.00221,
    "topInitiators": [
        {
            "domain": "vntsm.com",
            "prevalence": 1
        }
    ],
    "types": {
        "Fetch": 22
    },
    "nameservers": [
        "ns-1245.awsdns-27.org",
        "ns-99.awsdns-12.com",
        "ns-1655.awsdns-14.co.uk",
        "ns-866.awsdns-44.net"
    ]
}