{
    "domain": "wpnsrv.com",
    "owner": {},
    "source": [
        "DuckDuckGo-NO"
    ],
    "prevalence": 0.00152,
    "sites": 15,
    "subdomains": [
        "js"
    ],
    "cnames": [],
    "fingerprinting": 1,
    "resources": [
        {
            "rule": "wpnsrv\\.com\\/pn\\.php",
            "cookies": 0.00121,
            "fingerprinting": 1,
            "subdomains": [
                "js"
            ],
            "apis": {
                "Navigator.prototype.userAgent": 12,
                "Notification.permission": 12,
                "Document.cookie getter": 13,
                "Document.cookie setter": 12
            },
            "sites": 13,
            "prevalence": 0.00131,
            "cnames": [],
            "responseHashes": [
                "86f36a03a35453b19239c955a72506aeb9a8df94758a248ad7dbb567184b75bd"
            ],
            "type": "Script",
            "firstPartyCookies": {
                "pn-zone-3389741": {
                    "ttl": 3888001,
                    "length": 13,
                    "prevalence": 0.00010102030508132135,
                    "uniqueness": 1
                },
                "pn-zone-3670315": {
                    "ttl": 3888002,
                    "length": 13,
                    "prevalence": 0.00010102030508132135,
                    "uniqueness": 1
                },
                "pn-zone-3180126": {
                    "ttl": 3888002,
                    "length": 13,
                    "prevalence": 0.00010102030508132135,
                    "uniqueness": 1
                },
                "pn-zone-4795272": {
                    "ttl": 3888002,
                    "length": 13,
                    "prevalence": 0.00010102030508132135,
                    "uniqueness": 1
                },
                "pn-zone-3169187": {
                    "ttl": 3888005,
                    "length": 13,
                    "prevalence": 0.00010102030508132135,
                    "uniqueness": 1
                },
                "pn-zone-4509296": {
                    "ttl": 3888002,
                    "length": 13,
                    "prevalence": 0.00010102030508132135,
                    "uniqueness": 1
                },
                "pn-zone-3975710": {
                    "ttl": 3888002,
                    "length": 13,
                    "prevalence": 0.00010102030508132135,
                    "uniqueness": 1
                },
                "pn-zone-4255510": {
                    "ttl": 3888001,
                    "length": 13,
                    "prevalence": 0.00010102030508132135,
                    "uniqueness": 1
                },
                "pn-zone-3205919": {
                    "ttl": 3888002,
                    "length": 13,
                    "prevalence": 0.00010102030508132135,
                    "uniqueness": 1
                },
                "pn-zone-3199593": {
                    "ttl": 3888001,
                    "length": 13,
                    "prevalence": 0.00010102030508132135,
                    "uniqueness": 1
                },
                "pn-zone-3382743": {
                    "ttl": 3888002,
                    "length": 13,
                    "prevalence": 0.00010102030508132135,
                    "uniqueness": 1
                },
                "pn-zone-3346174": {
                    "ttl": 3888004,
                    "length": 13,
                    "prevalence": 0.00010102030508132135,
                    "uniqueness": 1
                }
            },
            "firstPartyCookiesSent": {},
            "exampleSites": [
                "anysex.com",
                "celebsnudeworld.com",
                "fuckingsession.com",
                "gaychik.link",
                "mylust.com",
                "poop.vids.rip",
                "pornonorsk.com",
                "pornone.com",
                "www.imperiodefamosas.com",
                "www.japteenx.com",
                "www.pictoa.com",
                "xcafe.com",
                "yourlust.com"
            ]
        },
        {
            "rule": "wpnsrv\\.com\\/worker\\.php",
            "cookies": 0,
            "fingerprinting": 0,
            "subdomains": [
                "js"
            ],
            "apis": {},
            "sites": 13,
            "prevalence": 0.00131,
            "cnames": [],
            "responseHashes": [
                "d9fbc0dc00356f6c0e837c05d66838f37d421b7cbb53d3cc0b23befc6272b619"
            ],
            "type": "Other",
            "firstPartyCookies": {},
            "firstPartyCookiesSent": {},
            "exampleSites": [
                "anysex.com",
                "celebsnudeworld.com",
                "gaychik.link",
                "hcbdsm.com",
                "mylust.com",
                "pornonorsk.com",
                "pornone.com",
                "www.eroprofile.com",
                "www.imperiodefamosas.com",
                "www.japteenx.com",
                "www.pictoa.com",
                "xcafe.com",
                "yourlust.com"
            ]
        }
    ],
    "categories": [],
    "performance": {},
    "cookies": 0.00121,
    "types": {
        "Script": 13,
        "Other": 13
    },
    "nameservers": [
        "ns2.dnsowl.com",
        "ns3.dnsowl.com",
        "ns1.dnsowl.com"
    ]
}