{
    "domain": "2trk.info",
    "owner": {},
    "source": [
        "DuckDuckGo-US"
    ],
    "prevalence": 0.0000919,
    "sites": 14,
    "subdomains": [
        "clk"
    ],
    "cnames": [],
    "fingerprinting": 1,
    "resources": [
        {
            "rule": "2trk\\.info\\/audit\\.aspx",
            "cookies": 0,
            "fingerprinting": 1,
            "subdomains": [
                "clk"
            ],
            "apis": {
                "window.localStorage": 1
            },
            "sites": 9,
            "prevalence": 0.0000591,
            "cnames": [],
            "responseHashes": [
                "2b203f833a32e351cd6697b4b7c8697093d3437096a36ce65839d0dd09230181",
                "528956eaa6891f18b65ed6d41ceb48497259e333aa4109373f26fdc75f73c90d",
                "47d8ef5dc80e49a475709aeff6b9de2128ee345197dd94873f5a6ea9c306af24",
                "f66263dc835723b7167261f5f784a9b9380d0a4ff99aed59d8ea023f656d292c",
                "ad4e71b50bce1d39a9e9ff76f07479ee430f99c5e4c75c55a1ead08025316dd8",
                "7bf44cebdf58f785a9e507a8fdaefb301fabb808cae9e70dc262898a75f050b8",
                "a0d29ad5c6a7676468e589e8fcb580248cd098e5ab4898c25e6b1cd1347a6ac1"
            ],
            "type": "Script",
            "firstPartyCookies": {},
            "firstPartyCookiesSent": {},
            "exampleSites": [
                "drvaidyas.com",
                "us.anker.com",
                "www.anker.com",
                "www.donnerdeal.com",
                "www.eataly.com",
                "www.lightinthebox.com",
                "www.pepperfry.com",
                "www.teknosa.com",
                "www.vevor.com"
            ]
        }
    ],
    "categories": [],
    "performance": {},
    "cookies": 0,
    "topInitiators": [
        {
            "domain": "preciso.net",
            "prevalence": 0.9285714285714286
        },
        {
            "domain": "first party",
            "prevalence": 0.07142857142857142
        }
    ],
    "types": {
        "Script": 9
    },
    "nameservers": [
        "walk.ns.cloudflare.com",
        "coleman.ns.cloudflare.com"
    ]
}