{
    "domain": "3.212.39.155",
    "owner": {},
    "source": [
        "DuckDuckGo-US"
    ],
    "prevalence": 0.00124,
    "sites": 182,
    "subdomains": [],
    "cnames": [],
    "fingerprinting": 0,
    "resources": [
        {
            "rule": "3\\.212\\.39\\.155\\/is",
            "cookies": 0,
            "fingerprinting": 0,
            "subdomains": [],
            "apis": {},
            "sites": 172,
            "prevalence": 0.00117,
            "cnames": [],
            "responseHashes": [
                "8d35bbf92fe36b13113d34d6e6b0bca6a9c4a4960ce94f13571d6ec12faf54d0",
                "b4e0bb61eeb5f2b51fe107458cef3c1b569f42f3424c16a6d7c79846e350ca55",
                "5ffd655adafd526a612d9cd415ec46ea8fe3806f0d1daf05431cb4ec1c4dc468",
                "4b7c90839862615a3908e70420fdb8cffc992995024a4d1438503524f76e49a3",
                "40165d2eedbab552f0866c2bd020c4eb070614f2e6d772963a91b9a423a19fcf",
                "b9f8be8f0f980e4187873583ce6522aec46b4c99ddf0511ac5741d592da9e29f",
                "cade265271966769b0946022e42154e721c55e1329357b359d9e095e2065b5ae",
                "5c0533a5142cfc1b66710b9674c0f912a8c4ca76a8f010989ffac57770d45586",
                "6c73917c06362921c712accb7910e3775ad6b49624fb9a55e166322eee54f562",
                "e80275287679659e4af94160e45d69c088dc649e64cdea2235d8a6ead1b4e071",
                "4f1fde634566f3041db5b55d3ee011b32d716ea3f3ff1679b7f1c09fb0517930",
                "ac65062585f92466e24f458141af734a803b7ff5f0e4f51e7e320abf0a93ec0f",
                "4cd755c195d3355bd4f22db509e517bb1ce4d80eefdc36ed1ba327924c017909",
                "a3738996da437fef6f0f4249bacb52e3d5937b95148d1fe0325b237410629d05",
                "ec1404c15d62133613fe9961077757e3c60cb788fa5b76b5e9eee2fb34cfe530",
                "5517203d48e6d71856781f8914226c745f4bb07a37c2435f13a92ba73f32253d",
                "31caf7e8af31b46143d28d3ff33ee987aa1d65d264c3d06f07be8ce76ccf5598",
                "454a5ba0d42a5adafef07d98e4a0a621f444689258d75128f360635c272e4cfd",
                "6d3549e4a3ba489c4f082a7a4b0960db3fe48b101bd4aaf7be9655373a86a6e7",
                "fe323b33c60d90918fee36db6966927e15f66aed66d9d741805e7afa3c8e050f",
                "1d93c2295856818522dc8909f6f88bfbb26bc5668f898293685bdb038bf89dbf",
                "aab1684d48395e40faea7309421d9cbcb3993b573a9d06f29e48a802f05c7f04",
                "53071ccbd08072a0ecf6709e51ae8bf4be9bb48efb97bda09f7c73d625e51e76",
                "caf5909ad8751fcc12e6b5c13c920066743e5efc814de371e6f3b11dc5d811df",
                "65ee2a2984e74e7f7dba45df3e163075262a8811399981d1a0716b0bffda68f6",
                "e256fd25c70661c94bf17be834c137a2e45589a82fa11399143f5385007f77ca",
                "f793772466e572823be2fc51a3a7cc1ea9b72970da58cfda9c7d1cb366a01cb1",
                "67a1b05f8920bcb01320be65cd702e7a0f04fa3eafff0213297d0261efc8b7c5",
                "3168e4bf73e72bfd46a7ecfcb21c290db04b2f17bb3b37c693515effddcccc2e",
                "fd3aaafd070ed0f288721350e4e70431ab7dc85f949eee42f02e3286f57b8631",
                "0b8ec808687fedb522ccce7e9b4ff657aed463afd1871eea8742689867ad762c",
                "0e1f2996244f1af5b723130f2868165e26fd8dcc8eb08081fa69ef104021171c",
                "6e829e55fe77f8889bc7202c79cd9a732f2dc0f1d6a0c081e83882889c9cf202",
                "bc930cfacf8b79ae3b635e3b0280d39b3473f8c726dd8b9fd8ec42ce8de6a6f7",
                "69712fe509f458dc32a8e3298c2964ecbcb3781d037532ead0792a077a118992",
                "f91216bb8511a523189b82948cc79e604d51a5ccf681a28caf83d011a47d0645",
                "f474d841550f27f04d631c8725aefdc05d26bd0c271e9dab8fa4464dfbffe6f3",
                "1fc8db4a38bd37e8f42025d7a3cfe8e0174ccab01d7df1c4f197e3725867c8d4",
                "771025c4d87409d6b6e56b22d3f02dd531e387dbf448bc66dfb136b65a623255",
                "e9c898214c92fbc190b7a4bfa12ac60ccb544c05caa4286c4390368d98bddcfe",
                "9b3306d523a47e07dee34500849a0bde0df62dbefc5c4529066e01f0d00466d0",
                "25d125339485fc415b6415a7a1803a57c2e82fce0fe05af19401cb4ca24008af",
                "5aad74a60f6656b9cae48ad23759242b5b7730fa62acfc0f8c9a6d5f0a12dda6",
                "c43ce6d3f708676cb842270e0f8c0f6b49341de342b9bf0e69231cdb8cb3f273",
                "7152a9a1d3d0af76ce71d0e1dcbd87ba91edaa8ffb95a48fa53e5aecac6853a0",
                "833404ca34ee20ec34961fd60a5ac295012ac5df16134e96d38a07c8ec7fcb9a",
                "bb876fc1832a0d1d0656f7cfce4a6156a5a88db944c9f05b5614e62a490f28f4",
                "7985dcb5b6d9b790a1d8d8d0f15108e1e4667b0422eaf7e015af342835678719",
                "93f66016e4928e6a84b2daeda2d5e6b288ec31e912045beb8e94546e85152a97",
                "61f3a83d787d96a1e4615bd7fe3bded7bcf089b4fc387556efdbb960fff5d831",
                "927407da77e25aea9e82fb3d5acd4ab2fde55704b83a5fc0987d6108c4c7747b",
                "ce378b40fbbed67ee3f7e1ade40a568a66cfc121bb26369dd3d671fd297247d5",
                "5fe8a0a88bf91bf7cb5bbc497afdc91c7ca19c7101e9c36f92b1ceea4668d52c",
                "e61b57946e0ff7e97660ae6214f8cc34f83731e74ceaafdedc430c3f3a416c38",
                "0627117ea8a2b8886871ccc216164efeb3b61300c44553028589d25964626006",
                "5148a65d4bfee4c4838758fe72308bca4ecde9816318c2c1650a6c0eaf889d45",
                "aecf0fb64389fed1e07e6a1f25dac552f24a3b72d896be1dbf4fee43c851e49c",
                "36b5563b12a86f1889dc1a6b66621dce572de188385d0f95b248e4a6a0941cbc",
                "7fcedee43ee2b1416c9b3471a593600cd01cf9eea2c5654aa51ec3cd0287988e",
                "729e033dc0ea5f28ba4e182d92740d21f87704b51030bb862b44f3eedb0d72d3",
                "f954043b72112a2d883c2b72ceb8529df0172a69396311ea45f993969ab42a6d",
                "0a017579b78c7dc79e832462bf1a8d41bfdaa2232483d144e24c23e7d42319e0",
                "8618c59e489250dc38b8749d76544dcf406cea0c1e4db786e7414b43d6280f77",
                "e93873dbc9764f46f676cb7126f40a64e03a02bdcb576479637f5cff3a9e568f",
                "d43ad0a2073d988161c9014a75755c2d45f085e400318f14b36770a78bd2dd83",
                "9dd4848e4ab8d57a742f3b86af382e5ca2b3f2463f885512bb05b470006c98db",
                "cc946b310b9e907a8571908f9b4504e3d6139c788cbd2d4eda9f17801761df3f",
                "f2a6878c0d888aa1cd74106ccbd82ead59b362101cf8ecd9244555136578a0a3",
                "88621598b16c04ff24f980d5dd2ec2890a838fc017c4eb6664a8d758984b5726",
                "68eceb064198994d589e148d0694d720f9d19a3f45e88b1d7405963e2d14de0d",
                "36ddcbfcda84d7ec453fa963a6f375dcf2a862fc897c72b0dd67547d4dea939c",
                "dce8b2081a3a3c58a5a5817a659809e6ad8acef1e7f7b613409ab2a4e3f84a93",
                "499cfca6332f611319a475861bb1f6424e2ca70dcf5affebee3147c838de51fd",
                "bfb510569219ffc98913cb645eb5e55be1efc7906ad91415c0430179abc79b15",
                "6fdc8b692af9b437149f38c4a78c478f796c2f910735dc3d9e1b1fa133618933",
                "b0caa9e94ee229e493bba108c211a875410df3485bced1d5f9b915a44461454c",
                "bf104ec88f6ca2b4eafb4812b37dd64143f8f26761451812ae0888be5084168e",
                "d0e17bcc33a3f1c6286d82ebd2fb6a50119d0bffcece68ee82568451c31412f9",
                "f793a96c0985467ef2f6f28dc7246d088d08edbb7db2d9d57f796b58eac16218",
                "4a4074efbcba692e81cb8e76dde41e5f138602445f0cf4aa8c27d97f994ca33a",
                "0805553404acf4ab21605664764d0cdbe4529d4ac8ef5efd9bdaf4c024a7b1a9",
                "c3a75525bed469c39a68c12502f5501988dd99f2ec29139fb957f2faa8dd7ff9",
                "4f13c30935ccc6fce33a8c92e03f83916c5c5bf2ecdaccd8a61be553d8edde39",
                "44220a5f596c3447c3347f1465914794e62b2992535ffed7dfafdfea58905c83",
                "602d7e7d7f0493516625c53110b29b8765ae470dbd0d3336e326dbb6d68275e9",
                "35d233da28385dd7ce7c3b7097726fbb197c3abe1c6804fadddf9f3f5d95b21c",
                "bceb38b71f3834c0f6bcd4cbc3d302ae42c41a45df8385d0fba114d7d7a3dc78",
                "3bc9322c6cf6fa30620a4d5276d21e1124d6a290f6f2202262087c4a3c57f82f",
                "08d7fc5c71e1911b05dc062f16a971d36eec368cd05c2f1a41f99c9208b8c1dc",
