{
    "domain": "35.160.46.251",
    "owner": {},
    "source": [
        "DuckDuckGo-US"
    ],
    "prevalence": 0.000847,
    "sites": 125,
    "subdomains": [],
    "cnames": [],
    "fingerprinting": 0,
    "resources": [
        {
            "rule": "35\\.160\\.46\\.251\\/is",
            "cookies": 0,
            "fingerprinting": 0,
            "subdomains": [],
            "apis": {},
            "sites": 116,
            "prevalence": 0.000786,
            "cnames": [],
            "responseHashes": [
                "b53b6b61be19b3fa392dc7d6871a525abe3b9832ad1cd859bc5c093c51d756ee",
                "1939c799f1a4c7177aeea69485f2d35c637dee5c1905fef9ba02ab20da0d9a28",
                "f694ca593cc61ed878f977630f2ec64fd34c014ea50eb4b46c8e693858ab2381",
                "a5dc3b2d31d1dd7d68ede7423186c473b7370ab17d9dd7dbe88d2cd2a007201f",
                "7d041700d34bfe1998d798bd469bf06f8bfb55588f4fbe30e4dd2892cf90cf1c",
                "7107dfbbaea8532d9206f460ed548a1a477d035f0aee40a4e10a5450e4631131",
                "5111b15a7df3f330f8c058c256fd4702e83b376ce71b90f49df2f3ddf092ac0e",
                "e90af610b3ca73bf6063cf5e3b742a991232134d6dc8cd02aaa50bbaf6f7e8cb",
                "c2483b2b8dac070c7ef132c088ddd4bdfbbb33a09d38b7b28772fc4a2f082416",
                "fd50eacba8506f9fa9cdc858f1715cf6c1050696ff346f0f553a952b8d289eae",
                "bc8ccc4dd3bb087cff0fed72cb93cd2ec7be0be69b5659e143946fb8a2ee7b2b",
                "5bcb284fdae1651c9843819bb11cede16dde984e4ee48a57e55b9051ece94874",
                "d81563945c28053bc545a99b405cf4e6051291aab59f70af758c202dec7e45cb",
                "6dae3f62bf5ccd5121ad2cb3d2a4023de7456777fac3feaa78312b4dca99bcb2",
                "210d1812a9223945b599f57c0c3b2d69aaa187cc18db43c84721da885cfd8ea3",
                "1d0f8c8959e13161b30666c88287aeab9b837fb3a1539cffc9d58810c2fa53a2",
                "9e7bbea38153da0c2c8274e4513135b9a3eba926dee0659680563d398f72bc39",
                "ac5a7d56ee85d099d19fe6c99942dad484a2e75b27fa8d610255f6d6a70e42cd",
                "086ebf164d8b9cbc7f3179b7f4a595fe2f218a99930ecaca3f222ae433d77cad",
                "576d3f3c7f2fb4f2d12b9329e608fcf37a7cfdfa5314e78769314d6513914b42",
                "ca74d4b9c3fe7c232150fdaf14d28e3c4494aeca37aea69877497584b475047e",
                "c4cdfdccb55a6afb7ae8b57d98dd547916b70bcc476db98f96dd250b0571d24a",
                "17ee0a46281858c2e1667377b0ee41d620769cad2d09f70234f11d955fbc814a",
                "1fb80f0ca652a7f3bb160e9dd5a57d15469f7eb6050afb7ec2d9106401cc0a07",
                "579c4fc89ded40bce54f3223e54d2895e6c93f69cb315751fba24999d7045572",
                "7a270574738d7eeca0482e6e36fe403e6ecfc991ba83d6695013ff7bd2526779",
                "3299f551535e451e3aeacc60971d90c82531cb66e3a423b4ba2f2238e1d5e317",
                "ae67bd40423c8d87ec3ebbcd12c8fde5cabb707454b7c76078393adfa8b538f0",
                "f3d2d6c0d4e6b9c0d80db0a378ca21c287a1f3f1d15920cba5e90e3c69355ad9",
                "0b2713f64f05b90263b9e886670d9f6c3e40c7ec65d3ff941717c223129a0042",
                "c319a0f0ffac1039bdf0459fb494ed23fdcab2fab933be21c8e84f3683490318",
                "37dbe5a472328a9b02af95973bf2157471e3ddf023235026c6a51e4ea8ab0bb3",
                "47427b562c3fde4bfedee0075be5e6379d7ef32a5bfd62a2264b6fe2467b1809",
                "bf39de71573063df711154d47b737111a98c4a9965f38e898e07a66d0e498273",
                "57072ea84d7d3d3491908fa916a0576dd3c312db13d5bab671b1dbc08fb55532",
                "5fad1fa8db7c2e4cb33b31a0b2448ea6d2106c306ff71ba620eb4542488839e6",
                "55bc747e28546030774b7e8383f183071257c73efbec8fc4094a8b3ebb2d9165",
                "c6086c127a21100a77e2d7c947ec441353bb0c9cf0a07b14b184ecebea812b77",
                "c5843d785781b020169a25c0ef85ee377b210bbce18090449aeecc7d5c1879f8",
                "59c64f51b1dd9fcd9f45ad616aa4ea4827c043b99751247d0da79b8b84050b74",
                "e38a34e56b63c8248aca2b5367dad25d771e71fac1572160166e3ff068296ce4",
                "05964958798c9e273a15b4b2ce5c07945990284a6e40dd2685aa12bc61852ef0",
                "6e7d85a690793154e50d9ac07aba078eaffcf1309e59e25c30114fe9916a83b5",
                "d80c513f92f38a4c78d71ea34d9683862f5c58e5c59ef55d81e544f333ca7872",
                "48246d6759a4fdf30dfc4bd6d1532ee2af5451bbbb1c2a73c016d6d89f77fd4e",
                "0ff69f72eb2372b6cd3eb4056680b3fcd34a967007252c9901c8597f92023b67",
                "753d0febbc034dfba6f2f03320fc42aecb17cfbd7444a53de03e4d0129bfd69d",
                "03aa22daee3e43114d9fdbdc461fac07d6d821b8b84f41b55ec983bb7f26e58f",
                "7f6f61e34109c52d3b43912c7bcd2a3940ca5e30c4b1938c605412426a08acae",
                "d619110ed68b7d7627981e40922c9b0c8822c3ed87050300dfbaf919eae2e676",
                "bfa6aaf50c451f17b3924db1c4912045aaa443b4dfc97c28d49069004170e24f",
                "0f5564ffd3fbf3b4fa6932e95f5ffa710283ca07c65cc551dbc11143b6af6cc9",
                "c7c8681007aa14bc831a9fa599bca0426c3f35a2049bc391b32d3116d619e935",
                "c9360bc6c06c230a7795e348e4f58002d211d5e5523b8c0ef8c60b73791b480b",
                "22874bdd39aa8555335fa57c6fda0be7934080ad3572c4a6b69663ca1306b234",
                "0d73a468069736cbecb4b24c2d14620e1ad8a6fd57871726bcc1551755117098",
                "d3b8de735cbc54115581620254627cfa289af222593bc0c44874516680e5d5a9",
                "3428f2f9b2858eecff9a7797785bee3f249607c97d3648150775263bfd67a92e",
                "7047b1969f999f512aa7a402088f571979cb97c4072756912b20a2f41bacc63d",
                "decf2a8bd3e733c33596c57f355424cce86b09147cbe74bad95353ac1343e9e9",
                "d94fd4b3bef1112cd728c6bfd3629156ac1719f750713614946ca5ed53af0027",
                "5574ff4d4e3d6f55fe1337248d0e7ed98e5ad6cca8ebb0d22abd104f144c21ef",
                "0a1eba7cb0669f5ca36bb9fa2c219e2508888b47b80d9fd3086859009712d57b",
                "b69e7d8a859af9a6a727b36f454a764245727355fd4c162df8db214079386432",
                "3ec74a7fbf582d34d07ac85edf99ae5153421f98a383eadac8b7245bb54ff8cf",
                "a78dd210fe31cccf63aec0c97f4935aea1fa45b3c3b5b7263b532c965cc380c0",
                "e7b114e0a2f46d10a397030f2922b434362410691f525f5f67202627099df9e6",
                "3b8616d574c2fe102e23b0e7934461646f4a85d866f0943c5b84e8b249d5dc6d",
                "f11c2a154e8d82f4b9ada0514bea51fabc875dc2802630e6250ba3f7bf843433",
                "a559f0d5f2fc5ba7289049baf2bfe95c3337231a090ea30f0101d9e9f9090f51",
                "c9826dfc824430461b6a53ac92035aff9e5742fed245c00729be04c93e1ea497",
                "0c5f5ba8aec1a41d1986b19eee212c4874d7ad09bb3e2af210a9b45a077d17a3",
                "81b12d9a6d3a99346e4ccf52f4a05527cacf7a8e895abb1597593a2fde232d43",
                "f4ba980f61e6cb49ed36790b3668f977e51b64ae7a102747eddaededf61910ee",
                "405d95e3fe19bc53c17f4d6743cc6abb4d71c86c7f1ded42143374a49ddff5fd",
                "ec2dbbc0803a7d7d15893ab196dd27ef08ad540f27bad784b317179629b4aedd",
                "6eb85b260a41a1ebde73c5fc70e01a22f301dd214cf3f2caf6558c6e102bf294",
                "92fd090d194d0fccf8a7d1dbb5a424b226d011b7b91358c7bfffee410b686e08",
                "8eb5af88dedacdf93ce387321204c38680f270b23c47a16796137c32b8a461ae",
                "11620c373e10845d2663793684b0be951c46d221814b327aada5e628f1ed2eb0",
                "de91fe7625ff93ec3fbf46f5fd8684170d8429c2917e2c668ee33692e29db398",
                "3ecad9578932318441c8eb01a31bd346f07d559d46b1e1a2f12e6fb813d25362",
                "a5b4b52a15eaaa4161c76f746585fd144f30149cedca54efea2b3a773a574082",
                "38f5c153dc972405c6499e1b209be086037ccbb59013f5f175880db8a0140b67",
                "292c234815c84cfb65549b3cde5f758c24bfb85b3e9941397d05e321e1a1a029",
                "02434a3cd45c88f7a359c241419d8d54b12a520242090fdf94e1bfeb40ca0055",
                "3d0145edf8a15feb8210c89f35fba69f9187eaaaae5e710e052a54d38ef84353",
                "ea2633f4e8a8076e525656fc6ade49cc9f227752abb3176c39dcea5551c7244a",
                "4db43062fb21b47be8a407baa5217d4c872fee0a58825809a821b23d87abd45e",
