{
    "domain": "52.71.121.170",
    "owner": {},
    "source": [
        "DuckDuckGo-US"
    ],
    "prevalence": 0.000973,
    "sites": 143,
    "subdomains": [],
    "cnames": [],
    "fingerprinting": 0,
    "resources": [
        {
            "rule": "52\\.71\\.121\\.170\\/is",
            "cookies": 0,
            "fingerprinting": 0,
            "subdomains": [],
            "apis": {},
            "sites": 129,
            "prevalence": 0.000878,
            "cnames": [],
            "responseHashes": [
                "960a0e6c12be5ac966fb17fce421d76a1bc2e631ff1b89a67f2e835cda9c7c3e",
                "8dd48e8e6e43410d2349f99f55c487164e8cd5a7b1007cd8f910d41f75f5f4cb",
                "437425cface44728a850e3bc0d6aad07bf391a7592b124a95ce6388921c4e39f",
                "bef59f2c974ac342c475c50f024b3c2b001fd1a2a17dcef849842f61479800df",
                "1c21452675c37da6928dd9b4519d33cd5936d672fbedb60d043e9c512a431919",
                "4e14603dd128ee3cf54c8eb9f587a1a2ea776be33ddb275e8436e2f431e93e94",
                "97fdec09a6ad22556bbe9c7683e4103c6887daab56ecc8bceb61f994ae2ec99b",
                "2fce179f6d82df8275b1f6da2df15e52b5d3f7d1f917b65ad5d0ed7a0c341343",
                "de16b1972160ee7a6aa2887d2cc5bfe5bbe7eeb198d800df6e18acdfdb364820",
                "be1b8a969af2afadf06798f567d98c1f9ce921e4c5773478c212a9cba1f7a0ba",
                "cb165501dfb028fcdf172b3ad148d90648d71062d5a65484ade47e36b31ddabe",
                "caea5c2b29598766c4f2f2e9e61a66ec6774afdd6eec2f5b0622f1e7b87f8ba8",
                "870dbb120fb76c0d873f913245c8b5ee70f7f758e09028a995bdaadd753510d7",
                "7eaa0bd893102e7d4a8f9bc8bfab03aaed83657f4f719a106e402bc530c75044",
                "9fe1bb4ee9eda72ce6e19932c0a10020a7fa20454b235e19bebceb38c17b2d5d",
                "535a01d088359aae76dcf41385211586a2d1c04a004d5139000399b70d83ca1d",
                "d57c1f05485423222368aeb95906e781743b940e3fd12721ba8e1ea7efc4053e",
                "df705c3f83727790f925b7040269979bf3d5b9a01c79cf76cd9a20368e0b6f65",
                "a2d41b25feabb051f906f9ea4f58f91f167ffe51b7e6be393344c6696536366c",
                "9dba783cde4d07b3d57cabba1867a6828a49e97e894b067c7f69b86e3ac60e11",
                "bf76c005cd888651b2ec51385769a6ead200e13074b7455717a0ec0c240a1501",
                "70509f29bb99475c299a16f88dbdcd82b483643561b521a3790cff76fa5e826c",
                "2b1ecf1a69bfff44a7ae019aa61643d8de15673c77d26102a2fdd05c141880d2",
                "8b23a0077804695a79a1a62a9884b5f0c8bd7f42461fe9741ed483c01bbde396",
                "db2ad1275789349cfc2f66dcfed0d7d8204e118a74eb7df17104d7444228bf62",
                "f661b928a8fc31d517811f042059238cee8b683a27c916b1a2463ccee31a9586",
                "791c6382ee3fcd1c95d62448e911fb29d2fa9ddd32ca9852235e1207d1d84127",
                "c68f818e06ab7ca580d3e9bf21534594274fab8cef266bd3e0e094ea1f2f12b7",
                "118e662d24e1ecb0ea2ade5e4afcfc4cfd1b07eb1f16e495ca4956bc30834b57",
                "94e0e998de1ed68f066033255e32fdf19932fc196406636ceaf8fc01c4bc6693",
                "8fcc6973641fc436fbd8c83da08978734903faf32ce184c13aa0c30a7b342dfd",
                "f069669c2668d8bdb745d010cb49e51e8c14834a0b8732816869752a641e98a0",
                "cedf0ab895202a6fd2f8a3644ed99ffe4cba20a6418565b1f674aa522d9abd6b",
                "5873e33be1d7c9f2689bf65ef10c7ea43f3b5e0d6d597e905ea60f39ab0aba6a",
                "c5f6b4f77fdab172fd51ce1008c91b1e8c1d016e6731fe628e5bba8ef6acf0a0",
                "12403baaac59ed82b97f4661c660dae5f4a0018bfff9473abe1f7b193d15a184",
                "f3b7a90d490ed21928d789fde63635fff8325438c2f08a283a1ea1793f24bbaf",
                "38f83bae4350c5c08d6c24c96e5a7ceeff3058ed5338733bdc69ac73753b5d92",
                "71cfbf3d4127bd982035c1d762ccf7bf4ad00e5f78c06983c086bb6892c3fdc5",
                "b11b9e644013f4eb131fa444574034a36e38b8d28d96b30950a313a36206c3fa",
                "bf3d40fc3d786ab78a3f3e7dcb2008ea98a32ad8932a780cc7b32e6a6b84f314",
                "bbafd03db9d8c65201aad5c76ad9ff25e8938533cf9ed52abfe037d94c09e836",
                "5cd4192539ea8cb074abea46d2fc6d87edbc1aa4f9a943ebc4250db73dd8920f",
                "5c8c7e6967296bd96b7b105734ad8b823f1c5bea1836524995515627bf714cd6",
                "55867b76dfcf811654b05f5e97aa1f03e37862c4895d5e63aacc8ac4edb95124",
                "b2bdedcb4bb894e97e8799999831fc3c1c108bc08f20f94e889038f09bef33aa",
                "b33be86d82493959d4344b332523313b3dc8f406beb1e48cdc3755e9f9e30c16",
                "af40cf60bf86a26fe3e77db6480e159ceff670aaf1955421c7074f70cc6776d5",
                "78da96fc5933cf54c5f2d9475fca5b085dbcb0e80b32092ee2e040e4d7f439af",
                "0440d3fe75c472efac8a7c21cb7f7116adbc6de649e765c6e130ab5dc146b6de",
                "96afde417d4517998c8af3b8f39037d037a5ec93510a60c654666332869b8f60",
                "008c606eda3bfa4f69dd85870c8064829fb1b51dc7dad234387a9b7cfce3306b",
                "cf8a30c20ec97febe86ee74d5eced65e5c3d5b98aff88f26bbdfc53070d54432",
                "f320f087647e898ac56252da0c4505f1bc9bdbc37708b23c93a6798664ae579b",
                "6921f700e5611e21986a868924e0aa3e015fb3bedb300c657885ccf7efc6b9e4",
                "2cb70547ef98813ff64272ed2f1ca4e278e7d74adc2cee44bd397e84c4018fd3",
                "fa24929c9ae6556c1294b44e375dff443ca9af22786aacb9f98f951094403e37",
                "3404d1569e62855fc31ec5434ffb43b0571303145d4112e604d607d1feaddfe4",
                "2980467e660ce8cc3c4be6e5200542f16608fb61c5efee804731cdd0fd90b7cb",
                "08b8545bd3881c939f34cb5ec17ca9aa4f83badb2cbaa43d9232ecb8d40201c3",
                "f26378e9dc4be211e9036f4a8c2fc9c295dd1605e45417bda96a3c74bdda4bfb",
                "6b319892bec4f13a67c78dc0fb68824e9c4db78dfa52663f52c857a3b8b40ae9",
                "6319e1b939e903ceab0d297d638ff1f348595890f2303fc87e1d37f5cdb0ab55",
                "333979c965155ef0d995aa034ab75d32a3b0e6e3c4ec1b59e58d3fe3423fabf0",
                "675629e1d379b811a75ba6931b8b4091062858ee6fdf6570909b3c2b1a1a9964",
                "f80fab8ef4067508e7305fe5929956fccecb57a18c8fc200cda87bd707fa6a9f",
                "6e8eaeb119c5776381d8cc88735cc74cf9dbca1ed0f8195c46222db8c26e5c03",
                "87339d463e94e709b7c6d0f9dede2dbe920b663e8484af60d077629f9116c71b",
                "ae9334db765d5a6472337e9926df0ae1e5d70af159d650765d57b878adaad851",
                "7dc480174b49055aabef3e9eb505e31f0ade1e1fb07649d9cb51e8963bd71d68",
                "e42948a8d728dce07dab7126f85d7258c21090f5c7bbd50413be0810863f7dc2",
                "131fd531962a8b283ebb8bc4e35818eed77f16bcb3ebdd0ef81b0affbb09aaf8",
                "61dced33e1d32feceff885182150351967d5080e9bc9dd0b74a1f3a63a26c18e",
                "64ebcfc6aadb2fedcdf6ac93e5c4435844fc79b2952806df28ee798a55805c7d",
                "02b386476af5d2154a15f9fbe790c322911d82160e1e1b846ace2cd8d3119872",
                "81a34351e646a38d4d002ec7e247734527a3f843705f08a7701a75904f9c4236",
                "585f67ab82e4a6b5731962e075cc30dbdc28279eafccf2c7a8fe7641c6657f1c",
                "fcc91bb183f1e3a3b803c877ea478661b4ebe4b0d9a13bd8ab30bc3789196f34",
                "f2e46448d3fa38213eafe7de81067a45cc485cd6504da20c657a4c375b9d9d90",
                "5d3bd97c109e85b9a9cc2b2d768571986f4188301ac9264b45cae1d82c1faf03",
                "3d937c59bfdade2487c663e970676714fed689892f87d66f3854961ce8356971",
                "94f1726d5765373a6fa1cd78cc4d39b72855999e07aa0a9e46cc27311d96d664",
                "3810ae4df90a99268fe2f4b526002df96e58030fd3746b59f8bbfab0aa792c67",
                "3e188aa7e55c4eb2f011652a99384103d990e03a52a6261b3891bd05ce6d0283",
                "4f680c6ee542f8e8d4467a6387d5f6ad61c7bccf0d9c1b507f53cfff9a48f2c6",
                "f1955c1ae22b4ddf47309da1e0e59e895164a6b6bbbe3ba5a8be0710d6d82989",
                "ab4f0712c891495a89927f1bc54e415e9908a752e8ee5a36e5160e3fd4880b10",
                "b821e72d39ca3107fc3758b21b2219cfd6c474bf3df834e212c3e8ba5f79b93f",
                "b949dee7b43e6851a6925f647f5ccee49057decebeb83ce2544adfe333500a89",
