{
    "domain": "6fe75f121c.com",
    "owner": {},
    "source": [
        "DuckDuckGo-US"
    ],
    "prevalence": 0.000164,
    "sites": 24,
    "subdomains": [
        "d9de1cd567",
        "3b67eab886"
    ],
    "cnames": [],
    "fingerprinting": 0,
    "resources": [
        {
            "rule": "6fe75f121c\\.com\\/in\\/track",
            "cookies": 0,
            "fingerprinting": 0,
            "subdomains": [
                "d9de1cd567"
            ],
            "apis": {},
            "sites": 14,
            "prevalence": 0.0000955,
            "cnames": [],
            "responseHashes": [
                "e3b0c44298fc1c149afbf4c8996fb92427ae41e4649b934ca495991b7852b855"
            ],
            "type": "XHR",
            "firstPartyCookies": {},
            "firstPartyCookiesSent": {},
            "exampleSites": [
                "3gpjizz.pro",
                "av.fanza.monster",
                "devka.top",
                "dogsex.club",
                "dporn.com",
                "id.pornosearch.guru",
                "nudistgirls.eu",
                "onlynudes.tv",
                "pakisexhub.com",
                "pizdeishn.net",
                "rapidporngator.com",
                "seks-video.one",
                "tr.pornosearch.guru",
                "ww.jtube.space"
            ]
        },
        {
            "rule": "6fe75f121c\\.com\\/in\\/multy",
            "cookies": 0,
            "fingerprinting": 0,
            "subdomains": [
                "3b67eab886"
            ],
            "apis": {},
            "sites": 10,
            "prevalence": 0.0000682,
            "cnames": [],
            "responseHashes": [
                "4d396b625bb68db83b0459ebfb767ea0f1843acba2986e6a618dcba035c464d7",
                "b8dde33cd5e52e8d4e82e8bd8351892370cd95b29ed64904983f03b9a5debf4a",
                "c608682c264622afbea28fa4c68d1ded93e650d13b84e08620664f7c4a854cb0",
                "31095f5b23c6486b4a28f415a7cbd505c910ebd95d9b5b6de13aa113091f18b8",
                "02c8a2052a1b7b036ad8ed90d5b6c5f7c3961dbff0fb8ed030008ab471f0d5a2",
                "19b7f1788b6d6b9f9e6d6d3f13734421d6219e756c2e99be133799369ef914fc",
                "e17d59061e6d223421c080a90de6bae2aedd338a87e940dfbded9548078fdff8",
                "eb03acd7d70d544cb8135eaa200194da2a1c676b6fb43d3aa18c79b3600c4114",
                "57e49857f2b802e6b1dbd55a1b8b58e0086e9645ed451cf94c7cdd4feba40130"
            ],
            "type": "XHR",
            "firstPartyCookies": {},
            "firstPartyCookiesSent": {},
            "exampleSites": [
                "3gpjizz.pro",
                "av.fanza.monster",
                "devka.top",
                "id.pornosearch.guru",
                "nudistgirls.eu",
                "onlynudes.tv",
                "pakisexhub.com",
                "seks-video.one",
                "tr.pornosearch.guru",
                "ww.jtube.space"
            ]
        },
        {
            "rule": "6fe75f121c\\.com\\/in\\/show\\/",
            "cookies": 0,
            "fingerprinting": 0,
            "subdomains": [
                "3b67eab886"
            ],
            "apis": {},
            "sites": 9,
            "prevalence": 0.0000614,
            "cnames": [],
            "responseHashes": [
                "bdb48e9a6ed5b80f9d16612983537bdfdd68b2c960cb4e2bb70b925ab8894e4d"
            ],
            "type": "Image",
            "firstPartyCookies": {},
            "firstPartyCookiesSent": {},
            "exampleSites": [
                "3gpjizz.pro",
                "av.fanza.monster",
                "id.pornosearch.guru",
                "nudistgirls.eu",
                "onlynudes.tv",
                "pakisexhub.com",
                "seks-video.one",
                "tr.pornosearch.guru",
                "ww.jtube.space"
            ]
        }
    ],
    "categories": [],
    "performance": {},
    "cookies": 0,
    "types": {
        "XHR": 24,
        "Image": 9
    },
    "nameservers": [
        "dns1.infrapu.sh",
        "dns2.infrapu.sh"
    ]
}