{
    "domain": "a47b.com",
    "owner": {},
    "source": [
        "DuckDuckGo-US"
    ],
    "prevalence": 0.000198,
    "sites": 29,
    "subdomains": [
        "aam",
        "ajs",
        "a"
    ],
    "cnames": [],
    "fingerprinting": 2,
    "resources": [
        {
            "rule": "a47b\\.com\\/aam",
            "cookies": 0,
            "fingerprinting": 1,
            "subdomains": [
                "aam"
            ],
            "apis": {
                "Date.prototype.getTimezoneOffset": 16,
                "Date.prototype.getTime": 16
            },
            "sites": 27,
            "prevalence": 0.000184,
            "cnames": [],
            "responseHashes": [
                "c4970b8ced1ad1835f52406ca42a38c0bb8e4df3870e65857c36f21cd89d8ad5",
                "b94520fee82953257bf126d842689046143fefd67b6033d1ececad5d78a4bbbd",
                "130cab41641bdb2abf491d754927bef1fbac15110c48500031c48357515a6e3d",
                "b3977cf80c91e70a99826f6822728ff64bcbd590e7a7a3cef89f7610d504e9eb",
                "ed067b8c3610035fde43a386eaec48ee1b1e3fd464edd9127b782a08a7ad146b",
                "3ee78c882c33e7bbb37a44ca498442973487f483c9049b55c1f80c3f9e74b5a7",
                "c31cd6e77debd74d11c93181f93bbccbab97a649d8000230037dc0c2eadc096f",
                "6f20b127fe91724f4adf78489a877de27431fb278fe84162eced7c2160f6cddb",
                "e0fa6c61fec66bd1b7a20eb73a4cb820b8d44fd0a79f08c2558eff82dc1c30a6",
                "b38bda41de2e31a9920220657fa756a178d3e707b8441ae562822e82b5062a0d",
                "ff4c27268ce542166295f9169bbd27e98ae5918e1f4331850590cd3a574225f5",
                "e6ba85c8df5df353f1c90d4ae6f0e844abc69fa73aefdf02eaf0ce8f2ce34c92",
                "b482eff39f601168e05635a943f33eae7c8c300417c954bf9634f8db04aac161",
                "c268af08f07ae4ce719b2f37b376fbcb8f822c2213d030d58f060995ff63cfbf",
                "e38b6d6261867b6644980383ee0657ce72f1303d93048126b99791e02444651c",
                "fed1df1ebb5a9fd88da19d21ab50d0c2475f2dd8fced3033a1e0304e11177cfa",
                "9bc50bb233ecf056f26ad5c03564641592c16998e15a8750ecb091e90bc3b1fb"
            ],
            "type": "Script",
            "firstPartyCookies": {},
            "firstPartyCookiesSent": {
                "lotame_domain_check": 0.0000341106002101213
            },
            "exampleSites": [
                "coveteur.com",
                "punchdrink.com",
                "whattogetmy.com",
                "joybileefarm.com",
                "skincancer.net",
                "www.marinecorpstimes.com",
                "www.navytimes.com",
                "www.cntraveler.com",
                "golf.com",
                "www.tourchampionship.com",
                "www.zdic.net",
                "www.architecturaldigest.com",
                "www.glamour.com",
                "www.transylvaniatimes.com",
                "www.moneycontrol.com",
                "cruiseline.com",
                "finance.zacks.com",
                "www.iphon.fr",
                "pc.watch.impress.co.jp",
                "www.armytimes.com"
            ]
        },
        {
            "rule": "a47b\\.com\\/js\\/mntr\\.min\\.2\\.10\\.2\\.js",
            "cookies": 0,
            "fingerprinting": 2,
            "subdomains": [
                "ajs"
            ],
            "apis": {
                "window.innerWidth": 11,
                "window.innerHeight": 11,
                "Navigator.prototype.userAgent": 11,
                "Screen.prototype.availHeight": 11,
                "Screen.prototype.availWidth": 11
            },
            "sites": 18,
            "prevalence": 0.000123,
            "cnames": [],
            "responseHashes": [
                "55430f3af12f8b2d13051a0ebdc3d2f8467b83286abe64101dd6afa78312eaeb"
            ],
            "type": "Script",
            "firstPartyCookies": {},
            "firstPartyCookiesSent": {},
            "exampleSites": [
                "coveteur.com",
                "cruiseline.com",
                "finance.zacks.com",
                "golf.com",
                "guestofaguest.com",
                "joybileefarm.com",
                "punchdrink.com",
                "reisefroh.de",
                "skincancer.net",
                "www.armytimes.com",
                "www.kukasoitti.fi",
                "www.marinecorpstimes.com",
                "www.merakilane.com",
                "www.moneycontrol.com",
                "www.navytimes.com",
                "www.tourchampionship.com",
                "www.transylvaniatimes.com",
                "www.zdic.net"
            ]
        },
        {
            "rule": "a47b\\.com\\/track\\/mntrjsAssessed",
            "cookies": 0,
            "fingerprinting": 0,
            "subdomains": [
                "a"
            ],
            "apis": {},
            "sites": 12,
            "prevalence": 0.0000819,
            "cnames": [],
            "responseHashes": [
                "e3b0c44298fc1c149afbf4c8996fb92427ae41e4649b934ca495991b7852b855"
            ],
            "type": "Image",
            "firstPartyCookies": {},
            "firstPartyCookiesSent": {},
            "exampleSites": [
                "coveteur.com",
                "cruiseline.com",
                "golf.com",
                "guestofaguest.com",
                "punchdrink.com",
                "skincancer.net",
                "www.armytimes.com",
                "www.kukasoitti.fi",
                "www.marinecorpstimes.com",
                "www.navytimes.com",
                "www.tourchampionship.com",
                "www.zdic.net"
            ]
        },
        {
            "rule": "a47b\\.com\\/track\\/aamHrtBt",
            "cookies": 0,
            "fingerprinting": 0,
            "subdomains": [
                "a"
            ],
            "apis": {},
            "sites": 6,
            "prevalence": 0.0000409,
            "cnames": [],
            "responseHashes": [
                "e3b0c44298fc1c149afbf4c8996fb92427ae41e4649b934ca495991b7852b855"
            ],
            "type": "Image",
            "firstPartyCookies": {},
            "firstPartyCookiesSent": {},
            "exampleSites": [
                "coveteur.com",
                "cruiseline.com",
                "golf.com",
                "guestofaguest.com",
                "skincancer.net",
                "www.zdic.net"
            ]
        },
        {
            "rule": "a47b\\.com\\/track\\/aamjsResponded",
            "cookies": 0,
            "fingerprinting": 0,
            "subdomains": [
                "a"
            ],
            "apis": {},
            "sites": 2,
            "prevalence": 0.0000136,
            "cnames": [],
            "responseHashes": [
                "e3b0c44298fc1c149afbf4c8996fb92427ae41e4649b934ca495991b7852b855"
            ],
            "type": "Image",
            "firstPartyCookies": {},
            "firstPartyCookiesSent": {},
            "exampleSites": [
                "kukasoitti.fi",
                "www.zdic.net"
            ]
        },
        {
            "rule": "a47b\\.com\\/track\\/aamjsLoaded",
            "cookies": 0,
            "fingerprinting": 0,
            "subdomains": [
                "a"
            ],
            "apis": {},
            "sites": 2,
            "prevalence": 0.0000136,
            "cnames": [],
            "responseHashes": [
                "e3b0c44298fc1c149afbf4c8996fb92427ae41e4649b934ca495991b7852b855"
            ],
            "type": "Image",
            "firstPartyCookies": {},
            "firstPartyCookiesSent": {},
            "exampleSites": [
                "kukasoitti.fi",
                "www.zdic.net"
            ]
        },
        {
            "rule": "a47b\\.com\\/track\\/mntrjsRequested",
            "cookies": 0,
            "fingerprinting": 0,
            "subdomains": [
                "a"
            ],
            "apis": {},
            "sites": 2,