{
    "domain": "aaxads.com",
    "owner": {
        "name": "Acceptable Ads Exchange",
        "displayName": "Acceptable Ads Exchange"
    },
    "source": [
        "DuckDuckGo-US"
    ],
    "prevalence": 0.000824,
    "sites": 121,
    "subdomains": [
        "c"
    ],
    "cnames": [],
    "fingerprinting": 1,
    "resources": [
        {
            "rule": "aaxads\\.com\\/aax\\.js",
            "cookies": 0,
            "fingerprinting": 1,
            "subdomains": [
                "c"
            ],
            "apis": {
                "window.sessionStorage": 56,
                "window.localStorage": 56,
                "window.innerWidth": 32,
                "window.innerHeight": 32
            },
            "sites": 73,
            "prevalence": 0.000497,
            "cnames": [],
            "responseHashes": [
                "fdb423836e5bd90917c5cc2cb0da83b860cbfa1528d8e07e659b5b63a1a3d8e4",
                "67946f277887063107e7f1ca55a6173ee6ba1d490d531a91ceeb2054e944021c",
                "e3b0c44298fc1c149afbf4c8996fb92427ae41e4649b934ca495991b7852b855",
                "5b4f9ae16f222a03e73f01ba9876fa515699ef9f9db33f45a8de8f84175f7c35",
                "16d7eba3eab4fb0f569ff23d75ccc851843cbb52d53d8c1b715b0b9bbca0c928",
                "0e9c6e61c7683a3e61f2fdc51b814f7d91a7ddd340bb1edfd742f3155817f61e",
                "10d0d5989dff79f3c3a1d32c49e718307090f5be69ad31af4e521a1d860fb5d7",
                "e72089553bbce9848cae7e961c3a050550c4fae69dcf3e603561c87a94f60521",
                "ff5b663a843746c1909a7c0deec1d6b4dda19fa40947dbd927f829e01fec0dac",
                "1aaf1866d8855a6bb313bfa988cf0fab8a1ae1c6c2cf9d6ed474f8f4364565a2",
                "5fd9310dfdf8d2c6b9cfc119a89d2aad901ffce7a0ace5c4ffc8060183e7affd",
                "9b7a6a9711c7cf50a278dcf3931f80e5c038232ee1390aaeac2353c4dd0cd837"
            ],
            "type": "Script",
            "firstPartyCookies": {},
            "firstPartyCookiesSent": {
                "lotame_domain_check": 0.0001294154508425627,
                "_li_dcdm_c": 0.000020434018554088846
            },
            "exampleSites": [
                "cars.com",
                "www.forbes.com",
                "www.pcworld.com",
                "www.pcworld.pl",
                "www.fox13seattle.com",
                "m.kwejk.pl",
                "www.fox29.com",
                "sapere.virgilio.it",
                "www.stuff.co.nz",
                "www.allfreecrochetafghanpatterns.com",
                "kwejk.pl",
                "concepto.de",
                "www.recipelion.com",
                "www.ebony.com",
                "filehippo.com",
                "siviaggia.it",
                "navbharattimes.indiatimes.com",
                "www.fox2detroit.com",
                "tecnologia.libero.it",
                "quifinanza.it"
            ]
        },
        {
            "rule": "aaxads\\.com\\/aacxc\\.php",
            "cookies": 0,
            "fingerprinting": 0,
            "subdomains": [
                "c"
            ],
            "apis": {},
            "sites": 8,
            "prevalence": 0.0000545,
            "cnames": [],
            "responseHashes": [
                "e3b0c44298fc1c149afbf4c8996fb92427ae41e4649b934ca495991b7852b855"
            ],
            "type": "Image",
            "firstPartyCookies": {},
            "firstPartyCookiesSent": {},
            "exampleSites": [
                "cartermatt.com",
                "krollskorner.com",
                "readallcomics.com",
                "scp-wiki.wikidot.com",
                "ww8.read-onepiecemanga.com",
                "www.missallieskitchen.com",
                "www.rentboard.ca",
                "ygoprodeck.com"
            ]
        }
    ],
    "categories": [],
    "performance": {},
    "cookies": 0,
    "topInitiators": [
        {
            "domain": "webcontentassessor.com",
            "prevalence": 0.26356589147286824
        },
        {
            "domain": "first party",
            "prevalence": 0.21705426356589147
        },
        {
            "domain": "admanmedia.com",
            "prevalence": 0.10852713178294573
        },
        {
            "domain": "d1m2oaypgnddv2.cloudfront.net",
            "prevalence": 0.08527131782945736
        },
        {
            "domain": "amazon-adsystem.com",
            "prevalence": 0.06201550387596899
        },
        {
            "domain": "adobedtm.com",
            "prevalence": 0.05426356589147287
        },
        {
            "domain": "iolam.it",
            "prevalence": 0.046511627906976744
        },
        {
            "domain": "lovelydrum.com",
            "prevalence": 0.03875968992248062
        },
        {
            "domain": "media.net",
            "prevalence": 0.023255813953488372
        },
        {
            "domain": "filehippo.net",
            "prevalence": 0.015503875968992248
        }
    ],
    "types": {
        "Script": 73,
        "Image": 8
    },
    "nameservers": [
        "anna.ns.cloudflare.com",
        "anuj.ns.cloudflare.com"
    ]
}