{
    "domain": "ad-adapex.io",
    "owner": {},
    "source": [
        "DuckDuckGo-US"
    ],
    "prevalence": 0.0000545,
    "sites": 8,
    "subdomains": [
        "tg1",
        "serv",
        "servr",
        "player"
    ],
    "cnames": [],
    "fingerprinting": 3,
    "resources": [
        {
            "rule": "ad-adapex\\.io\\/api\\/adserver\\/spt",
            "cookies": 0,
            "fingerprinting": 1,
            "subdomains": [
                "tg1"
            ],
            "apis": {
                "Navigator.prototype.userAgent": 4,
                "Navigator.prototype.appVersion": 4
            },
            "sites": 4,
            "prevalence": 0.0000272,
            "cnames": [],
            "responseHashes": [
                "a6245ee3dacd69d81fc9e0b35d6f5ae111980777e253791d5f5686841867dd6d",
                "c77d16cf78b30cd92dc1ca9c481e5b97986b9c5062ce277d6d41418999366acb",
                "d9200ee840129d4e064c03da2085f5be5a1099e721f024624d262096c9d78f6f"
            ],
            "type": "Script",
            "firstPartyCookies": {},
            "firstPartyCookiesSent": {},
            "exampleSites": [
                "segmentnext.com",
                "slippedisc.com",
                "www.israel365news.com",
                "www.l-itineraire.com"
            ]
        },
        {
            "rule": "ad-adapex\\.io\\/api\\/adserver\\/tag\\/",
            "cookies": 0.0000477,
            "fingerprinting": 0,
            "subdomains": [
                "serv"
            ],
            "apis": {},
            "sites": 7,
            "prevalence": 0.0000477,
            "cnames": [],
            "responseHashes": [
                "d144793c8bec424835b2779c2ad51e0d47d64890ed964a5d22ab2fd09e97f816",
                "6c0cde0376e48a6cd7e6194c7e18b9eb8f9e317bf9e8741cca239396b52c5864",
                "6774a695e3f959917282b20debeaf6ab1c3af5a044ba1892e41a04b59aaac3df",
                "e8f62cd9e130d91bfb2fe64da467652e8fc5336bb177047523bf8106bacb2bad",
                "fae3ede17ea4edb4d8e4c30eab7cba0189645ac8ddd292a217a4f4972e9fc815",
                "4c8496beb3df6824defb7e6823827741b743ea287a964aafe8d9b88b4c60c149"
            ],
            "type": "XHR",
            "firstPartyCookies": {},
            "firstPartyCookiesSent": {
                "lotame_domain_check": 0.00004086803710817769
            },
            "exampleSites": [
                "segmentnext.com",
                "slippedisc.com",
                "www.chatzona.org",
                "www.filmtv.it",
                "www.gentechat.net",
                "www.l-itineraire.com",
                "www.sweetyhigh.com"
            ]
        },
        {
            "rule": "ad-adapex\\.io\\/api\\/adserver\\/s2s",
            "cookies": 0,
            "fingerprinting": 0,
            "subdomains": [
                "servr"
            ],
            "apis": {},
            "sites": 7,
            "prevalence": 0.0000477,
            "cnames": [],
            "responseHashes": [
                "e3b0c44298fc1c149afbf4c8996fb92427ae41e4649b934ca495991b7852b855"
            ],
            "type": "Fetch",
            "firstPartyCookies": {},
            "firstPartyCookiesSent": {
                "lotame_domain_check": 0.000034056697590148075
            },
            "exampleSites": [
                "segmentnext.com",
                "slippedisc.com",
                "www.chatzona.org",
                "www.filmtv.it",
                "www.gentechat.net",
                "www.israel365news.com",
                "www.sweetyhigh.com"
            ]
        },
        {
            "rule": "ad-adapex\\.io\\/script\\/6\\.1\\/player\\.js",
            "cookies": 0,
            "fingerprinting": 1,
            "subdomains": [
                "player"
            ],
            "apis": {
                "Navigator.prototype.userAgent": 7,
                "window.innerHeight": 3,
                "window.innerWidth": 3
            },
            "sites": 7,
            "prevalence": 0.0000477,
            "cnames": [],
            "responseHashes": [
                "c8b107e8a51bc026d7a0d482504d439950330786a2296b16c1930f73a6ec69bf"
            ],
            "type": "Script",
            "firstPartyCookies": {},
            "firstPartyCookiesSent": {},
            "exampleSites": [
                "slippedisc.com",
                "www.chatzona.org",
                "www.filmtv.it",
                "www.gentechat.net",
                "www.israel365news.com",
                "www.l-itineraire.com",
                "www.sweetyhigh.com"
            ]
        },
        {
            "rule": "ad-adapex\\.io\\/script\\/6\\.1\\/AVmanager\\.js",
            "cookies": 0,
            "fingerprinting": 2,
            "subdomains": [
                "player"
            ],
            "apis": {
                "Navigator.prototype.userAgent": 7,
                "Navigator.prototype.vendor": 6,
                "Date.prototype.getTime": 7,
                "Navigator.prototype.language": 7,
                "window.innerHeight": 7,
                "window.innerWidth": 7,
                "Navigator.prototype.doNotTrack": 7,
                "window.localStorage": 6,
                "Screen.prototype.width": 7,
                "Screen.prototype.height": 7,
                "Navigator.prototype.languages": 5,
                "Navigator.prototype.appVersion": 5,
                "Screen.prototype.orientation": 2,
                "HTMLMediaElement.prototype.canPlayType": 1
            },
            "sites": 7,
            "prevalence": 0.0000477,
            "cnames": [],
            "responseHashes": [
                "6b820baf4e4e0da835885ad89b4dcc33b9d1a2787f9f90d1d8952e15073f037c"
            ],
            "type": "Script",
            "firstPartyCookies": {},
            "firstPartyCookiesSent": {},
            "exampleSites": [
                "slippedisc.com",
                "www.chatzona.org",
                "www.filmtv.it",
                "www.gentechat.net",
                "www.israel365news.com",
                "www.l-itineraire.com",
                "www.sweetyhigh.com"
            ]
        },
        {
            "rule": "ad-adapex\\.io\\/script\\/6\\.1\\/assets\\/08ed2dbba267205f7da9\\.css",
            "cookies": 0,
            "fingerprinting": 0,
            "subdomains": [
                "player"
            ],
            "apis": {},
            "sites": 7,
            "prevalence": 0.0000477,
            "cnames": [],
            "responseHashes": [
                "0acc4587ac96b58cf4b13f1fb52bbf29f6b15555aa3d52d14ccd7966d226f5f5"
            ],
            "type": "Stylesheet",
            "firstPartyCookies": {},
            "firstPartyCookiesSent": {},
            "exampleSites": [
                "slippedisc.com",
                "www.chatzona.org",
                "www.filmtv.it",
                "www.gentechat.net",
                "www.israel365news.com",
                "www.l-itineraire.com",
                "www.sweetyhigh.com"
            ]
        },
        {
            "rule": "ad-adapex\\.io\\/script\\/6\\.1\\/libs\\/prebid\\/avpb7\\.51\\.0\\.js",
            "cookies": 0,
            "fingerprinting": 2,
            "subdomains": [
                "player"
            ],
            "apis": {
                "window.sessionStorage": 5,
                "Date.prototype.getTime": 6,
                "window.innerWidth": 6,
                "window.innerHeight": 6,
                "Navigator.prototype.doNotTrack": 6,
                "Navigator.prototype.userAgent": 6,
                "Navigator.prototype.language": 6,
                "Navigator.prototype.cookieEnabled": 6,
                "window.localStorage": 6,
                "Document.cookie getter": 5
            },
            "sites": 7,
            "prevalence": 0.0000477,
            "cnames": [],