{
    "domain": "adalyser.com",
    "owner": {
        "name": "OneSoon Ltd",
        "displayName": "OneSoon"
    },
    "source": [
        "DuckDuckGo-US"
    ],
    "prevalence": 0.000477,
    "sites": 70,
    "subdomains": [
        "c5",
        "c0",
        "c1",
        "s1-tracking"
    ],
    "cnames": [],
    "fingerprinting": 1,
    "resources": [
        {
            "rule": "adalyser\\.com\\/adalyser\\.js",
            "cookies": 0.000245,
            "fingerprinting": 1,
            "subdomains": [
                "c5",
                "c0",
                "c1"
            ],
            "apis": {
                "Navigator.prototype.userAgent": 38,
                "Navigator.prototype.language": 38,
                "Date.prototype.getTime": 39,
                "window.localStorage": 38,
                "Document.cookie setter": 36,
                "Document.cookie getter": 36
            },
            "sites": 39,
            "prevalence": 0.000266,
            "cnames": [],
            "responseHashes": [
                "46fb089c2d893c98abcff196a55155e0328a38e2c8a44939c5aea7f5cb14b7ac",
                "ff96aff83ec7f9a4d67cd4c2aa0e29987ebb18a9c60e82ab9193da458523bec3",
                "250755cc5ede9311a8db013b4c58a45d08c3239af3341c8aa2287cc5e4a9b7b5",
                "8a8beec5e0c5d2e3d4071a8c532dd315c8a22e30fcdf570946a360e19809aace",
                "4a9b6603ef41adb1bea50a3b32b75d3cb2b3b836e78bcbdbcb2b71ac41b882a9",
                "1bc6572b235499e5c3e421508e3be7dd43e670abfdc61b32de3fe2fc03760a85",
                "c1b356f3f76ac3ce3f19997f63fa181cb9d05cd531eb1ee612ce69a2a57fa56f",
                "fd2c07b20d515291e0c7a3dd9f31f1fb211f6e027bfe25559b34e2c10642d4ac"
            ],
            "type": "Script",
            "firstPartyCookies": {
                "__adal_ses": {
                    "ttl": 1804,
                    "length": 1,
                    "prevalence": 0.0002382767823103317,
                    "uniqueness": 0.02857142857142857
                },
                "__adal_id": {
                    "ttl": 63072004,
                    "length": 108,
                    "prevalence": 0.0002382767823103317,
                    "uniqueness": 1
                },
                "__adal_ca": {
                    "ttl": 15552004,
                    "length": 96,
                    "prevalence": 0.0002382767823103317,
                    "uniqueness": 0.05714285714285714
                },
                "__adal_cw": {
                    "ttl": 604804,
                    "length": 13,
                    "prevalence": 0.0002382767823103317,
                    "uniqueness": 1
                },
                "__adal_lp": {
                    "ttl": 2592004,
                    "length": 80,
                    "prevalence": 0.00002042372419802843,
                    "uniqueness": 1
                }
            },
            "firstPartyCookiesSent": {
                "gpv_c11": 0.0000068079080660094765
            },
            "exampleSites": [
                "www.theiconic.com.au",
                "support.vodafone.co.uk",
                "www.simplybusiness.co.uk",
                "www.vodafone.co.uk",
                "www.betfred.com",
                "www.littlewoods.com",
                "www.scottishpower.co.uk",
                "es.duolingo.com",
                "www.lovehoney.com.au",
                "www.duolingo.com",
                "new.talktalk.co.uk",
                "www.pavers.co.uk",
                "www.talktalk.co.uk",
                "www.manual.co",
                "www.32red.com",
                "www.mind.org.uk",
                "www.uswitch.com",
                "smolproducts.com",
                "www.ccleaner.com",
                "www.unibet.co.uk"
            ]
        },
        {
            "rule": "adalyser\\.com\\/tracking\\/track\\/v3\\/p",
            "cookies": 0,
            "fingerprinting": 0,
            "subdomains": [
                "c5",
                "c0"
            ],
            "apis": {},
            "sites": 36,
            "prevalence": 0.000245,
            "cnames": [],
            "responseHashes": [
                "d346801abbf9bb4e9e9a055239053d4ab5596514304f601a6c70604187acb744"
            ],
            "type": "Image",
            "firstPartyCookies": {},
            "firstPartyCookiesSent": {
                "__adal_cw": 0.0002382767823103317,
                "IR_gbd": 0.0000068079080660094765,
                "gpv_c11": 0.0000068079080660094765,
                "airRobeSessionID": 0.0000068079080660094765
            },
            "exampleSites": [
                "www.shearings.com",
                "wise.com",
                "new.talktalk.co.uk",
                "www.vodafone.co.uk",
                "www.ascot.com",
                "www.talktalk.co.uk",
                "www.eonenergy.com",
                "es.duolingo.com",
                "smolproducts.com",
                "www.ecb.co.uk",
                "www.pavers.co.uk",
                "www.etoro.com",
                "www.freemans.com",
                "www.avast.com",
                "www.grosvenorcasinos.com",
                "support.vodafone.co.uk",
                "www.theiconic.com.au",
                "www.justgiving.com",
                "www.mind.org.uk",
                "www.manual.co"
            ]
        },
        {
            "rule": "adalyser\\.com\\/tracking\\/track\\/v4\\/p",
            "cookies": 0,
            "fingerprinting": 0,
            "subdomains": [
                "c1"
            ],
            "apis": {},
            "sites": 3,
            "prevalence": 0.0000204,
            "cnames": [],
            "responseHashes": [
                "d346801abbf9bb4e9e9a055239053d4ab5596514304f601a6c70604187acb744"
            ],
            "type": "Image",
            "firstPartyCookies": {},
            "firstPartyCookiesSent": {
                "__adal_cw": 0.00002042372419802843
            },
            "exampleSites": [
                "32red.com",
                "www.unibet.co.uk",
                "www.uswitch.com"
            ]
        },
        {
            "rule": "adalyser\\.com\\/",
            "cookies": 0,
            "fingerprinting": 0,
            "subdomains": [
                "s1-tracking"
            ],
            "apis": {},
            "sites": 2,
            "prevalence": 0.0000136,
            "cnames": [],
            "responseHashes": [
                "e3b0c44298fc1c149afbf4c8996fb92427ae41e4649b934ca495991b7852b855"
            ],
            "type": "XHR",
            "firstPartyCookies": {},
            "firstPartyCookiesSent": {},
            "exampleSites": [
                "bonmarche.co.uk",
                "www.bonmarche.co.uk"
            ]
        }
    ],
    "categories": [],
    "performance": {},
    "cookies": 0.000402,
    "topInitiators": [
        {
            "domain": "googletagmanager.com",
            "prevalence": 0.48
        },
        {
            "domain": "first party",
            "prevalence": 0.32
        },
        {
            "domain": "tiqcdn.com",
            "prevalence": 0.06666666666666667
        },
        {
            "domain": "cookielaw.org",
            "prevalence": 0.05333333333333334
        },
        {
            "domain": "sdiapi.com",
            "prevalence": 0.02666666666666667
        },
        {
            "domain": "adobedtm.com",
            "prevalence": 0.02666666666666667
        },
        {
            "domain": "osano.com",
            "prevalence": 0.02666666666666667
        }
    ],
    "types": {
        "Script": 39,
        "Image": 39,
        "XHR": 2
    },
    "nameservers": [
        "ns13.dnsmadeeasy.com",
        "ns14.dnsmadeeasy.com",
        "ns12.dnsmadeeasy.com",
        "ns11.dnsmadeeasy.com",
        "ns15.dnsmadeeasy.com",
        "ns10.dnsmadeeasy.com"
    ]
}