{
    "domain": "adalyser.com",
    "owner": {
        "name": "OneSoon Ltd",
        "displayName": "OneSoon"
    },
    "source": [
        "DuckDuckGo-US"
    ],
    "prevalence": 0.00044,
    "sites": 65,
    "subdomains": [
        "c0",
        "c5",
        "c1",
        "s1-tracking",
        "c3"
    ],
    "cnames": [],
    "fingerprinting": 1,
    "resources": [
        {
            "rule": "adalyser\\.com\\/adalyser\\.js",
            "cookies": 0.00021,
            "fingerprinting": 1,
            "subdomains": [
                "c0",
                "c5",
                "c1"
            ],
            "apis": {
                "Navigator.prototype.userAgent": 33,
                "Navigator.prototype.language": 33,
                "Date.prototype.getTime": 33,
                "window.localStorage": 33,
                "Document.cookie setter": 31,
                "Document.cookie getter": 31
            },
            "sites": 36,
            "prevalence": 0.000244,
            "cnames": [],
            "responseHashes": [
                "c1b356f3f76ac3ce3f19997f63fa181cb9d05cd531eb1ee612ce69a2a57fa56f",
                "ff96aff83ec7f9a4d67cd4c2aa0e29987ebb18a9c60e82ab9193da458523bec3",
                "250755cc5ede9311a8db013b4c58a45d08c3239af3341c8aa2287cc5e4a9b7b5",
                "4a9b6603ef41adb1bea50a3b32b75d3cb2b3b836e78bcbdbcb2b71ac41b882a9",
                "fd2c07b20d515291e0c7a3dd9f31f1fb211f6e027bfe25559b34e2c10642d4ac",
                "8a8beec5e0c5d2e3d4071a8c532dd315c8a22e30fcdf570946a360e19809aace"
            ],
            "type": "Script",
            "firstPartyCookies": {
                "__adal_ses": {
                    "ttl": 1804,
                    "length": 1,
                    "prevalence": 0.00020305805429772373,
                    "uniqueness": 0.03333333333333333
                },
                "__adal_id": {
                    "ttl": 63072004,
                    "length": 108,
                    "prevalence": 0.00020305805429772373,
                    "uniqueness": 1
                },
                "__adal_ca": {
                    "ttl": 15552004,
                    "length": 90,
                    "prevalence": 0.00020305805429772373,
                    "uniqueness": 0.06666666666666667
                },
                "__adal_cw": {
                    "ttl": 604804,
                    "length": 13,
                    "prevalence": 0.00020305805429772373,
                    "uniqueness": 1
                }
            },
            "firstPartyCookiesSent": {
                "gpv_c11": 0.000013537203619848248
            },
            "exampleSites": [
                "www.lovehoney.com.au",
                "www.defencejobs.gov.au",
                "www.littlewoods.com",
                "www.rivieratravel.co.uk",
                "www.shearings.com",
                "www.eonenergy.com",
                "www.motorpoint.co.uk",
                "www.parkdeanresorts.co.uk",
                "www.kaleidoscope.co.uk",
                "www.farmison.com",
                "www.talktalk.co.uk",
                "new.talktalk.co.uk",
                "www.ecb.co.uk",
                "www.ccleaner.com",
                "www.duolingo.com",
                "www.simplybusiness.co.uk",
                "www.belong.com.au",
                "www.jaguar.co.uk",
                "beyond.life",
                "www.visitbarbados.org"
            ]
        },
        {
            "rule": "adalyser\\.com\\/tracking\\/track\\/v3\\/p",
            "cookies": 0,
            "fingerprinting": 0,
            "subdomains": [
                "c0",
                "c5"
            ],
            "apis": {},
            "sites": 32,
            "prevalence": 0.000217,
            "cnames": [],
            "responseHashes": [
                "d346801abbf9bb4e9e9a055239053d4ab5596514304f601a6c70604187acb744"
            ],
            "type": "Image",
            "firstPartyCookies": {},
            "firstPartyCookiesSent": {
                "__adal_cw": 0.00020982665610764785,
                "_schn": 0.000013537203619848248,
                "gpv_c11": 0.000013537203619848248,
                "_li_dcdm_c": 0.000013537203619848248,
                "s_ppn": 0.000006768601809924124
            },
            "exampleSites": [
                "www.landrover.co.uk",
                "secure.square-enix.com",
                "www.talktalk.co.uk",
                "www.simplybusiness.co.uk",
                "www.betfred.com",
                "www.shearings.com",
                "www.pavers.co.uk",
                "www.parkdeanresorts.co.uk",
                "www.theiconic.com.au",
                "www.motorpoint.co.uk",
                "www.farmison.com",
                "www.ccleaner.com",
                "www.jaguar.co.uk",
                "beyond.life",
                "motorway.co.uk",
                "www.freemans.com",
                "www.rivieratravel.co.uk",
                "www.belong.com.au",
                "onlinedoctor.lloydspharmacy.com",
                "new.talktalk.co.uk"
            ]
        },
        {
            "rule": "adalyser\\.com\\/",
            "cookies": 0,
            "fingerprinting": 0,
            "subdomains": [
                "s1-tracking",
                "c3"
            ],
            "apis": {},
            "sites": 3,
            "prevalence": 0.0000203,
            "cnames": [],
            "responseHashes": [
                "e3b0c44298fc1c149afbf4c8996fb92427ae41e4649b934ca495991b7852b855"
            ],
            "type": "XHR",
            "firstPartyCookies": {},
            "firstPartyCookiesSent": {},
            "exampleSites": [
                "bonmarche.co.uk",
                "www.bonmarche.co.uk",
                "www.funkypigeon.com"
            ]
        }
    ],
    "categories": [],
    "performance": {},
    "cookies": 0.000359,
    "topInitiators": [
        {
            "domain": "googletagmanager.com",
            "prevalence": 0.5857142857142857
        },
        {
            "domain": "first party",
            "prevalence": 0.3
        },
        {
            "domain": "cookielaw.org",
            "prevalence": 0.04285714285714286
        },
        {
            "domain": "sdiapi.com",
            "prevalence": 0.02857142857142857
        },
        {
            "domain": "osano.com",
            "prevalence": 0.02857142857142857
        },
        {
            "domain": "adobedtm.com",
            "prevalence": 0.014285714285714285
        }
    ],
    "types": {
        "Script": 36,
        "Image": 32,
        "XHR": 3
    },
    "nameservers": [
        "ns12.dnsmadeeasy.com",
        "ns11.dnsmadeeasy.com",
        "ns13.dnsmadeeasy.com",
        "ns10.dnsmadeeasy.com",
        "ns14.dnsmadeeasy.com",
        "ns15.dnsmadeeasy.com"
    ]
}