{
    "domain": "adalyser.com",
    "owner": {
        "name": "OneSoon Ltd",
        "displayName": "OneSoon"
    },
    "source": [
        "DuckDuckGo-US"
    ],
    "prevalence": 0.000519,
    "sites": 75,
    "subdomains": [
        "c0",
        "c5",
        "c1",
        "s1-tracking",
        "tracking",
        "c3"
    ],
    "cnames": [],
    "fingerprinting": 1,
    "resources": [
        {
            "rule": "adalyser\\.com\\/adalyser\\.js",
            "cookies": 0.000249,
            "fingerprinting": 1,
            "subdomains": [
                "c0",
                "c5",
                "c1"
            ],
            "apis": {
                "Navigator.prototype.userAgent": 37,
                "Navigator.prototype.language": 37,
                "Date.prototype.getTime": 37,
                "window.localStorage": 37,
                "Document.cookie setter": 36,
                "Document.cookie getter": 36
            },
            "sites": 37,
            "prevalence": 0.000256,
            "cnames": [],
            "responseHashes": [
                "c1b356f3f76ac3ce3f19997f63fa181cb9d05cd531eb1ee612ce69a2a57fa56f",
                "250755cc5ede9311a8db013b4c58a45d08c3239af3341c8aa2287cc5e4a9b7b5",
                "fd2c07b20d515291e0c7a3dd9f31f1fb211f6e027bfe25559b34e2c10642d4ac",
                "4a9b6603ef41adb1bea50a3b32b75d3cb2b3b836e78bcbdbcb2b71ac41b882a9",
                "300c4434f462167751e0183f7222f4e876e4511f77682850101e08adf6770883",
                "8a8beec5e0c5d2e3d4071a8c532dd315c8a22e30fcdf570946a360e19809aace"
            ],
            "type": "Script",
            "firstPartyCookies": {
                "__adal_ses": {
                    "ttl": 1802,
                    "length": 1,
                    "prevalence": 0.00024919358188085777,
                    "uniqueness": 0.027777777777777776
                },
                "__adal_id": {
                    "ttl": 63072002,
                    "length": 108,
                    "prevalence": 0.00024919358188085777,
                    "uniqueness": 1
                },
                "__adal_ca": {
                    "ttl": 15552002,
                    "length": 91,
                    "prevalence": 0.00024919358188085777,
                    "uniqueness": 0.05555555555555555
                },
                "__adal_cw": {
                    "ttl": 604802,
                    "length": 13,
                    "prevalence": 0.00024919358188085777,
                    "uniqueness": 1
                }
            },
            "firstPartyCookiesSent": {},
            "exampleSites": [
                "etsy.com",
                "www.ccleaner.com",
                "www.itv.com",
                "new.talktalk.co.uk",
                "www.therabody.com",
                "www.uswitch.com",
                "www.betfred.com",
                "www.projectscreen.co.uk",
                "www.pavers.co.uk",
                "www.selectcarleasing.co.uk",
                "www.macmillan.org.uk",
                "www.avast.com",
                "theathletic.com",
                "www.littlewoods.com",
                "www.scottishpower.co.uk",
                "www.worldremit.com",
                "www.amplifon.com",
                "www.duolingo.com",
                "www.motorpoint.co.uk",
                "www.sykescottages.co.uk"
            ]
        },
        {
            "rule": "adalyser\\.com\\/tracking\\/track\\/v3\\/p",
            "cookies": 0,
            "fingerprinting": 0,
            "subdomains": [
                "c0",
                "c5"
            ],
            "apis": {},
            "sites": 36,
            "prevalence": 0.000249,
            "cnames": [],
            "responseHashes": [
                "d346801abbf9bb4e9e9a055239053d4ab5596514304f601a6c70604187acb744"
            ],
            "type": "Image",
            "firstPartyCookies": {},
            "firstPartyCookiesSent": {
                "__adal_cw": 0.00024919358188085777,
                "dwh_channel": 0.000006922043941134938,
                "IR_gbd": 0.000006922043941134938
            },
            "exampleSites": [
                "etsy.com",
                "www.motorpoint.co.uk",
                "www.samaritans.org",
                "www.manual.co",
                "beyond.life",
                "www.farmison.com",
                "www.sykescottages.co.uk",
                "www.bensonsforbeds.co.uk",
                "www.nastygal.com",
                "www.amplifon.com",
                "www.mind.org.uk",
                "www.worldremit.com",
                "new.talktalk.co.uk",
                "www.belong.com.au",
                "www.pavers.co.uk",
                "www.etoro.com",
                "www.avast.com",
                "www.lycamobile.co.uk",
                "www.macmillan.org.uk",
                "www.unison.org.uk"
            ]
        },
        {
            "rule": "adalyser\\.com\\/",
            "cookies": 0,
            "fingerprinting": 0,
            "subdomains": [
                "s1-tracking",
                "tracking",
                "c3"
            ],
            "apis": {},
            "sites": 6,
            "prevalence": 0.0000415,
            "cnames": [],
            "responseHashes": [
                "e3b0c44298fc1c149afbf4c8996fb92427ae41e4649b934ca495991b7852b855"
            ],
            "type": "XHR",
            "firstPartyCookies": {},
            "firstPartyCookiesSent": {
                "__adal_first_visit": 0.000013844087882269877,
                "__adal_session_start": 0.000013844087882269877,
                "__adal_last_visit": 0.000013844087882269877
            },
            "exampleSites": [
                "bonmarche.co.uk",
                "www.bonmarche.co.uk",
                "www.boohoo.com",
                "www.funkypigeon.com",
                "www.hoseasons.co.uk",
                "www.watchshop.com"
            ]
        },
        {
            "rule": "adalyser\\.com\\/tracking\\/track\\/v4\\/p",
            "cookies": 0,
            "fingerprinting": 0,
            "subdomains": [
                "c1"
            ],
            "apis": {},
            "sites": 2,
            "prevalence": 0.0000138,
            "cnames": [],
            "responseHashes": [
                "d346801abbf9bb4e9e9a055239053d4ab5596514304f601a6c70604187acb744"
            ],
            "type": "Image",
            "firstPartyCookies": {},
            "firstPartyCookiesSent": {
                "__adal_cw": 0.000013844087882269877
            },
            "exampleSites": [
                "uswitch.com",
                "www.uswitch.com"
            ]
        }
    ],
    "categories": [],
    "performance": {},
    "cookies": 0.000436,
    "types": {
        "Script": 37,
        "Image": 38,
        "XHR": 6
    },
    "nameservers": [
        "ns10.dnsmadeeasy.com",
        "ns11.dnsmadeeasy.com",
        "ns12.dnsmadeeasy.com",
        "ns13.dnsmadeeasy.com",
        "ns14.dnsmadeeasy.com",
        "ns15.dnsmadeeasy.com"
    ]
}