{
    "domain": "addoor.net",
    "owner": {},
    "source": [
        "DuckDuckGo-US"
    ],
    "prevalence": 0.000102,
    "sites": 15,
    "subdomains": [
        "pubtags",
        "s",
        "wwc"
    ],
    "cnames": [],
    "fingerprinting": 2,
    "resources": [
        {
            "rule": "addoor\\.net\\/lib\\/contags\\/contags\\.js",
            "cookies": 0,
            "fingerprinting": 1,
            "subdomains": [
                "pubtags"
            ],
            "apis": {
                "Date.prototype.getTime": 7
            },
            "sites": 9,
            "prevalence": 0.000061,
            "cnames": [],
            "responseHashes": [
                "4c43d7781328d231c75d379a9456815bf65052729b79a70102a489d24959eb82"
            ],
            "type": "Script",
            "firstPartyCookies": {},
            "firstPartyCookiesSent": {},
            "exampleSites": [
                "elespanol.com",
                "www.deia.eus",
                "www.divinacocina.es",
                "www.elcorreogallego.es",
                "www.eldiestro.es",
                "www.lagacetadesalamanca.es",
                "www.noticiasdegipuzkoa.eus",
                "www.noticiasdenavarra.com",
                "www.vilaweb.cat"
            ]
        },
        {
            "rule": "addoor\\.net\\/syn\\/",
            "cookies": 0.000061,
            "fingerprinting": 0,
            "subdomains": [
                "s"
            ],
            "apis": {},
            "sites": 9,
            "prevalence": 0.000061,
            "cnames": [],
            "responseHashes": [
                "c708c4abcf81a924127209c4a6808dab0fe48e8b704851108c2e80bb334b75b4",
                "e40d23547f7c6f5250ada4f8b70aab75eab71c22f5086520862a3c65295d1fe3",
                "dc99a6d059265645771de8786cc065202bc312c0d10bf020c64a9d74f4a530ee",
                "516929c18c2abb47b8f96a9bfdc05348943c371b902e8f4310e3eedf86bced7c",
                "966f34efdea511a611953d93c43f548231be6965bed57f938273307878808066",
                "edbc257680aa771bf98b76f27a6bf3562b62a7c3735303050077abd71282123a",
                "aa049bcef2f0c232ebd6c4a538ba38b3d73c8ee72ede631d99c8764bb4f13ade",
                "3c03fcfdb53cb832909a2e2c1ed376dfad7122dd478420ec72675c53fa5b648b"
            ],
            "type": "Script",
            "firstPartyCookies": {},
            "firstPartyCookiesSent": {
                "lotame_domain_check": 0.000006781270131895704
            },
            "exampleSites": [
                "deia.eus",
                "www.deia.eus",
                "www.divinacocina.es",
                "www.elcorreogallego.es",
                "www.eldiestro.es",
                "www.lagacetadesalamanca.es",
                "www.noticiasdegipuzkoa.eus",
                "www.noticiasdenavarra.com",
                "www.vilaweb.cat"
            ]
        },
        {
            "rule": "addoor\\.net\\/contag\\/js\\/addoor-widget-1868",
            "cookies": 0,
            "fingerprinting": 1,
            "subdomains": [
                "pubtags"
            ],
            "apis": {
                "PerformanceTiming.prototype.navigationStart": 2,
                "Screen.prototype.width": 2,
                "Navigator.prototype.userAgent": 2,
                "Navigator.prototype.platform": 2,
                "window.innerHeight": 2
            },
            "sites": 2,
            "prevalence": 0.0000136,
            "cnames": [],
            "responseHashes": [
                "87c65445c17987a278ce0468614f2faf1891515fa42b62b442308ff591124fb2"
            ],
            "type": "Script",
            "firstPartyCookies": {},
            "firstPartyCookiesSent": {},
            "exampleSites": [
                "divinacocina.es",
                "www.divinacocina.es"
            ]
        },
        {
            "rule": "addoor\\.net\\/contag\\/js\\/addoor-widget-1879",
            "cookies": 0,
            "fingerprinting": 1,
            "subdomains": [
                "pubtags"
            ],
            "apis": {
                "PerformanceTiming.prototype.navigationStart": 2
            },
            "sites": 2,
            "prevalence": 0.0000136,
            "cnames": [],
            "responseHashes": [
                "19c2c75d1e5d8e3f109639efd4d763ba67c61cff83c8a78832f213c9ef5605e7"
            ],
            "type": "Script",
            "firstPartyCookies": {},
            "firstPartyCookiesSent": {},
            "exampleSites": [
                "divinacocina.es",
                "www.divinacocina.es"
            ]
        },
        {
            "rule": "addoor\\.net\\/contag\\/js\\/addoor-widget-732",
            "cookies": 0,
            "fingerprinting": 1,
            "subdomains": [
                "pubtags"
            ],
            "apis": {
                "PerformanceTiming.prototype.navigationStart": 2,
                "Screen.prototype.width": 2,
                "Navigator.prototype.userAgent": 2,
                "Navigator.prototype.platform": 2,
                "window.innerHeight": 2
            },
            "sites": 2,
            "prevalence": 0.0000136,
            "cnames": [],
            "responseHashes": [
                "c75d4b299af8b227f637731c45e0996030a7d15b0413d326bd27c6a5254c32d3"
            ],
            "type": "Script",
            "firstPartyCookies": {},
            "firstPartyCookiesSent": {},
            "exampleSites": [
                "eldiestro.es",
                "www.eldiestro.es"
            ]
        },
        {
            "rule": "addoor\\.net\\/contag\\/js\\/addoor-widget-1992",
            "cookies": 0,
            "fingerprinting": 1,
            "subdomains": [
                "pubtags"
            ],
            "apis": {
                "PerformanceTiming.prototype.navigationStart": 2
            },
            "sites": 2,
            "prevalence": 0.0000136,
            "cnames": [],
            "responseHashes": [
                "16db6ccbdb1ac01a6bc210b55278ce479e739c35d992c0912e97be39cac87f70"
            ],
            "type": "Script",
            "firstPartyCookies": {},
            "firstPartyCookiesSent": {},
            "exampleSites": [
                "eldiestro.es",
                "www.eldiestro.es"
            ]
        },
        {
            "rule": "addoor\\.net\\/contag\\/js\\/addoor-widget-1148",
            "cookies": 0,
            "fingerprinting": 1,
            "subdomains": [
                "pubtags"
            ],
            "apis": {
                "PerformanceTiming.prototype.navigationStart": 2
            },
            "sites": 2,
            "prevalence": 0.0000136,
            "cnames": [],
            "responseHashes": [
                "61a6953d4d5141e477f72c988f4802d21a059e155366e3a348576b88737226b0"
            ],
            "type": "Script",
            "firstPartyCookies": {},
            "firstPartyCookiesSent": {},
            "exampleSites": [
                "eldiestro.es",
                "www.eldiestro.es"
            ]
        },
        {
            "rule": "addoor\\.net\\/contag\\/js\\/addoor-widget-1993",
            "cookies": 0,
            "fingerprinting": 0,
            "subdomains": [
                "pubtags"
            ],
            "apis": {},
            "sites": 2,
            "prevalence": 0.0000136,
            "cnames": [],
            "responseHashes": [
                "e3b0c44298fc1c149afbf4c8996fb92427ae41e4649b934ca495991b7852b855"
            ],
            "type": "Script",
            "firstPartyCookies": {},
            "firstPartyCookiesSent": {},
            "exampleSites": [
                "eldiestro.es",
                "www.eldiestro.es"
            ]
        },
        {
            "rule": "addoor\\.net\\/px",
            "cookies": 0.0000136,
            "fingerprinting": 0,
            "subdomains": [
                "wwc"
            ],
            "apis": {},
            "sites": 3,