{
    "domain": "adnxs.net",
    "owner": {},
    "source": [
        "DuckDuckGo-US"
    ],
    "prevalence": 0.000108,
    "sites": 15,
    "subdomains": [
        "shftr",
        "s.update.ib"
    ],
    "cnames": [],
    "fingerprinting": 0,
    "resources": [
        {
            "rule": "adnxs\\.net\\/r",
            "cookies": 0,
            "fingerprinting": 0,
            "subdomains": [
                "shftr"
            ],
            "apis": {},
            "sites": 11,
            "prevalence": 0.0000795,
            "cnames": [],
            "responseHashes": [
                "dd30e1798d887e13e7659f271ee57381f5a88d9fed5614708c71013bf07cb87f",
                "1fb636599ded5eaef32518658ac9ad8d0bc6a6b9374eda6c38d11cff1d1e276f",
                "e823a405b8f131c2c8733ffa323c1952c40548ec0065a8da274822de859a00f6",
                "47e2805e06a7f47f49dacae7ee4862ba4cf7a75590e999e1939826f10bed61d3",
                "82f977a56c9f02cee37e4b8ebcfb8b5fa2c7380cb7c369c30b716a075724bb7f",
                "d734ff652330ba22a13cc34360c33e763b97b84cffd2e47c94c61d4c2bafcfab",
                "eb2d1d2565274b39e7428e4aa3f85461dd9ede5d131fc2384927d3e1011cb59a",
                "275be76277ad1c0862b9aeb07cbf616aa07c823405792f52b39a0113238731d1",
                "eea509e9c5b8bd2f88d4b797bed04b6efab478e99c2940dd1e9446dedebdd894",
                "8f4c286fc0d274aeb36e0ac6f68cfd01c4c9c0e7096a2707b67132db22d32ecb"
            ],
            "type": "Image",
            "firstPartyCookies": {},
            "firstPartyCookiesSent": {},
            "exampleSites": [
                "ashepamicuba.com",
                "clickhole.com",
                "dnd-wiki.org",
                "enciclopediadehistoria.com",
                "forum.pcastuces.com",
                "www.dslr-forum.de",
                "www.kodinerds.net",
                "www.miaminewtimes.com",
                "www.nouveautes-tele.com",
                "www.oroscopissimi.it",
                "www.schlagerplanet.com"
            ]
        },
        {
            "rule": "adnxs\\.net\\/2\\/225545\\/analytics\\.js",
            "cookies": 0,
            "fingerprinting": 0,
            "subdomains": [
                "s.update.ib"
            ],
            "apis": {},
            "sites": 3,
            "prevalence": 0.0000217,
            "cnames": [],
            "responseHashes": [
                "2ab30d71b535ba933dd73df532ce51c99b586a09e44175fe0753c9d1735b1d39",
                "5fe458cacc18a2da37e17b6786dd0398539a3d862350e558b0c83aacf488db44"
            ],
            "type": "Script",
            "firstPartyCookies": {},
            "firstPartyCookiesSent": {
                "lotame_domain_check": 0.0000072254335260115605
            },
            "exampleSites": [
                "totaljerkface.com",
                "www.construct101.com",
                "www.inbrief.co.uk"
            ]
        },
        {
            "rule": "adnxs\\.net\\/2\\/2\\.88\\.0\\/main\\.js",
            "cookies": 0,
            "fingerprinting": 0,
            "subdomains": [
                "s.update.ib"
            ],
            "apis": {},
            "sites": 2,
            "prevalence": 0.0000145,
            "cnames": [],
            "responseHashes": [
                "bf9f723c8119c017afec425fdbe058bd4404e0c5853ff4a72164449d8507a210"
            ],
            "type": "Script",
            "firstPartyCookies": {},
            "firstPartyCookiesSent": {},
            "exampleSites": [
                "construct101.com",
                "www.inbrief.co.uk"
            ]
        },
        {
            "rule": "adnxs\\.net\\/2\\/2\\.88\\.0\\/225545\\/Acb2bmgGBAdsCC8J\\/postback",
            "cookies": 0,
            "fingerprinting": 0,
            "subdomains": [
                "s.update.ib"
            ],
            "apis": {},
            "sites": 2,
            "prevalence": 0.0000145,
            "cnames": [],
            "responseHashes": [],
            "type": "XHR",
            "firstPartyCookies": {},
            "firstPartyCookiesSent": {
                "lotame_domain_check": 0.000014450867052023121
            },
            "exampleSites": [
                "inbrief.co.uk",
                "www.inbrief.co.uk"
            ]
        }
    ],
    "categories": [],
    "performance": {},
    "cookies": 0,
    "topInitiators": [
        {
            "domain": "adnxs.com",
            "prevalence": 0.875
        },
        {
            "domain": "adthrive.com",
            "prevalence": 0.041666666666666664
        },
        {
            "domain": "ezodn.com",
            "prevalence": 0.041666666666666664
        },
        {
            "domain": "first party",
            "prevalence": 0.041666666666666664
        }
    ],
    "types": {
        "Image": 11,
        "Script": 5,
        "XHR": 2
    },
    "nameservers": [
        "ns1.gslb.com",
        "ns2.gslb.com"
    ]
}