{
    "domain": "adpicker.net",
    "owner": {},
    "source": [
        "DuckDuckGo-US"
    ],
    "prevalence": 0.000148,
    "sites": 22,
    "subdomains": [
        "cdn",
        "bid",
        "log",
        "indexing"
    ],
    "cnames": [],
    "fingerprinting": 1,
    "resources": [
        {
            "rule": "adpicker\\.net\\/ads\\/main\\.js",
            "cookies": 0,
            "fingerprinting": 1,
            "subdomains": [
                "cdn"
            ],
            "apis": {
                "Navigator.prototype.userAgent": 13
            },
            "sites": 13,
            "prevalence": 0.0000873,
            "cnames": [],
            "responseHashes": [
                "bbf84d925f8e8c48d45cb51db226c85fe7613a963bbdd29d20122c4c534ad149"
            ],
            "type": "Script",
            "firstPartyCookies": {},
            "firstPartyCookiesSent": {},
            "exampleSites": [
                "bunshun.jp",
                "gameinn.jp",
                "onayamifree.com",
                "sirabee.com",
                "www.appbank.net",
                "www.cyzowoman.com",
                "www.inter-edu.com",
                "www.mapion.co.jp",
                "www.mapple.net",
                "www.oricon.co.jp",
                "www.sponichi.co.jp",
                "www.tokyo-sports.co.jp",
                "www.travel.co.jp"
            ]
        },
        {
            "rule": "adpicker\\.net\\/bid",
            "cookies": 0.0000873,
            "fingerprinting": 0,
            "subdomains": [
                "bid"
            ],
            "apis": {},
            "sites": 13,
            "prevalence": 0.0000873,
            "cnames": [],
            "responseHashes": [
                "8478e43fbd0f7bc2b6dfb66c168046aa2deced122383581bb46335ae5af64116",
                "791dabc77590b864ca28d6ad9cf4ffa560ebe0357c07e722313a07cdd86a5e90",
                "f68b91c114cc14eafa092838d65c561b552656b4945211534d3231cdc1a17921",
                "0f63a2971fac46e15aa1f50e1db272b4bf42c03d1cd06eef44ce294ece89c2c6",
                "4414730f5708ac4049eebffbbb468ac4baaf25bee1b661681633e75fa330171a",
                "a63b903c1db3b54c1bbc3d9a2df1010e14ff62250bc14622f09afef74131e6e4",
                "d0175a4403072ffc8efbc86c40d9c4faea1ba9f834a527f0dc10b345d74e7951",
                "f498e7d7a96e4810a3818cef837e71e09d2b4de58f66bec549654ecd1794037d",
                "34d6a2f17b1d5ff3b4f90a7b91dd437649dd61321944c43b42af74e613274a02",
                "cdaf9b2183d6a9efe3f27a6202e5233fa0c287bdf89b55f01d2a9ce0ef53a80a",
                "9c899063e690367d134c80e1f2a2ead33ea98a4970df948a991db9055256403e",
                "6491fca08a07383755b42006ef72f78c9f97751ddfe7c15b05cf136ceba64251"
            ],
            "type": "XHR",
            "firstPartyCookies": {},
            "firstPartyCookiesSent": {},
            "exampleSites": [
                "bunshun.jp",
                "gameinn.jp",
                "onayamifree.com",
                "sirabee.com",
                "www.appbank.net",
                "www.cyzowoman.com",
                "www.inter-edu.com",
                "www.mapion.co.jp",
                "www.mapple.net",
                "www.oricon.co.jp",
                "www.sponichi.co.jp",
                "www.tokyo-sports.co.jp",
                "www.travel.co.jp"
            ]
        },
        {
            "rule": "adpicker\\.net\\/bid",
            "cookies": 0,
            "fingerprinting": 0,
            "subdomains": [
                "bid"
            ],
            "apis": {},
            "sites": 13,
            "prevalence": 0.0000873,
            "cnames": [],
            "responseHashes": [],
            "type": "Preflight",
            "firstPartyCookies": {},
            "firstPartyCookiesSent": {},
            "exampleSites": [
                "bunshun.jp",
                "gameinn.jp",
                "onayamifree.com",
                "sirabee.com",
                "www.appbank.net",
                "www.cyzowoman.com",
                "www.inter-edu.com",
                "www.mapion.co.jp",
                "www.mapple.net",
                "www.oricon.co.jp",
                "www.sponichi.co.jp",
                "www.tokyo-sports.co.jp",
                "www.travel.co.jp"
            ]
        },
        {
            "rule": "adpicker\\.net\\/view",
            "cookies": 0.0000739,
            "fingerprinting": 0,
            "subdomains": [
                "log"
            ],
            "apis": {},
            "sites": 11,
            "prevalence": 0.0000739,
            "cnames": [],
            "responseHashes": [
                "d346801abbf9bb4e9e9a055239053d4ab5596514304f601a6c70604187acb744"
            ],
            "type": "Image",
            "firstPartyCookies": {},
            "firstPartyCookiesSent": {},
            "exampleSites": [
                "bunshun.jp",
                "gameinn.jp",
                "onayamifree.com",
                "sirabee.com",
                "www.appbank.net",
                "www.cyzowoman.com",
                "www.mapion.co.jp",
                "www.oricon.co.jp",
                "www.sponichi.co.jp",
                "www.tokyo-sports.co.jp",
                "www.travel.co.jp"
            ]
        },
        {
            "rule": "adpicker\\.net\\/ads\\/keywords\\.js",
            "cookies": 0,
            "fingerprinting": 0,
            "subdomains": [
                "cdn"
            ],
            "apis": {},
            "sites": 9,
            "prevalence": 0.0000605,
            "cnames": [],
            "responseHashes": [
                "f93ccb48db50509e4bf05ebce04d70c72a6da3088abf886f87b6491185e75ae3"
            ],
            "type": "Script",
            "firstPartyCookies": {},
            "firstPartyCookiesSent": {},
            "exampleSites": [
                "cancam.jp",
                "dime.jp",
                "domani.shogakukan.co.jp",
                "hugkum.sho.jp",
                "kufura.jp",
                "oggi.jp",
                "precious.jp",
                "serai.jp",
                "www.biteki.com"
            ]
        },
        {
            "rule": "adpicker\\.net\\/keywords",
            "cookies": 0,
            "fingerprinting": 0,
            "subdomains": [
                "bid"
            ],
            "apis": {},
            "sites": 9,
            "prevalence": 0.0000605,
            "cnames": [],
            "responseHashes": [
                "697369fc256cc2607fdf03c103b20235b9c2811ed395c5504d4cd114e1d31373"
            ],
            "type": "XHR",
            "firstPartyCookies": {},
            "firstPartyCookiesSent": {},
            "exampleSites": [
                "cancam.jp",
                "dime.jp",
                "domani.shogakukan.co.jp",
                "hugkum.sho.jp",
                "kufura.jp",
                "oggi.jp",
                "precious.jp",
                "serai.jp",
                "www.biteki.com"
            ]
        },
        {
            "rule": "adpicker\\.net\\/keywords",
            "cookies": 0,
            "fingerprinting": 0,
            "subdomains": [
                "bid"
            ],
            "apis": {},
            "sites": 9,
            "prevalence": 0.0000605,
            "cnames": [],
            "responseHashes": [],
            "type": "Preflight",
            "firstPartyCookies": {},
            "firstPartyCookiesSent": {},
            "exampleSites": [
                "cancam.jp",
                "dime.jp",
                "domani.shogakukan.co.jp",
                "hugkum.sho.jp",
                "kufura.jp",
                "oggi.jp",
                "precious.jp",
                "serai.jp",
                "www.biteki.com"
            ]
        },
        {
            "rule": "adpicker\\.net\\/record",
            "cookies": 0,
            "fingerprinting": 0,