{
    "domain": "adpicker.net",
    "owner": {},
    "source": [
        "DuckDuckGo-US"
    ],
    "prevalence": 0.000237,
    "sites": 35,
    "subdomains": [
        "cdn",
        "bid",
        "log",
        "indexing"
    ],
    "cnames": [],
    "fingerprinting": 1,
    "resources": [
        {
            "rule": "adpicker\\.net\\/ads\\/main\\.js",
            "cookies": 0,
            "fingerprinting": 1,
            "subdomains": [
                "cdn"
            ],
            "apis": {
                "Navigator.prototype.userAgent": 14
            },
            "sites": 14,
            "prevalence": 0.0000948,
            "cnames": [],
            "responseHashes": [
                "bbf84d925f8e8c48d45cb51db226c85fe7613a963bbdd29d20122c4c534ad149"
            ],
            "type": "Script",
            "firstPartyCookies": {},
            "firstPartyCookiesSent": {},
            "exampleSites": [
                "bunshun.jp",
                "gameinn.jp",
                "getnews.jp",
                "mikle.jp",
                "onayamifree.com",
                "times.abema.tv",
                "tocana.jp",
                "www.appbank.net",
                "www.cyzowoman.com",
                "www.inter-edu.com",
                "www.mapple.net",
                "www.oricon.co.jp",
                "www.sponichi.co.jp",
                "www.travel.co.jp"
            ]
        },
        {
            "rule": "adpicker\\.net\\/bid",
            "cookies": 0.0000948,
            "fingerprinting": 0,
            "subdomains": [
                "bid"
            ],
            "apis": {},
            "sites": 14,
            "prevalence": 0.0000948,
            "cnames": [],
            "responseHashes": [
                "e39548320d0a87cb0132087c91d4aeb559b8a980e99756a394e089288fe06b64",
                "43314238cf3c09116847520aab27090d8b1c5278b154cc50c9ae9f54da506104",
                "45cae477b0d9750629d2b906d036c4236f648a38dd55ef343b2ca6cfd67a8740",
                "b5d89181e69984e7576f4a7a2230e4a748128a8a5cb59ece297e9f34a8955aaf",
                "95e0733ebdc4e524912be2dc966f92df6398efefa25626827d67770196572e0d",
                "432892547d0e16af3a2cf58804d14ef75103624641db0669348138f074ebb4de",
                "b2b76a81dc238ba2c789b53507424a1fa8e306a550564e197c306b35d49afa0f",
                "ff118276020a63ea5171226865d0a340c25e97591786d66ae2b67441491d46be",
                "9beddb18d0625be0f233a39f71abaa3ef1eb1c65b73ccdfe6732d9155d40a7e8",
                "d3e0dc59029bc9aacfa2080da5198ebf98263b6e977bafc18d047a532ed9daa3"
            ],
            "type": "XHR",
            "firstPartyCookies": {},
            "firstPartyCookiesSent": {},
            "exampleSites": [
                "bunshun.jp",
                "gameinn.jp",
                "getnews.jp",
                "mikle.jp",
                "onayamifree.com",
                "times.abema.tv",
                "tocana.jp",
                "www.appbank.net",
                "www.cyzowoman.com",
                "www.inter-edu.com",
                "www.mapple.net",
                "www.oricon.co.jp",
                "www.sponichi.co.jp",
                "www.travel.co.jp"
            ]
        },
        {
            "rule": "adpicker\\.net\\/bid",
            "cookies": 0,
            "fingerprinting": 0,
            "subdomains": [
                "bid"
            ],
            "apis": {},
            "sites": 14,
            "prevalence": 0.0000948,
            "cnames": [],
            "responseHashes": [],
            "type": "Preflight",
            "firstPartyCookies": {},
            "firstPartyCookiesSent": {},
            "exampleSites": [
                "bunshun.jp",
                "gameinn.jp",
                "getnews.jp",
                "mikle.jp",
                "onayamifree.com",
                "times.abema.tv",
                "tocana.jp",
                "www.appbank.net",
                "www.cyzowoman.com",
                "www.inter-edu.com",
                "www.mapple.net",
                "www.oricon.co.jp",
                "www.sponichi.co.jp",
                "www.travel.co.jp"
            ]
        },
        {
            "rule": "adpicker\\.net\\/view",
            "cookies": 0.0000542,
            "fingerprinting": 0,
            "subdomains": [
                "log"
            ],
            "apis": {},
            "sites": 8,
            "prevalence": 0.0000542,
            "cnames": [],
            "responseHashes": [
                "d346801abbf9bb4e9e9a055239053d4ab5596514304f601a6c70604187acb744"
            ],
            "type": "Image",
            "firstPartyCookies": {},
            "firstPartyCookiesSent": {},
            "exampleSites": [
                "bunshun.jp",
                "gameinn.jp",
                "mikle.jp",
                "onayamifree.com",
                "times.abema.tv",
                "www.appbank.net",
                "www.cyzowoman.com",
                "www.travel.co.jp"
            ]
        },
        {
            "rule": "adpicker\\.net\\/ads\\/keywords\\.js",
            "cookies": 0,
            "fingerprinting": 0,
            "subdomains": [
                "cdn"
            ],
            "apis": {},
            "sites": 9,
            "prevalence": 0.0000609,
            "cnames": [],
            "responseHashes": [
                "f93ccb48db50509e4bf05ebce04d70c72a6da3088abf886f87b6491185e75ae3"
            ],
            "type": "Script",
            "firstPartyCookies": {},
            "firstPartyCookiesSent": {},
            "exampleSites": [
                "cancam.jp",
                "dime.jp",
                "domani.shogakukan.co.jp",
                "hugkum.sho.jp",
                "kufura.jp",
                "oggi.jp",
                "precious.jp",
                "serai.jp",
                "www.biteki.com"
            ]
        },
        {
            "rule": "adpicker\\.net\\/keywords",
            "cookies": 0,
            "fingerprinting": 0,
            "subdomains": [
                "bid"
            ],
            "apis": {},
            "sites": 9,
            "prevalence": 0.0000609,
            "cnames": [],
            "responseHashes": [
                "697369fc256cc2607fdf03c103b20235b9c2811ed395c5504d4cd114e1d31373"
            ],
            "type": "XHR",
            "firstPartyCookies": {},
            "firstPartyCookiesSent": {},
            "exampleSites": [
                "cancam.jp",
                "dime.jp",
                "domani.shogakukan.co.jp",
                "hugkum.sho.jp",
                "kufura.jp",
                "oggi.jp",
                "precious.jp",
                "serai.jp",
                "www.biteki.com"
            ]
        },
        {
            "rule": "adpicker\\.net\\/keywords",
            "cookies": 0,
            "fingerprinting": 0,
            "subdomains": [
                "bid"
            ],
            "apis": {},
            "sites": 9,
            "prevalence": 0.0000609,
            "cnames": [],
            "responseHashes": [],
            "type": "Preflight",
            "firstPartyCookies": {},
            "firstPartyCookiesSent": {},
            "exampleSites": [
                "cancam.jp",
                "dime.jp",
                "domani.shogakukan.co.jp",
                "hugkum.sho.jp",
                "kufura.jp",
                "oggi.jp",
                "precious.jp",
                "serai.jp",
                "www.biteki.com"
            ]
        },
        {
            "rule": "adpicker\\.net\\/record",
            "cookies": 0,
            "fingerprinting": 0,
            "subdomains": [
                "indexing"
            ],
            "apis": {},
            "sites": 3,
            "prevalence": 0.0000203,
            "cnames": [],
            "responseHashes": [
                "e3b0c44298fc1c149afbf4c8996fb92427ae41e4649b934ca495991b7852b855"
            ],