{
    "domain": "adxpremium.services",
    "owner": {},
    "source": [
        "DuckDuckGo-US"
    ],
    "prevalence": 0.00142,
    "sites": 208,
    "subdomains": [
        "rtb",
        "go-sync",
        "user-sync",
        "s333",
        "s2"
    ],
    "cnames": [],
    "fingerprinting": 0,
    "resources": [
        {
            "rule": "adxpremium\\.services\\/openrtb2\\/auction",
            "cookies": 0,
            "fingerprinting": 0,
            "subdomains": [
                "rtb"
            ],
            "apis": {},
            "sites": 121,
            "prevalence": 0.000824,
            "cnames": [],
            "responseHashes": [
                "58d4abdb4b5139822e2b6b47197cb3d6908acdfb83d9d5da13b80d8ae578f36e",
                "cf00584c957c3bd6b28c76aa322e60ad0fa265aaa0ee005e6915d88d3cfb3f8f",
                "8625b5355adc03d06f8e1e15d9c45139ed30b89b1e4054b377bc97e502596878",
                "0fbc8dd4cbae90caf74e65ac165c5da0ac32b60ada4580e97ebe77be627d2604",
                "7e1e2e5aecf4cd5352c6e9d1578ed863be970fd314555e3f59c381fd93727272",
                "a0666494327237a4e05c223eca4ec67a94eec17599fcccc637d455bcfffbea21",
                "8e1451713d8def4de475de6309b786108fd6978a790df6646c0dccd4510b80ac",
                "801f1e71d4dfed1bcfa8d10c7b2a87ec129af47a1be602a1012e9d298e30856c",
                "945d00b925c4a6fa65fa2e45d656b5c0d13cfd6d464ddb3d833646b9e8acdb52",
                "9790c55e1182b2366766504218ee49b45f2b5faec0cab660acffd0b734378803",
                "9585b53ef342b283c5ec6c28fb75eda0ba588e5260d55d1e94ae880dda3a8508",
                "954b022df3d26f3c38b54b2dd28e96bf69c89cb50ad3720f9c2b2989000f655a",
                "3b3bbfc1669cf8bcc5b7c03ef597bbaeed8b754c136e3f9286880f3afc245133",
                "636a560c989271b04a5aa851f578c117a48ccc0fb132e8a297083d7b7edb8e79",
                "28761de86eec0388b4b7e0a1f0042adeb1191cbee936168943d58801fd5ae508",
                "d2139bf00f2a07462970a26d9e9b166229dc93a4c5bff8a3efa8554463523f6d",
                "7f302f27c4e8759aac39d15731f1cf3a6d26ff447e235ab42bfca6851e91aba7",
                "b705eeed1e0d1e9d3d7bf4c6bd1d6abecfb0b749d3b4bea3d0d4f94092aaca6f",
                "dd1711caa51a526014efec44f9bb4e5fc9977757fa942d03b7f76562839a220e",
                "9329b6ac22c413441179db4e151b78767c2f68c9505dac611ef7f6ad75589e19",
                "bfd238d0be83ba91d07b99be98bff6d1ce1429d43739e635ea7cdc5015bbb65d",
                "6bc6f5765984a38bc80a4e1dd3e5f02210fe32acbfe935666ad5772d65af40dc",
                "6ca8cdc1cc63f3777b1ef07715e2853713f9eb8d14fc2180d586d6238123a7fd",
                "96ef104422af4904512f071fadd775f2d673664a707178e08fb76dd1e5f7dd1b",
                "61eaba7dbcf685f77414cc8193f210cd0fc20f827629dead89c4cdfaae88eb0e",
                "55dee4de5a58e0a92fdd9966d1b8e6f7ee1a5e0b61919fa20726b2832b473835",
                "8156576a844801d7fdc288a5ec50b1973d750eb544c78cf20aa04540f4bd6d2d",
                "45ea4914635d8fdde55761ff031de89f0a7974ae10829624194c6966c5bb9652",
                "ed5d034dbdb57f3a3b502ccf104ce1abf7b10fe846b02accb327be2d5332c299",
                "ab1b1bc052205149bc171a05f5f123bb458d5053f2195a6d7c66d61362e5dd30",
                "a2f8f21f190424f13a6893d43b2cbd2d31cf24f554a55c772c859c5d8d3d97e2",
                "ec2f912947f5818a14a69e936d442bdbb53a7fc28c4eb39484dbe7cf216b8a19",
                "826edc1d3af4c751780e07985c70258c0fd6a73b225feffefd050819026b01b7",
                "5dda81d552085d7499d5f472ab06fd27e7fce959ce6822851d9fb686c771ca61",
                "b950abe616abf1f7de10d9c8293a33aac8ae7ff12a00005052066a49a72d6c7b",
                "1dee909559caac4a79e3813c94b8b7a18f4cea76f27db705c5f532f0ac3fda4e",
                "da3531848b456f81c78965140c699ad998db208c364603b53a3319c79bf30959",
                "078073865f25860f0af82474826c57972fe0dd1a4921878981960fb4fc32d79d",
                "e7a69cc0828dc4f92e917bbf6910267e2d57ac3e88048766a8f24790ecc55d5d",
                "558506a87e9a029cf1e24fc93e5534ec7899d5e01f825047920a9229be03ab5f",
                "364ee48ee64d6cb6f794788858d558d17e2448f245f7348762373ae94a374401",
                "7207963a8e90e552d3dafe917aa360981f1df972502fe9ecf87b8f0b82e969d5",
                "12eec8fd39a1f4f2846c201010d49ede1cb36360296262a98621bb796629b00f",
                "1fb44aaaefb6022744918e90c9034058be82a97c0fa44eeb318711c7e0270d2e",
                "2856ed33696a815d7602a6d7c784138073b1ae5613609cedcfff55ac7d41854a",
                "7e32f6beb81c036cec6babbb1952aea28533feab641ede3290e040fcb59a4cbf",
                "324290ac3183c6efce3533bef09a6da1b7361352cac44d6a11e7b53b1118c69c",
                "4e7a0727ac8c559040043319709589bc673406e2ad7ad728b9e9a34c69a39f1f",
                "77debfbc64c5273b927040d0c21b162c7c0a1822f5ed628fd82fab4a29a51930",
                "2417ea8a7baed876cf6a91059bf0f35b3c0d43ce7f5a30343a71fdf60fbc56bb",
                "e0196481c50ee093d3da94990402a746db93831f75dfdeae0b0e78c747740f99",
                "dfea0e3b80d49ed095b8f6d2c53ba262bde780b6140c23ecd89a3c308ff5e693",
                "8682a62c62f400892a290488c254eb04896ff7f16e9dd79a723082f0262a872c",
                "324b2f9f7a25e6b32132c6711e3f6e76147bce00e113a342ee90831e3ce7e9dd",
                "3cface60abf9f18ac8727450c82306e13dce6c76c3fe9134237bd7b09536592d",
                "30f75f35e8139bbeb3c1b64c2ce5ae184563da0e8afa714a5b467d34ca9f34c1",
                "e17bdc7afce144cf975aee5cdb04cbe81308c0622d45ffd17a901df884a2d14c",
                "4e5a1260da228e77a9cf1395a2a2b3414c663af77a3e495d090d8b6b0f8ab2f7",
                "f22da208c7b45029b824846156abf7e25c71d0257b21e981cd77edd61826d5f3",
                "657ac631f25751b30b1507ae3e941569559eb91b915bd3c0fdbc37f312ee57d7",
                "db325c712eba0c5b88f2038b6312fbcb2de583e3ca50619913fb69ed07dab810",
                "9def3fc32267dc7f3dc892f3ef5d24749e8be26d9010d5436dab487eda9d7651",
                "1fa28ac0b5d2a04a70d6608cb7d9d9fd5cd717ab5028fdecfcb942646ed36d58",
                "d35039398053e5fcccc6183a1814d24f773bf825c67e2754b2b995b39c713a6e",
                "07c7573d72f652d687900ed1092df78f55704c6aea064b32a687412b1f00c71a",
                "850604871afa7a4a8339b7ffc6662a23ad544a859fc906c3431308b1795d58b6",
                "be7ca4acc2cf2e26168662483ec6528050a1dff44d621b730600c9ec9a23a9f7",
                "77370399dbcce2fe54a0daad6af494dd2dfcfa2d91ac1bb490b8271117912266",
                "85ca56a32f90f99d11f4b57d0d678697f7284416c0945e4c45bdcab5fd07066e",
                "5a8ade042d00dc57771d4beca16f43afb3a7c2063f47c57bfd596a51c20a7331",
                "73ff6c8bf1e3bf51a0c0e85fc2500cfd2139642a51954e90a1a8a1f2286956d9",
                "18c02b54f29eb7a127cf20165dec9632a05eb2430cf938a9089586ee8c38e50e",
                "7a98f3c20f6c4a96320169196fe4f6fbf8e39baf64c2b78b58847499cb49ac05",
                "14eed14d5c809535173a7c56e2e84d89e041aba1565f37889927e3e54c0f2544",
                "d2fe208f916925c8a071f7327c266ed71bfdf5afaa392b9283341089c019a51e",
                "c3ac318e1f97cda5de94766c972d7624971dbf10aaad469bf2cb1a5ed9498cef",
                "93dcf472a9eef5b52870f652bdccf481e6a2143c1fa5a5186c16be0e7aad675c",
                "22520d3c6863c284a2543e8e6ca805255e4253403618687cf3c3792b17249a37",
                "6a363fa36bb1b8edfd6fb434fbb43b3f40da71af7d9bd4adc0241605aff90dca",
                "ccb913f08d16e835ea00473f482ffb7d9bf38bf4b140dc34702c19b6026e604a",
                "46f427b79bc856a5fb02404bfa033172fec371b199081bcd107af569141b0984",
                "4d3dbe6c93c3e15fc7d0a5038d564e4e16a102760c89bd306ee58bdc4195dc8b",
                "341e05d0f68b5ff2052c53a9881fd7899cb77560084fee60120d981cb57e96d9",
                "defd149f7726c595ad2650a108ca1bd8ba5b69c0a3170a92dd1a12c68deed730",
                "0128d020d12b915153775e631d7d0cdc622bbc8b4c6b9b1bc5e151bced9eea0e",
                "18b392cd2e22c52af383cf429f8657d52c0a9a476b4b389e7e04fa93fd5abc3b",
                "1dc0fb0a7b62497accddcc6e9fef2b5d76c8680af4293393b5355aca8261c537",
