{
    "domain": "agilecrm.com",
    "owner": {},
    "source": [
        "DuckDuckGo-US"
    ],
    "prevalence": 0.0000478,
    "sites": 7,
    "subdomains": [
        "stats2",
        "doctors",
        "lettingaproperty",
        "digischool",
        "swamp"
    ],
    "cnames": [],
    "fingerprinting": 1,
    "resources": [
        {
            "rule": "agilecrm\\.com\\/addstats",
            "cookies": 0,
            "fingerprinting": 0,
            "subdomains": [
                "stats2"
            ],
            "apis": {},
            "sites": 3,
            "prevalence": 0.0000205,
            "cnames": [],
            "responseHashes": [
                "e3b0c44298fc1c149afbf4c8996fb92427ae41e4649b934ca495991b7852b855"
            ],
            "type": "Script",
            "firstPartyCookies": {},
            "firstPartyCookiesSent": {
                "1vdgd3jq19pokar17c8k0kn146-agile-crm-guid": 0.000006825565839408087,
                "1vdgd3jq19pokar17c8k0kn146-agile-crm-session_id": 0.000006825565839408087,
                "_hjTLDTest": 0.000006825565839408087,
                "9d69rptc6fekp2ofpmir1mavqg-agile-crm-guid": 0.000006825565839408087,
                "9d69rptc6fekp2ofpmir1mavqg-agile-crm-session_id": 0.000006825565839408087,
                "mng5f45otq3l2vjm6lm5uijroh-agile-crm-guid": 0.000006825565839408087,
                "mng5f45otq3l2vjm6lm5uijroh-agile-crm-session_id": 0.000006825565839408087
            },
            "exampleSites": [
                "doctors.com.au",
                "www.lettingaproperty.com",
                "www.swamp.net.au"
            ]
        },
        {
            "rule": "agilecrm\\.com\\/core\\/js\\/api\\/web-rules",
            "cookies": 0.0000273,
            "fingerprinting": 0,
            "subdomains": [
                "doctors",
                "lettingaproperty",
                "digischool",
                "swamp"
            ],
            "apis": {},
            "sites": 4,
            "prevalence": 0.0000273,
            "cnames": [],
            "responseHashes": [
                "59fa17168ee04c72bd9ea9800b924ebc06b59efe7c9626e0d1091160f550e65b",
                "ed8fa3a3a00d9af18cb029a48e9120ad725cc919d9fe51781abcf7b493355967",
                "1eeca14a83385a17b9b69a501119cf367f982194e2a5156f6d3ef36d4b3d3aa2"
            ],
            "type": "Script",
            "firstPartyCookies": {},
            "firstPartyCookiesSent": {},
            "exampleSites": [
                "doctors.com.au",
                "www.lettingaproperty.com",
                "www.orientation.com",
                "www.swamp.net.au"
            ]
        }
    ],
    "categories": [],
    "performance": {},
    "cookies": 0.0000478,
    "types": {
        "Script": 7
    },
    "nameservers": [
        "ns-617.awsdns-13.net",
        "ns-413.awsdns-51.com",
        "ns-1541.awsdns-00.co.uk",
        "ns-1098.awsdns-09.org"
    ]
}