{
    "domain": "ahcdn.com",
    "owner": {},
    "source": [
        "DuckDuckGo-US"
    ],
    "prevalence": 0.000783,
    "sites": 115,
    "subdomains": [
        "ip166249206",
        "ip112001037",
        "ip159382416",
        "ip107511130",
        "ip266638150",
        "ip166251504",
        "ip157337513"
    ],
    "cnames": [],
    "fingerprinting": 0,
    "resources": [
        {
            "rule": "ahcdn\\.com\\/key=KryiUnQzrmV1kuulmevJDw,s=,end=1689819843,ip=40\\.117\\.150\\.99,limit=2\\/state=ZLiTKHWW\\/buffer=5000000:1234391,909\\.1\\/speed=117676\\/reftag=0219583308\\/ssd7\\/102\\/5\\/317179215\\/b\\/000\\/480\\/480271\\/480271\\.mp4",
            "cookies": 0,
            "fingerprinting": 0,
            "subdomains": [
                "ip166249206"
            ],
            "apis": {},
            "sites": 2,
            "prevalence": 0.0000136,
            "cnames": [],
            "responseHashes": [
                "ab004aeafc0943297f19797c59f9635d42c44e453baefac47419e116f2d7246f"
            ],
            "type": "Media",
            "firstPartyCookies": {},
            "firstPartyCookiesSent": {},
            "exampleSites": [
                "desipapa.pro",
                "www.desipapa.pro"
            ]
        },
        {
            "rule": "ahcdn\\.com\\/key=CjqX2OpPbmzNaKwfVap2aw,s=,end=1689874013,ip=40\\.117\\.150\\.99,limit=2\\/state=ZLlnKHWW\\/buffer=5000000:86911,105\\.7\\/speed=71235\\/reftag=0219583242\\/ssd5\\/102\\/5\\/114183635\\/b\\/000\\/076\\/76081\\/76081\\.mp4",
            "cookies": 0,
            "fingerprinting": 0,
            "subdomains": [
                "ip112001037"
            ],
            "apis": {},
            "sites": 2,
            "prevalence": 0.0000136,
            "cnames": [],
            "responseHashes": [
                "f28e5407b09c390cffb39303a081ab9dd95e4d4a373249a658450800d4a72a97"
            ],
            "type": "Media",
            "firstPartyCookies": {},
            "firstPartyCookiesSent": {},
            "exampleSites": [
                "indianhomevideo.net",
                "www.indianhomevideo.net"
            ]
        },
        {
            "rule": "ahcdn\\.com\\/key=oH3d5u8+F6-9xu02yIPvgA,s=,end=1689819194,ip=40\\.117\\.150\\.99,limit=2\\/state=ZLiRKHWW\\/buffer=5000000:1144142,427\\.7\\/speed=231837\\/reftag=0219583251\\/ssd4\\/102\\/4\\/238312024\\/b\\/000\\/203\\/203469\\/203469\\.mp4",
            "cookies": 0,
            "fingerprinting": 0,
            "subdomains": [
                "ip159382416"
            ],
            "apis": {},
            "sites": 2,
            "prevalence": 0.0000136,
            "cnames": [],
            "responseHashes": [
                "1614ace64a86ce3210ef89bfe768201a55c1b894645b317c4d0e29dfbbf8db04"
            ],
            "type": "Media",
            "firstPartyCookies": {},
            "firstPartyCookiesSent": {},
            "exampleSites": [
                "indianpornvideos.me",
                "www.indianpornvideos.me"
            ]
        },
        {
            "rule": "ahcdn\\.com\\/key=EiL+4G8Vy-WBKOyUrgnaVA,s=,end=1689827586,ip=40\\.117\\.150\\.99,limit=2\\/state=ZLixKHWW\\/buffer=5000000:165671,206\\.7\\/speed=69457\\/reftag=0208587822\\/ssd1\\/102\\/2\\/241508702\\/d\\/000\\/186\\/186023\\/186023\\.mp4",
            "cookies": 0,
            "fingerprinting": 0,
            "subdomains": [
                "ip159382416"
            ],
            "apis": {},
            "sites": 2,
            "prevalence": 0.0000136,
            "cnames": [],
            "responseHashes": [
                "0acc7680f481f48521850ed5f054d7e9caf1b5ad4c3513a09bec3c0f4303d7b3"
            ],
            "type": "Media",
            "firstPartyCookies": {},
            "firstPartyCookiesSent": {},
            "exampleSites": [
                "iwanktv.pro",
                "www.iwanktv.pro"
            ]
        },
        {
            "rule": "ahcdn\\.com\\/key=fBJZ+XCMqr2WrdJTsn1sWw,s=,end=1689857707,ip=40\\.117\\.150\\.99\\/state=ZLknKHWW\\/buffer=5000000:1549064,360\\.0\\/speed=372882\\/reftag=0209992131\\/20\\/102\\/5\\/44333735\\/318534_video\\.mp4",
            "cookies": 0,
            "fingerprinting": 0,
            "subdomains": [
                "ip107511130"
            ],
            "apis": {},
            "sites": 2,
            "prevalence": 0.0000136,
            "cnames": [],
            "responseHashes": [
                "de2d58146d555e7ee862d163b6b9d7fcb0012ad7bc5fe719ae2798c5cd680a2a"
            ],
            "type": "Media",
            "firstPartyCookies": {},
            "firstPartyCookiesSent": {},
            "exampleSites": [
                "pornharbour.net",
                "www.pornharbour.net"
            ]
        },
        {
            "rule": "ahcdn\\.com\\/key=yQkc8x8E0+ezIQcROIk9cA,s=,end=1689818238\\/state=ZLh4KHWW\\/buffer=2151403:760151,294\\.4\\/speed=430281\\/reftag=0226915967\\/ssd1\\/111\\/7\\/251962737\\/videos\\/2021\\/01\\/404817_8\\.mp4",
            "cookies": 0,
            "fingerprinting": 0,
            "subdomains": [
                "ip112001037"
            ],
            "apis": {},
            "sites": 2,
            "prevalence": 0.0000136,
            "cnames": [],
            "responseHashes": [
                "cec69abfeff94aa14a4c5357efdc66e12ff02cafbc2e3422bd77b50c05502004"
            ],
            "type": "Media",
            "firstPartyCookies": {},
            "firstPartyCookiesSent": {},
            "exampleSites": [
                "reference-sexe.com",
                "www.reference-sexe.com"
            ]
        },
        {
            "rule": "ahcdn\\.com\\/key=HHxKHYrll0w-9Nf7mcMLWw,s=,end=1689843584\\/state=ZLhHKHWW\\/buffer=822150:1198183,631\\.5\\/speed=164430\\/reftag=0291055336\\/12\\/1408\\/2\\/274902932\\/b\\/video13\\/7\\/7f\\/05c83d6a2175d61f92c6c0f86195437f\\.mp4",
            "cookies": 0,
            "fingerprinting": 0,
            "subdomains": [
                "ip266638150"
            ],
            "apis": {},
            "sites": 2,
            "prevalence": 0.0000136,
            "cnames": [],
            "responseHashes": [],
            "type": "Media",
            "firstPartyCookies": {},
            "firstPartyCookiesSent": {},
            "exampleSites": [
                "shemaletube.tv",
                "www.shemaletube.tv"
            ]
        },
        {
            "rule": "ahcdn\\.com\\/key=2kLqY5Rd9Uh8pAzRPENeZw,s=,end=1689846620\\/state=ZLj1KHWW\\/buffer=2001490:14811719,6907\\.0\\/speed=200149\\/reftag=264241223\\/ssd6\\/35\\/9\\/292874029\\/3016390\\.mp4",
            "cookies": 0,
            "fingerprinting": 0,
            "subdomains": [
                "ip166251504"
            ],
            "apis": {},
            "sites": 2,
            "prevalence": 0.0000136,
            "cnames": [],
            "responseHashes": [
                "182328355851d69632f49e9ef4d88b3632e45bd0c94c9f83ef7bb0bc3a7d5548"
            ],
            "type": "Media",
            "firstPartyCookies": {},
            "firstPartyCookiesSent": {},
            "exampleSites": [
                "sunporno2.com",
                "www.sunporno2.com"
            ]
        },
        {
            "rule": "ahcdn\\.com\\/key=VhIHDvTBJA1MMKUuprf1ZA,s=,end=1689846623\\/state=ZLj1KHWW\\/buffer=2001490:14811719,6907\\.0\\/speed=200149\\/reftag=264241223\\/ssd6\\/35\\/9\\/292874029\\/3016390\\.mp4",
            "cookies": 0,
            "fingerprinting": 0,
            "subdomains": [
                "ip166251504"
            ],
            "apis": {},
            "sites": 2,
            "prevalence": 0.0000136,
            "cnames": [],
            "responseHashes": [
                "182328355851d69632f49e9ef4d88b3632e45bd0c94c9f83ef7bb0bc3a7d5548"
            ],
            "type": "Media",
            "firstPartyCookies": {},
            "firstPartyCookiesSent": {},