{
    "domain": "altmetric.com",
    "owner": {},
    "source": [
        "DuckDuckGo-US"
    ],
    "prevalence": 0.000363,
    "sites": 54,
    "subdomains": [
        "badges",
        "api"
    ],
    "cnames": [],
    "fingerprinting": 0,
    "resources": [
        {
            "rule": "altmetric\\.com\\/",
            "cookies": 0,
            "fingerprinting": 0,
            "subdomains": [
                "badges"
            ],
            "apis": {},
            "sites": 32,
            "prevalence": 0.000215,
            "cnames": [],
            "responseHashes": [
                "b3bd1a239b01a277b06643d3485a0474fb1055a7404a476d82b5df01e72a429a",
                "e61ebaffbdffdc378b775fdda06a4ccf759a045b7fb047a4bb775badb63fc35c",
                "5d3c382878de03ad463e51e62354b58a7ab13045e133cd211c50e6e0fe8cf746",
                "f8195d4582e561cfdbd7d8e7c08f97b7da0d9a1c4c016e750901937dd93ea459",
                "f5e92565f6e0a66848c2d7a60622a3c9c7e96504d74ad3dd243ee713e6795f69",
                "082d536627ce6d6e4e6a1d91dde9e9b0372b9df899e694753ae64decb791a53a",
                "699c4feeb9b2d8f1084a0e1895d7ce5302097aaaadc2b3dd9ef46674d660da18",
                "d7bb4c859835e460f5453b8d13068430a31e88c73c951a1aa461156413690482",
                "5d47e0dcfb16095b7aacc5ded1b60360b284f8dc27d51722f2d73c4619942cdf",
                "2d33793374deee2932754eba8a775a4cefe25ad0e2f0935a595a176a04564cf3",
                "77710c4d4a2eee467e529afd6d1ba57ed0f2ddc7e2bced82b991649ff120c44b",
                "181f8076f89967f9784c1302299ac8b264d16bb2db0d6e5a00c388689e4e43a1",
                "fb3872503cef9a653b4e0480076a5eebf4a31199ae32e7b2303024cead0c3a38",
                "e9d83c1fdfb2fa1d18d4f05174ac47b507d4ab5706944baf0ec39eee1b2404b5",
                "7bcb71e8b843adfe701e3de66d13b8165dad30bbb63e84d4020bbac7633f4135",
                "f80fdf27adef1bff06aa2180df82a04ed69df985782ce65116fcba190fc7cdab",
                "37598f3c95c29fe799e25de1e8dda29f96a2e89e53bec124ba3bc2e241c6cc7e",
                "aaf4636e5fe704567f5dcac2fc3f26d1a8e124e4dd8ab788db15f873ef5d48ac",
                "f324ebd17e2bdba0a23494d106ca4be8f5d3b3a66379b98d626fda3eb7abdf54",
                "1e817d1fb9fa49cfd60b55b628c44f3fdd278312c6b7a9c3d6883fc083759727",
                "83fdf78046d2955a3595651f9c1cc80cd15607b6d5ef66ec29231c05bd4f024e",
                "95a9bd6659c63933e78c0b564e82af9fad2f3450c796bb125c73e2051fe7cf16",
                "9083844b3f2b3499be98dd051bfe738344da85d9a6055373c943ab672f3af3b7",
                "bba5bd8813b88d51e1503f50f417d302fddd4b7df749af8659b3f702f7d5affe",
                "3e05d83ea52c3db6352b9d8d59694dc1a544ad8834ea4ac49735295b8d4b9fed",
                "cb2126009b83af2e5cac627e21aa157f05875d15c7d1f977b567be3c3cde834d",
                "4f70e1cfab1eb69058228b330f0a66535816d286e056f4ac98bd1ca29d51077a",
                "4ed43491bb33f5dc3727d2e72452ec5b3f1672502a9ee82d7bc86df055d01fab",
                "27d3864bfa581359819f371a7aba58c11fcd314e8fb7bfc4f6c0023d334cf92f",
                "7f26131fd022340de68c78e5a2a250ce7a48f66e942f4dbcc358b028873bac4d",
                "62681cd610db87589e8d401600c096a78b381829e4038d1834812c8082f37b3c"
            ],
            "type": "Image",
            "firstPartyCookies": {},
            "firstPartyCookiesSent": {},
            "exampleSites": [
                "www.pnas.org",
                "journals.lww.com",
                "research.rug.nl",
                "academic.oup.com",
                "www.frontiersin.org",
                "aacrjournals.org",
                "heart.bmj.com",
                "royalsocietypublishing.org",
                "research.vu.nl",
                "research.manchester.ac.uk",
                "www.nature.com",
                "research.monash.edu",
                "www.bmj.com",
                "publications.aap.org",
                "jnnp.bmj.com",
                "www.emerald.com",
                "neuro.psychiatryonline.org",
                "www.ajnr.org",
                "bjsm.bmj.com",
                "aip.scitation.org"
            ]
        },
        {
            "rule": "altmetric\\.com\\/v1\\/doi\\/10\\.1371\\/journal\\.pone\\.0002678",
            "cookies": 0,
            "fingerprinting": 0,
            "subdomains": [
                "api"
            ],
            "apis": {},
            "sites": 2,
            "prevalence": 0.0000134,
            "cnames": [],
            "responseHashes": [
                "3e3a0855846b44157f456ffe09775aaa1275ff5bdf0b3041da4301f732eefba2"
            ],
            "type": "XHR",
            "firstPartyCookies": {},
            "firstPartyCookiesSent": {},
            "exampleSites": [
                "plos.org",
                "journals.plos.org"
            ]
        },
        {
            "rule": "altmetric\\.com\\/v1\\/doi\\/10\\.1148\\/68\\.4\\.534",
            "cookies": 0,
            "fingerprinting": 0,
            "subdomains": [
                "api"
            ],
            "apis": {},
            "sites": 2,
            "prevalence": 0.0000134,
            "cnames": [],
            "responseHashes": [
                "e3b0c44298fc1c149afbf4c8996fb92427ae41e4649b934ca495991b7852b855"
            ],
            "type": "Script",
            "firstPartyCookies": {},
            "firstPartyCookiesSent": {},
            "exampleSites": [
                "rsna.org",
                "pubs.rsna.org"
            ]
        }
    ],
    "categories": [],
    "performance": {},
    "cookies": 0,
    "topInitiators": [
        {
            "domain": "d1bxh8uas1mnw7.cloudfront.net",
            "prevalence": 0.5865384615384616
        },
        {
            "domain": "first party",
            "prevalence": 0.3605769230769231
        },
        {
            "domain": "ajax.googleapis.com",
            "prevalence": 0.028846153846153848
        },
        {
            "domain": "cookielaw.org",
            "prevalence": 0.014423076923076924
        },
        {
            "domain": "osano.com",
            "prevalence": 0.004807692307692308
        },
        {
            "domain": "aip.org",
            "prevalence": 0.004807692307692308
        }
    ],
    "types": {
        "Image": 32,
        "XHR": 2,
        "Script": 2
    },
    "nameservers": [
        "elaine.ns.cloudflare.com",
        "ruben.ns.cloudflare.com"
    ]
}