{
    "domain": "analytics-sm.com",
    "owner": {},
    "source": [
        "DuckDuckGo-US"
    ],
    "prevalence": 0.000218,
    "sites": 32,
    "subdomains": [],
    "cnames": [],
    "fingerprinting": 1,
    "resources": [
        {
            "rule": "analytics-sm\\.com\\/js\\/v1\\/beacon\\.js",
            "cookies": 0.000109,
            "fingerprinting": 1,
            "subdomains": [],
            "apis": {
                "Document.cookie getter": 18,
                "Date.prototype.getTime": 18,
                "Date.prototype.getTimezoneOffset": 18,
                "Document.cookie setter": 16
            },
            "sites": 19,
            "prevalence": 0.00013,
            "cnames": [],
            "responseHashes": [
                "133b0a1570d26f9e1beeecaeb4587a8f449c65bff8c87895cdd7e98879644ba6"
            ],
            "type": "Script",
            "firstPartyCookies": {
                "__t1652879316414": {
                    "ttl": -1652879316,
                    "length": 4,
                    "prevalence": 0.000006819700751531023,
                    "uniqueness": 1
                },
                "sm_uuid": {
                    "ttl": 251749447758,
                    "length": 13,
                    "prevalence": 0.00008865610976990329,
                    "uniqueness": 1
                },
                "__t1652886500092": {
                    "ttl": -1652886490,
                    "length": 4,
                    "prevalence": 0.000006819700751531023,
                    "uniqueness": 1
                },
                "__t1652863188102": {
                    "ttl": -1652863185,
                    "length": 4,
                    "prevalence": 0.000006819700751531023,
                    "uniqueness": 1
                },
                "__t1652853592687": {
                    "ttl": -1652853590,
                    "length": 4,
                    "prevalence": 0.000006819700751531023,
                    "uniqueness": 1
                },
                "__t1652917769846": {
                    "ttl": -1652917762,
                    "length": 4,
                    "prevalence": 0.000006819700751531023,
                    "uniqueness": 1
                },
                "__t1652800243179": {
                    "ttl": -1652800240,
                    "length": 4,
                    "prevalence": 0.000006819700751531023,
                    "uniqueness": 1
                },
                "__t1652828532511": {
                    "ttl": -1652828530,
                    "length": 4,
                    "prevalence": 0.000006819700751531023,
                    "uniqueness": 1
                },
                "__t1652853044351": {
                    "ttl": -1652853041,
                    "length": 4,
                    "prevalence": 0.000006819700751531023,
                    "uniqueness": 1
                },
                "__t1652845504881": {
                    "ttl": -1652845500,
                    "length": 4,
                    "prevalence": 0.000006819700751531023,
                    "uniqueness": 1
                },
                "__t1652836778678": {
                    "ttl": -1652836774,
                    "length": 4,
                    "prevalence": 0.000006819700751531023,
                    "uniqueness": 1
                },
                "__t1652814188508": {
                    "ttl": -1652814186,
                    "length": 4,
                    "prevalence": 0.000006819700751531023,
                    "uniqueness": 1
                },
                "__t1652807151426": {
                    "ttl": -1652807148,
                    "length": 4,
                    "prevalence": 0.000006819700751531023,
                    "uniqueness": 1
                },
                "__t1652854731871": {
                    "ttl": -1652854727,
                    "length": 4,
                    "prevalence": 0.000006819700751531023,
                    "uniqueness": 1
                }
            },
            "firstPartyCookiesSent": {},
            "exampleSites": [
                "babbel.com",
                "hbogo.pl",
                "newsnationusa.com",
                "www.academy.com",
                "www.anytimefitness.com",
                "www.babbel.com",
                "www.choicehotels.com",
                "www.courttv.com",
                "www.dexcom.com",
                "www.electrolux.com",
                "www.hbomax.com",
                "www.monster.com",
                "www.newsnationnow.com",
                "www.nordstromrack.com",
                "www.remax.com",
                "www.rover.com",
                "www.skillshare.com",
                "www.usaa.com",
                "www.virginvoyages.com"
            ]
        },
        {
            "rule": "analytics-sm\\.com\\/",
            "cookies": 0,
            "fingerprinting": 0,
            "subdomains": [],
            "apis": {},
            "sites": 20,
            "prevalence": 0.000136,
            "cnames": [],
            "responseHashes": [
                "563afc4c97355825a57b96db14ae81c2682759a39b901c9a3dd009ea2ad42b19"
            ],
            "type": "Image",
            "firstPartyCookies": {},
            "firstPartyCookiesSent": {
                "sm_uuid": 0.00010911521202449636,
                "IR_gbd": 0.00002045910225459307,
                "lotame_domain_check": 0.000006819700751531023
            },
            "exampleSites": [
                "babbel.com",
                "hbogo.pl",
                "newsnationusa.com",
                "www.academy.com",
                "www.anytimefitness.com",
                "www.babbel.com",
                "www.choicehotels.com",
                "www.courttv.com",
                "www.dexcom.com",
                "www.electrolux.com",
                "www.experian.com",
                "www.hbomax.com",
                "www.monster.com",
                "www.newsnationnow.com",
                "www.nordstromrack.com",
                "www.remax.com",
                "www.rover.com",
                "www.skillshare.com",
                "www.usaa.com",
                "www.virginvoyages.com"
            ]
        }
    ],
    "categories": [],
    "performance": {},
    "cookies": 0.000191,
    "types": {
        "Script": 19,
        "Image": 20
    },
    "nameservers": [
        "ns-354.awsdns-44.com",
        "ns-1012.awsdns-62.net",
        "ns-1231.awsdns-25.org",
        "ns-2044.awsdns-63.co.uk"
    ]
}