{
    "domain": "ar732.com",
    "owner": {},
    "source": [
        "DuckDuckGo-US"
    ],
    "prevalence": 0.00019,
    "sites": 28,
    "subdomains": [
        "a",
        "s"
    ],
    "cnames": [],
    "fingerprinting": 0,
    "resources": [
        {
            "rule": "ar732\\.com\\/ad",
            "cookies": 0,
            "fingerprinting": 0,
            "subdomains": [
                "a"
            ],
            "apis": {},
            "sites": 14,
            "prevalence": 0.0000948,
            "cnames": [],
            "responseHashes": [
                "fd890fcb9ca1ebf8d264773b6a9499b7bda2b17d06e2edd3c81327d790ca1378",
                "8b5a04e43e0638e7abcaee68c9297881eef7301e7ca711120bdcbcc50d6c68b9",
                "5b1ce9389455b5c9050fe70884461ccfe37e28297570396976d05db18c227274",
                "d817ceaf55b84111a2e2ca608f50edb67ac4fbeb56d4b5663a637880d7cbd4e6",
                "50b223744ce322e0b2d3143b89dc97133d385b1c25f2d642d61536fbff03fc3b",
                "520a3580b94e29264c72e781dcea1dcdf0fc915f1fa8fb21db9137d66778c403",
                "55d0d5a617d5deeae901c9b1887c28628fcaa1d433443b142f63e9bab724c871",
                "4ef246bdb7120946347e1e2047cf63b9656778552faf312ec87b780b2ce4e3b3",
                "08c6be22f66df18d6e7e8f813068f38cd7197e2ddf815f0827ecf14cc1446947",
                "5e468e875f42470eecf6e2805ef5048374284597d65457802c28329d02963877",
                "1c1fca3c9cde7f936208aa438c2ebca5bdfc73a2e70929bcbc13ceea435c4108",
                "f7b0d740a5bcbf61c03301ba5a1476bfc7dd67f4b0b585b7f6c4228e3da65eff",
                "59544884de7bcc288119c3f5a714428ac3819cdba4cac27a261a65ab382992b8"
            ],
            "type": "Document",
            "firstPartyCookies": {},
            "firstPartyCookiesSent": {},
            "exampleSites": [
                "avgle.com",
                "jav.wine",
                "javhd.moe",
                "javrave.club",
                "javraveclub.com",
                "kisscos.net",
                "muchohentai.com",
                "mycomicsxxx.com",
                "porndude.tv",
                "pornone.com",
                "tojav.net",
                "www.papalah.com",
                "www.povaddict.com",
                "www.vintagepornfun.com"
            ]
        },
        {
            "rule": "ar732\\.com\\/css\\/wm\\.css",
            "cookies": 0,
            "fingerprinting": 0,
            "subdomains": [
                "s"
            ],
            "apis": {},
            "sites": 8,
            "prevalence": 0.0000542,
            "cnames": [],
            "responseHashes": [
                "425ada380ee0eea11f25db022a49856977415561b9728b9add91e5a79edd10e3"
            ],
            "type": "Stylesheet",
            "firstPartyCookies": {},
            "firstPartyCookiesSent": {},
            "exampleSites": [
                "avgle.com",
                "jav.wine",
                "kisscos.net",
                "muchohentai.com",
                "pornone.com",
                "tojav.net",
                "www.papalah.com",
                "www.vintagepornfun.com"
            ]
        },
        {
            "rule": "ar732\\.com\\/ad",
            "cookies": 0,
            "fingerprinting": 0,
            "subdomains": [
                "a"
            ],
            "apis": {},
            "sites": 3,
            "prevalence": 0.0000203,
            "cnames": [],
            "responseHashes": [
                "e38cb2d33054968ab24c262e4f3d80266531b0f588a284b3d49763971e48aa76",
                "80f0c8be7b88fa9eb5df60326acc2bfbb656169e687574fe6a6cd92ccb9ceac0"
            ],
            "type": "Fetch",
            "firstPartyCookies": {},
            "firstPartyCookiesSent": {},
            "exampleSites": [
                "pemersatu.online",
                "pemersatu.top",
                "pemersatudotfun.com"
            ]
        }
    ],
    "categories": [],
    "performance": {},
    "cookies": 0,
    "topInitiators": [
        {
            "domain": "adxadserv.com",
            "prevalence": 1
        }
    ],
    "types": {
        "Document": 14,
        "Stylesheet": 8,
        "Fetch": 3
    },
    "nameservers": [
        "ns.anycastns1.org",
        "ns.anycastns2.org"
    ]
}