{
    "domain": "arc-cdn.net",
    "owner": {},
    "source": [
        "DuckDuckGo-US"
    ],
    "prevalence": 0.000386,
    "sites": 57,
    "subdomains": [
        "gray-config-prod.api",
        "910mediagroup-config-prod.api",
        "bloomberglinea-config-prod.api",
        "coxohio-config-prod.api",
        "elfinanciero-config-prod.api",
        "pmn-config-prod.api",
        "irishtimes-config-prod.api",
        "cmg-config-prod.api",
        "metroworldnews-config-prod.api",
        "opb-config-prod.api",
        "gray-prod.video"
    ],
    "cnames": [],
    "fingerprinting": 0,
    "resources": [
        {
            "rule": "arc-cdn\\.net\\/video\\/v1\\/ansvideos\\/findByUuid",
            "cookies": 0,
            "fingerprinting": 0,
            "subdomains": [
                "gray-config-prod.api",
                "910mediagroup-config-prod.api",
                "bloomberglinea-config-prod.api",
                "coxohio-config-prod.api",
                "elfinanciero-config-prod.api",
                "pmn-config-prod.api",
                "irishtimes-config-prod.api",
                "cmg-config-prod.api",
                "metroworldnews-config-prod.api",
                "opb-config-prod.api"
            ],
            "apis": {},
            "sites": 56,
            "prevalence": 0.000379,
            "cnames": [],
            "responseHashes": [
                "67477deb2d973a03ed8f2468ae65a0aff81e413520b67c7c1ab2b71166487a51",
                "7fde7bff029f6eaffaa4d4b1ecf6594132d47a1c7b5387fcd0161e00e087e70e",
                "3a61e109615ce642451d7598239c23115806404a4773c90edaaa37be5d9adbf4",
                "a085f9c349715d91e564656e7441dab108cc9077ae275af282415474fa332f9d",
                "0feccc464918717b990008558b72f3a15953cb7644158a7f91018093fdfd5f1d",
                "d8618b99b62f437cf320b177721275397238171c73992188d046e3bea234d0ed",
                "3b851a235be0253ad8378e7f942a30dc27be9090cdba39c7d4901263ae86afe4",
                "6016efa7d3dd2496bb1b086a065935f9d7467f7fcba3dd35b7403ccad2f7f060",
                "57a075ade62a5ebe844ccc53105ace1307f0dbf315e81161bb1ccd70e392d55c",
                "9bdff4e5aebed7c255ab187dc36ade52b709fbc8958f233940211a3952271a33",
                "5325b650a40778bf30d71b570b954339125a37ac416a636316884e716d9da02d",
                "aa745f68424df144a8c436d7ee7bb3c22ef5cf9856f6cc554774e7ba3dddc9c2",
                "e78c7d5039172c30415e6f964006d25f627c9d8ffffb17a423680bb20a68b388",
                "39ca9fe09307546548032c5884156fa7f49c9792c66f58ce1dc16b2fe72568f7",
                "fbe4e176fcb86dac8ae4f4ebc8474dc0875acca21974c1b15825062948b53719",
                "aa883c47ab1ffe61a3261ecaf039e8e03dc663cc98a526a79deabf308658a531",
                "928a4af1e6c2de2a7beee17f8f7f27ba327527b955c9f34f4afc63b5094012d1",
                "e461f25992c36c54db58ff448584a3aa38e8ba6ef66d302dd1042e7548c1909c",
                "c533e79142f32ddb80ad516caed069651edac1a7df8b6103b770ab622962ee98",
                "693f12b7852fdbb4f06989cfa9f74a4eba63b71ebfb5efd805cf4ee29ea94544",
                "fe2d4142b1a81d70338571acbfd4fbebb9db0bbc3d43519dfb7f155001988dd5",
                "e1a6d92220b30c1f89d95e50b392e47c111969ad05b5e144a6a5488f3e3ea906",
                "d93adf3618c3d872ca43e963499c1712bc7e645f6c97ed8af4a9b1aa4535fa0e",
                "d41c6fdeb6692d083761e3d198790b4e32ecf62340d576bb03b534dc329d75c5",
                "36991ac3609a0137f9072a7f6179e443d27eb80ff3bde099c0e08f16fb246630",
                "075ab7a7de59b4483c677a2976648cf242e4bb4cfaafe86e0eaa6b91416864c5",
                "60df81ab58b6466e4b5feeea52161bf60e9e0709286bd28d7772fe36925fa9ed",
                "6d6f644e2f808340dcb3ae09d112d06a506ddb84af00481cad586b3aa5fadcb0",
                "756eb37bcb4cf4f451664f1d3c54c89cd093392275e3a7c12ecadc90ce4c3ce9",
                "fbea767aedb66bc8c6df217b524c1ab5df58d13db19ee73e477860f27df08057",
                "aeb295e52a67d80e457dd5cc0086660548aaec6db502db20d8f91e1ee776b492",
                "98a924d55a6e6feecb40cf2fa8be5da876fe98dec383827f4a10f7b12c1f4b6c",
                "0f3ea849f38a48647723b29b3ab724d1bb582042f46e5074c21ab7bf26012e30",
                "fba93f3fc6b457c15d19f1c7c7d503e7ed4ab37ffb4674ee27d9315f9fddc32f",
                "1b1bf82bd0fdaae7d485c0bc6aaa6c4e217b7f9b0bfac6519d297fbb9010441c",
                "f34da6ad67315c673c1fcc7abc5db99f45a3caccb896c974eef14ca437d7d41a",
                "dc5d04d280125178c1d4cde307e821ae70842c38f93cc2fc31a487681df03637",
                "e283a5d606318b9d8702de93318c441393b63a0ac146d8c97921c69cb5c2a285",
                "d4a9c1522c7a437e1cc7b11817e5973d065e5c0fc76e5c1a40d74295bd4e167e",
                "34b8c72bff0f9664db7e4d45a12f5fb012596d66708ed36e2d7f8c434063c420",
                "1c0d9194fded3f0a62cae46736c1ceb35273c1764ebbe7c4bbc62ad38a68291e",
                "8d8a223538710db4d5b19aa833535537fb8daae39ca061fe3b335391fdd1c313",
                "d86d2c11482ac1178fbb3168445d147714d540b4dc46783ee1229f472a731df3",
                "d8c01c176192006887734b5bc53fb912bed02852e4bb2c134135382e7a344b86",
                "3f2e009b99eb4e65881db246caca3453bab82a4367b36eaee1cef1b960701901",
                "148c2dd2ce6e4ac04b4317d8b529eb7b240475397cfe6d447ca76ff752959be6",
                "5f28bb94363098783f62145c50452c1cf0ca55fd352a20731e5706282fd51f24",
                "644c6e7dcf58becefd164b2e839dccf3187c2b9f0e105d703a91589118e9fa92",
                "6284d384107448ed6821c1d7446bc0b65dc43bc21a5845c9b314add935410222",
                "ddda03313c0ef623d92942d8cdd4deba904ced5a4f710227ab39e43df330712e",
                "139541255b10a2e72b55ed3ea6b774d7f494574430f649b2341bccd717cbb1c5",
                "e8db41d400eade21dc67da4cc506906b1346689a33ad47a2fcf19aa13fa7e88e",
                "15669711f71690badb7be4062dfd51436d3f74a39676283a50e826c0f2266510"
            ],
            "type": "XHR",
            "firstPartyCookies": {},
            "firstPartyCookiesSent": {},
            "exampleSites": [
                "www.kltv.com",
                "www.kttc.com",
                "www.wftv.com",
                "www.walb.com",
                "www.elfinanciero.com.mx",
                "www.valleynewslive.com",
                "www.kktv.com",
                "www.bloomberglinea.com",
                "www.wtvy.com",
                "www.9and10news.com",
                "www.wbrc.com",
                "www.dayton.com",
                "www.cleveland19.com",
                "www.wibw.com",
                "www.wdbj7.com",
                "www.alaskasnewssource.com",
                "www.wsaz.com",
                "www.wlox.com",
                "www.wdam.com",
                "www.wilx.com"
            ]
        },
        {
            "rule": "arc-cdn\\.net\\/gray\\/2021\\/08\\/30\\/612d54dcc9e77c0007492d4f\\/WMCTV_20120910191346330AC\\.mp4",
            "cookies": 0,
            "fingerprinting": 0,
            "subdomains": [
                "gray-prod.video"
            ],
            "apis": {},
            "sites": 2,
            "prevalence": 0.0000135,
            "cnames": [],
            "responseHashes": [
                "0b0bf96134121d7be754cbcbf17fad237b07dc470975ad79a649c355c5709c9d"
            ],
            "type": "Media",
            "firstPartyCookies": {},
            "firstPartyCookiesSent": {},
            "exampleSites": [
                "actionnews5.com",
                "www.actionnews5.com"
            ]
        }
    ],
    "categories": [],
    "performance": {},
    "cookies": 0,
    "topInitiators": [
        {
            "domain": "d3agakyjgjv5i8.cloudfront.net",
            "prevalence": 0.47058823529411764
        },
        {
            "domain": "first party",
            "prevalence": 0.3697478991596639
        },
        {
            "domain": "arcpublishing.com",
            "prevalence": 0.08403361344537816
        },
        {
            "domain": "dzyf5jtgd0sxp.cloudfront.net",