{
    "domain": "arc-cdn.net",
    "owner": {},
    "source": [
        "DuckDuckGo-US"
    ],
    "prevalence": 0.000333,
    "sites": 49,
    "subdomains": [
        "gray-config-prod.api",
        "bostonglobe-config-prod.api",
        "coxohio-config-prod.api",
        "cmg-config-prod.api",
        "irishtimes-config-prod.api",
        "opb-config-prod.api",
        "metroworldnews-config-prod.api",
        "bostonglobe-prod.video"
    ],
    "cnames": [],
    "fingerprinting": 0,
    "resources": [
        {
            "rule": "arc-cdn\\.net\\/video\\/v1\\/ansvideos\\/findByUuid",
            "cookies": 0,
            "fingerprinting": 0,
            "subdomains": [
                "gray-config-prod.api",
                "bostonglobe-config-prod.api",
                "coxohio-config-prod.api",
                "cmg-config-prod.api",
                "irishtimes-config-prod.api",
                "opb-config-prod.api",
                "metroworldnews-config-prod.api"
            ],
            "apis": {},
            "sites": 46,
            "prevalence": 0.000313,
            "cnames": [],
            "responseHashes": [
                "981d934f6fb5d8b08c99319bae92ce2a5e687045f3dbf6cc1253510384836a30",
                "46124c264ab2b48788e22ecb26a730f4afc625da6edb9b8a0cd454aebca9c965",
                "f68e99a6793e55b674c979294065320565161eaccb272ea29986918cc3549c9d",
                "c34d8a6734513382228abca0eb6695961336b136d5df762178aba27b55a5c54d",
                "6016efa7d3dd2496bb1b086a065935f9d7467f7fcba3dd35b7403ccad2f7f060",
                "17960836503b7ff534babf478b8f179af90e51237e75c070bcb6828d439fd83f",
                "69e74fb8b3a41a12a6b753e6de12ceff14d8b4af7e0a9eba774aad79f5957769",
                "87c33b8330c4939c3e9e769e8460518417006bf9b2b3deea444fb9b0dffa2fc5",
                "00ade9024b61cf65e43a1fdbbaeb5edef9fd51bf2c9b49709bdb5aadf6023353",
                "58bb344c8ab6bee4ab90fe2f5eb2cf25b72c7ee6c9ef8e55afc53131686661e9",
                "01318dca575f191d8e2eb1a6271df2bbcbdda72ba02032fababc3cf2e4d67528",
                "d24653c4f2666b6d4fa838d34849de85529b0531b2afe8239b1c4218b8d6a409",
                "17d3b5592363e72a5c80d8b0f833c7d6eb384f455a04b1f573014fc0a634d0c4",
                "fa079637f9cd6f76d2bed815034799494d709ed8cb9fdabc87fe91ef4536e917",
                "ea80bcfca48f8a8e96ad3b86655320d4973cefa0d8166460f51b83143f5d34f0",
                "ab5c73d9be9f2a603b7379ae2b6ec17ac8cb20096ceba3d7dfe13e3cc010f725",
                "29f561a44aa008973dd9a57b3f0d8950c278a4b1e00d4a3a851678cf4d1b6dd8",
                "55555cf3a98b1757802f74f61f37adae9e3f908ea831da273adbdd66d93bbc88",
                "4fe6acba4f9d8c5f49955eb0a64ff5571fb1fdebada5dd25e8b341321eb67cb5",
                "7ec2bc9992f3131549331be029e48cd3b1f80598f227f90b3eb16e245e1ba8da",
                "e1a6d92220b30c1f89d95e50b392e47c111969ad05b5e144a6a5488f3e3ea906",
                "8917dcf0d8e404dd6086ec1704057f77ca20d069d9ee3770c8859e23bff73d7e",
                "62f47c5a7a8fc18689d9814d9a3175d57bfe943087c5504d86a945e95d3e308b",
                "bb294502b72535e9ae823a9d8a67b1f0b9342a6c9aa538ca3544123fbcbdbe78",
                "db40cb5381fccf4c8b08c6cc60586fcc90ba4374a2a34578ffe0d651295953eb",
                "d46fcea4b78b97b3ca68aa64ba5e6d41cf432cd29e1139c19bca1019999ab495",
                "615c68ecb0ba061270209d0068250d041aa770444165a322958a5b25b6785b28",
                "61091f8b998950012962d79adb1c19aa0382e4146b6428dd13973be4fc911f5d",
                "b4784f9565192d93e3039bdf4ebb345b30784f6c31cb445ee9c22eeb172b73b9",
                "b94d67b936367ffb0637497bd18e3904932c7f282addd3a5379366baf01c328f",
                "353a11e465a3a31aaf04a35dbadee6437702657f348a2b0293e77e4f8ce34232",
                "813aab86c267ea816cb4de2afeb6d2e4fe9bb35bb2f82c9cd9c643d095b8f0d3",
                "3f216f44be460ea85b6bd19a3e3d01db999c882ef9c5d0342424796548438305",
                "4a6261ee7253fa2d2c14df7b079e5f96f0ffe41b8a1ba7a413625d0b85742ab8",
                "0791f615ccab6c6e86267bae44bf456b967fd8f1beefdbaafe46157ed34f8cda",
                "64b6e86ad0c8adb098a91fcb4e262ffae193c39b20d8c8feea42f4e261977496",
                "d8c01c176192006887734b5bc53fb912bed02852e4bb2c134135382e7a344b86",
                "96098720b437b32fb8e586d77fd35311c68b1c2fcbb6d7e50121d784dab5ddf7",
                "bfc57c5c4ab7e43f9b30503c6ab9e75c08a65a0a76f9993d3a778f094eb5eda1",
                "e494f543844a8bfb1a5992e7b23a688bb4ec1b32e8e102f35e9f9046c273641c",
                "6284d384107448ed6821c1d7446bc0b65dc43bc21a5845c9b314add935410222",
                "56b7dff48f1e211b6567b9775150c4f19f9b20bd814ce81b5f0de7364ec34760",
                "d297a22ff7ac0812226ddc4299860945ad23ed357ad8fce19d79634e956716e2",
                "3bc2db7837f1d1249a362f37f70ce56dbc1ee06effe0b5f5a8f84c30142d9328",
                "69869c14a970c073562a3ffec43decd6ccbe706597be8ee9e6b2ce2f9b042292"
            ],
            "type": "XHR",
            "firstPartyCookies": {},
            "firstPartyCookiesSent": {},
            "exampleSites": [
                "www.whsv.com",
                "www.waff.com",
                "www.wtoc.com",
                "www.opb.org",
                "www.wcjb.com",
                "www.wctv.tv",
                "www.kcbd.com",
                "www.fox8live.com",
                "www.wibw.com",
                "www.kfvs12.com",
                "www.kmvt.com",
                "www.ktiv.com",
                "www.valleynewslive.com",
                "www.uppermichiganssource.com",
                "www.wtap.com",
                "www.wwnytv.com",
                "www.ksla.com",
                "atlantanewsfirst.com",
                "www.wave3.com",
                "www.publimetro.com.mx"
            ]
        },
        {
            "rule": "arc-cdn\\.net\\/wp-bostonglobe\\/20221214\\/63995ce2cf0c87326a8ad799\\/t_6f8d4599632a4759a349c1c20b1a79ac_name_BT_Sparkcharge_12_8\\/file_854x480-1200-v3_1\\.mp4",
            "cookies": 0,
            "fingerprinting": 0,
            "subdomains": [
                "bostonglobe-prod.video"
            ],
            "apis": {},
            "sites": 2,
            "prevalence": 0.0000136,
            "cnames": [],
            "responseHashes": [],
            "type": "Media",
            "firstPartyCookies": {},
            "firstPartyCookiesSent": {},
            "exampleSites": [
                "bostonglobe.com",
                "www.bostonglobe.com"
            ]
        }
    ],
    "categories": [],
    "performance": {},
    "cookies": 0,
    "topInitiators": [
        {
            "domain": "d3agakyjgjv5i8.cloudfront.net",
            "prevalence": 0.4791666666666667
        },
        {
            "domain": "first party",
            "prevalence": 0.3854166666666667
        },
        {
            "domain": "arcpublishing.com",
            "prevalence": 0.10416666666666667
        },
        {
            "domain": "d1zokzhal29fpg.cloudfront.net",
            "prevalence": 0.020833333333333332
        },
        {
            "domain": "d328y0m0mtvzqc.cloudfront.net",
            "prevalence": 0.010416666666666666
        }
    ],
    "types": {
        "XHR": 46,
        "Media": 2
    },
    "nameservers": [
        "a7-64.akam.net",
        "a18-65.akam.net",
        "a20-66.akam.net",
        "a9-65.akam.net",
        "a1-56.akam.net",
        "a24-67.akam.net"
    ]
}