{
    "domain": "aweprt.com",
    "owner": {
        "name": "DOCLER IP S.A R.L.",
        "displayName": "Docler IP"
    },
    "source": [
        "DuckDuckGo-US"
    ],
    "prevalence": 0.000258,
    "sites": 38,
    "subdomains": [],
    "cnames": [],
    "fingerprinting": 1,
    "resources": [
        {
            "rule": "aweprt\\.com\\/embed\\/natlf",
            "cookies": 0.000149,
            "fingerprinting": 1,
            "subdomains": [],
            "apis": {
                "window.localStorage": 22,
                "Navigator.prototype.userAgent": 22,
                "window.innerWidth": 22,
                "window.innerHeight": 22
            },
            "sites": 22,
            "prevalence": 0.000149,
            "cnames": [],
            "responseHashes": [
                "84ad9dc2325361960d96c8a2f24607c5d776ead9f3e1618339c37da44b03ea59",
                "4185ac28a482fbdcdc635a23e7958be06aa3f941223508d93fb4471b98afd9bf",
                "7b3934c6cb6557417eebbd2068f5ab81448961c094944983e6d6ab386976ccba",
                "f2f4556bde1500cb18fcc0f922c924e7d630c7f6b85745778a1d7a501bae0181",
                "8d9b9656799ca96c97132694b966a768854c43c772b27728ad68567d821f0bdd",
                "4939c35b9e8c997e57e5a88cd8ba90c6bf3393f20c77946f3b4b2c9a15f5d934",
                "c4de514b5536e3c981f03ff1af3ad5ddf22a373b84a03b88a0ac2b3f3c1f229f",
                "eb445120ded1197babdd39cc1178630bc2f71b98de09075d0acab9a6d6c29e52",
                "ab860e46f8ed8285fd1730f57f0fdf212f8e25db910ebcfb9a4a6a48b68b4866",
                "c9be107ff78b5cb9d29271845624e7434466e569e63c8f90b1421842970ff664",
                "1edf94d670892e26c3426af1b50ecd330b1cbaddaf4d3a8b9c60bb0cc380ef96",
                "b482592d21cb496772a3a13a571bfb7f9da606d3303c0b329a8d289fa4c55e44",
                "37e802af77bec2f9e112b6a8d015184d04f97cdd92047307018c8c83867b83e2",
                "d6d95463aeeeade5d5cb08a8f2c89eb07cad01f3e2bf5d9ca5e64bb665463fd8",
                "d85432c3b5404ca5fe0c9e12520aa340c4c04ed49e6045b996e21961876268bb",
                "ab8c8d451936b65f0483bbc1e104bf94eed7787c8ba8559efb3344513cea6e1f",
                "767324552519c254171ffabb83a2e2c994b6719d61449e4ab1882c957ba50c7c",
                "508fcb190d6614950b5046339b4b8d02190351396582513b64520c4aa7ec2f81",
                "019fc1b5b1322230b9a95cf1f59b5c8d09c0c642944e1efe374db1835162bdb4",
                "888181a154f8333021ab3a1671b6a0e633416263c070f9ed0383d15efcc100c4",
                "6c5a507d53bb291869fba9226fb595424f54cdc882314f9a354c47e0dd09c4cc"
            ],
            "type": "Script",
            "firstPartyCookies": {},
            "firstPartyCookiesSent": {},
            "exampleSites": [
                "xtime.video",
                "influencersgonewild1.com",
                "www.blacktrannynow.com",
                "wankgod.com",
                "pornhubsex.de",
                "vipgirlstr.net",
                "porntn.org",
                "lesbiangirlgirl.com",
                "www.seemyporn.com",
                "loveygirl.xyz",
                "sexvibe.me",
                "freejavunc.com",
                "hentaihorizon.com",
                "www.lolteentube.com",
                "xskirt.xyz",
                "lovingsiren.com",
                "sexosintabues30.com",
                "onlyfans-girls.xyz",
                "tickzoo.com",
                "eroticmovies.xyz"
            ]
        }
    ],
    "categories": [],
    "performance": {},
    "cookies": 0.000258,
    "types": {
        "Script": 22
    },
    "nameservers": [
        "ns1.eurodns.com",
        "ns2.eurodns.com",
        "ns3.eurodns.com",
        "ns4.eurodns.com"
    ]
}