{
    "domain": "aweprt.com",
    "owner": {
        "name": "DOCLER IP S.A R.L.",
        "displayName": "Docler IP"
    },
    "source": [
        "DuckDuckGo-US"
    ],
    "prevalence": 0.000245,
    "sites": 36,
    "subdomains": [],
    "cnames": [],
    "fingerprinting": 1,
    "resources": [
        {
            "rule": "aweprt\\.com\\/embed\\/natlf",
            "cookies": 0.000157,
            "fingerprinting": 1,
            "subdomains": [],
            "apis": {
                "window.localStorage": 22,
                "Navigator.prototype.userAgent": 23,
                "window.innerWidth": 23,
                "window.innerHeight": 23
            },
            "sites": 23,
            "prevalence": 0.000157,
            "cnames": [],
            "responseHashes": [
                "e356dc1170cd3b74b6050a524fdd8f44103aae4481a75790f76c9a47ac504de5",
                "f28377d3c490e8cff5b68f4720746bae498f88ce03c9df008c13b59c041e3766",
                "c31846b5279ef045f43e9020810c00fcd05d518c849421fe470f34b6378a2ca7",
                "4185ac28a482fbdcdc635a23e7958be06aa3f941223508d93fb4471b98afd9bf",
                "b40fb2d9a6df781c09ced091b49a1e64b4d3effe9a1793fb33fce068af7c644b",
                "6d5c52a5a90541ff403fc4c3da6d7baa34644e8c5976da3f7a710a17d7f0a863",
                "8d9b9656799ca96c97132694b966a768854c43c772b27728ad68567d821f0bdd",
                "c4de514b5536e3c981f03ff1af3ad5ddf22a373b84a03b88a0ac2b3f3c1f229f",
                "59bf172df11be3d6628a07159551add80716f79c3942f425b9cf948c8c6267af",
                "bafe11f0af71faa7fa9c66430074395f87110ce0eda241c1f8ee0d9a6cdc1ee9",
                "c9be107ff78b5cb9d29271845624e7434466e569e63c8f90b1421842970ff664",
                "b2240c54d0bf3ac5bfdb1c80a324e49f7a0a7a26288a07de1945c418cfe5f216",
                "615ae678f66b4d604e3640090c9efcd92504ab1c3176e5719490f5e279517127",
                "97777dc79770d921e2cd03e0c014ff78cd1081da8d02897994219c3332327a1c",
                "cee582140ee4a2251ecdc4a43bb6d13b070e9bffe89ba23d1ea4a86011f20a23",
                "ab8c8d451936b65f0483bbc1e104bf94eed7787c8ba8559efb3344513cea6e1f",
                "767324552519c254171ffabb83a2e2c994b6719d61449e4ab1882c957ba50c7c",
                "9f1820f5cba8e562b16fab05b0565a0ac051c5854f1abaa5908e8a1c281bc41a",
                "508fcb190d6614950b5046339b4b8d02190351396582513b64520c4aa7ec2f81",
                "a966cb85ee7de195103c0572c8a6fb49c10f594b1996b5b5e9839dfcc801dae6",
                "019fc1b5b1322230b9a95cf1f59b5c8d09c0c642944e1efe374db1835162bdb4",
                "6c5a507d53bb291869fba9226fb595424f54cdc882314f9a354c47e0dd09c4cc"
            ],
            "type": "Script",
            "firstPartyCookies": {},
            "firstPartyCookiesSent": {},
            "exampleSites": [
                "porntn.org",
                "fanslyleaked.com",
                "thichsex.com",
                "lovingsiren.com",
                "pixxxels.cc",
                "www.celebritypornphoto.com",
                "lesbiangirlgirl.com",
                "www.seemyporn.com",
                "www.blacktrannynow.com",
                "colegialasreales.com",
                "grupodeputaria.net",
                "wankgod.com",
                "comicspornow.com",
                "sgnow.to",
                "eroticmovies.xyz",
                "www.lolteentube.com",
                "www.nudedxxx.com",
                "thotbook.org",
                "virtualgirls.xyz",
                "freejavunc.com"
            ]
        }
    ],
    "categories": [],
    "performance": {},
    "cookies": 0.000245,
    "types": {
        "Script": 23
    },
    "nameservers": [
        "ns1.eurodns.com",
        "ns2.eurodns.com",
        "ns3.eurodns.com",
        "ns4.eurodns.com"
    ]
}