{
    "domain": "bablic.com",
    "owner": {},
    "source": [
        "DuckDuckGo-US"
    ],
    "prevalence": 0.000157,
    "sites": 23,
    "subdomains": [
        "e2",
        "uploads",
        "d",
        "cdn2"
    ],
    "cnames": [],
    "fingerprinting": 2,
    "resources": [
        {
            "rule": "bablic\\.com\\/api\\/engine\\/ping",
            "cookies": 0.000116,
            "fingerprinting": 0,
            "subdomains": [
                "e2"
            ],
            "apis": {},
            "sites": 18,
            "prevalence": 0.000123,
            "cnames": [],
            "responseHashes": [
                "939e248e8cea52e0d9f8d1bdb47d323ac1d1e98c8f5e833e5f263313ac8ba8e1",
                "3c573c85c3f979451266013ac11af81eaf95aac4eb5c62bde2ccaf53021f6d27",
                "c2f0b70807644f51c6877063e147138798d662fa49dc870b8f9a93fcba264bd1",
                "3b978c9c93747901a8403fca06bab4bfc39562ba906c4cc2ec712d9fbdd6a2cf",
                "8a5a58afd1152e14739e65b8067de0e75916955d11cad62c973512cf28418833",
                "e1322d31a648cb3c9abe7c1706076c255afaa8e3518e7b6768add7c0ab3ebb00",
                "296ff7acdad70ab5be76ed653f66743fecbcac667a47b8bb1f35cb29447adc18",
                "0cd98856f1ef4007f9f7af64b78dc39a1a6a8bee0a33a8cc2b763967bd03da59",
                "e6d45a7ce66f618ba217cfea61afb9ab7fe30926f1c0880af5f100d3dfe06c28",
                "d3fc82c32ea63cee24861a600abeac26f62130a157818cd65071ddd54d97103c",
                "4e38132004a8a7d7e32aca8189658a15fd51b2573a2c2c7c5cf9da4326cb91e9",
                "d733c91973f31397bb6fa800db7887acd8abf8b08d0ff5e7b361ca7fda724e60",
                "95f2aa4b07795f4f9bb95de2915fbbf6d1aa0337b538dd62ed420aee5eb28f50",
                "d920818a34ac09d8389a757bd72ed1083301788db6240429170eb3f1e0bd6d9c",
                "9b6cad2731987da27d6b6db4c25d8e14e475ca31d0996d6c6bb992e010570de1",
                "785b2ccd45468ff56414676aa6f24e8b6175ca3c13070e67f026636caf908c4c",
                "2aafe830a976f8bf3e39a12e9c9e52bba75c74d12dba84114a6c20a15f7f0be1"
            ],
            "type": "XHR",
            "firstPartyCookies": {},
            "firstPartyCookiesSent": {
                "IR_gbd": 0.000006825239736545746
            },
            "exampleSites": [
                "blinkcharging.com",
                "business.nj.gov",
                "fdna.health",
                "oru.edu",
                "somaticmovementcenter.com",
                "www.bswhealth.com",
                "www.cityoffullerton.com",
                "www.elegoo.com",
                "www.fleshlight.com",
                "www.fremont.gov",
                "www.hancockcollege.edu",
                "www.pccsk12.com",
                "www.pic-time.com",
                "www.plymouthmn.gov",
                "www.powtoon.com",
                "www.seedsman.com",
                "www.yc.edu",
                "www.yoybuy.com"
            ]
        },
        {
            "rule": "bablic\\.com\\/api\\/engine\\/ping",
            "cookies": 0,
            "fingerprinting": 0,
            "subdomains": [
                "e2"
            ],
            "apis": {},
            "sites": 18,
            "prevalence": 0.000123,
            "cnames": [],
            "responseHashes": [],
            "type": "Preflight",
            "firstPartyCookies": {},
            "firstPartyCookiesSent": {
                "IR_gbd": 0.000006825239736545746
            },
            "exampleSites": [
                "blinkcharging.com",
                "business.nj.gov",
                "fdna.health",
                "oru.edu",
                "somaticmovementcenter.com",
                "www.bswhealth.com",
                "www.cityoffullerton.com",
                "www.elegoo.com",
                "www.fleshlight.com",
                "www.fremont.gov",
                "www.hancockcollege.edu",
                "www.pccsk12.com",
                "www.pic-time.com",
                "www.plymouthmn.gov",
                "www.powtoon.com",
                "www.seedsman.com",
                "www.yc.edu",
                "www.yoybuy.com"
            ]
        },
        {
            "rule": "bablic\\.com\\/flags\\/32\\/en_us\\.png",
            "cookies": 0,
            "fingerprinting": 0,
            "subdomains": [
                "uploads"
            ],
            "apis": {},
            "sites": 3,
            "prevalence": 0.0000205,
            "cnames": [],
            "responseHashes": [
                "7c8becbfc70be7429a409a404869185ce7c1504b77999054dc453a29da5c2dc0"
            ],
            "type": "Image",
            "firstPartyCookies": {},
            "firstPartyCookiesSent": {},
            "exampleSites": [
                "oru.edu",
                "www.fleshlight.com",
                "www.yoybuy.com"
            ]
        },
        {
            "rule": "bablic\\.com\\/snippet\\/57c745d43bc985e6680df36a\\.js",
            "cookies": 0.0000137,
            "fingerprinting": 1,
            "subdomains": [
                "d"
            ],
            "apis": {
                "window.localStorage": 2,
                "window.indexedDB": 2,
                "Navigator.prototype.userAgent": 2,
                "Document.cookie getter": 2,
                "Document.cookie setter": 2,
                "Navigator.prototype.language": 2
            },
            "sites": 2,
            "prevalence": 0.0000137,
            "cnames": [],
            "responseHashes": [
                "3b0ccdc991ad807df09861adb316a48bd23d62cf6e11d659c4054fd5004a4aba"
            ],
            "type": "Script",
            "firstPartyCookies": {
                "bab_locale": {
                    "ttl": 31536006,
                    "length": 2,
                    "prevalence": 0.000013650479473091493,
                    "uniqueness": 0.5
                },
                "bab_original": {
                    "ttl": 31536006,
                    "length": 2,
                    "prevalence": 0.000013650479473091493,
                    "uniqueness": 0.5
                }
            },
            "firstPartyCookiesSent": {},
            "exampleSites": [
                "bswhealth.com",
                "www.bswhealth.com"
            ]
        },
        {
            "rule": "bablic\\.com\\/snippet\\/60bdd955d8b3e00001bed56d\\.js",
            "cookies": 0.0000137,
            "fingerprinting": 2,
            "subdomains": [
                "d"
            ],
            "apis": {
                "window.localStorage": 2,
                "Document.cookie getter": 2,
                "Document.cookie setter": 2,
                "Navigator.prototype.language": 2,
                "window.indexedDB": 2,
                "Navigator.prototype.userAgent": 1,
                "Navigator.prototype.languages": 1
            },
            "sites": 2,
            "prevalence": 0.0000137,
            "cnames": [],
            "responseHashes": [
                "8d4237d1907692083db8bbed5e6d6e8545cccbac560124e6fbfc396e5f90e14e"
            ],
            "type": "Script",
            "firstPartyCookies": {
                "bab_locale": {
                    "ttl": 31536001,
                    "length": 2,
                    "prevalence": 0.000013650479473091493,
                    "uniqueness": 0.5
                },
                "bab_original": {
                    "ttl": 31536001,
                    "length": 2,
                    "prevalence": 0.000013650479473091493,
                    "uniqueness": 0.5
                }
            },
            "firstPartyCookiesSent": {},
            "exampleSites": [
                "elegoo.com",
                "www.elegoo.com"
            ]
        },
        {
            "rule": "bablic\\.com\\/snippet\\/5aa98afb2da59e5fb9e6f68e\\.js",
            "cookies": 0.0000137,
            "fingerprinting": 2,
            "subdomains": [
                "d"
            ],