{
    "domain": "bidgear.com",
    "owner": {},
    "source": [
        "DuckDuckGo-US"
    ],
    "prevalence": 0.00046,
    "sites": 68,
    "subdomains": [
        "platform",
        "imp9",
        "demand",
        "imp-dsp"
    ],
    "cnames": [],
    "fingerprinting": 1,
    "resources": [
        {
            "rule": "bidgear\\.com\\/ads\\.php",
            "cookies": 0,
            "fingerprinting": 1,
            "subdomains": [
                "platform"
            ],
            "apis": {
                "window.innerWidth": 1
            },
            "sites": 40,
            "prevalence": 0.000271,
            "cnames": [],
            "responseHashes": [
                "543f9c333a0e9664200f66dfbc61677cde54211d1ce727fd94bc25956d0288a9",
                "ce9762278d274b72cf275bc5392659854effd334846edaaced9eef1e634867be",
                "c2cbf036e5055df80a46d006f0314ffc0017253061115168f021a2322c9a424c",
                "6553cb52c3689d97eacff644be4558dc6657ad1b2c7bf0c967702c4fa880c2f3",
                "8c6c18a86b81f37a06cbca108a379a6d9545e2c22169fb35ae00e41a30758b47",
                "b28ffb21852eb660f3e57084f679e236304ecf7a6bf04aad4d6ecf142679fd94",
                "5af57440a4e421b0bb0a91cffc0cdc6ff90cabc32bb3b605688f8d10b79d9000",
                "47f8ac9610aca62186915ee7a9d3761a76a0480cfbe73866fb5c30b5743cb5e1",
                "4f7aac9d7015a77fc8367b9becf91a04070c1fa02f8bbe3b9eac8016e98528f0",
                "1a64453bce113e175709f44aeeb3bf46ae8ef370621b829d2b0896d18d115e05",
                "c2a208d2f1e5956b7c3fd57f5bc9bbcfca7572c638c541d123dabbe58a5dae16",
                "c36c1c009cc995617e713abd60efd1d0fb281a0a9e696afaac2fe5384bf5421c",
                "5271824141a3b70cf3b621ecb5c5653d7fb4cdb178a1470f5e827370a5023894",
                "f60dc4d9e0b966658b1cddc06560e9147da7bdad4ddcef5b02bee2252c84b657",
                "ba88a1dc5e5bc9595f2123076867cccae9536e97efc3a15a0fe3dd79c6682ce9",
                "13602345228442f268a6a27d12c344c763ede545ae93c2ec9b4d77edf5d49272",
                "883593ed42d3e5c9e3daa983c75f9762fe9c54a584ba778520ac9cdfa51ba0e3",
                "ff1f92770908291cec5f14033d09cf38c943e13b648f44ab5d92b51549ee795c",
                "8bcb97a7506be7b9852e4d35a760da0642a13e1d29754cb1c67ff7531c95b953",
                "94722ffc02cbb7ccec042431c3c77fb68a4c16da89bc8700275a6132488d703c",
                "6ac3c1b67f6c97c24a64fa253d4bb602b8befb26a39f5f5c482608896b33a0e0",
                "1ce2bacaca2953a707b8f0e2e724ba0aac15604572f3145d1b489bc1af384c8f",
                "ed4a6f93c105431edd7d99dff4cc1cfd9c0ab619cffecd78d1d796e3b5721c0f",
                "3fc1271f42d281acde617b6057a2473b5fcfbd7fe3f913d951644966087aa58b",
                "9b07940d9c322fbdd6efd555d8d5a0f82cf310dbe0c8c1ff5b7d7c001223e455",
                "9779c75d2c8541b8fefeb971a86eb44757e20fb069f354fc1b14d707da105764",
                "7299e40467cd6826f46257663416ead3eb8597b93b8d2afc1ed81b70b88f1d73",
                "3366091f06f47a7a6b9c0816f7a178e48d00c3a1e0447e6ee0d10ee31fe6250a",
                "f814312f87b2327aac2221379364803d312367048d6eda933c019ad61931329a",
                "c25985ce395dbe48580a044eb3ec8c361c08952fb20ac2ffa3854d92e4908acb",
                "9a9e296c5d6c7cf9e3adc867b64b3cc78187632244552de8c8a480e33f240638",
                "75fd88c3843e4f9b7bc23963d371c09175433841fc8384f0f1603533da735d0d",
                "93138ebf367a02988fb479f5ef98486cf4cb0f5c015e19c663c40e801c3ce243",
                "4369ff95de9b254e0d8dced21e228c2de04eb1f652737f79383d81b663447aa6",
                "86996ee4978e18d24bb9d877c249be7db6dd12f2179ecca6b8aa09a02ecbd828",
                "38cfa50b7f213033430c5314c7048e0a32c082bbd849278448888e34b43b0fa2",
                "06948304e3e47374adfac64ac6929201723ec19f8f03137e3586a7303056b9d0",
                "471898fa3e118b4d1f8580063b9f2199ecbee027090271cf537bf7df5a166558",
                "b75dd20d71a900964cf092fcda5fbeb2f5a8418465fd32280ad0c912d78f97fa"
            ],
            "type": "Script",
            "firstPartyCookies": {},
            "firstPartyCookiesSent": {},
            "exampleSites": [
                "tcbscans.com",
                "yugenanime.tv",
                "ww7.readblackclover.com",
                "myasiantv.cx",
                "ww3.readkingdom.com",
                "manhwa18.com",
                "readberserk.com",
                "mangapill.com",
                "www.angelfire.com",
                "flamescans.org",
                "www.allfreenovel.com",
                "mangaclash.com",
                "www.mangapill.com",
                "manhwa18.net",
                "chapmanganato.com",
                "ww2.readjujutsukaisen.com",
                "comiconlinefree.net",
                "readcomiconline.li",
                "ww9.readonepiece.com",
                "www.primewire.tf"
            ]
        },
        {
            "rule": "bidgear\\.com\\/rec",
            "cookies": 0,
            "fingerprinting": 0,
            "subdomains": [
                "imp9"
            ],
            "apis": {},
            "sites": 42,
            "prevalence": 0.000284,
            "cnames": [],
            "responseHashes": [
                "cbd4fc27d8d80c381d827912340b6d7b2337adbf4c9b2ff5300a09707a2c1c6e"
            ],
            "type": "Image",
            "firstPartyCookies": {},
            "firstPartyCookiesSent": {},
            "exampleSites": [
                "comiconlinefree.net",
                "fr-scan.cc",
                "ww2.readjujutsukaisen.com",
                "tuoitre.vn",
                "mangabuddy.com",
                "realmscans.xyz",
                "kissasian.mx",
                "hipercool.xyz",
                "manhwa18.com",
                "www.angelfire.com",
                "ww3.readkingdom.com",
                "mangakatana.com",
                "v5.voiranime.com",
                "manhuaplus.com",
                "manhwa18.net",
                "www.allfreenovel.com",
                "ww8.readnaruto.com",
                "ww9.readonepiece.com",
                "mangaclash.com",
                "www7.gogoanime.me"
            ]
        },
        {
            "rule": "bidgear\\.com\\/async\\.php",
            "cookies": 0,
            "fingerprinting": 0,
            "subdomains": [
                "platform"
            ],
            "apis": {},
            "sites": 12,
            "prevalence": 0.0000812,
            "cnames": [],
            "responseHashes": [
                "c6f0c17b9a771e8012332e81c13666486818cd12651d83d238e1b7dc1f3d4cb8",
                "e7635b7616630c98e5da1315aa37de0688fce26824258e5b53357480aa98aeca",
                "aebf59ca1903c96f986a3181cf9757cdf379edcc4c661505a5775212bff3df93",
                "677b3f70f264bb85a022b109b7cd81ce992f305c1bd25e36fabefa911df810a4",
                "362adfc18a18901e7c99fdc09e6e9ddb5891ee90a9fd7b30f531d906a0e142f8",
                "d4945d43af6c433919d75c50de2baaeb124a0ee046c63a035cbba552d61fa9b2",
                "a2c24c65ccb9d95fd1272581ad956fdafcf9b508dcba3300392e5317519e6db4",
                "c3476c804a67247c047d2db45f293d5ed97f864834eac080e7dc93d2a967aff1",
                "c212a36ec1c0b1decc54daa687713cf2bdf0074aac4cb5938bd1a868f84b5a50",
                "64fca8835947dcb0f99fa4474fcd622aedcf4dbf81ebe2ad71b03c8a925f3723",
                "1afb41f5404ecd5122fa22bdfb99cfe473693e68bf67f866046b63210f8dc793"
            ],
            "type": "Script",
            "firstPartyCookies": {},
            "firstPartyCookiesSent": {},