{
    "domain": "bnc.ca",
    "owner": {
        "name": "Banque Nationale du Canada",
        "displayName": "Banque Nationale du Canada"
    },
    "source": [
        "DuckDuckGo-US"
    ],
    "prevalence": 0.0000136,
    "sites": 2,
    "subdomains": [
        "iaaa.apis"
    ],
    "cnames": [],
    "fingerprinting": 0,
    "resources": [
        {
            "rule": "bnc\\.ca\\/dsp\\/v2\\/ws\\/websocket",
            "cookies": 0,
            "fingerprinting": 0,
            "subdomains": [
                "iaaa.apis"
            ],
            "apis": {},
            "sites": 2,
            "prevalence": 0.0000136,
            "cnames": [],
            "responseHashes": [],
            "type": "WebSocket",
            "firstPartyCookies": {},
            "firstPartyCookiesSent": {
                "utm_campaign": 0.000013615816132018953,
                "utm_medium": 0.000013615816132018953,
                "utm_source": 0.000013615816132018953,
                "utm_content": 0.000013615816132018953,
                "utm_term": 0.000013615816132018953,
                "bncTacticId": 0.000013615816132018953,
                "bncPromoCd": 0.000013615816132018953,
                "bncPid": 0.000013615816132018953,
                "promoIdentificationInput": 0.000013615816132018953,
                "ef_id": 0.000013615816132018953,
                "s_kwcid": 0.000013615816132018953,
                "cid": 0.000013615816132018953
            },
            "exampleSites": [
                "nbc.ca",
                "www.nbc.ca"
            ]
        }
    ],
    "categories": [],
    "performance": {},
    "cookies": 0.00000681,
    "topInitiators": [
        {
            "domain": "adobedtm.com",
            "prevalence": 0.6666666666666666
        },
        {
            "domain": "first party",
            "prevalence": 0.3333333333333333
        }
    ],
    "types": {
        "WebSocket": 2
    },
    "nameservers": [
        "a7-65.akam.net",
        "a4-67.akam.net",
        "a10-65.akam.net",
        "a26-66.akam.net",
        "a5-64.akam.net",
        "a1-62.akam.net"
    ]
}