{
    "domain": "boxx.ai",
    "owner": {},
    "source": [
        "DuckDuckGo-US"
    ],
    "prevalence": 0.000149,
    "sites": 22,
    "subdomains": [
        "js",
        "eun1-js",
        "sfs",
        "loki",
        "eun1-loki",
        "use1-loki",
        "eun1-eve"
    ],
    "cnames": [],
    "fingerprinting": 2,
    "resources": [
        {
            "rule": "boxx\\.ai\\/js_init\\/",
            "cookies": 0.0000271,
            "fingerprinting": 1,
            "subdomains": [
                "js",
                "eun1-js"
            ],
            "apis": {
                "Document.cookie getter": 6,
                "Date.prototype.getTime": 6,
                "Document.cookie setter": 4
            },
            "sites": 14,
            "prevalence": 0.0000949,
            "cnames": [],
            "responseHashes": [
                "d6e847de9056efd24fc2c028e7a596cf1a41dd6d3d7693e8798cead1f8756f66",
                "1f5f1e927ed9b4ac96a05309ada099830aed505a6fcf3439da6929f8da0815f1",
                "e69ede6652fb52ac7cdbc7312336e13d63299d47864732306eecc1b4af82ddc3",
                "5e890b6ef08ba1e2d7bf56796b477d9fbec3b853f2bbbb3b9001b7f80785469f",
                "7b694a1f85049cef80ba63c6d2f73db87332b6699c68bd0b792a1a9a60dfda4b",
                "2ef02f7de94ff0441f9c95093bbb5494d6b902a92bad239d8b6ea366af167f04",
                "ce562ed83cda2bd6fa399e85d407c58df2a381e4e3b8351999f25740aabe66a6"
            ],
            "type": "Script",
            "firstPartyCookies": {
                "bxSesT": {
                    "ttl": 1805,
                    "length": 24,
                    "prevalence": 0.000027125080527582817,
                    "uniqueness": 1
                },
                "bxSesC": {
                    "ttl": 63072005,
                    "length": 24,
                    "prevalence": 0.000027125080527582817,
                    "uniqueness": 1
                },
                "bxSegDetail": {
                    "ttl": 63072015,
                    "length": 188,
                    "prevalence": 0.000027125080527582817,
                    "uniqueness": 1
                },
                "boxx_token_id": {
                    "ttl": 3196800006,
                    "length": 48,
                    "prevalence": 0.000027125080527582817,
                    "uniqueness": 1
                }
            },
            "firstPartyCookiesSent": {
                "lotame_domain_check": 0.00003390635065947852
            },
            "exampleSites": [
                "rumah123.com",
                "artikel.rumah123.com",
                "canada.desertcart.com",
                "www.desertcart.co.za",
                "www.desertcart.com.au",
                "www.desertcart.com.om",
                "www.desertcart.nz",
                "www.easemytrip.com",
                "www.holzkern.com",
                "www.khaleejtimes.com",
                "www.kosmo.com.my",
                "www.pep.ph",
                "www.tennis-point.com",
                "www.utusan.com.my"
            ]
        },
        {
            "rule": "boxx\\.ai\\/sdk",
            "cookies": 0.0000136,
            "fingerprinting": 1,
            "subdomains": [
                "sfs"
            ],
            "apis": {
                "Document.cookie getter": 2,
                "Date.prototype.getTime": 2,
                "Document.cookie setter": 2,
                "window.localStorage": 2,
                "Navigator.prototype.userAgent": 2,
                "window.sessionStorage": 2
            },
            "sites": 2,
            "prevalence": 0.0000136,
            "cnames": [],
            "responseHashes": [
                "6a6d63eca6a4ad342e0744f0901b300a8e4b5426feaeb1be6a9a4e2a02cbfb8e"
            ],
            "type": "Script",
            "firstPartyCookies": {
                "bxSesT": {
                    "ttl": 1820,
                    "length": 24,
                    "prevalence": 0.000013562540263791409,
                    "uniqueness": 1
                },
                "bxSesC": {
                    "ttl": 63072020,
                    "length": 24,
                    "prevalence": 0.000013562540263791409,
                    "uniqueness": 1
                },
                "bxSegDetail": {
                    "ttl": 63072022,
                    "length": 206,
                    "prevalence": 0.000013562540263791409,
                    "uniqueness": 1
                },
                "boxx_token_id": {
                    "ttl": 31536021,
                    "length": 48,
                    "prevalence": 0.000013562540263791409,
                    "uniqueness": 1
                },
                "bxCacheInit": {
                    "ttl": 622,
                    "length": 8,
                    "prevalence": 0.000013562540263791409,
                    "uniqueness": 0.5
                }
            },
            "firstPartyCookiesSent": {},
            "exampleSites": [
                "rumah123.com",
                "artikel.rumah123.com"
            ]
        },
        {
            "rule": "boxx\\.ai\\/nav",
            "cookies": 0.0000136,
            "fingerprinting": 0,
            "subdomains": [
                "loki"
            ],
            "apis": {},
            "sites": 2,
            "prevalence": 0.0000136,
            "cnames": [],
            "responseHashes": [
                "5f57e757db779b2eec45ce424b878dff31b1ba1e2dc5bd829f421ab275faf803"
            ],
            "type": "Fetch",
            "firstPartyCookies": {},
            "firstPartyCookiesSent": {},
            "exampleSites": [
                "rumah123.com",
                "artikel.rumah123.com"
            ]
        },
        {
            "rule": "boxx\\.ai\\/nav",
            "cookies": 0.0000136,
            "fingerprinting": 0,
            "subdomains": [
                "loki"
            ],
            "apis": {},
            "sites": 2,
            "prevalence": 0.0000136,
            "cnames": [],
            "responseHashes": [],
            "type": "Preflight",
            "firstPartyCookies": {},
            "firstPartyCookiesSent": {},
            "exampleSites": [
                "rumah123.com",
                "artikel.rumah123.com"
            ]
        },
        {
            "rule": "boxx\\.ai\\/sdk\\.js",
            "cookies": 0,
            "fingerprinting": 2,
            "subdomains": [
                "js"
            ],
            "apis": {
                "window.sessionStorage": 5,
                "Navigator.prototype.userAgent": 5,
                "Screen.prototype.availWidth": 5,
                "Screen.prototype.availHeight": 5,
                "Screen.prototype.width": 5,
                "Screen.prototype.height": 5,
                "window.localStorage": 5,
                "Date.prototype.getTime": 1
            },
            "sites": 5,
            "prevalence": 0.0000339,
            "cnames": [],
            "responseHashes": [
                "92692ba0a8df6098de091d3fd7d68bb5e19bd47421caf9ef8506ec329d7b6d55",
                "828af680fba97f8453522b34f14de1ac5ae865a1d9425277cebb05a104fefd2e",
                "ddbc66d56ab6220d96d7b4579c102d9d0c5be4dcdcd3eb6e1fda719070afa0a3",
                "28ee900d463b00bdf5852b26d02f4c9fbcc08c473e1404fcfce3936bc2b6f59a"
            ],
            "type": "Script",
            "firstPartyCookies": {},
            "firstPartyCookiesSent": {},
            "exampleSites": [
                "easemytrip.com",
                "www.easemytrip.com",
                "www.holzkern.com",
                "www.khaleejtimes.com",
                "www.tennis-point.com"
            ]
        },
        {
            "rule": "boxx\\.ai\\/nav\\/",
            "cookies": 0.0000339,
            "fingerprinting": 0,
            "subdomains": [
                "loki",
                "eun1-loki",
                "use1-loki"
            ],