{
    "domain": "buyermls.com",
    "owner": {},
    "source": [
        "DuckDuckGo-US"
    ],
    "prevalence": 0.0000817,
    "sites": 12,
    "subdomains": [
        "api"
    ],
    "cnames": [],
    "fingerprinting": 0,
    "resources": [
        {
            "rule": "buyermls\\.com\\/widget\\/buyside-widget-v31\\.js",
            "cookies": 0,
            "fingerprinting": 0,
            "subdomains": [
                "api"
            ],
            "apis": {},
            "sites": 9,
            "prevalence": 0.0000613,
            "cnames": [],
            "responseHashes": [
                "52725752efb24adafd7e13c0323f8532a781148b6d837b1e63da77c4e33d165b"
            ],
            "type": "Script",
            "firstPartyCookies": {},
            "firstPartyCookiesSent": {},
            "exampleSites": [
                "bhhs.com",
                "www.allentate.com",
                "www.bhhs.com",
                "www.bhhsneproperties.com",
                "www.howardhanna.com",
                "www.michaelsaunders.com",
                "www.npdodge.com",
                "www.sibcycline.com",
                "www.windermere.com"
            ]
        },
        {
            "rule": "buyermls\\.com\\/widget\\/verify-json",
            "cookies": 0,
            "fingerprinting": 0,
            "subdomains": [
                "api"
            ],
            "apis": {},
            "sites": 9,
            "prevalence": 0.0000613,
            "cnames": [],
            "responseHashes": [
                "238979f38dc5b277a6537b7d5c4e59c6407a31d1bab1eec118311fd864efb5ea",
                "901d97bfb472f1cd1efd2ab20f36576c27d758a9220115df11c90cdfbc4b9324",
                "62daef90127a43b2809fc3bd93c33f8f39d42a9644039f47fd4f372313bc4822",
                "b135ff26f8d925f835d77663a75bf357e8cb0563c54088dbccfc8e82bff6d3a9",
                "11e6c6ed2c54daa68c37a03c6fa5adee335d72be85acdc585bec2f3a7eea907a",
                "a18f6a6b561d2edb19d78a3c5ad40277437733103f9589e3f42eb8195e3d71fc",
                "6be35f0244c00a01c0f3dbe0acdde9ebf74bb3660839d32b21125e1a8c968699",
                "35cbf1e73f0ec548dc6774332393db622ff2f546e0ced20555422ee5ce1313af"
            ],
            "type": "XHR",
            "firstPartyCookies": {},
            "firstPartyCookiesSent": {},
            "exampleSites": [
                "bhhs.com",
                "www.allentate.com",
                "www.bhhs.com",
                "www.bhhsneproperties.com",
                "www.howardhanna.com",
                "www.michaelsaunders.com",
                "www.npdodge.com",
                "www.sibcycline.com",
                "www.windermere.com"
            ]
        },
        {
            "rule": "buyermls\\.com\\/widget\\/verify-json",
            "cookies": 0,
            "fingerprinting": 0,
            "subdomains": [
                "api"
            ],
            "apis": {},
            "sites": 2,
            "prevalence": 0.0000136,
            "cnames": [],
            "responseHashes": [
                "af0b4d4c0d95b14c351c880cea7ac48ffce719155936d58d32b869b8cfbb1a68"
            ],
            "type": "Fetch",
            "firstPartyCookies": {},
            "firstPartyCookiesSent": {},
            "exampleSites": [
                "shorewest.com",
                "www.shorewest.com"
            ]
        }
    ],
    "categories": [],
    "performance": {},
    "cookies": 0,
    "topInitiators": [
        {
            "domain": "first party",
            "prevalence": 0.8260869565217391
        },
        {
            "domain": "jsdelivr.net",
            "prevalence": 0.08695652173913043
        },
        {
            "domain": "rollbar.com",
            "prevalence": 0.08695652173913043
        }
    ],
    "types": {
        "Script": 9,
        "XHR": 9,
        "Fetch": 2
    },
    "nameservers": [
        "ns-1133.awsdns-13.org",
        "ns-1744.awsdns-26.co.uk",
        "ns-782.awsdns-33.net",
        "ns-467.awsdns-58.com"
    ]
}