{
    "domain": "cctm.xyz",
    "owner": {},
    "source": [
        "DuckDuckGo-US"
    ],
    "prevalence": 0.000265,
    "sites": 39,
    "subdomains": [
        "53665",
        "390653",
        "395957",
        "395537",
        "379706",
        "392204",
        "366635",
        "395177",
        "398672",
        "379043",
        "381248",
        "388172",
        "246128",
        "402218",
        "92102",
        "401186",
        "386834"
    ],
    "cnames": [],
    "fingerprinting": 1,
    "resources": [
        {
            "rule": "cctm\\.xyz\\/t\\.js",
            "cookies": 0.000136,
            "fingerprinting": 1,
            "subdomains": [
                "53665",
                "390653",
                "395957",
                "395537",
                "379706",
                "392204",
                "366635",
                "395177",
                "398672",
                "379043",
                "381248",
                "388172",
                "246128",
                "402218",
                "92102",
                "401186"
            ],
            "apis": {
                "Document.cookie getter": 15,
                "Navigator.prototype.userAgent": 15,
                "window.localStorage": 15,
                "Date.prototype.getTime": 15,
                "Document.cookie setter": 15,
                "window.innerWidth": 3,
                "window.innerHeight": 3
            },
            "sites": 20,
            "prevalence": 0.000136,
            "cnames": [],
            "responseHashes": [
                "ea6a0e01adee2b086d14d65a36b9baa3e6c6727957b0517461c956db8b009601",
                "7d1fb962aea169f52b5aef8c34acb64852555149647262f64a47d8db35545fb4",
                "dd07926417526942d0162b0de864de0978667a3f504f53f2c3dc2cb531bd1b21",
                "01ba4719c80b6fe911b091a7c05124b64eeece964e09c058ef8f9805daca546b",
                "cbe10b5223891a18fffeab716b545b06b6964c240c4ca5c25152bb8c07eab00f",
                "0cd3569f86521da1ba48135ac82eb26c074502b1eb26882fbc6082ccb7caf8e6",
                "76d5eeb147d87452ea8e7a492440d36ea5ebdaf5400488485284f080cb3ca361",
                "a5a8fc27eaf56d0705fba4ee586609c9fe2232d21c16e5b4d564b3ce4f3b76d9",
                "99e1bd5e3cadeeab4bdbc6809b133fbb5a9e0bb778f32f962c651701399a806a",
                "fd1cb7ff8c68aeb0d22031e976cfe7e0f099e8f9697db62cdbe34f3d82b1d706",
                "cf5d31fbe9483ceb44739b6bc5e0b28aff216348d0245132fbbaf85774856356",
                "a65bf79ad3f3914ef254f317025c54ac62a7109998daff654856520105047235",
                "16a80eb1fa64213edc5dafb56ef32eef6b803a14988f6732b046cc8f4ae60e3c",
                "296244347497c3fbf8bd15fe187f752778674e55a7974612b62328d0c67eaefa",
                "18e53e0d6b0881fbefee6df1eae33257ec7653e9937538b1268a73586a918f41",
                "e7a28b994f8ed8407742281e0c66799f9d3a827ed67b08eb11a775be996ff1d8",
                "af48a91ea3d3a96ec28e256021b3bf2cf697af6fb3b0fc51bea5a3069f05677c",
                "116baa333243d1a46b967ec89377f2c07f1105acce9b9d311a4886fd2253a48b"
            ],
            "type": "Script",
            "firstPartyCookies": {
                "__ctmid": {
                    "ttl": 2592002,
                    "length": 24,
                    "prevalence": 0.00010208595637526797,
                    "uniqueness": 1
                }
            },
            "firstPartyCookiesSent": {},
            "exampleSites": [
                "banyantreatmentcenter.com",
                "coloradosymphony.org",
                "countrylifefoods.com",
                "fherehab.com",
                "greenhealthdocs.com",
                "store.lci1.com",
                "www.banyantreatmentcenter.com",
                "www.bostonmedicalgroup.com",
                "www.crystalmountain.com",
                "www.homeserve.com",
                "www.mattressadvisor.com",
                "www.mattressclarity.com",
                "www.mattressnerd.com",
                "www.notyouraveragejoes.com",
                "www.salvageusedparts.com",
                "www.sleepadvisor.org",
                "www.smarty.com",
                "www.streetsideclassics.com",
                "www.suffolkfcu.org",
                "www.viewrail.com"
            ]
        },
        {
            "rule": "cctm\\.xyz\\/e\\.js",
            "cookies": 0.0000272,
            "fingerprinting": 1,
            "subdomains": [
                "386834"
            ],
            "apis": {
                "Document.cookie getter": 4,
                "Navigator.prototype.userAgent": 4,
                "window.localStorage": 4,
                "Date.prototype.getTime": 4,
                "Document.cookie setter": 3,
                "window.innerWidth": 3,
                "window.innerHeight": 3
            },
            "sites": 4,
            "prevalence": 0.0000272,
            "cnames": [],
            "responseHashes": [
                "8d41e4b42e7934e0e586d245d0e69115047c82cfb72b45fee0389a5e17d892bc",
                "8ca14bba4624a552faca5bbd8a012c431b566fdd9d99fcb664497e566b1c942e",
                "ca7e7024004234e8db571077c79d1b3bd8fabb73be92aa8b977a81c12ab941b8"
            ],
            "type": "Script",
            "firstPartyCookies": {
                "__ctmid": {
                    "ttl": 2592000,
                    "length": 24,
                    "prevalence": 0.000020417191275053594,
                    "uniqueness": 1
                }
            },
            "firstPartyCookiesSent": {},
            "exampleSites": [
                "bedrockrecoverycenter.com",
                "springhillrecovery.com",
                "www.addictionresource.net",
                "www.arkbh.com"
            ]
        },
        {
            "rule": "cctm\\.xyz\\/p\\.js",
            "cookies": 0.0000749,
            "fingerprinting": 0,
            "subdomains": [
                "386834",
                "395537",
                "366635",
                "379043",
                "401186"
            ],
            "apis": {},
            "sites": 11,
            "prevalence": 0.0000749,
            "cnames": [],
            "responseHashes": [
                "f78d7894dfd97c0f67b8c7ccc8ba38e337242e3104ca7e9e0dd60714b0eedb8f",
                "2d2503ee419f9187158e698d1dc54e2652658eeda3f5cb9811bfe9c5d96320f0",
                "5cc99a5d1b0c18d484b24a46fea221b0f80a718f74e9029f6a9a48f2e01c7182",
                "502caa220280dfd2456d2d710883cea963d56e9e7d71133b8f944075c68fd1a8",
                "675584785f98e1b1266d5fed4e6dcef5121cc9ce8965148d588db0fb296d497e",
                "8e61cbdf3302fee18d77434d7b59b846e6110e18c39a2eeb84157ffdf1739935",
                "ca058c1059348dee8b9b75aadeda12600b0b8485eeb068e2fceb5b84ae961129",
                "19cefd0a63deebf97d1db2be54f327773dcc9df37f7f9dbc197d744923205a7a",
                "3b45f9b3cb159c638c33777ff5eb8bbb9158537b1c40d6df135466a46ca13257"
            ],
            "type": "Script",
            "firstPartyCookies": {},
            "firstPartyCookiesSent": {
                "__ctmid": 0.00006805730425017866
            },
            "exampleSites": [
                "bedrockrecoverycenter.com",
                "fherehab.com",
                "springhillrecovery.com",
                "www.addictionresource.net",
                "www.arkbh.com",
                "www.bostonmedicalgroup.com",
                "www.mattressadvisor.com",
                "www.mattressclarity.com",
                "www.mattressnerd.com",
                "www.sleepadvisor.org",
                "www.viewrail.com"
            ]
        },
        {
            "rule": "cctm\\.xyz\\/x\\.json",
            "cookies": 0,
            "fingerprinting": 0,
            "subdomains": [
                "386834",
                "395537",
                "366635",
                "401186"
            ],
            "apis": {},
            "sites": 6,
            "prevalence": 0.0000408,