{
    "domain": "cdngcloud.com",
    "owner": {},
    "source": [
        "DuckDuckGo-US"
    ],
    "prevalence": 0.000231,
    "sites": 34,
    "subdomains": [
        "us-west1"
    ],
    "cnames": [],
    "fingerprinting": 2,
    "resources": [
        {
            "rule": "cdngcloud\\.com\\/api\\/spots\\/41050",
            "cookies": 0.000109,
            "fingerprinting": 0,
            "subdomains": [
                "us-west1"
            ],
            "apis": {},
            "sites": 16,
            "prevalence": 0.000109,
            "cnames": [],
            "responseHashes": [
                "3636442fdae81c4353f65ffb32d762d71b0cad7c5eaee75bb704b0e7fe6a36f2",
                "a7c4c8956bbd5ebd774e47fd45604e33f2bf28d2f0e0e661e34ecaf5ddbef036",
                "5b8c4ec23d00fe67b830d8ffcef0c5bbab0612a4e2c98f2c2537cc5d660e266d",
                "f69c75494cceb0df79b39a54e4f63bf3b3b8f0b5648aeb11bb512c6dfc515412",
                "0b9779a5d3bfa2c13c266df790eb60592e4b41c707893306ab1b05f22fae7fe0",
                "2b1e8672f05812ec0483bbd8369035d74bd47deec1a5865977865223878b53eb",
                "aa39e3f4a71b7939bf21f10292c1fa01cfaa8944f769c733a408d6dbad41479f",
                "25df651fbec2c7e0400d934d5b6ee798330084da39ec4513b03239e098293e4f",
                "2f2df3afa58d25ea6e810f0b778ac7bad4e43a1657c5dd9a87d52f1e22456f42",
                "2b2d3872a188a75baff143e502041ead670747e56018ae4ad675d6ee8cf6384d",
                "c30979f24370df672166e95baf4368eff49f6113c16a0f4f6c841e24e6afdf57",
                "a6cc8a29854a230006411171cd9fff089c8ff0f98c895ebe601fbf4fae7e11d0",
                "80b368ede6ef179e8dd4cedbce02fee17e4270a4ade6f946496e693b3e7d731e",
                "232871482a62ce29e124268b11ba2e1b414ab947b6d298f911e798acdf9fece8",
                "c8e8a636522925fc7ec40179855346220eb3c7eb4efdabff4ecbef5c0518d322"
            ],
            "type": "Document",
            "firstPartyCookies": {},
            "firstPartyCookiesSent": {},
            "exampleSites": [
                "goldendesi.com",
                "hdpplanet.com",
                "indianpornhq.com",
                "japxtube.com",
                "justindiansex.com",
                "lesbiancloud.com",
                "topchineseporn.com",
                "tryindianporn.com",
                "trylesbianporn.com",
                "www.easianporn.com",
                "www.onejapanese.com",
                "www.tryasianporn.com",
                "www.vintagepornv.com",
                "xtubeindian.com",
                "xxxfilm.pro",
                "xzxxtube.com"
            ]
        },
        {
            "rule": "cdngcloud\\.com\\/api\\/spots\\/41136",
            "cookies": 0.0000885,
            "fingerprinting": 0,
            "subdomains": [
                "us-west1"
            ],
            "apis": {},
            "sites": 17,
            "prevalence": 0.000116,
            "cnames": [],
            "responseHashes": [
                "2c63e3e4dc53edd78f7969d1ac8cf1d90b188129be88e5d697c68530a3fb2836",
                "11f025338a71c9cbad642390db4d659c378f30d4a284b1e1bc789038bdb5ad44",
                "d9b4b120c720f4b2f2898e2408f5747edb8cb3b819d493a195b82612872fba68",
                "e3e5f6e38b0f6a2815ada0fcf350663d41c4af3516b0480f5b7e80e79aa30d3a",
                "555ef7e64e8d4ac6bdea72bb2fc3acc0ef399782888a152ef497b1553bdae399",
                "d55e816d8b0796867b03c050a335e6432b447d2b86c7603de85f07f925291d7f",
                "9fafcf1909fc00d567cd189f7687e43eb59ba9276281298c45be8751361456b0",
                "ea31dd1fefac4d09b2af3784b8115c76fc110bda3588803784c241a9a6227215",
                "eb6e353310578a6fd7a92fb1023d255a9bd4511297f1665250e85e9481c77626",
                "df951b359584ef273ea743b1fe09c8577de4d23491c99a3bfefec4bb3b0263be",
                "5fbbed3e79cd40cfbfc0234ccd431d0c2e22b3b712d2dff34b3be8990d3a3819",
                "cc5ff13f3eb61de7b49e75d6b2e3770212ef75aff29175afab75820313541b3c",
                "a01cdf1317e187f69fc20ef8a63b38f1cfcfde2eb5b6cd3c80bfc3a409c3bdc3",
                "c33c7468f507ce8ba7b9b9a648d3156902019e0847a2a7684448b6d808609a01",
                "ba07f5a2aea72a0fca5c9442ad99c012be663c271a2bb8ff58d0d18fe0ba8d92",
                "88c6ad0140fb9f7e45b293096d1f762fcad2d8fa9ae89787d4db7ad886cd5ce1"
            ],
            "type": "Document",
            "firstPartyCookies": {},
            "firstPartyCookiesSent": {},
            "exampleSites": [
                "goldendesi.com",
                "indianpornhq.com",
                "japxtube.com",
                "justindiansex.com",
                "lesbiancloud.com",
                "myclassictube.com",
                "topchineseporn.com",
                "tryindianporn.com",
                "trylesbianporn.com",
                "www.easianporn.com",
                "www.holloporn.com",
                "www.onejapanese.com",
                "www.tryasianporn.com",
                "www.vintagepornv.com",
                "xtubeindian.com",
                "xxxfilm.pro",
                "xzxxtube.com"
            ]
        },
        {
            "rule": "cdngcloud\\.com\\/api\\/spots\\/41054",
            "cookies": 0.0000885,
            "fingerprinting": 0,
            "subdomains": [
                "us-west1"
            ],
            "apis": {},
            "sites": 17,
            "prevalence": 0.000116,
            "cnames": [],
            "responseHashes": [
                "4ca1deadfc7b26fa1fbccaf0f5d35a96702f25a8b2d86fe10ebdbecb8de0a6ac",
                "e0ca956400de7f34facc3ee0d9e6ffec7ae93a3823a34f458b73747e98be518a",
                "bb6ee0027ce46716f847c3e2cc47f0c65a4271c98fe54a97383fb7bd473a2a6e",
                "22c5029b71cbad1efea7dbb08660c2ee13a80a39272fedeed5b26276b08f787c",
                "de5b871d7eaa35b5ef058f35342b37344f993cd1339f2375813af2797764fceb",
                "addecab313ad8ba0bc49826a040e5975b8eb62a1fa846fa982bf15880e3feda2",
                "d085b3d2a145abffe2cf86b521099b95170af16ed1fdd9e839dede571a103ebb",
                "ae2a03654138d6ac142e64897f2b6bdcd2fe65713cd92dd88a064c7ead79bfbb",
                "c2c6b9e9fb06cda5c34583726a6498eb36a9285173dcd9811c4374431b75572a",
                "ac60a8b45cf9649f387bd6c54104c57e7b9b52ae2d0b50660e1d61f54f5f5fa9",
                "db809d445a5dd3c67d142487c1982ee4d3086e86e9d678299304e84316456104",
                "1512a138ae76fa49c4a65a2c377f3a423e3a1ff298eb2667b8c5f261122cf943",
                "ff1984e570db312dcfea71f30505e3ed00c85b68bc4746506a38d19b28afa1fd",
                "1dc79f75f46e68309e9dbdf717d5fa5a258aebcab78df75d6a53e1d7a903ac93",
                "421ad87af7b454a8ae3d939d08f929a03bf2af94d81e8719f2515ca42180f6fd",
                "cd5c7f50357649310c9bbb4b26714d80f61943a5e566a9b8dd53403173183e0a"
            ],
            "type": "Document",
            "firstPartyCookies": {},
            "firstPartyCookiesSent": {},
            "exampleSites": [
                "goldendesi.com",
                "indianpornhq.com",
                "japxtube.com",
                "justindiansex.com",
                "lesbiancloud.com",
                "myclassictube.com",
                "topchineseporn.com",
                "tryindianporn.com",
                "trylesbianporn.com",
                "www.easianporn.com",
                "www.holloporn.com",
                "www.onejapanese.com",
                "www.tryasianporn.com",
                "www.vintagepornv.com",
                "xtubeindian.com",
                "xxxfilm.pro",
                "xzxxtube.com"
            ]
        },
        {
            "rule": "cdngcloud\\.com\\/api\\/spots\\/433518",
            "cookies": 0.0000817,
            "fingerprinting": 0,
            "subdomains": [
                "us-west1"
            ],
            "apis": {},
            "sites": 17,
            "prevalence": 0.000116,
            "cnames": [],