{
    "domain": "cdngain.com",
    "owner": {},
    "source": [
        "DuckDuckGo-US"
    ],
    "prevalence": 0.000225,
    "sites": 33,
    "subdomains": [
        "media",
        "ads"
    ],
    "cnames": [],
    "fingerprinting": 1,
    "resources": [
        {
            "rule": "cdngain\\.com\\/creatives\\/v08aa",
            "cookies": 0.000109,
            "fingerprinting": 1,
            "subdomains": [
                "media"
            ],
            "apis": {
                "Date.prototype.getTime": 16,
                "Document.cookie setter": 13
            },
            "sites": 16,
            "prevalence": 0.000109,
            "cnames": [],
            "responseHashes": [
                "bac6569fe6cd08d7f9d466347f92c93b0eb2dc83b8797624f8968425d302d457",
                "7793a5a3af0a6d4269074eab9508f721744953d8a6f93a2ee1c58bb23d321205",
                "c651c05eec731ac499d9dcb14c2fc3d15ae1b0d8811b9632f594fa1e90650801",
                "a8de55796b231f14f26730f5a97840bf9299363815add4a4a2952e87fd8a7cd3",
                "5c503cf49a37445d4eb4748db990955070d7fa04ef0ee5d24ad2069d94b3801f",
                "e72e70ea3290844eedf40bb59a7872e05cb02f888e5e10396558dbee36f7ba7e",
                "44677c0d39b010932619dfad537020a6a7f0329b601eb42fce0c2383d8ff94c1",
                "02f9c48e7aba89fee60ef308f96550f6ea07d4b9ef302c94f81fa5430ad9e7de",
                "460d2c239c90f13a78553703d5a48bba92fc68559de9b2f97efef3ae5082b9bb",
                "daa1a7234757f5bd67bec813a8f1a0edbbdfa5f65c75da82aea746a53ee011f0",
                "839eff03cb07877b9add28ea06285388ad03fcbbf95a8bc9383c5ab8314e1519",
                "1b951c588905a8e85776c218487de462e5fc5b0d1321409abae05991f91056e6",
                "1dcdd3420cb24b65c790c6f23691ec23611f3ea296889a058c749a7cd0286344",
                "8f548ad7507f121415d1110f6fc1abc9db415843ae4116d0d6dd27a355830494",
                "ded41d4983cfb30b9052bc184a40f940e32dc743a9aeb55f4a99643f25c6d463"
            ],
            "type": "Document",
            "firstPartyCookies": {
                "ad_cid": {
                    "ttl": null,
                    "length": 64,
                    "prevalence": 0.00008873235591230512,
                    "uniqueness": 1
                }
            },
            "firstPartyCookiesSent": {},
            "exampleSites": [
                "camwhores.co",
                "freehdinterracialporn.in",
                "megapornx.com",
                "milfzr.com",
                "momzr.com",
                "porngun.net",
                "pornpic.com",
                "pornvibe.org",
                "sisterporn.tv",
                "theporngod.com",
                "www.amateurporn.me",
                "www.homemoviestube.com",
                "www.mypornhere.com",
                "www.pornrewind.com",
                "xxxpicss.com",
                "xxxpicz.com"
            ]
        },
        {
            "rule": "cdngain\\.com\\/tools\\/ad\\.js",
            "cookies": 0,
            "fingerprinting": 0,
            "subdomains": [
                "ads"
            ],
            "apis": {},
            "sites": 5,
            "prevalence": 0.0000341,
            "cnames": [],
            "responseHashes": [
                "bf0c8c12bfcd4b1c2728d66d6a6b2a1cbc52cd48461e63f21a5507e97095edb1"
            ],
            "type": "Script",
            "firstPartyCookies": {},
            "firstPartyCookiesSent": {},
            "exampleSites": [
                "eveknows.com",
                "justpicsplease.com",
                "megapornx.com",
                "xxxpicss.com",
                "xxxpicz.com"
            ]
        },
        {
            "rule": "cdngain\\.com\\/tools\\/ad\\.html",
            "cookies": 0.0000205,
            "fingerprinting": 1,
            "subdomains": [
                "ads"
            ],
            "apis": {
                "Document.cookie getter": 3,
                "Date.prototype.getTime": 4,
                "Document.cookie setter": 3
            },
            "sites": 4,
            "prevalence": 0.0000273,
            "cnames": [],
            "responseHashes": [
                "3a531712685155d48788168f58873aa145e8fe7ea74265a81addaad3003b2f3c"
            ],
            "type": "Document",
            "firstPartyCookies": {
                "ad_cid": {
                    "ttl": null,
                    "length": 64,
                    "prevalence": 0.00002047669751822426,
                    "uniqueness": 1
                }
            },
            "firstPartyCookiesSent": {},
            "exampleSites": [
                "justpicsplease.com",
                "megapornx.com",
                "xxxpicss.com",
                "xxxpicz.com"
            ]
        },
        {
            "rule": "cdngain\\.com\\/tools\\/ad_v07a\\.js",
            "cookies": 0.0000137,
            "fingerprinting": 1,
            "subdomains": [
                "ads"
            ],
            "apis": {
                "Document.cookie getter": 2,
                "Date.prototype.getTime": 2,
                "Document.cookie setter": 2
            },
            "sites": 2,
            "prevalence": 0.0000137,
            "cnames": [],
            "responseHashes": [
                "dfbece3f4b4194f7eb8984efb651ea90ea868c8142f17afc22d675d49c062a93"
            ],
            "type": "Script",
            "firstPartyCookies": {
                "impressions": {
                    "ttl": 86400,
                    "length": 1,
                    "prevalence": 0.000013651131678816173,
                    "uniqueness": 0.5
                }
            },
            "firstPartyCookiesSent": {},
            "exampleSites": [
                "megapornx.com",
                "www.shemaleporn.xxx"
            ]
        },
        {
            "rule": "cdngain\\.com\\/tools\\/ad_v07a\\.html",
            "cookies": 0.0000137,
            "fingerprinting": 1,
            "subdomains": [
                "ads"
            ],
            "apis": {
                "Document.cookie getter": 2,
                "Date.prototype.getTime": 2,
                "Document.cookie setter": 2
            },
            "sites": 2,
            "prevalence": 0.0000137,
            "cnames": [],
            "responseHashes": [
                "b420399145bcb7aa3426b85a061cab9bfdc6e95c4925221b027b9a2b866243a6"
            ],
            "type": "Document",
            "firstPartyCookies": {
                "impressions": {
                    "ttl": 2592001,
                    "length": 1,
                    "prevalence": 0.000013651131678816173,
                    "uniqueness": 0.5
                },
                "ad_cid": {
                    "ttl": null,
                    "length": 64,
                    "prevalence": 0.000013651131678816173,
                    "uniqueness": 1
                }
            },
            "firstPartyCookiesSent": {},
            "exampleSites": [
                "megapornx.com",
                "www.shemaleporn.xxx"
            ]
        }
    ],
    "categories": [],
    "performance": {},
    "cookies": 0.000218,
    "types": {
        "Document": 22,
        "Script": 7
    },
    "nameservers": [
        "brianna.ns.cloudflare.com",
        "derek.ns.cloudflare.com"
    ]
}