{
    "domain": "cdngcloud.com",
    "owner": {},
    "source": [
        "DuckDuckGo-US"
    ],
    "prevalence": 0.000245,
    "sites": 36,
    "subdomains": [
        "us-west1"
    ],
    "cnames": [],
    "fingerprinting": 2,
    "resources": [
        {
            "rule": "cdngcloud\\.com\\/api\\/spots\\/41050",
            "cookies": 0.000109,
            "fingerprinting": 0,
            "subdomains": [
                "us-west1"
            ],
            "apis": {},
            "sites": 16,
            "prevalence": 0.000109,
            "cnames": [],
            "responseHashes": [
                "6b52d0b553e62d8206fe959af6a23dd9663094d17fc831f5832489e7631a0be1",
                "554932d0c47f8adb8971312782069c25b1f6490a7507808a8e984347f102b10b",
                "74bb5b7de798b7ebada0901f7aefb077193f96616eb7249ea6bf5715a72005ca",
                "d3de005bbdb619773d3ebecda1661963320579b4e2c210e4245dabf68f8d0547",
                "179bce8f8df8bdaeb4022bd8dd70cc873cb5e2a3214e7cb3e4344c89a165ca60",
                "4ba0458e141a8eecec48e161eb397dd1f967c9b2041c7587d97160eb8d0be991",
                "686e4ca98fead40b42e2c222e115f94ef5479d7f62e0adb3d7ec9ee813e59cbc",
                "53d1465a4bb509af33cc5066fde220e69e7a7065231b970d11ce29a577b4f8a3",
                "7ceb3dd9832adccb63b23e4c07ac063c7ec48db14d2904b60fd9518b7edc4312",
                "b81259d42f783f590e1bdf958ebdf13247abed8a4ce2dd59f8ce92b820355c48",
                "4a11ac164e1c6ead8199292acb92b5aa450a73e0cf7037d6298c0517ef7e6c52",
                "e10afbaba19d136ee92f70156bff11d933104dff2c9e2d43054af85ebf999c25",
                "2d1348d4a49f34751fd708426b8af781d16aa432b63d8fd562331610e10ce27d",
                "fc2a196492fe77996f0708e7990ceffcbb125d3971cea8a4e9ca5bd48be3eec5",
                "09238dd329ffcbf89942b8d6c3a0b4f3c45b033858fef8c0bc82f3d190c8e9d0"
            ],
            "type": "Document",
            "firstPartyCookies": {},
            "firstPartyCookiesSent": {},
            "exampleSites": [
                "goldendesi.com",
                "hdpplanet.com",
                "indianpornhq.com",
                "japxtube.com",
                "justindiansex.com",
                "lesbiancloud.com",
                "topchineseporn.com",
                "tryindianporn.com",
                "www.easianporn.com",
                "www.japxtube.com",
                "www.onejapanese.com",
                "www.tryasianporn.com",
                "www.vintagepornv.com",
                "xtubeindian.com",
                "xxxfilm.pro",
                "xzxxtube.com"
            ]
        },
        {
            "rule": "cdngcloud\\.com\\/api\\/spots\\/41136",
            "cookies": 0.0000885,
            "fingerprinting": 0,
            "subdomains": [
                "us-west1"
            ],
            "apis": {},
            "sites": 18,
            "prevalence": 0.000123,
            "cnames": [],
            "responseHashes": [
                "ff6463f74cfefe1b9bedc3185a52c2009bff3c43a9ebb5e9d605f962c76fa7b9",
                "ee6f574d4822660131c758ea788c674783e1a78d21b88bb921ea73f6d62f0e95",
                "05d2deb12decbfefeeaf802f0f2815c5f4c735b9470efb05baf1c4f41ad1c9e6",
                "594a2752d7c3beac2796babb6b8bc93eeda3892a28d43f64c7218c93dda691f4",
                "3317bd080e7f93bfdf921bbfed51050c9b8a8b3caedd826292d9c53726e112b6",
                "049f069dd2b1127a835af0437b31bb1d95119cb5ea2436bc7f1c718bc93ded0e",
                "7c30f70872c094b892611af7bd634716a3c534e8a3bc111e255df3dc70d5a116",
                "4b579546a2f0fabcbd62fb85c7baf7ea34c94da86f0dce612688e8cf493ab579",
                "71483de3ec2b5085a77b37f79aa0d64f7175032d115857035a43833e0786f734",
                "b23fdc693e81903ba3835814dbb7b41f378d47d75d17911437f68207e63e070a",
                "59731385d9932a032c92512b3df81e70c5f47df16b7bbd89b7a0099d50035114",
                "581c1d1e89d3fb782487fdcfa5eb5ab56700d8788882e43fc19d44dcc88ac3ce",
                "55f5a679f34a8cf9563f869d9eb3d878eb6a712f72537fb427a7d1500e4bb612",
                "4656ecfd22dceb82dc97b92f52d73f070caf214f47a14cb750852ff4d4975550",
                "0578cc2aec9238f46113540fbcaec533e3922d3948aaaeec7ac984f47f26c53b",
                "0bfd389dc606048685a7e998d74467b85089c4746b95c1f2a46d822c9e1d70ad",
                "92967c399cd3a56965111fd0d876451c18e96af100486d211eae0fc02968d2c1"
            ],
            "type": "Document",
            "firstPartyCookies": {},
            "firstPartyCookiesSent": {},
            "exampleSites": [
                "goldendesi.com",
                "indianpornhq.com",
                "japxtube.com",
                "justindiansex.com",
                "lesbiancloud.com",
                "myclassictube.com",
                "ohclassic.com",
                "topchineseporn.com",
                "tryindianporn.com",
                "www.easianporn.com",
                "www.holloporn.com",
                "www.japxtube.com",
                "www.onejapanese.com",
                "www.tryasianporn.com",
                "www.vintagepornv.com",
                "xtubeindian.com",
                "xxxfilm.pro",
                "xzxxtube.com"
            ]
        },
        {
            "rule": "cdngcloud\\.com\\/api\\/spots\\/41054",
            "cookies": 0.0000885,
            "fingerprinting": 0,
            "subdomains": [
                "us-west1"
            ],
            "apis": {},
            "sites": 18,
            "prevalence": 0.000123,
            "cnames": [],
            "responseHashes": [
                "2bd7e3f338ed04a8264de355e7643b1d2a0f4980f5de7c07c7af84d03938cdc9",
                "6fb15e915e55efece09fe6a7522ad0e452f2c80db2feb3db64a722316fa69a59",
                "92b93e50c4b1d9fffc912bcf1f4d3a2a7e5ad493b1684cebf69f982d6a5fc96e",
                "7d7a58c255448d1beeb2ada66f4f10c0c693f1d607107759cf44fa1ce0665ea5",
                "72a1461166bbe608bf5045e0e03f6755bd02acb39b1823a4a1ea4304a156998f",
                "b5774f302e782e9dd312349fce7a0886bf52d5e514c835149aa800b0f2575463",
                "d2096238230641b2359b4a2f471c1bbc786fd628133c52b516cfe8e331156aa8",
                "9ffb04567fed15274f145b29aa5c634e16fc4325952dbfa2d730080ccc0e3ae1",
                "64892027c337f2a30317d8fabf40b0baa5207d3a4d8c51def5ed91b08d38e461",
                "0309c5511ba7553ad32c938db8ef5a1a3dc7b16f8ad4d9f9c24228bca80b8d87",
                "a1abb61a7f26b2a05f63caded1b37d71ed86de05f01f4b48b4171820325e1412",
                "f82242f16b72708f3c8fbeef1decfeabaeafdf94532569da8c0a85d523e57dd1",
                "a5b56e220b0767b44a2c23a98dd0e4fe7d9f1bc40fcc2df3bee656e8437468ab",
                "2d691a4319db9852a3a5be289a6513fab8e51069ca73e984864bc03a41ae8c9c",
                "b6ccf0c1fb51d012e9346802b0149a3ed191f1fb96697d840e7dc75aed608ab0",
                "cc665721ebb0853ed80186bf1b393fac02214bea597f3c16360e4779075bb3dd",
                "85d0a099e908af68b217a03320930755bd0695cdb2e19d012a5cf2a76719a7a5"
            ],
            "type": "Document",
            "firstPartyCookies": {},
            "firstPartyCookiesSent": {},
            "exampleSites": [
                "goldendesi.com",
                "indianpornhq.com",
                "japxtube.com",
                "justindiansex.com",
                "lesbiancloud.com",
                "myclassictube.com",
                "ohclassic.com",
                "topchineseporn.com",
                "tryindianporn.com",
                "www.easianporn.com",
                "www.holloporn.com",
                "www.japxtube.com",
                "www.onejapanese.com",
                "www.tryasianporn.com",
                "www.vintagepornv.com",
                "xtubeindian.com",
                "xxxfilm.pro",
                "xzxxtube.com"
            ]
        },
        {
            "rule": "cdngcloud\\.com\\/api\\/spots\\/433518",
            "cookies": 0.0000817,
            "fingerprinting": 0,