{
    "domain": "cdngcloud.com",
    "owner": {},
    "source": [
        "DuckDuckGo-US"
    ],
    "prevalence": 0.000136,
    "sites": 20,
    "subdomains": [
        "us-west1"
    ],
    "cnames": [],
    "fingerprinting": 3,
    "resources": [
        {
            "rule": "cdngcloud\\.com\\/api\\/spots\\/41050",
            "cookies": 0.000116,
            "fingerprinting": 1,
            "subdomains": [
                "us-west1"
            ],
            "apis": {
                "Document.cookie setter": 2,
                "Document.cookie getter": 2
            },
            "sites": 17,
            "prevalence": 0.000116,
            "cnames": [],
            "responseHashes": [
                "031c35b56c32001b89aa6afa35a015e48bf3d94e5f0e9198aef32b4e6fbeb93d",
                "1240a0c53f67014f7ba2f193d950f07e5f36e3d8ca0852b75425a42a28d6d4b3",
                "e5175bb7b912cad97f29e36ce5e307f6ba35acc8ca367df105ec4c521c237f87",
                "782273219b36187e71b6e4ab1ce43e72415817ad2c2a6e62deb3bfdf985995ef",
                "df40e8c669f302ece6a598c3fbea1c0ffc00f15d28c70f28f5ff0fb91f6e718a",
                "b214e0c6edcdc8705d8316cd05aacbcd426767cca828214122b205271e96c4ad",
                "bf367ca0486761bcce887acad9122cdce3cb1b3245c960542493942a6069bbe9",
                "7eddb50cbbd72e6d4a0ea14eb01d1d19293c54b6577c5b7db6efd4ae25f4c02d",
                "856a85ecd33d998891a7386406aad06fa4d3ffa1243ec95618aa7001d8cbce26",
                "27b7792281fe7e9c6d017f5cb571ecff202231273ff5fe3a2bc3d5a24f057ba1",
                "8215690df5f9cf23716b504f227ee02099c52e18fe65acf555c03a56e9c8baa1",
                "6231b5f548d79336f3b708dbf0777e91a94d897738c3c2424c4ef1176e5faa0c",
                "05b1a367bd6f8df939c6e99a6368cec26b1c7795bcffede34a478c60669a286d",
                "6243713270b1c70e65b42682c8035316fe5b8391b3425475769c2cef9324b941",
                "faf7e852b13ab182ce5659d5bf9d835a4052b01c3726b983928af002610b8716",
                "855c4c05e8e61b41b6e80b14cf5a697b71fe75ae65c0eb3a50c3dd003ea83c6c"
            ],
            "type": "Document",
            "firstPartyCookies": {
                "asgfp": {
                    "ttl": 31622406,
                    "length": 32,
                    "prevalence": 0.000013622679036059231,
                    "uniqueness": 0.5
                }
            },
            "firstPartyCookiesSent": {},
            "exampleSites": [
                "goldendesi.com",
                "indianpornhq.com",
                "indianpornzone.com",
                "japxtube.com",
                "lesbiancloud.com",
                "topchineseporn.com",
                "turboindian.com",
                "www.easianporn.com",
                "www.japxtube.com",
                "www.onejapanese.com",
                "www.porn4e.com",
                "www.pornoplanetxxx.com",
                "www.tryasianporn.com",
                "www.vintagepornv.com",
                "xtubeindian.com",
                "xxxfilm.pro",
                "xzxxtube.com"
            ]
        },
        {
            "rule": "cdngcloud\\.com\\/api\\/spots\\/77669",
            "cookies": 0.0000341,
            "fingerprinting": 0,
            "subdomains": [
                "us-west1"
            ],
            "apis": {},
            "sites": 5,
            "prevalence": 0.0000341,
            "cnames": [],
            "responseHashes": [
                "5ebb27923ec0e4c3b8daf572328332aa13bcf9997595cb766c1849e5cd9cb1ac",
                "34e6583e808aef019f154980c41b4734a64ce5ddbc65be6d7cc5eb467bbf3a1f",
                "e688912471d5d2f8f52e381efe32e5846e658cddb7d1b7744ff51ca44f060a4a",
                "5ef32ae0552d15149d3f96a86129b903a00bec6e28d0d62308109f5f8e54d5d2"
            ],
            "type": "Fetch",
            "firstPartyCookies": {},
            "firstPartyCookiesSent": {},
            "exampleSites": [
                "goldendesi.com",
                "indianpornzone.com",
                "turboindian.com",
                "www.japxtube.com",
                "www.porn4e.com"
            ]
        },
        {
            "rule": "cdngcloud\\.com\\/api\\/spots\\/41136",
            "cookies": 0.000116,
            "fingerprinting": 0,
            "subdomains": [
                "us-west1"
            ],
            "apis": {},
            "sites": 18,
            "prevalence": 0.000123,
            "cnames": [],
            "responseHashes": [
                "8fff28adc4a73f7f71cdd963979a76a454ce306f9683bd3ad01cab5c14ac2086",
                "6d021bf1ef22a27002a0891c1412c8e1641ed777ff5c87f8d3e61627182c9283",
                "63e31876835c037747dc5ffb519ff6be67f2c0f8bbdae569e7d041e9d6f0af77",
                "e68e555047b8033cba25f08edeb6e21e0a86a206591c7f7ca4b944f74fa8001c",
                "99b85ad071ae4d93b477b5bbde54999648befaba73251d4fbe88fd4319fbc820",
                "a490f79d2a0a8b10364148292b3c353059b2fe177c5f76e780962cc047c57caf",
                "f6b609dd7b82e808613465a7905c8f997f846edccaed81a110d5370cfc3e9c5c",
                "810456684bd6f75faac281811a64be0da8a93d672ced792ad495b08448124b8e",
                "7d9ba77c6ec1645fdffb0f390fd1d5924a6e0fd8be54dfdbaafacde16720b99b",
                "4fdff195a3180939a24d349225c6e925d2fe5fdb566ed5d747019becf8bd8438",
                "61faa296b6ff9058c7408254a558421afd79b79c53198b8cd7872578c18df806",
                "4df91d63c141ab1d415a5cc40def11cc2c638bd78a28e3440dc27adec25f5325",
                "9be05090933b51cd9b3de3556d37f92f21044159833717677b86a76415443231",
                "bb65580ec853656148012e0cc311fb0a50600289a9ba0da401e7a0bdce725ba7",
                "1f433a182300e02357c0832a25500592da41b585ef582998d536a8a4afdf7586",
                "b638dae05501df11b51f77ff541d6bf94472e31280fa101c41658e5bd28d350f",
                "3275fb75450a2af41eebb4e3a7b037da84d91c5c5a75f74ae0c0245925520e1b"
            ],
            "type": "Document",
            "firstPartyCookies": {},
            "firstPartyCookiesSent": {},
            "exampleSites": [
                "goldendesi.com",
                "indianpornhq.com",
                "indianpornzone.com",
                "japxtube.com",
                "lesbiancloud.com",
                "topchineseporn.com",
                "turboindian.com",
                "www.easianporn.com",
                "www.holloporn.com",
                "www.japxtube.com",
                "www.onejapanese.com",
                "www.porn4e.com",
                "www.pornoplanetxxx.com",
                "www.tryasianporn.com",
                "www.vintagepornv.com",
                "xtubeindian.com",
                "xxxfilm.pro",
                "xzxxtube.com"
            ]
        },
        {
            "rule": "cdngcloud\\.com\\/api\\/spots\\/41054",
            "cookies": 0.000109,
            "fingerprinting": 0,
            "subdomains": [
                "us-west1"
            ],
            "apis": {},
            "sites": 18,
            "prevalence": 0.000123,
            "cnames": [],