{
    "domain": "chatntr.com",
    "owner": {},
    "source": [
        "DuckDuckGo-US"
    ],
    "prevalence": 0.000354,
    "sites": 52,
    "subdomains": [],
    "cnames": [],
    "fingerprinting": 1,
    "resources": [
        {
            "rule": "chatntr\\.com\\/widget",
            "cookies": 0,
            "fingerprinting": 1,
            "subdomains": [],
            "apis": {
                "Document.cookie getter": 3
            },
            "sites": 27,
            "prevalence": 0.000184,
            "cnames": [],
            "responseHashes": [
                "68ab93bd7194a8cba370d764e0fb4f8e5aaf5a0ed7ce6a6b3538238b9689ded9",
                "ba84aa810558690b49ecc239e5bf53655b518c84c65ad29dd78d2b77978b810a",
                "ae1e619eca9d30e6105f7af5a583d29a4ad7ca79e8180a6f260c690081987319",
                "c04f611aa5b76ad47c98729c5ecd6909973d5ba3a9838feb2bddc4954e39631c",
                "edf6cc106052e2385dfec0b9091b974ef81e425b770e748a4b60ce4a3fd613b6",
                "19eed1282b63e1823470fb52fbda79e2029a9e1cdbd1784990d162258e485f8c",
                "0536db56353b47822118dfeafd2558cd225a35ef54c550af231fb54158929187",
                "663eca0dd921f219aa0d03629a0caa0a2a6161caafc781f7cdb6e9ea0f26fb4f",
                "ef9da124fd6ed84d505e44aaa8526f499b806382a0e41cf1054bf3b55ef2a3ba",
                "cc1c5b14512133d2bdd66d9b27a57d2499fcb56a6fdd2d46147d85d0116f471c",
                "de5592e3c2f64e87f649d0113c86aa78bf8bcc709ab251a3c421f2a94d67d424",
                "330c52658b33ad8cd003bd6d8f8421d72f69a60679e0739aaac8f07d90111871",
                "18772a90634975db154bb45d421992e87e019009af969a4e2f9ce8697f6814dc",
                "61fcfc46aef086ca6e371e08c165cdaaf31f7207902c3f0bd622b0d72712f052",
                "3acea613bb5fe9530111a878f0872fcbf5d50f0279882b6a52e66e94347ba6ba",
                "d4e7d32f9d6a67858aaf29595d581c2567746ae98c1cea3706826ac04a8e60df",
                "8e4afa5956686f31b3e88d73a96a2de7da0e9799f897d8d673376ad8e1315306",
                "c37e78b47cb970e2314a9597633fecfb900dcfec0daf2e96b0f0bd8022888059",
                "d53f578f8e3f2186a61ba8e04b0e769a3f7886c2e1b3bafe280c5f21cee608da"
            ],
            "type": "Document",
            "firstPartyCookies": {},
            "firstPartyCookiesSent": {},
            "exampleSites": [
                "beeg-pornos.com",
                "www.gutesexfilme.com",
                "www.sexfilme-gratis.com",
                "www.milffabrik.com",
                "www.tube8-pornos.com",
                "www.halloporno.net",
                "www.xnxx-sexfilme.com",
                "www.hdpornos.xxx",
                "www.pornohirsch.net",
                "www.pornotom.com",
                "www.omasexpornos.com",
                "www.deinesexfilme.com",
                "www.meinyouporn.com",
                "www.sexvideos-hd.com",
                "www.sexfilme24.org",
                "www.pornohammer.com",
                "youporndeutsch.xyz",
                "www.hd-sexfilme.com",
                "www.xnxx-porno.com",
                "www.xnxx-pornos.xxx"
            ]
        },
        {
            "rule": "chatntr\\.com\\/script\\.js",
            "cookies": 0,
            "fingerprinting": 1,
            "subdomains": [],
            "apis": {
                "Document.cookie getter": 4,
                "window.innerWidth": 4,
                "window.innerHeight": 4
            },
            "sites": 4,
            "prevalence": 0.0000272,
            "cnames": [],
            "responseHashes": [
                "6b0d7cd75574f7579c3012d7e24864cd5d66f796da0fbdca790f13b3d17a940c"
            ],
            "type": "Script",
            "firstPartyCookies": {},
            "firstPartyCookiesSent": {},
            "exampleSites": [
                "omasexpornos.com",
                "www.omasexpornos.com",
                "www.sexfilme24.org",
                "youporndeutsch.xyz"
            ]
        }
    ],
    "categories": [],
    "performance": {},
    "cookies": 0,
    "topInitiators": [
        {
            "domain": "first party",
            "prevalence": 1
        }
    ],
    "types": {
        "Document": 27,
        "Script": 4
    },
    "nameservers": [
        "mona.ns.cloudflare.com",
        "tim.ns.cloudflare.com"
    ]
}