{
    "domain": "citiservi.es",
    "owner": {},
    "source": [
        "DuckDuckGo-US"
    ],
    "prevalence": 0.000217,
    "sites": 32,
    "subdomains": [
        "a",
        "csm",
        "ctx",
        "dmp",
        "cdp"
    ],
    "cnames": [],
    "fingerprinting": 1,
    "resources": [
        {
            "rule": "citiservi\\.es\\/clocal\\.js",
            "cookies": 0.0000678,
            "fingerprinting": 1,
            "subdomains": [
                "a"
            ],
            "apis": {
                "Date.prototype.getTime": 9,
                "Document.cookie getter": 9,
                "Document.cookie setter": 9,
                "Navigator.prototype.userAgent": 4
            },
            "sites": 10,
            "prevalence": 0.0000678,
            "cnames": [],
            "responseHashes": [
                "a6319290a9fdd11b0dac0d8240b677bf735b8e02b2a992e0e1f4a411e09804cf",
                "9c48649708a354ea847603b8f335804a35e57ac42f1f51751f9bb94e8fdb3edf",
                "1527e6dfcad78cbbc40d4d479f4ee01f42aae5679a4a4731c49b14407dd837b7",
                "a902581d5130157168d32f82cd63e53b045bc135bad02a2f47cbc31c89e74bbd",
                "004cc335ae31b17e59afc71a0d3509731703e5fe5486a7e68fa0d8b96c704b75",
                "0c04cb043f9996ce241df0bbe2f7ad2bc902dafb673b4e1d549fae6e220dad8e",
                "1e3382f510289a983567f79d88d604ba7308363388c57edd3f996f14122a758a",
                "e9f4bca4a177cbd9fdc724eb9bea9a0ced33cc2b64aeb0c382d75ae735cb6761"
            ],
            "type": "Script",
            "firstPartyCookies": {
                "_btrid": {
                    "ttl": 31536003,
                    "length": 36,
                    "prevalence": 0.00006097932800780535,
                    "uniqueness": 1
                }
            },
            "firstPartyCookiesSent": {},
            "exampleSites": [
                "elespanol.com",
                "www.bebesymas.com",
                "www.diariodecadiz.es",
                "www.diariodesevilla.es",
                "www.eleconomista.es",
                "www.elespanol.com",
                "www.elplural.com",
                "www.granadahoy.com",
                "www.heraldo.es",
                "www.malagahoy.es"
            ]
        },
        {
            "rule": "citiservi\\.es\\/adstrack",
            "cookies": 0,
            "fingerprinting": 0,
            "subdomains": [
                "a"
            ],
            "apis": {},
            "sites": 9,
            "prevalence": 0.000061,
            "cnames": [],
            "responseHashes": [
                "1866961a029c65376fefb7f2ba1e6187e09ff50ea58d97dedfd72c197947d002"
            ],
            "type": "Image",
            "firstPartyCookies": {},
            "firstPartyCookiesSent": {},
            "exampleSites": [
                "elespanol.com",
                "www.bebesymas.com",
                "www.diariodecadiz.es",
                "www.diariodesevilla.es",
                "www.eleconomista.es",
                "www.elplural.com",
                "www.granadahoy.com",
                "www.heraldo.es",
                "www.malagahoy.es"
            ]
        },
        {
            "rule": "citiservi\\.es\\/data\\/img\\/202207120757\\.jpg",
            "cookies": 0,
            "fingerprinting": 0,
            "subdomains": [
                "csm"
            ],
            "apis": {},
            "sites": 6,
            "prevalence": 0.0000407,
            "cnames": [],
            "responseHashes": [
                "0248ff119f543a1c3d9479b3b46fcb4fb3ae7d5d0557dbcb2fbca98b2d818a49"
            ],
            "type": "Image",
            "firstPartyCookies": {},
            "firstPartyCookiesSent": {},
            "exampleSites": [
                "elespanol.com",
                "www.diariodecadiz.es",
                "www.diariodesevilla.es",
                "www.elplural.com",
                "www.granadahoy.com",
                "www.malagahoy.es"
            ]
        },
        {
            "rule": "citiservi\\.es\\/cxt\\/ctxt\\.php",
            "cookies": 0,
            "fingerprinting": 0,
            "subdomains": [
                "ctx"
            ],
            "apis": {},
            "sites": 3,
            "prevalence": 0.0000203,
            "cnames": [],
            "responseHashes": [
                "48e7dca87a09456744c9bac3077ba64f7165d777c954ef76881f71644882848d",
                "d2536f22e4dde3efddf2125a96bdba4a7e60eb497963f53a279c03223dda0651"
            ],
            "type": "Script",
            "firstPartyCookies": {},
            "firstPartyCookiesSent": {},
            "exampleSites": [
                "eleconomista.es",
                "informalia.eleconomista.es",
                "www.eleconomista.es"
            ]
        },
        {
            "rule": "citiservi\\.es\\/pxtrack\\.js",
            "cookies": 0.000108,
            "fingerprinting": 1,
            "subdomains": [
                "dmp"
            ],
            "apis": {
                "Date.prototype.getTime": 16,
                "Document.cookie setter": 16,
                "Document.cookie getter": 16,
                "window.localStorage": 16
            },
            "sites": 16,
            "prevalence": 0.000108,
            "cnames": [],
            "responseHashes": [
                "daed93c1ab30a0fb926d835a6d43c391fb83009b0136952e78a4f2a38ab9b69a",
                "7c01b71f9a4a7c49ae82803fde8f718088fb664ed7139c1cc1fccaa3d9008ed4",
                "3c1442d981984e48ee032d3ff0fcf2d83f5999fe123d04314f36e7ee1ca30405",
                "ce9a22edf38df3c9271396657510011c004aee4564f5de1ba8f1114cfa9e02f3",
                "a7fc58e48a8c0138043e4d5aa80fd95eb4b207a4d1b462dbea148387f2ea28f8",
                "c03df6de710d494d13462344e29d0f13bbf5090dab8266c2dc63d8491c4e3566",
                "6ac62949f0ac104c47786a2fa5d38e2f223d9b0beef3cedc0b2163cd64b86870",
                "37e80ebb63ad214958a5a47cdccf9dc170631e69004455a4c8437f9093a5a004",
                "70dfdf706e5ebbb1c09e7e8899aeb8e58d4b59192ba3609c4b8eb8da215d0dff",
                "f2ed0d021fbf33e24b494eb8c12c82385a497e77d8c9b7d0f700bb94cf639774",
                "aa456c0d4a5b4dcede016f0a404f7b27b1e15b6afefe7d0792bf27276cc7ff16",
                "bdfe7a2c99821b2dc6b9881b45c9b7878e6ee065aa7c3d398e28d602e8484ab0",
                "3d2ea6c489b9b109f328145667d6e02dbe030977ed3646a7597708cdbdc355d3",
                "16741781ddd955631ad08be6153f014e9bc085cf8e5ca29a016d7f997f859d2d",
                "f7caab19ad907b917909125f194856d43270673b4100241bf9fabeb6bee65935"
            ],
            "type": "Script",
            "firstPartyCookies": {
                "_btrid": {
                    "ttl": 31536004,
                    "length": 36,
                    "prevalence": 0.00010840769423609841,
                    "uniqueness": 1
                }
            },
            "firstPartyCookiesSent": {
                "_btrid": 0.0000813057706770738
            },
            "exampleSites": [
                "eleconomista.es",
                "informalia.eleconomista.es",
                "servicios.20minutos.es",
                "www.bebesymas.com",
                "www.deia.eus",
                "www.diariodecadiz.es",
                "www.diariodesevilla.es",
                "www.elcorreogallego.es",
                "www.eleconomista.es",
                "www.elnacional.cat",
                "www.elplural.com",
                "www.espinof.com",
                "www.granadahoy.com",
                "www.malagahoy.es",
                "www.noticiasdenavarra.com",
                "www.noticiasdegipuzkoa.eus"
            ]
        },
        {
            "rule": "citiservi\\.es\\/uscheck\\.js",
            "cookies": 0,
            "fingerprinting": 0,
            "subdomains": [
                "cdp"
            ],
            "apis": {},
            "sites": 8,
            "prevalence": 0.0000542,