{
    "domain": "cjpowered.com",
    "owner": {},
    "source": [
        "DuckDuckGo-US"
    ],
    "prevalence": 0.000264,
    "sites": 39,
    "subdomains": [
        "cjshpfy"
    ],
    "cnames": [],
    "fingerprinting": 0,
    "resources": [
        {
            "rule": "cjpowered\\.com\\/getPluginJS",
            "cookies": 0,
            "fingerprinting": 0,
            "subdomains": [
                "cjshpfy"
            ],
            "apis": {},
            "sites": 20,
            "prevalence": 0.000135,
            "cnames": [],
            "responseHashes": [
                "5577e51614195eb2576621e0d1a95a5b37633f3c12189be9c5a1cc1a092e976d",
                "4ab966e98827b4e7449e16686c44438080d6d4b81f93f7e6452bc3cad5aa6442",
                "5dcc7bab342a372a6b8d85f4922d1cb76cfa42f2d07aa45d2175b75effa47e99",
                "23ee7cbbc58f64d75f2c9e6c4d33d419f9790b8c55438a25ef0f8b78626cf1b7",
                "1a2f921924ae85116cfad0c31d82b977a5e938df0197eb20a4e485867a5d626e",
                "e77f5f8ecd505e1d1303677c2aa2dd3aec722111966c8ef7ccf41c389fe9196a",
                "fc9131d654d924c4598c1135da8c05a290c4073be7a53e3e0c3b3bd1600a4990",
                "ad677eacf15a234af72b4fa2e3c3430313d0c86ae0e9be887d9cfc48fceef515",
                "8dc75819e9d660360d47890a4c25e2ef6d1a84b88da90260de91bc108d55035c",
                "300e73fb2f0ee1a7a52837375d41e7ecc37b2223821dd1062420b2ec5334c1d6",
                "40e9efe57151ce89c56bbf98da9e34dee570982eec3c1a70def6045be9c63244",
                "09aa92392a7f3a19404fc6fdcd0eac774b2f38231bd6cfe3da992c65749fa104",
                "a33376e8a810ae1e8fa3cd2615479c7a975ed7101713582ca2e022dda3378dc0",
                "d382b0c6aa5a48358e214b46afa2083a1750100470cb897dcfe3ef2314d70851",
                "3a9b0a751531f5ed4bd9a9f65b7fd34a3f27b9a0d7426f15e4cb73256440467e",
                "c11e0e757ffdafbb813c9866aa51f1c32c9ac51d6a242aeedf8f1d96d760d7be",
                "a6db72bfe06c1926f5fb5d8f7f99857a4e623bdcc319fbaa1176b6e6e7ac5e52",
                "e3b0c44298fc1c149afbf4c8996fb92427ae41e4649b934ca495991b7852b855",
                "8c0d056c8dd328f91352f843bcf8b20556e136301e1685bc193367a66c589b6c"
            ],
            "type": "Script",
            "firstPartyCookies": {},
            "firstPartyCookiesSent": {},
            "exampleSites": [
                "drkellyann.com",
                "ferrymorse.com",
                "modcloth.com",
                "mymedic.com",
                "seikousa.com",
                "travelpro.com",
                "us.amazfit.com",
                "us.ecoflow.com",
                "www.bragg.com",
                "www.briggs-riley.com",
                "www.brookstone.com",
                "www.freebirdstores.com",
                "www.greenpan.us",
                "www.jennikayne.com",
                "www.mikasa.com",
                "www.nativecos.com",
                "www.pier1.com",
                "www.svsound.com",
                "www.thefryecompany.com",
                "www.turtlebeach.com"
            ]
        }
    ],
    "categories": [],
    "performance": {},
    "cookies": 0,
    "topInitiators": [
        {
            "domain": "first party",
            "prevalence": 0.85
        },
        {
            "domain": "yottaa.com",
            "prevalence": 0.1
        },
        {
            "domain": "global-e.com",
            "prevalence": 0.05
        }
    ],
    "types": {
        "Script": 20
    },
    "nameservers": [
        "ns-455.awsdns-56.com",
        "ns-1664.awsdns-16.co.uk",
        "ns-1244.awsdns-27.org",
        "ns-552.awsdns-05.net"
    ]
}