{
    "domain": "cjvdfw.com",
    "owner": {},
    "source": [
        "DuckDuckGo-US"
    ],
    "prevalence": 0.000271,
    "sites": 40,
    "subdomains": [],
    "cnames": [],
    "fingerprinting": 1,
    "resources": [
        {
            "rule": "cjvdfw\\.com\\/code\\/native\\.js",
            "cookies": 0,
            "fingerprinting": 1,
            "subdomains": [],
            "apis": {
                "Document.cookie getter": 15
            },
            "sites": 20,
            "prevalence": 0.000136,
            "cnames": [],
            "responseHashes": [
                "5b47ed19bcdcf4fc7a16f266aaf58bf1ad009fefe9f3402f0b5520725ac53014",
                "9f88d9d573657c64f91e4669db24ac02a210e79d18de2eb283a02786e00a3753",
                "1eb74630804aec6469a3ff975827b6262a36b9a096ea749afc6323cbf51e5975",
                "5e70dffa011ec2aa38148c9fa8620062dbf40c786a090021f955f7058dc66309",
                "67e542f466b0900dd6dbd75cf7f93b339f2279f6b6d7498be2610256b098efd2",
                "6db2d5108814e4bbb4334351a0c209924d6bbbcd0e421e71149e2bd1bb68654d",
                "2964addc24e2989f158f81b06d04db0d09acd20bb6b5af8a34564943fb4da0a6",
                "640a8ced6a731f2ed6706eed4fff611e09b4aa6acf4c1af8c394e5d273f73530",
                "b5e188f59c680e8e2671203527656f55a0a5c319a3a04d53dbd4b71619e73569",
                "abd1a9175845790c2fa99c249dda50353b9f13ff80d190e334c459179dfd5d52",
                "15bb8cc7977d2695f6471aff79d162d15ac8c8704fb6ea089912950ad4b2ebee",
                "02e5186b1d0ac43521c9ba2a75e6c33a222ea99788a864c329ff95fe534a7760",
                "9361f34429fe407fa4d56cfeb43827ecb1734b2d378472b890b660374d93e2ee"
            ],
            "type": "Script",
            "firstPartyCookies": {},
            "firstPartyCookiesSent": {},
            "exampleSites": [
                "authorscast.com",
                "couplespop.com",
                "de.abcdef.wiki",
                "de.frwiki.wiki",
                "es.abcdef.wiki",
                "familystrokesvid.com",
                "fr.abcdef.wiki",
                "it.abcdef.wiki",
                "japanesebussex.com",
                "kino.firenews.video",
                "moodbelle.com",
                "nl.abcdef.wiki",
                "pl.abcdef.wiki",
                "roshy.tv",
                "ru.abcdef.wiki",
                "solofaq.com",
                "sportsmanist.com",
                "staminacomfort.com",
                "www.fetishcontact.tv",
                "xnxxstepmom.com"
            ]
        }
    ],
    "categories": [],
    "performance": {},
    "cookies": 0,
    "topInitiators": [
        {
            "domain": "first party",
            "prevalence": 1
        }
    ],
    "types": {
        "Script": 20
    },
    "nameservers": []
}