{
    "domain": "clicktimes.bid",
    "owner": {},
    "source": [
        "DuckDuckGo-US"
    ],
    "prevalence": 0.0000949,
    "sites": 14,
    "subdomains": [],
    "cnames": [],
    "fingerprinting": 1,
    "resources": [
        {
            "rule": "clicktimes\\.bid\\/",
            "cookies": 0.0000543,
            "fingerprinting": 1,
            "subdomains": [],
            "apis": {
                "Date.prototype.getTimezoneOffset": 2,
                "Notification.permission": 7
            },
            "sites": 8,
            "prevalence": 0.0000543,
            "cnames": [],
            "responseHashes": [
                "00c6d54192e0129bf61e91bee4e9a9ac8895a3cee536865cdd9f77207ddf60f8",
                "3bed65fa42ab54318ff78993d82120a99bef58e140c5ed8e96b3fcccfec955a2",
                "404e1944a7cf896cd199fe871d56f0cb48e2267305aaab1fef551a4c50474280",
                "9f1d3051e36cb5165032b797d85f5d7853ca4d17fa158b4207e022e569c92994",
                "1184a68344e3e09e271480aba8f592866ebde84f5579a3b388eb6dce323ffec3",
                "1498ded1c3b20a0b3ae1a0ac45e7d56d43ecdebf9683da8a9063383c27eba139",
                "6a1d034942a091d07599fe95fb5885d3a6be7200f4e33c93ef559e203638490b"
            ],
            "type": "Script",
            "firstPartyCookies": {},
            "firstPartyCookiesSent": {},
            "exampleSites": [
                "koshachek.com",
                "jak.koshachek.com",
                "mahniyukle.co.az",
                "mobilmuzikindir.org",
                "musiqiyukle.az",
                "nytminicrossword.com",
                "porno365-video.com",
                "wordsanswers.info"
            ]
        }
    ],
    "categories": [],
    "performance": {},
    "cookies": 0.0000949,
    "types": {
        "Script": 8
    },
    "nameservers": [
        "dns1.regway.com",
        "dns2.regway.com",
        "dns3.regway.com",
        "dns4.regway.com"
    ]
}