{
    "domain": "clickatdcode.com",
    "owner": {},
    "source": [
        "DuckDuckGo-US"
    ],
    "prevalence": 0.000359,
    "sites": 53,
    "subdomains": [
        "js11"
    ],
    "cnames": [],
    "fingerprinting": 2,
    "resources": [
        {
            "rule": "clickatdcode\\.com\\/bens\\/vinos\\.js",
            "cookies": 0.000102,
            "fingerprinting": 2,
            "subdomains": [],
            "apis": {
                "Navigator.prototype.cookieEnabled": 14,
                "Date.prototype.getTime": 15,
                "Document.cookie getter": 15,
                "Document.cookie setter": 14,
                "Navigator.prototype.userAgent": 15,
                "Navigator.prototype.platform": 14,
                "window.localStorage": 14
            },
            "sites": 15,
            "prevalence": 0.000102,
            "cnames": [],
            "responseHashes": [
                "1b616fee68c5eb4d227d7707f1bad5f46f021d0d51a954512e9d0657139f055d",
                "88564f0e7b3d85e053a5716495b1a2e6768eccf8a136cf30b867938f3209ce63",
                "b5fb85e40d63cac70613eecc07ede5302e54de48d2ab6a714ad4b58562508691",
                "86d2d58e9fae9a330f61ed07dee740a752b683023b7a33745d9cdd8f076e597a",
                "24b1d4db061f8bd3262ec262262d71a7c65ac5352d757692df402364a13bd646",
                "6eff2b4c6ab72d95e1113eaaee9fdfe17846137fba1976a21c43efdfeba9d15e",
                "b87f5038b16918faeb7de9421fe8a2b419ceedc88c2fd7df3e9d735d68c5ab57",
                "ef40230c98428b383a2056ed48b5653256306250a80c86aa6b4dcb9312239897",
                "82365bd80cea420848cba2b71b7663f955dfda13d2b958983d4b62076e5e5998",
                "b2bd87787bcfaefba1435f8f828f20ece4e19c6e06a3b670ac396454128db8fd",
                "c83addfa6fc2cf98eced05af0598c1fbc19ebccee203b47716eecbbd25c03d8d",
                "3c8a5ead120e34976d5717b370579c9dd9c5bd72f9827cb6ce068c0a57e2d345",
                "8064fb4c6ffb7f5cd57771907d6a1094966cabff113395e89c4cb1a6d78d289c",
                "f0ac649982d95aadbdb43b3ce742f143ee8b0444696067a1bb62e429e0f765cf"
            ],
            "type": "Script",
            "firstPartyCookies": {
                "u_count": {
                    "ttl": 43202,
                    "length": 11,
                    "prevalence": 0.00009479828279682019,
                    "uniqueness": 0.07142857142857142
                }
            },
            "firstPartyCookiesSent": {},
            "exampleSites": [
                "24rollika.ru",
                "bestweapon.org",
                "djki.art",
                "erokomiksi.com",
                "hentasis1.top",
                "homeporno.biz",
                "mixporn.ink",
                "porn365.today",
                "pornoakt.me",
                "pornzoom.org",
                "prostoporno.company",
                "trahnul.com",
                "www.ebun.tv",
                "www.porno666.live",
                "www.sslkn.porn"
            ]
        },
        {
            "rule": "clickatdcode\\.com\\/js\\/customs\\/e035169a7a\\.js",
            "cookies": 0.0000542,
            "fingerprinting": 2,
            "subdomains": [
                "js11"
            ],
            "apis": {
                "Navigator.prototype.userAgent": 9,
                "Navigator.prototype.cookieEnabled": 8,
                "Date.prototype.getTime": 9,
                "Document.cookie getter": 9,
                "Document.cookie setter": 8,
                "Navigator.prototype.platform": 8
            },
            "sites": 9,
            "prevalence": 0.0000609,
            "cnames": [],
            "responseHashes": [
                "892deea0f93800f526a5724df9c4a79a3c66de02b940b26c0dd6e10bc7edf783"
            ],
            "type": "Script",
            "firstPartyCookies": {
                "u_count": {
                    "ttl": 43201,
                    "length": 11,
                    "prevalence": 0.000047399141398410096,
                    "uniqueness": 0.14285714285714285
                }
            },
            "firstPartyCookiesSent": {},
            "exampleSites": [
                "ebalochka.top",
                "gay-porevo.xyz",
                "gruppovoe-porevo.xyz",
                "japonoporno.top",
                "lesbi-xxx.best",
                "porno-podborki.xyz",
                "studentki-xxx.top",
                "transy-x.xyz",
                "v-anale.best"
            ]
        },
        {
            "rule": "clickatdcode\\.com\\/services\\/geo\\.php",
            "cookies": 0,
            "fingerprinting": 0,
            "subdomains": [],
            "apis": {},
            "sites": 2,
            "prevalence": 0.0000135,
            "cnames": [],
            "responseHashes": [
                "e7ab8000c16e54b68216a0d61e71cd7dd2d954bf76f40c789928b9ee3501f3dd"
            ],
            "type": "Script",
            "firstPartyCookies": {},
            "firstPartyCookiesSent": {},
            "exampleSites": [
                "onporn.fun",
                "sex.zorox.sex"
            ]
        }
    ],
    "categories": [],
    "performance": {},
    "cookies": 0.000332,
    "topInitiators": [
        {
            "domain": "first party",
            "prevalence": 0.9629629629629629
        },
        {
            "domain": "ebalochka.best",
            "prevalence": 0.037037037037037035
        }
    ],
    "types": {
        "Script": 26
    },
    "nameservers": [
        "dns1.registrar-servers.com",
        "dns2.registrar-servers.com"
    ]
}