{
    "domain": "condenast.io",
    "owner": {},
    "source": [
        "DuckDuckGo-US"
    ],
    "prevalence": 0.000238,
    "sites": 35,
    "subdomains": [
        "api"
    ],
    "cnames": [],
    "fingerprinting": 0,
    "resources": [
        {
            "rule": "condenast\\.io\\/v1\\/recommendations",
            "cookies": 0,
            "fingerprinting": 0,
            "subdomains": [
                "api"
            ],
            "apis": {},
            "sites": 35,
            "prevalence": 0.000238,
            "cnames": [],
            "responseHashes": [
                "465b47005b055be05b5d0df66c76d2e6006c332acc07cffca60cb54c1909114f",
                "9237295c9d6fe7a9a33673f8a63f6f341751344621527284e95e9b282ec3af14",
                "56dd07272a123bcbbd6b6f40fbe51efcdb5e882e50bd9149aac51f3b1107b6cd",
                "d31bddac6f20d566bb727dc41300e731375083877999764bd5509c5afec82881",
                "55ee6f9721803638f1f5f1861c47e2663b4429262205d9314bb39f5e5f41bd36",
                "2c8c66b47de1a2a852f67f080797b346f3554931e46906d0f41a7bf217a90e32",
                "95f021823b181ea30aa38d2ea10d0ee314de4d7eaccaf4b74fe6b6cecbe025fb",
                "bcf9c41da1ee0f806c65cea56d93a2fc71da6531a5652bc51d00421d1c4ab0d0",
                "e7b86563605d3148f45c46f8f957ba2e10c32956c090cb8bd3b8b5f25163134f",
                "b164681728a902dc72e7bbb8ff2d8c6416895b8de5f4b8bfc912036e2a192186",
                "d6e824f76f170006f5b987d837ac24adf43828e6ada453cd3600881bd16b28d1",
                "f88ee0f0c56f10f3ed9bfab62f47ec422f705327c6171fcddba0d708dc304131",
                "705824891a465965110bc7c6b480679e6b4457014f30baff25ab79c60b7ec035",
                "83226c489fa2a52fe052f0e5bc4bf80c6ec4af609284a5fe3ea47d58ab06eabb",
                "ef3b7e5787683d5bd5875e7620d02c03d238194e314e686fb850a3223c87809f",
                "565114f55e48bdb8d9528d4c26176d13ffe1ad24a53c285be1c310f83630f5dd",
                "d662d2b0c788a50eca54054fdebeeed985f32762e4105fadd354644cf14a11cc",
                "0a120a3564120d4d7400de1e565a190fd293da94f966548b68797ad69e7dd07d",
                "9b0d2b5c3dbb11aca6855b742155baf9be433b76f8d8dd3668b6a0e027fa0c22",
                "6316a3291f5574469449c7a306065000c4d924a6e4f6b0ec777205c0f7605ce4",
                "6c08f52da71893177d4a259cba0723daf8ea22d4e7617b1d9824f7c8bdf4d179",
                "f2fe7329d404ab80337749f73e6479d1e1b334250401adb0743a4d0d140655dc",
                "7937f1075926df0c985291a9968967014adecf03c04912c0e7ca51cfcb8599e7",
                "e7f9a1eca5f4827de0665d1500b425bad864135621c6c03d6a7e26a153b9eb16",
                "c29f83721d302e2c0cecee74a503a877487db43e36305b6eb18641409a03afc8",
                "849e8d76a9aa827ee2f405027b7036e3cbe005eb8e792ac976bfa0b8f267bf50",
                "90a0606118f8669bf9da806c8ea0e198824048be53791e4a7fd84983f15ec392",
                "684db1ae5dbef2ff70072933ef2728107bfa33cef6b7e0655fac7e33b36e8330",
                "76c8c5f722796954975998f5f04b939473c1b3883d3d300c3fe2f7b2a8b6a06d",
                "e145bd12d2a9568fb2ce4a54e67adea9958e7cc8243c0ab101a1a511fd745dfc",
                "87e47d65d22e52554c8fa92eddba5425c0866e84c332c8442216557a44abedac",
                "56ed1b76663883fee4b39f1a45f1d4dff29ad13326c6c84f0f00b5b07fb90ab1",
                "3e37a4fa317e98ec403388f33b87965d1f37cf0852211c4be5da5e2aaba08646",
                "71d0388190c3e659c960b45357907616d8f20d3d6288e6ae67aac1bc921ceeba"
            ],
            "type": "Fetch",
            "firstPartyCookies": {},
            "firstPartyCookiesSent": {
                "_td_domain_com.mx": 0.000006785825767137603,
                "_td_domain_gq.com.mx": 0.000006785825767137603,
                "_td_domain_gqindia.com": 0.000006785825767137603,
                "_td_domain_vogue.mx": 0.000006785825767137603
            },
            "exampleSites": [
                "arstechnica.com",
                "www.vogue.mx",
                "www.epicurious.com",
                "www.architecturaldigest.com",
                "www.bonappetit.com",
                "www.vogue.es",
                "www.tatler.com",
                "www.gqmagazine.fr",
                "www.lacucinaitaliana.it",
                "www.glamour.com",
                "wired.jp",
                "www.teenvogue.com",
                "www.vogue.co.jp",
                "www.glamour.de",
                "www.them.us",
                "www.vanityfair.com",
                "www.gq.com.mx",
                "www.revistavanityfair.es",
                "www.revistagq.com",
                "www.vogue.de"
            ]
        }
    ],
    "categories": [],
    "performance": {},
    "cookies": 0,
    "types": {
        "Fetch": 35
    },
    "nameservers": [
        "ns-276.awsdns-34.com",
        "ns-528.awsdns-02.net",
        "ns-1162.awsdns-17.org",
        "ns-1973.awsdns-54.co.uk"
    ]
}