{
    "domain": "config-security.com",
    "owner": {},
    "source": [
        "DuckDuckGo-US"
    ],
    "prevalence": 0.00111,
    "sites": 164,
    "subdomains": [
        "conf",
        "api"
    ],
    "cnames": [],
    "fingerprinting": 0,
    "resources": [
        {
            "rule": "config-security\\.com\\/model",
            "cookies": 0,
            "fingerprinting": 0,
            "subdomains": [
                "conf"
            ],
            "apis": {},
            "sites": 85,
            "prevalence": 0.000576,
            "cnames": [],
            "responseHashes": [
                "bca96a4faafef627113c32f5915d270e8c184578a3df60dae341e5297cbae03e",
                "5299c5956c768c4a0a52e521bec25e5246c6ef40ef5d22e8498d8ded83c3f8eb",
                "560c0a0b09a43103c11bf4b6cb81162566bc9c1627346c29ae0360dc01878e74",
                "1089f21c256c55b41bfc9576672020b9f36e50a60f6e794ab04c806e0f3c9eef",
                "7fc21f6057ce6c3fac4cca0dbfbab0191b050bb225f31bc52b8c844c49ad7b6d",
                "68c16b4e75c947cfd290289da9686166445cacb5ed54debc108f51de9744ebcb",
                "c5a5656cb2a8669d1b4158b1dab7d88d71830f2dbb6579aa6ec4a2153ccc2459",
                "5c2bd1bf175d0703cbd6d9770dc6517d6ad39f241cac30b495457e5b5fc4532b",
                "0e7cf420c553052de7a7dfc1841a450e1cf5942741a68d0c92c900abd1f5c329",
                "ed6e9249d170ab1969f7e168cf2e059459ec880638f21509efd3ebd50246f54b",
                "0865f5690a55b67e27948683b3b20b7608689c378747b901dfcc85595bf1891b",
                "6aa04d02806ea9ff3657a7c902f27fd5df6589f0483e2e99036123337c2c0854",
                "e2011c1360d7a79ae69f1349c509b4941246ade5a09b0c32a96a149eb26ffc15",
                "c4622149209cfb629326b4331644c1a3c936c210a5f66c752f2274a570fc432c",
                "51ff1ec80d7290a90efb24dc27359faa7c8bb3b8a7f2cdee41e960c709fec83a",
                "ac672d59b4a6a31addfe8c0e1ad26353e2662929273708005c90d37ee228cf5c",
                "14204bfcc0237d6a31aa006f7faf9bacdeec9a8531b1c66580c6b6dc0b78b66e",
                "7f3e8ae37fb5526d26c209f4660b20488d737c21b5f89ad50af6ef01aa3d9cf2",
                "a248a04d282b753504b10ad648f619063213b68f15dab7abc17c146fb2f3755f",
                "bfa6911df4e1d298ab6ded716f0a2facb1b5b5685fa8936b941451ad3a9f0d82",
                "14d94f711105d6f7db9dc6e7f378ad95969177638bedec58eded928a8196d128",
                "4079909d912500f24434941ff1603d31b0a0d89398a7dde9535c811179fa13bf",
                "5a26f13ffdee58b802d382e9e648211865f1cb32978465117a033ca0572f9572",
                "46db639e65abd300fd30fb9fb47822d121e98a4c977eb184024ed2c7fb0e3abd",
                "476448b77af2d5c62e325d4a2f39a81207019451e48e7efeb581973d8a9a2bbc",
                "ce36849562bb22069bbce7e85ba62a8aea2428cef74061d7b2abdfbadd04cb37",
                "f45851eb44899eb9ef7ed4dad02edcf6f44c984a804a0d53b8f6d4c58a67c676",
                "c45ba0087d1fe72e0cf24f52c920b786b86ce5d03c53defa48a5c55e0ba94a09",
                "a1119a781f4ee9d3325064053be244c8faa55c273f33acb7ca9053a8453c0dec",
                "f5628d895f15c63ee71ce4a0264dd10f4f94bf194fcb1a9d66923fbb7797ccce",
                "11f624cce412ae47ed25ff6b7fd7d51be1a9ad88f5abaabfb9f784e682f7b9ef",
                "14b479ade271c971d80d4cc7aea6868b6178cea546ce651cce261b51a3275a37",
                "52f1ae945f4fcb2d8486163d1a41e54f346516c19edf2df29b5fc096b9aa7849",
                "acec7ecce396da5d6dfbc74d0b45c56efd59f2373247e0c2a54c03f0902ad161",
                "409d36f286c5a4f09ef1057e43d85e8cc5048ff53f9808718b44c8736e877051",
                "3f3ff39c15734656d69a84a2789e610e840c2efb25dab9f7ffe9a1972c537483",
                "235874176188ea6254dae25aed3b4f3335fe2d7283fb15d493a2fe0b0aa932b4",
                "26fc9ea6daec65d61823505ee2189042bea1c9ababf327403f8fcb9da9a6d9be",
                "e92754e8ad5faaa9d367eb0ae374b080703c4a45767976adaeaf178ffc0b7dda",
                "140fe6e4af9ea6a19c7038e22f6ade6186e2a822f5aea70c6ae346ed0ec7f9fa",
                "0d1d4f17a59ad2478177c8e9949b2bbf91c8c997964561e9edb711cb60793086",
                "06a206becbeefbee973c23b6b183d557d0b90873721d39bead3147653c58163e",
                "10b252d05d8e405a5e060fd14b2d95e2a33aadf643e53f540a47d87959fc17dd",
                "8aaec9734f49e90476c9a47b3f61f04007321d3e34dae39d0fe626a828c0fee2",
                "6a6f26e6f0ec63a9b7496c0d837bf1d8c7a95e45d46d11a2cef3e0c5876aed46",
                "d4e0587a429a56d9d0bf278485d7149383d1ffa775d50e7eea4a89e74e1e7508",
                "2ed01fec1e4c99172ce81ca4a88eeab8c39b1b4e2f936c11729d8f8bff46eb7c",
                "4688dd4cc410251d07ebfaee32348fbe4de3141b736f4d891acd70ade21d94e2",
                "8edd80afa8ffe78cf09748ae2a79687ef691fa878ab828203be39699bb27f081",
                "098474b08de54b95993d085b283473135673274e994e46c601af429c80abab43",
                "d9c870affa09f5c5d0be12849e264b5894b9a9759247e4094fc9a78f7dda3f40",
                "dc2946bf7e7fe9f80ee066ab5460077efd1229e41fb51a07cd5343b973aa3749",
                "f4a9919ed8085d9103d673542b68a324381d8df0c0610fe47f696632e4a11f04",
                "c9d8652b605cbc9f2debb9deaf925fadd9e49f6fb9039a792773b08a714e78ae",
                "f2cc66489ae847a30d7cdc0362f78f491a575c36a8c9816c630a007a3e5d0f6e",
                "26caa671c7f175e6260cff1ab69d94daef610f4b6014f0d2291aaefca741a4df",
                "0cc1f1274062239b34069793c5256fb555d5ef8c84a4b2292e925e3374393bf3",
                "356c00bfc608824d116fda8079d4ea76fc9ba09687969a28aff23f3ffe10b4c9",
                "c8c925309bf07a6c4897bc2f794dd25ca9c9c05771646e83ef3d898c5ca5c6d1",
                "f8934ae4004c4eaadbf0f2966f8778052ac1c7666fe8c1d99b0e03013c6cf5f3",
                "2b675e0597d2c6cb16fe32a49ebfad0f78b49179caa13cdcec064146cdb85bfe",
                "54ba9f1cf8d4ddf689855f5656d486cff6f92d27653534285d0d6f344793a5bc",
                "979dd17340147f9a9b432a49ba0c88bcc75ad9fd8c97d4d5a3f6a2ba5cb71060",
                "15750a716535de206d789c6791a4b5c1e45e475ede341d295126393b427504fa",
                "bf890690afb482bcdb6ff8d44dbf91cfdd10fdb2280e6ad724e0e1310df37e7b",
                "73b9079552f54c68fb5ef8777245de8d0a56112bcac657ce700efb92452d7dfa",
                "49e702d40f63721543e99c335cf8d606903c4f2f56b8e541916a58d5c08e7cce",
                "1d249d09ab6d085c30b53bfd8d7159664ed1f11fbe401417d1de5b2a139f0af0",
                "d8a895ea8cbce8a3afee1dd3c83557eb3778b8f0881e52b3f0a483289435ef0c",
                "adce08affa7e74a6ca9e62a4be998b51309b18d9a4dd7f8eef6aad7cdcaf0d16",
                "312fa2b5f416048ad8244389e77c9f17c8ee4bbac0dad90ba30f10f74149ef34",
                "0f9a1d16c40981f67dffa4bbd6c5acfa4fe46a37bb6f711f87a535a574a750a6",
                "d437150b3d0d296a936d0640b124ee682d2cb86e3c4bba610f714c136606eaaf",
                "e61f3564fd5a21cf8e574ce43c176f0fdd2b51611b3a786b0fa70b31384aadcd",
                "c7bf70d0c09f7214adcf373e1236c91d78072a3bae5481f5409ce08c21258f95",
                "c4d3ce3196e45f667e6d9babb66d6d2411121a8ca093f6c7f51db4f033e67ca8",
                "a799ddc79c0287f1fa0c8b77fac84ad187e47ea06a58d6c37703ebc6ad0b6fcb",
                "e18554f1f99383ff8e5098231f9351373170fce497ec5d9636b3923ee0e6eef2",
                "78f70c7ffb77c608aa2ce539294053696a2b5e7d8daed0e30c84b8c60ba9ac86",
                "ec616ae4d8b9f218702455d918dbf8b385200aaf2a66860e9f46b01b4d747399",
                "6a0dd79428b6be2db416661cb39153baba9aa41a34d7d5ef5cafc990c1f64a67",
                "a98a7eeb215c17a9244238d164997d80d077556ec8f4e296a3bcf28d6856a91a"
            ],
            "type": "XHR",
            "firstPartyCookies": {},
            "firstPartyCookiesSent": {},