{
    "domain": "content-ad.net",
    "owner": {
        "name": "Content.ad",
        "displayName": "Content.ad"
    },
    "source": [
        "DuckDuckGo-US"
    ],
    "prevalence": 0.000348,
    "sites": 51,
    "subdomains": [
        "api"
    ],
    "cnames": [],
    "fingerprinting": 1,
    "resources": [
        {
            "rule": "content-ad\\.net\\/Scripts\\/widget2\\.aspx",
            "cookies": 0.000184,
            "fingerprinting": 1,
            "subdomains": [
                "api"
            ],
            "apis": {
                "Document.cookie getter": 26,
                "Navigator.prototype.userAgent": 4,
                "window.innerWidth": 1,
                "window.innerHeight": 1
            },
            "sites": 27,
            "prevalence": 0.000184,
            "cnames": [],
            "responseHashes": [
                "6a30230e6f6d82df2b6b758acfffccc0479aee58b9e70bf34288744c0281804c",
                "23875cf480d3d89320951b0d86f1196f4178dbf98d9f512f1cba3c460e1a8a88",
                "bf09fc79807edb326b79de72692ee9f2843d51aed6a17abe9e34d1b2621d80da",
                "8be0213a60cf2d8ca2c3e9476b13ef2403eb76ba90143fde4695149f3b6db22e",
                "e789b5ff8be514f0768b5d36ad6615b04775cd6cdd5ff17f27f511424e155f22",
                "64eed52cc96b1e897fc0dddb9c7163464d75e45770d486136932ea23cf2ee420",
                "77e8d571778148ed28c1b9f816ec4eceb63d6cda1e37ebdc7692f2fdb3f5017d",
                "6c298904e9864f26fa147fd1a9013d540c7a37aee9bfb1928b2dfdd4fb3d8e17",
                "ada988819cf6105c534aed6edb576101d81bb3b6d6410e55a06af16cb9049b47",
                "f2e48236525c29bf9d93cad5d94548b611071a3b7948ef78eb76aea4d1821c7a",
                "3ffff69f55a91a65ccc2bcca65fe84d760abb4a62e61702a54846cfe34d6ced7",
                "7932f6e726cb2949cb612b46a0cf02b347f0d4309faf5e7660596b739e4331de",
                "7b4df4d41835fa0444fead65df1638b8f487bdb348d89a241b03e44b3e117d39",
                "f4bb6fd7551c40239abab86b1e0e3bb2573b9c440ba0ee1712edf7e3ae6637c4",
                "de764b4dc003e80480b9eed358486c4d4dfc27be24964378df7af40d824ec9f5",
                "4096039ee0e40e1df73a84355a192e372b97516df65582bdba466e930ffdf35d",
                "e45a98a85a4185b48be48cdfc09102f4898b3f15ad1971acda52bdad1ace6532",
                "c18d216f5d5d12c22a95b3925c33d6deaa1e12ee74c4bba0a10f7e0d243ebf36",
                "4ff75f749c89c2a11fa23dc5f6a994c67b5c6bd98ae73e525714a717888e2ae0",
                "684e9aabe0eee55bacada8a48d80ede59d1dca2723b6b8b7343d375689b869b6",
                "4505a57655399f560b8a32fb173a59ff77b50465fd7968f5363cdacdd50c78ad",
                "936538e01f3f5a5cb2f88ec115e3fb1e4d62f12fb50c32b59dbc549185f31a15",
                "78dd75678923bb801fc6491f11de803ce878d56e8bd840616a8b1a975feae30c",
                "76aafc21401b74ab6a4816c78a64ba01dd487d19404b414eea51f7a1a7e26cc8",
                "2dd25cdb2bdd868c3095ed30a0cc615ea2fe0dd71ee46a0787f8439dd4b20369",
                "1f598cb84c3f9f1ac61478bd9ceeded534b2b6a764c87a923d90ab00917b8dee"
            ],
            "type": "Script",
            "firstPartyCookies": {},
            "firstPartyCookiesSent": {},
            "exampleSites": [
                "guardianlv.com",
                "www.delightedcooking.com",
                "marriedbiography.com",
                "www.beautyanswered.com",
                "rightwingnews.com",
                "www.practicaladultinsights.com",
                "www.infobloom.com",
                "dreamingandsleeping.com",
                "www.languagehumanities.org",
                "dailynewsbreak.org",
                "www.ladycarehealth.com",
                "angelnumbersmeaning.com",
                "www.wikimotors.org",
                "ecelebritymirror.com",
                "www.smartcapitalmind.com",
                "hollywoodmask.com",
                "www.homequestionsanswered.com",
                "debridlink.com",
                "channel45news.com",
                "marriedwiki.com"
            ]
        },
        {
            "rule": "content-ad\\.net\\/GetWidget\\.aspx",
            "cookies": 0.0000477,
            "fingerprinting": 1,
            "subdomains": [
                "api"
            ],
            "apis": {
                "Date.prototype.getTime": 1
            },
            "sites": 28,
            "prevalence": 0.000191,
            "cnames": [],
            "responseHashes": [
                "e3b0c44298fc1c149afbf4c8996fb92427ae41e4649b934ca495991b7852b855"
            ],
            "type": "Script",
            "firstPartyCookies": {},
            "firstPartyCookiesSent": {},
            "exampleSites": [
                "www.thrombocyte.com",
                "www.delightedcooking.com",
                "www.infobloom.com",
                "marriedbiography.com",
                "www.allthingsnature.org",
                "hollywoodmask.com",
                "www.damnsexypic.com",
                "www.culturalworld.org",
                "channel45news.com",
                "dreamingandsleeping.com",
                "www.girlsinyogapants.com",
                "www.barnorama.com",
                "www.wikimotors.org",
                "guardianlv.com",
                "darkoutpost.com",
                "www.beautyanswered.com",
                "www.hecklerspray.com",
                "www.practicaladultinsights.com",
                "marriedwiki.com",
                "www.ladycarehealth.com"
            ]
        }
    ],
    "categories": [],
    "performance": {},
    "cookies": 0.000348,
    "types": {
        "Script": 55
    },
    "nameservers": [
        "rob.ns.cloudflare.com",
        "ariadne.ns.cloudflare.com"
    ]
}