{
    "domain": "convers.link",
    "owner": {},
    "source": [
        "DuckDuckGo-US"
    ],
    "prevalence": 0.000164,
    "sites": 24,
    "subdomains": [
        "us",
        "eu"
    ],
    "cnames": [],
    "fingerprinting": 0,
    "resources": [
        {
            "rule": "convers\\.link\\/users\\/info",
            "cookies": 0,
            "fingerprinting": 0,
            "subdomains": [
                "us",
                "eu"
            ],
            "apis": {},
            "sites": 15,
            "prevalence": 0.000102,
            "cnames": [],
            "responseHashes": [
                "5f3c1d392cec2cdaaf834eaef8a32ef21f787a1d4e02f8a2f61b0c2a0d019817",
                "5120cd9393c13cb5cbf4d52ec0ded0074edf831054fb5c38a9dbfe0e80f87ecd",
                "7c92e821b976ca3ad732c550dc5f01498e4e9d0bff7ee482b90975546b075f27",
                "b1e3609d782d0865a39f00bfb11b1603b7a521de0bd39c77a37ffa5117e71569",
                "42834f15d805e8f48e104ad685897924a17f785aedb751ea596de45ab9b4a428",
                "6d5bb8d6f1a13cdf1f152a5f240ab68e370119aa9b93393ea8d2830be84494a7",
                "d3402c1bdad38cb25701020a76a05513bc3a3ebd4ed5941a2bc24d74ea975aab",
                "9db31c5f8f969ab8e51fdf6749ebf86b6f5ba19f07be12f13860726885d6ce7a",
                "f324c8b36a16147a5d2e49eef1b0df22f3bc3ff0955189340ee121dbb543bffc",
                "37a5a8d09548ef149ef8331f8524cbbd2e6bdfbe0730623ba4e53d2d5abef352",
                "ea8f99a2c61f6d318f8747961a369c4622f54ccbefa341d9e52cbbd713811131",
                "5c841c61da5422b1066ac2e935350c039f1147918e6a62ed0edd3a9b8faf1057",
                "f08f864f2e8c09f23f8ba871b9fc344b76cf26934be2eefa483b70a84a709cee",
                "1dfa6955e5232c875a486d3da68ff487f89a9d38f748464f22c41c084b76eaa1"
            ],
            "type": "Script",
            "firstPartyCookies": {},
            "firstPartyCookiesSent": {},
            "exampleSites": [
                "bokepviral.bio",
                "bokepviral.gay",
                "bokepviral.wtf",
                "contoseroticoscnn.com",
                "javsek.net",
                "komiklokal.click",
                "lendirtube.fun",
                "nsfwsubreddits.com",
                "pascol.sbs",
                "skandalpedia.click",
                "skandalpedia.sbs",
                "terviral.cam",
                "vidx.cfd",
                "vitub.site",
                "www.nsfwsubreddits.com"
            ]
        }
    ],
    "categories": [],
    "performance": {},
    "cookies": 0,
    "topInitiators": [
        {
            "domain": "richinfo.co",
            "prevalence": 1
        }
    ],
    "types": {
        "Script": 15
    },
    "nameservers": [
        "ns-481.awsdns-60.com",
        "ns-642.awsdns-16.net",
        "ns-1965.awsdns-53.co.uk",
        "ns-1395.awsdns-46.org"
    ]
}