{
    "domain": "crmentjg.com",
    "owner": {},
    "source": [
        "DuckDuckGo-US"
    ],
    "prevalence": 0.000408,
    "sites": 60,
    "subdomains": [],
    "cnames": [],
    "fingerprinting": 0,
    "resources": [
        {
            "rule": "crmentjg\\.com\\/pu\\/",
            "cookies": 0.000225,
            "fingerprinting": 0,
            "subdomains": [],
            "apis": {},
            "sites": 33,
            "prevalence": 0.000225,
            "cnames": [],
            "responseHashes": [
                "7b4f4746cbd9040596f67e7a046920bc393e7a1aff2368b80b96181fa42edcd3",
                "0513a642608c827006ec60dd483045275623464a67a386fa9a0fc4f0fd6658db",
                "cb85b324f7d5787a642ad83de2f5f058f86fee29181d21c8b1c206205c183f02",
                "a5c73b5759dca46f0e3d3fbe5246575d991b495502e9f28653cea49f6cc4cd56",
                "5310f732b3f2c9a01b8cfb2d3538c287cafb27c85b350bb384c3f86c78ea3180",
                "ced7eb1f68bf86a3cf300d7540913a583a1c22a8e9403f91ac922cd4bc3152af",
                "9657b8b0f8f2d62222a6703811ddf92720f6e0761053975286fff22a8864133b",
                "8be56d4eac2851ac32c9eb90c8102e0356a92cd4c9473bc46b3cba7a4b3a716e",
                "c5968b5337e329a357d3cfef0aab8d7ed74a1ceae184c5b4ba8147f3500f0b8f",
                "808d5b1d4948a910a8be71da11a01df460c948437a25911e0bba9449692e333b",
                "4821bc2478176e97cc3763ee62772d84ebd8db22c41262f6141af9970b74af4b",
                "7b7d0c56afc73accc4de672aee20098d770966ee2de0b4dcbfa3ceb9a26c4bf8",
                "cff861c4770f81c652b36f308fc3f855af960d358ae9ed99c8043e92f43493d2",
                "b3d2f7d26f56d7a4426fbcb6fb8528b63df63f23baae7198f1d0e9350e3199ff",
                "812ef1ff5f96deaa46808a25ec90e9aa713eeaf1d04ee0a5a85dacb5ab030a32",
                "085eda4bf6ed8c3bcfa2c27dff468eedb3a78746a6f85474ac61b452b272b664",
                "c81d14945fc2be916b41cd1e47e0c67cf518d4cab7a1721ff5464e31bf860a1e",
                "24db97b5367e7db070297b99e939ba6a0c95454a29466cf2a9ea51c56bbc4cfd",
                "74cd2b2dd54e3b4471e870b19cbf2e8f947ba59d640bf450225ee4268b594a28",
                "3e6beeb2360358f5d2e60f97cae839afd4649c5c249919cf42230e11cb71b302",
                "c68996dcf6a84877ad96df1c00f93c673240658489c74ff1aaf1e5ade9086661",
                "9d6d5998ffa0fe2a6808a1bf9062735f873e06e43f20c4f23c3dbdbe15229940",
                "fd9f8e6078927d62541e573d87f39358909dd79f5ab51ba913b85833b33b52b7",
                "83cb90086507b8c1ba42577feabcec036e76105d3a8617d13d9fd12eee4872d4",
                "a955ce123151344e3ca9be352584b46893da085ba1d39f6c91acc4fdb11230eb",
                "935e252935efa6cfdfd35222742eb1ec9431cb1dd4a83617562147456c0fd5fd",
                "34e99180aad7ca7b5061bc1af72ed2f8581328d6bcff6d41b5ce5abb03fafd6f",
                "be289e3a2968ebdc37a9baaadb9bc908c253b8d2d50b05376feab7b7b6666bea",
                "2088adf7246dc51aa2b9b6f07d0a83eca76641d17a840120b59e2bdd5526f935",
                "43ced61e4898dadec7b1565ecf8bca002ab6f4d01d1aeb44b3829bf19095b7b4",
                "a57c51e82c7d707ab04fc37d0bea43327508aa6ce0455a968f78f058225e545d",
                "43f2a33ca89018d0c35a57daf608c9bbf7eda5d9547688b27f333cd8bbad4f50"
            ],
            "type": "Document",
            "firstPartyCookies": {},
            "firstPartyCookiesSent": {},
            "exampleSites": [
                "m.tnaflix.com",
                "hello.porn",
                "de.ok.xxx",
                "www.pornhat.com",
                "www.perfectgirls.xxx",
                "www.empflix.com",
                "pornsavant.com",
                "porncoven.com",
                "www.ebony8.com",
                "www.3movs.com",
                "ok.xxx",
                "www.morazzia.com",
                "www.spankingtube.com",
                "m.babesandstars.com",
                "cumfacegenerator.com",
                "eroticity.net",
                "www.porndeepfakes.com",
                "www.amateur8.com",
                "www.babesandgirls.com",
                "www.babesandstars.com"
            ]
        }
    ],
    "categories": [],
    "performance": {},
    "cookies": 0.000408,
    "topInitiators": [
        {
            "domain": "twinrdack.com",
            "prevalence": 0.43333333333333335
        },
        {
            "domain": "twinrdsrv.com",
            "prevalence": 0.25
        },
        {
            "domain": "impactserving.com",
            "prevalence": 0.18333333333333332
        },
        {
            "domain": "doublepimp.com",
            "prevalence": 0.11666666666666667
        },
        {
            "domain": "twinrdsyn.com",
            "prevalence": 0.016666666666666666
        }
    ],
    "types": {
        "Document": 33
    },
    "nameservers": [
        "ns1.eurodns.com",
        "ns3.eurodns.com",
        "ns4.eurodns.com",
        "ns2.eurodns.com"
    ]
}