{
    "domain": "data-dynamic.net",
    "owner": {},
    "source": [
        "DuckDuckGo-US"
    ],
    "prevalence": 0.000109,
    "sites": 16,
    "subdomains": [
        "lb"
    ],
    "cnames": [],
    "fingerprinting": 0,
    "resources": [
        {
            "rule": "data-dynamic\\.net\\/data\\.js\\.php",
            "cookies": 0.000061,
            "fingerprinting": 0,
            "subdomains": [
                "lb"
            ],
            "apis": {},
            "sites": 9,
            "prevalence": 0.000061,
            "cnames": [],
            "responseHashes": [
                "92ca0f617d9954558e520cfea8466ef3542fb4b77dd8d2d7932602dd80c7dcc8",
                "b8469d1edd815a8451d863234dd5c8b15341a7b2bbcb59f1b3ebaff5b4c15e15",
                "e538996e04ed47b9565ddc3afa20a80e9d9acb8dda2b98a25385f001de6373d5",
                "7ba30d772dd91434b0fd158764b04e2f98092d23cb792edfeda6cbdb995649ad",
                "d878ccefaab189013eeb43638d6beb28b853258c882f047610a8d0f1d89b0a49",
                "b6abbccd2fe61d48e25136488283a13dc7bec8c88143dd75f1c5c163d345e145",
                "c21ef9b41b59134ce899602f7b0675e0c9710b5a2988b6090f79b00c6ffaf686",
                "308c720937f2b5ba859c9aba200b8caaf45d3e2c7dd2ef17a844d1dc4e7f6a00"
            ],
            "type": "Script",
            "firstPartyCookies": {},
            "firstPartyCookiesSent": {
                "cbar_uid": 0.000013562632235664297,
                "cbar_lvt": 0.0000067813161178321486,
                "ins-c": 0.000013562632235664297
            },
            "exampleSites": [
                "allekabels.nl",
                "www.allekabels.nl",
                "www.billabong.com",
                "www.camerahouse.com.au",
                "www.freedom.com.au",
                "www.house.com.au",
                "www.mobilefun.com",
                "www.mobilefun.co.uk",
                "www.rvca.com"
            ]
        }
    ],
    "categories": [],
    "performance": {},
    "cookies": 0.000109,
    "types": {
        "Script": 9
    },
    "nameservers": [
        "ns-604.awsdns-11.net",
        "ns-464.awsdns-58.com",
        "ns-1646.awsdns-13.co.uk",
        "ns-1133.awsdns-13.org"
    ]
}