{
    "domain": "dialogtech.com",
    "owner": {
        "name": "DialogTech, Inc.",
        "displayName": "DialogTech"
    },
    "source": [
        "DuckDuckGo-US"
    ],
    "prevalence": 0.00017,
    "sites": 25,
    "subdomains": [
        "st1",
        "stcdproducer",
        "st2"
    ],
    "cnames": [],
    "fingerprinting": 0,
    "resources": [
        {
            "rule": "dialogtech\\.com\\/st\\/",
            "cookies": 0.000102,
            "fingerprinting": 0,
            "subdomains": [
                "st1"
            ],
            "apis": {},
            "sites": 16,
            "prevalence": 0.000109,
            "cnames": [],
            "responseHashes": [
                "2d6ed6d03a9267d042824bb2a9fdf8ae7ec4ad032db1ef5524648a73b3ac1a20",
                "6d2f8a3841312d42fcec208475ca608a6ccf43b71ff691c3ad7fd7ca1888ed9a",
                "7ecc5e0653ace0a32ccd7a53c3a084e7c9d36d1444598d96db21efaf2614ac36",
                "a29c468512270cc1257f686621a3afde741e1f8237b47c0718e87aa2b503b0fc",
                "1cc5f3d909d581986cc6c14debfeb15766c555249edc161871c298b22c06263a",
                "a3004a4af862a722861d40cf161f0eafd0dd29ba6296a1200cef233803c5070d",
                "af44cfa6e193b2500eb0f12068c8255273e557b081332e27852d85a56b88e462",
                "f9a21c17c95ac4c834729c3abb78d99518b951932238cf13519882607892b2c5",
                "e2ae7485135634b69a02ff98c24d6d437a2a7800219c796a87c0da482f4f2d89",
                "821913e5b5f01a29650fc64902b535a231f5d05b797aa69e49951eea143d3573",
                "605984cd3992143122f79cb8165fd4e258d41c84dce5b846b7dae15a9c9e06b5",
                "8c0019e150ad918568c8717f27511f148f2636129bed9c7b78c2c6a360cbba3e",
                "41cb27078b2f4ecac56fe0f129aad0f90f7b4712f9e544e6747f115d0840d508",
                "e3b0c44298fc1c149afbf4c8996fb92427ae41e4649b934ca495991b7852b855",
                "2fdc01284e283d46ed4c53efe8628f38d5e533fb83eb20d400db074f68703846"
            ],
            "type": "Script",
            "firstPartyCookies": {},
            "firstPartyCookiesSent": {
                "gpv_c51": 0.000006806795905031584,
                "_ga": 0.0000408407754301895,
                "w_AID": 0.000006806795905031584,
                "IR_gbd": 0.000013613591810063168
            },
            "exampleSites": [
                "findlaw.com",
                "codes.findlaw.com",
                "lawyers.findlaw.com",
                "omronhealthcare.com",
                "www.avalara.com",
                "www.dandb.com",
                "www.dignitymemorial.com",
                "www.dnb.com",
                "www.findlaw.com",
                "www.freseniuskidneycare.com",
                "www.gadventures.com",
                "www.monex.com",
                "www.nissanusa.com",
                "www.redcross.org",
                "www.wyndhamhotels.com",
                "www.yourmechanic.com"
            ]
        },
        {
            "rule": "dialogtech\\.com\\/v1\\/data",
            "cookies": 0,
            "fingerprinting": 0,
            "subdomains": [
                "stcdproducer"
            ],
            "apis": {},
            "sites": 6,
            "prevalence": 0.0000408,
            "cnames": [],
            "responseHashes": [
                "d346801abbf9bb4e9e9a055239053d4ab5596514304f601a6c70604187acb744"
            ],
            "type": "Image",
            "firstPartyCookies": {},
            "firstPartyCookiesSent": {},
            "exampleSites": [
                "findlaw.com",
                "codes.findlaw.com",
                "lawyers.findlaw.com",
                "www.dandb.com",
                "www.dnb.com",
                "www.findlaw.com"
            ]
        },
        {
            "rule": "dialogtech\\.com\\/st\\/locations",
            "cookies": 0,
            "fingerprinting": 0,
            "subdomains": [
                "st1"
            ],
            "apis": {},
            "sites": 9,
            "prevalence": 0.0000613,
            "cnames": [],
            "responseHashes": [
                "ee078bf7a3ec3d994c013e620d5afa215efa2d62f3a8d3ff1a0791c9ddb706c0",
                "638f687245856191ac390d9184c065b91195cd450583566fb36b618ad959935c",
                "de0bb0f7fbef2965c59cdef903423f6e9719604508cac84c798270d0da0c7386",
                "9f5865824f13878c10cb9599e1bbe6e2aeba0e5845a789485e3d928993f5ce86",
                "0ff77f223256db3fab8b5d40ef5f5002b725c1b555b9ab905d81d5668af43645",
                "2b304923fc0229c13651058597830c7e3da3c0be9e741710c99e314159dd8a82"
            ],
            "type": "Script",
            "firstPartyCookies": {},
            "firstPartyCookiesSent": {
                "_st_bid": 0.00005445436724025267
            },
            "exampleSites": [
                "findlaw.com",
                "omronhealthcare.com",
                "www.avalara.com",
                "www.dandb.com",
                "www.dignitymemorial.com",
                "www.dnb.com",
                "www.gadventures.com",
                "www.nissanusa.com",
                "www.yourmechanic.com"
            ]
        },
        {
            "rule": "dialogtech\\.com\\/st\\/log",
            "cookies": 0.0000613,
            "fingerprinting": 0,
            "subdomains": [
                "st2"
            ],
            "apis": {},
            "sites": 9,
            "prevalence": 0.0000613,
            "cnames": [],
            "responseHashes": [
                "d346801abbf9bb4e9e9a055239053d4ab5596514304f601a6c70604187acb744"
            ],
            "type": "Image",
            "firstPartyCookies": {},
            "firstPartyCookiesSent": {
                "_ga": 0.0000408407754301895,
                "_st_bid": 0.00006126116314528425
            },
            "exampleSites": [
                "omronhealthcare.com",
                "www.avalara.com",
                "www.dandb.com",
                "www.dnb.com",
                "www.freseniuskidneycare.com",
                "www.gadventures.com",
                "www.monex.com",
                "www.nissanusa.com",
                "www.redcross.org"
            ]
        }
    ],
    "categories": [],
    "performance": {},
    "cookies": 0.000157,
    "types": {
        "Script": 25,
        "Image": 15
    },
    "nameservers": [
        "ns-1821.awsdns-35.co.uk",
        "ns-73.awsdns-09.com",
        "ns-901.awsdns-48.net",
        "ns-1201.awsdns-22.org"
    ]
}