{
    "domain": "digismoothie.app",
    "owner": {},
    "source": [
        "DuckDuckGo-US"
    ],
    "prevalence": 0.000251,
    "sites": 37,
    "subdomains": [
        "giftbox",
        "candyrack"
    ],
    "cnames": [],
    "fingerprinting": 0,
    "resources": [
        {
            "rule": "digismoothie\\.app\\/api\\/offers",
            "cookies": 0,
            "fingerprinting": 0,
            "subdomains": [
                "giftbox"
            ],
            "apis": {},
            "sites": 10,
            "prevalence": 0.0000678,
            "cnames": [],
            "responseHashes": [
                "5547992afdadb59737c5c0feb1a35dff294cd27145bf290c031737ecf8a2577d",
                "b78c6319012ff0aa399f3dd680c47db1222d035e2e5b940a524d5729db0ab314",
                "0c0b7501d5d060b23600965b6b68f23e87fdbca31c1ea59d9223692edf664e5f",
                "e017ddde685c055b8303ae592ef01622033502fc485d24076d1d0e4f7c5372c0",
                "a8cf9ee76c3611d9314a164091f17021f8767a47cf836d8151834768eabbfcb4",
                "fc663e616b7501f5cd89980f196e103df7acd86292f46af50222c56ae68a36bb",
                "38a8e59c53d42461e843f5a05aebbd82330c3ad7d516fe6d27e4dd19c94fa261",
                "9220bc7e29b619e4a20b53bcbf97674da0517895dbcad8e5a0969b332ed0d5e3"
            ],
            "type": "Fetch",
            "firstPartyCookies": {},
            "firstPartyCookiesSent": {},
            "exampleSites": [
                "buffalojackson.com",
                "goatguns.com",
                "mattsoffroadrecovery.com",
                "www.brighton.com",
                "www.crazysocks.com",
                "www.forkingandcountry.com",
                "www.garagegrowngear.com",
                "www.manitobah.com",
                "www.saintbernard.com",
                "www.vikingsbrand.co"
            ]
        },
        {
            "rule": "digismoothie\\.app\\/api\\/apps-info\\/",
            "cookies": 0,
            "fingerprinting": 0,
            "subdomains": [
                "candyrack"
            ],
            "apis": {},
            "sites": 10,
            "prevalence": 0.0000678,
            "cnames": [],
            "responseHashes": [
                "a444bd2b662c88ce5a34ae967567e62698e986b254754e0a80434d713dccab9a"
            ],
            "type": "Fetch",
            "firstPartyCookies": {},
            "firstPartyCookiesSent": {},
            "exampleSites": [
                "fiddlershop.com",
                "flexsealproducts.com",
                "loveplugs.co",
                "supplementwarehouse.com",
                "vidaoptimacbd.com",
                "www.eightvape.com",
                "www.espressoparts.com",
                "www.laurageller.com",
                "www.vikingsbrand.co",
                "www.woolx.com"
            ]
        }
    ],
    "categories": [],
    "performance": {},
    "cookies": 0,
    "topInitiators": [
        {
            "domain": "shopify.com",
            "prevalence": 0.6976744186046512
        },
        {
            "domain": "ds-cdn.com",
            "prevalence": 0.09302325581395349
        },
        {
            "domain": "appsolve.io",
            "prevalence": 0.09302325581395349
        },
        {
            "domain": "shopifyorderlimits.s3.amazonaws.com",
            "prevalence": 0.046511627906976744
        },
        {
            "domain": "intelligems.io",
            "prevalence": 0.046511627906976744
        },
        {
            "domain": "pickystory.com",
            "prevalence": 0.023255813953488372
        }
    ],
    "types": {
        "Fetch": 20
    },
    "nameservers": [
        "sima.ns.cloudflare.com",
        "plato.ns.cloudflare.com"
    ]
}