{
    "domain": "doctorpost.net",
    "owner": {},
    "source": [
        "DuckDuckGo-US"
    ],
    "prevalence": 0.00115,
    "sites": 169,
    "subdomains": [
        "us",
        "eu"
    ],
    "cnames": [],
    "fingerprinting": 0,
    "resources": [
        {
            "rule": "doctorpost\\.net\\/metrics\\/save\\.img",
            "cookies": 0.00000678,
            "fingerprinting": 0,
            "subdomains": [
                "us",
                "eu"
            ],
            "apis": {},
            "sites": 127,
            "prevalence": 0.000861,
            "cnames": [],
            "responseHashes": [
                "8923aee0e0c520bbd5d8910bfd1df982f40d72b3056274bd538980b5308d729c",
                "f5a60ed56ffd3c2a223b3f3bf6876906efd738916ab95c2877ea00260b149507",
                "1d73f0e15ca69e7af10d7e527c83cadd842e5ab6b6583292b8ac19ad7d72ee29",
                "bf1f4e518963e11eb94990bf00b1af27ef12965f8be613661f39453ab79a9813",
                "f2e0b99586552a8066ea48d06531bcdf6f17e7438e47e1e2ad17b1919da879e5",
                "d2c74451096a59b78be0ec244e5072265c27be2825ed7fe83d6390bb09900de8",
                "b220b9582da26e814a3dca5a1e76f28b280d4efcf95279185b19b63a089619a9",
                "5bbc3a040b80c66bc0d167e69b85ca8d0512a1493e3baa051e90092484556fb0",
                "d070e9d99bcb6de7c8e1e55b9a58e7b7170ded4b16e6c460649a44ee5bc973d4",
                "b51dc3084822a0f62b545cec6be268d78b8504a2b4d7fe787394b414e3767067",
                "63e74d126ff470c3e9cee1fe10c11ca9ce3d450b33b9d5181dcd660cc46e41f4",
                "e3b0c44298fc1c149afbf4c8996fb92427ae41e4649b934ca495991b7852b855",
                "4cdb6b380cc0111ae279f593d694013596691dfc4aeb86ace3cc99facb56c196",
                "bec3263d8a5a735cf643d9375946e021515658efaef93d30cbec0892ef8fe31f",
                "992e0b5e66dc798497bee2189673affb56e6195b07d770142833d492e8922c4b",
                "720cea0e988f447f3befc958cec92d58883ef88d1bed0eb44e4e8d23fa04cb45",
                "6ac1b8bdc50a3b1097a540057b290164fc613ff70e0400966a1de3d030186886",
                "14c5ce87af726f6f0658dac6e9af659c86c97a64d5c80723dd1e242faa1cd7e5",
                "e78c2b8799703a99f619da9ec7d035c54704c1605ea528d684d39ccfa94d5a55",
                "c4a1a18a0c054416cd1b5cb8132410e782374111f0f416a83581af37ff8c2b50",
                "542bff800b9d16e3a8f5ba342acf1a2181c4753bb8ed607c507bd6593e4a129d",
                "a07a0c673d25731fef80e45f8d751b80fe23ce72552ddfab498bcd61f24cc11d"
            ],
            "type": "Image",
            "firstPartyCookies": {},
            "firstPartyCookiesSent": {
                "_ym_d": 0.000027111659369111688
            },
            "exampleSites": [
                "horsesexzoo.site",
                "familypornhd.com",
                "www.tokyomotion.net",
                "bhabhixxx.pro",
                "incestporn.click",
                "youngincestpornsexxxx.com",
                "shygayporn.com",
                "zoo.zone",
                "animalsex.site",
                "www.hqtube.tv",
                "www.zoofiliataboo.com",
                "videking.com",
                "rapeincestpornxxxsex.com",
                "top100.hqtoplist.com",
                "dogporn.net",
                "animalsex.party",
                "bokepcuy.net",
                "bokepcolmek.com",
                "animalporn.party",
                "x-n-x-x.pro"
            ]
        }
    ],
    "categories": [],
    "performance": {},
    "cookies": 0.00000678,
    "types": {
        "Image": 127
    },
    "nameservers": [
        "ns-87.awsdns-10.com",
        "ns-991.awsdns-59.net",
        "ns-2045.awsdns-63.co.uk",
        "ns-1520.awsdns-62.org"
    ]
}