{
    "domain": "dood.la",
    "owner": {},
    "source": [
        "DuckDuckGo-US"
    ],
    "prevalence": 0.000163,
    "sites": 24,
    "subdomains": [],
    "cnames": [],
    "fingerprinting": 0,
    "resources": [
        {
            "rule": "dood\\.la\\/cdn-cgi\\/challenge-platform\\/h\\/g\\/scripts\\/invisible\\.js",
            "cookies": 0,
            "fingerprinting": 0,
            "subdomains": [],
            "apis": {},
            "sites": 21,
            "prevalence": 0.000142,
            "cnames": [],
            "responseHashes": [
                "c44a8090ae924ca0c95d68aa4eb9b76fadacd7054645666686d7eab7edf59bd2",
                "467fbd1788bee3e3fab33db0895b48c1e1e01b6b2b6afdfce299458e2554fc13",
                "6107ad745bd1b8c1cbe32d5b9b854a18d4af05e3ef277d81cdb428835e283319",
                "0c0a70aea4d9e2587eedb60e1885acf6ebeae47f7e576f50e8575133a8741203",
                "1b3e3ec249538ffe6ca33b6943f3756f9b491568e133968131102ebfd2a081f3",
                "f04e675f6d04b86d0443eee65bf4c91a0b52531c03314a105289b47d5717bf9c",
                "4a645cfc9f7b4045fe9b484a47bb384a046d9d1a4c2c59150371c15e9267d8fa",
                "92b432fceceb27f6e43a34ee07dafadedfcf03167a230315f7cf02cf3af7f5ee",
                "ce54b03b58150087731e20a2ba6434b82d102ad2645639ca4adf6de21e0ff6d7",
                "c0f048073d2911f2a3769b2b96e42fe36b3e68371a4f844c7cfe780a5dd2fde5",
                "bb57b7541fec472f2adfe8d3a7487404539cd291afab6b83705a338c9815aa6e",
                "b7669933aa117736c72d9472e822211ae0fff714be972939a84ac1cf8781cd9a",
                "c052bd5ad14d2f46a0283e86c5f18dcdf53a52597f5044d9d847e554f24f6fdc",
                "bf721055d8e7612548deef4159ea9a581399482578da226e7fa40e987297fc9d",
                "3b408922108bdfa80aca6996bb719d5a329fd580180e82cd294ab978ce77fc75",
                "61f9685d6a8fe41126a0c4cabaa8854b2c27f451f9b82484fd593f61627c6fe9",
                "76ef56318c35b47f199489a489f2389b3010d929a185bd6a2604a6b8025a6338",
                "3424542d74bbccd1d539a6a18346df073f2a63ececba926588cca83d206118cd",
                "b11ff1adce42679b776882925d44b749a6460854feedb5d0de66fd3b94eb9567",
                "80b259ffb50f3bed0ccaa061898b760acef4fde91bbf5d85c2cd4429fbc8844d"
            ],
            "type": "Script",
            "firstPartyCookies": {},
            "firstPartyCookiesSent": {},
            "exampleSites": [
                "bokepindo.cam",
                "bokepxxi.pics",
                "camgirlspank.com",
                "clips4free.is",
                "desixflix.com",
                "girlsdopornvideos.com",
                "influencergonewild.co",
                "javsub-english.top",
                "leakedworld.com",
                "maniakbokep.me",
                "nudohub.com",
                "pornotree.com",
                "scat.gold",
                "tantemuda.life",
                "viraltags.xyz",
                "xxxfree.watch",
                "xxxsubtitle.com"
            ]
        },
        {
            "rule": "dood\\.la\\/cdn-cgi\\/challenge-platform\\/h\\/g\\/scripts\\/pica\\.js",
            "cookies": 0,
            "fingerprinting": 0,
            "subdomains": [],
            "apis": {},
            "sites": 24,
            "prevalence": 0.000163,
            "cnames": [],
            "responseHashes": [
                "213ecf3d2e24cc6d1e504af6d74bbd1dc1bd86bbebff23fa82b3522509905a3f",
                "4884b9ef04224e4e86f45d935d0c70527063095efb4fc47af95f6a25d246021b",
                "1c0ef38721a7a7135afcd54b285bcdc5a13944cf3f6764a77492c8fff4d74574",
                "576d5477c6d386f2be6ef187f4b07c0334365dfc39ace469f693a86e38f59116",
                "244bd474f135444954b7d70625df94ea46cf63ba117f479caaefaf510c77722f",
                "5f4429d1deb1fd6c20a15653e6bfaf6b1b3bba3ef586db63749ee9403eb621b6",
                "5724423f774d6457d04bc5ff77755a4396c4c4239d4aa204e52900b7c112a4fa",
                "67808e5529b78b3383166fb3ef3b01c0d33f2d499d698c5aa47fbea4e4684027",
                "3e6215b4ae5cdfefeb8ccbedfcca3e1bdb721e3741eb463b5cd266cd052ccd81",
                "1475a7a5352683e56f6bc2412b582fea9620b3e845f41b416233610c989a54ba",
                "59fe97388e8c895d6b8e622d6e25e424ce54199ac5c2f68bfbaf0069e01338dc",
                "dd01388eb90553faac6183defa44d8d5a97eb9b32e977187b30e1032a867ebf5",
                "b1bbd19b274ad543b8c53cb93a0d2755119224976e39dbd4705cbe7f1a395050",
                "1625b584dcd3681093ef0253808e4ea626f1ed64099e29500f0402598e935f7b",
                "94bf4a14f8e7c094b67f4415ebdc5914f7c464d8a77a21baa3e3572aa8c8caa1",
                "982afcbe72c0f46961c0e3377e8c8cf9550024c241b839393a163b4ebd9242ac",
                "ea85f48aaaeabe9c7a855aa4d257a96e24e9fc0530c127551bb1ff3df0e42de5",
                "a542925bd527d916b5b02f5b63bbe6bbf780a107f85595a23e94bcf6228e438c",
                "571536cdaa759459ee9f4659de93a77cd485fb8f360fb2e6d6d4e73246594081",
                "15c09708ebfd2e68fe4ae3982ad923c45d1e7ca434a60fcc34de604e4fb952ab",
                "96e99f640f4edeb867278e4c7980243808e5c8d1410b1d9151f32cc620d8e40d",
                "c67204e8a3684d7b76e37a3681f095a355de3739f75000e1fba2753f0fc8e3ef",
                "9ef7a0abf5cc5569cb156c7cc056430149ef5c8ea53431f4460716e07aa44f8b"
            ],
            "type": "Other",
            "firstPartyCookies": {},
            "firstPartyCookiesSent": {},
            "exampleSites": [
                "bokepindo.cam",
                "bokepxxi.pics",
                "camgirlspank.com",
                "clips4free.is",
                "desixflix.com",
                "drbokep.xyz",
                "fc2ppv.cc",
                "girlsdopornvideos.com",
                "influencergonewild.co",
                "javsub-english.top",
                "leakedworld.com",
                "maniakbokep.me",
                "nudohub.com",
                "porngains.com",
                "pornotree.com",
                "scat.gold",
                "tantemuda.life",
                "viraltags.xyz",
                "xxxfree.watch",
                "xxxsubtitle.com"
            ]
        },
        {
            "rule": "dood\\.la\\/cdn-cgi\\/challenge-platform\\/h\\/g\\/scripts\\/cb\\/invisible\\.js",
            "cookies": 0,
            "fingerprinting": 0,
            "subdomains": [],
            "apis": {},
            "sites": 3,
            "prevalence": 0.0000203,
            "cnames": [],
            "responseHashes": [
                "89e27ce273199abacdf548974d20981ba086a0de53803963830eae6d95176bc1",
                "fbe9ffd7ad962465251b40f0f174720e1bf8dcbea2cdef6d07984bab165fe560"
            ],
            "type": "Script",
            "firstPartyCookies": {},
            "firstPartyCookiesSent": {},
            "exampleSites": [
                "drbokep.xyz",
                "fc2ppv.cc",
                "porngains.com"
            ]
        }
    ],
    "categories": [],
    "performance": {},
    "cookies": 0.000163,
    "types": {
        "Script": 24,
        "Other": 24
    },
    "nameservers": [
        "karina.ns.cloudflare.com",
        "hank.ns.cloudflare.com"
    ]
}