{
    "domain": "dood.la",
    "owner": {},
    "source": [
        "DuckDuckGo-US"
    ],
    "prevalence": 0.0000542,
    "sites": 8,
    "subdomains": [],
    "cnames": [],
    "fingerprinting": 1,
    "resources": [
        {
            "rule": "dood\\.la\\/cdn-cgi\\/challenge-platform\\/h\\/g\\/scripts\\/alpha\\/invisible\\.js",
            "cookies": 0,
            "fingerprinting": 0,
            "subdomains": [],
            "apis": {},
            "sites": 7,
            "prevalence": 0.0000474,
            "cnames": [],
            "responseHashes": [
                "dc62ad2d60f305499f033ecabe5846c88cedfb17b549fc55a9f19f6023ab8b49",
                "b2bf904a7331bd7dac7b0f6c2f3e8587e60506d17e15fb044af68210883f03ad",
                "1609c1e2a5f56aea0132560af5c73b73115942ea379c78b76b2452db2ecc7ac0",
                "f81bb1dc8ff61c7e8d83d4adad3ff09cb7f0e8263fd9bc1aa2ef14cf0f221879",
                "711cc5deda0ce2248b9a6ae3ae52b6b727925252ecc31d1dd77568cca89b0d8b",
                "db614560a81a515e112da8dc3232dbe9baa4fa5f162055e9291e68cb53c5ca77"
            ],
            "type": "Script",
            "firstPartyCookies": {},
            "firstPartyCookiesSent": {},
            "exampleSites": [
                "bokepjepang.top",
                "cewekgenit.one",
                "desixflix.com",
                "drbokep.xyz",
                "pornofaps.com"
            ]
        },
        {
            "rule": "dood\\.la\\/cdn-cgi\\/challenge-platform\\/h\\/g\\/scripts\\/pica\\.js",
            "cookies": 0,
            "fingerprinting": 0,
            "subdomains": [],
            "apis": {},
            "sites": 8,
            "prevalence": 0.0000542,
            "cnames": [],
            "responseHashes": [
                "88214c5111e2c3ea81d39ecb4529be7ce0bd2f4bfa01ec21e025cd251e69a3ed",
                "723a3c66371965b5c2ef819db5b5e4166e77bd749a1b25a6fe913957f43b10f6",
                "6d335ffdbecd0044e9c4488976c0625c3b27ec6ad0cc7f93a3a038f5a93d6d18",
                "ddb25a969738d3b8e498ce49b13b10c5bdb1ebf627dde6d0d76e4078497775e6",
                "4154854ca01a76383698aa29d25c8aeeafcf4ed7adb73aab8cb700abc49d6f95",
                "4c0c9505666f05c5eb50173e5a457891e743004759fb8c124206dd060f465f20",
                "b3d6c69d2929ff4cf48c026e8d0672d4364e233672a7a9e3643ea8ea519af736"
            ],
            "type": "Other",
            "firstPartyCookies": {},
            "firstPartyCookiesSent": {},
            "exampleSites": [
                "bokepjepang.top",
                "cewekgenit.one",
                "desixflix.com",
                "drbokep.xyz",
                "pornofaps.com"
            ]
        }
    ],
    "categories": [],
    "performance": {},
    "cookies": 0.0000542,
    "topInitiators": [
        {
            "domain": "first party",
            "prevalence": 0.9523809523809523
        },
        {
            "domain": "cewekgenit.info",
            "prevalence": 0.047619047619047616
        }
    ],
    "types": {
        "Script": 7,
        "Other": 8
    },
    "nameservers": [
        "karina.ns.cloudflare.com",
        "hank.ns.cloudflare.com"
    ]
}