{
    "domain": "dtk.id",
    "owner": {},
    "source": [
        "DuckDuckGo-US"
    ],
    "prevalence": 0.0000682,
    "sites": 10,
    "subdomains": [],
    "cnames": [],
    "fingerprinting": 0,
    "resources": [
        {
            "rule": "dtk\\.id\\/",
            "cookies": 0,
            "fingerprinting": 0,
            "subdomains": [],
            "apis": {},
            "sites": 11,
            "prevalence": 0.000075,
            "cnames": [],
            "responseHashes": [],
            "type": "Preflight",
            "firstPartyCookies": {},
            "firstPartyCookiesSent": {
                "lotame_domain_check": 0.00007504332046226685,
                "__dtmids": 0.0000682212004202426
            },
            "exampleSites": [
                "detik.com",
                "finance.detik.com",
                "food.detik.com",
                "health.detik.com",
                "hot.detik.com",
                "inet.detik.com",
                "news.detik.com",
                "travel.detik.com",
                "wolipop.detik.com",
                "www.detik.com",
                "www.haibunda.com"
            ]
        },
        {
            "rule": "dtk\\.id\\/",
            "cookies": 0,
            "fingerprinting": 0,
            "subdomains": [],
            "apis": {},
            "sites": 11,
            "prevalence": 0.000075,
            "cnames": [],
            "responseHashes": [
                "0673cca018cb3ff2af911170212423a533e21f7e52b271a3ad2b2da722157c6f",
                "da0b4cb117303ed1cdbec883d1073539b5919058adf48e049661e7ffc6f1ace0",
                "fe8afc1fd929f15e57e65a1fe09ce83e72c844d8b4a772c21f0037314836f520",
                "94e0287793b19f06a972235d36bb8a79add3ea8975c23707cdcad53e8ae681b8",
                "36f148a16f095e84b58216514b986e417f4348d5c0b0828d4eb4ddbdd59685e4",
                "49f4f77d25544d29899dfa37abdd71189f44b5828fddc130fed75df0dd3ecf5e",
                "9376bf0a03012e578a13a7ddf69d23ad16e03a1afa5a6210b3953473fb71bc91",
                "c80a0e26a893f3dc2ae58f62e1f61a208b523dd8ec56331935c9813b8e24ec3a",
                "2f0c1e2713ee96ac0512c869fc7943569ac389a69dcdbd47b7c3fd814123044a",
                "296e3c8489817bf8f57b9b90734d854984750b0985a1902d855525c675393854"
            ],
            "type": "XHR",
            "firstPartyCookies": {},
            "firstPartyCookiesSent": {
                "lotame_domain_check": 0.00007504332046226685,
                "__dtmids": 0.0000682212004202426
            },
            "exampleSites": [
                "detik.com",
                "finance.detik.com",
                "food.detik.com",
                "health.detik.com",
                "hot.detik.com",
                "inet.detik.com",
                "news.detik.com",
                "travel.detik.com",
                "wolipop.detik.com",
                "www.detik.com",
                "www.haibunda.com"
            ]
        }
    ],
    "categories": [],
    "performance": {},
    "cookies": 0,
    "topInitiators": [
        {
            "domain": "detik.net.id",
            "prevalence": 1
        }
    ],
    "types": {
        "Preflight": 11,
        "XHR": 11
    },
    "nameservers": [
        "ns1.detik.com",
        "ns1.detik.net.id",
        "ns.detik.net.id",
        "ns.detik.com"
    ]
}