{
    "domain": "easyads29.pro",
    "owner": {},
    "source": [
        "DuckDuckGo-US"
    ],
    "prevalence": 0.000109,
    "sites": 16,
    "subdomains": [
        "cdn"
    ],
    "cnames": [],
    "fingerprinting": 2,
    "resources": [
        {
            "rule": "easyads29\\.pro\\/sdk\\/push_web\\/",
            "cookies": 0.0000477,
            "fingerprinting": 2,
            "subdomains": [
                "cdn"
            ],
            "apis": {
                "Navigator.prototype.userAgent": 7,
                "Intl.DateTimeFormat.prototype.resolvedOptions": 7,
                "Date.prototype.getTimezoneOffset": 7,
                "Document.cookie getter": 7,
                "Date.prototype.getTime": 7,
                "Document.cookie setter": 7,
                "window.devicePixelRatio": 7
            },
            "sites": 7,
            "prevalence": 0.0000477,
            "cnames": [],
            "responseHashes": [
                "cd8ed2f970db99fbd7ae8f5869c7e24576277972f384286f248d64bdc1c82d81",
                "b8c2e5634c0cd77603b9180b5680067bb4aa3a17f266ea45e32663caefc1dab9",
                "166cd8fafbae8a41a0d9c7da4872c512a7ce611f0e8a11de1ae903c880f4ee62",
                "df98bfa69b5b75ec8cea9c33aa417b2530abaeae97b0105950edaecd3bcc725e",
                "16346d8e988dfff07400a5195594672db0dbae8008876d667a8990cd5cae43b0"
            ],
            "type": "Script",
            "firstPartyCookies": {
                "rvt_inlpush_cnt_4794": {
                    "ttl": 86401,
                    "length": 1,
                    "prevalence": 0.00002043248765537204,
                    "uniqueness": 0.3333333333333333
                },
                "rvt_inlpush_max_4794": {
                    "ttl": 86401,
                    "length": 3,
                    "prevalence": 0.00002043248765537204,
                    "uniqueness": 0.3333333333333333
                },
                "rvt_inlpush_cnt_4806": {
                    "ttl": 86401,
                    "length": 1,
                    "prevalence": 0.000006810829218457347,
                    "uniqueness": 1
                },
                "rvt_inlpush_max_4806": {
                    "ttl": 86401,
                    "length": 3,
                    "prevalence": 0.000006810829218457347,
                    "uniqueness": 1
                },
                "rvt_inlpush_cnt_4804": {
                    "ttl": 86402,
                    "length": 1,
                    "prevalence": 0.000006810829218457347,
                    "uniqueness": 1
                },
                "rvt_inlpush_max_4804": {
                    "ttl": 86402,
                    "length": 3,
                    "prevalence": 0.000006810829218457347,
                    "uniqueness": 1
                },
                "rvt_inlpush_cnt_4795": {
                    "ttl": 86401,
                    "length": 1,
                    "prevalence": 0.000006810829218457347,
                    "uniqueness": 1
                },
                "rvt_inlpush_max_4795": {
                    "ttl": 86401,
                    "length": 3,
                    "prevalence": 0.000006810829218457347,
                    "uniqueness": 1
                },
                "rvt_inlpush_cnt_4796": {
                    "ttl": 86401,
                    "length": 1,
                    "prevalence": 0.000006810829218457347,
                    "uniqueness": 1
                },
                "rvt_inlpush_max_4796": {
                    "ttl": 86401,
                    "length": 3,
                    "prevalence": 0.000006810829218457347,
                    "uniqueness": 1
                }
            },
            "firstPartyCookiesSent": {},
            "exampleSites": [
                "bravoporn.com",
                "es.bravoporn.com",
                "hellmoms.com",
                "hellporno.net",
                "mobile.bravoporn.com",
                "www.bravoporn.com",
                "www.bravoteens.com"
            ]
        },
        {
            "rule": "easyads29\\.pro\\/sdk\\/native\\/",
            "cookies": 0.0000204,
            "fingerprinting": 1,
            "subdomains": [
                "cdn"
            ],
            "apis": {
                "Navigator.prototype.userAgent": 3,
                "Document.cookie getter": 3,
                "Date.prototype.getTime": 3,
                "Document.cookie setter": 3,
                "Navigator.prototype.appName": 3
            },
            "sites": 3,
            "prevalence": 0.0000204,
            "cnames": [],
            "responseHashes": [
                "394548916f1dbe4aee05cd9a95c5239e117a444d13304ef27545a971334e3879"
            ],
            "type": "Script",
            "firstPartyCookies": {
                "rvt_ntvb_cnt_6327": {
                    "ttl": 86401,
                    "length": 1,
                    "prevalence": 0.00002043248765537204,
                    "uniqueness": 0.3333333333333333
                }
            },
            "firstPartyCookiesSent": {},
            "exampleSites": [
                "drtuber.com",
                "www.drtuber.com",
                "www.drtuber.desi"
            ]
        }
    ],
    "categories": [],
    "performance": {},
    "cookies": 0.000109,
    "types": {
        "Script": 10
    },
    "nameservers": [
        "ray.ns.cloudflare.com",
        "dell.ns.cloudflare.com"
    ]
}