{
    "domain": "elasticsuite.io",
    "owner": {},
    "source": [
        "DuckDuckGo-US"
    ],
    "prevalence": 0.000156,
    "sites": 23,
    "subdomains": [
        "t"
    ],
    "cnames": [],
    "fingerprinting": 0,
    "resources": [
        {
            "rule": "elasticsuite\\.io\\/track",
            "cookies": 0,
            "fingerprinting": 0,
            "subdomains": [
                "t"
            ],
            "apis": {},
            "sites": 13,
            "prevalence": 0.0000882,
            "cnames": [],
            "responseHashes": [],
            "type": "Preflight",
            "firstPartyCookies": {},
            "firstPartyCookiesSent": {},
            "exampleSites": [
                "psu.edu",
                "extension.psu.edu",
                "nightvisionguys.com",
                "palmettostatearmory.com",
                "store.lci1.com",
                "www.biocoop.fr",
                "www.cdnnsports.com",
                "www.electricradiatorsdirect.co.uk",
                "www.europris.no",
                "www.lampe.de",
                "www.litter-robot.com",
                "www.shelterlogic.com",
                "www.sloanex.com"
            ]
        },
        {
            "rule": "elasticsuite\\.io\\/track",
            "cookies": 0,
            "fingerprinting": 0,
            "subdomains": [
                "t"
            ],
            "apis": {},
            "sites": 13,
            "prevalence": 0.0000882,
            "cnames": [],
            "responseHashes": [
                "55584735c7b866563f4e3951310279dd14ba08b74b188d2cbc9a8487e0626d5e",
                "e23885b5fd3d9f0cf586955f4c0aa730923b89c5b94ddb29f5dc7a0d56ed49f7",
                "bfba623880ee2cded3f76c07e0f4f8362fe5bfec1babaaf9ac26b9c77a14a597",
                "0f1d07e423c96e9875715cd6ae0deb4954fe6622c8d362624edf68b667eb2c6f",
                "4768ebb300146415a37dfc68f690ea6df5e4ef789b4e5b21979e57246cd4513b",
                "d4a171e60f368aa2bbb67214cc884f58d9bb82a11921861e4f9b243e2dcba4cc",
                "38c7eb2b8994f6fa1e9804710dd77741096831fa9a6bfac155f53b0306e8fba1",
                "c35f908d56e8215f692343a183748243ba4e91d2d8c1bf95e8ac00e135340bf0",
                "806815e2fb3e44081b817a426ba3ac35750a0728e5ffee35e9d1db5fb45a8b39",
                "8f820105c244b951117afb1481dfccac784c59038293e2de4614f562abc3b44e",
                "eeede06d59eebdb040c0a7919986113386e7b5c0c23ca3bb111347903dda578a",
                "a8f3b3f55154753920c22f2df31b38f3bb585b9677f91ed59d4ce0c727193c11"
            ],
            "type": "XHR",
            "firstPartyCookies": {},
            "firstPartyCookiesSent": {},
            "exampleSites": [
                "psu.edu",
                "extension.psu.edu",
                "nightvisionguys.com",
                "palmettostatearmory.com",
                "store.lci1.com",
                "www.biocoop.fr",
                "www.cdnnsports.com",
                "www.electricradiatorsdirect.co.uk",
                "www.europris.no",
                "www.lampe.de",
                "www.litter-robot.com",
                "www.shelterlogic.com",
                "www.sloanex.com"
            ]
        }
    ],
    "categories": [],
    "performance": {},
    "cookies": 0,
    "types": {
        "Preflight": 13,
        "XHR": 13
    },
    "nameservers": [
        "ns-1740.awsdns-25.co.uk",
        "ns-1318.awsdns-36.org",
        "ns-217.awsdns-27.com",
        "ns-760.awsdns-31.net"
    ]
}