{
    "domain": "elisa.fi",
    "owner": {
        "name": "Elisa Oyj",
        "displayName": "Elisa Oyj"
    },
    "source": [
        "DuckDuckGo-US"
    ],
    "prevalence": 0.0000272,
    "sites": 4,
    "subdomains": [
        "occhat"
    ],
    "cnames": [],
    "fingerprinting": 1,
    "resources": [
        {
            "rule": "elisa\\.fi\\/chatserver\\/\\/Scripts\\/oc-chat-v2\\.js",
            "cookies": 0.0000204,
            "fingerprinting": 1,
            "subdomains": [
                "occhat"
            ],
            "apis": {
                "Navigator.prototype.cookieEnabled": 4,
                "Date.prototype.getTime": 4,
                "Document.cookie getter": 3,
                "Document.cookie setter": 3,
                "Navigator.prototype.userAgent": 2
            },
            "sites": 4,
            "prevalence": 0.0000272,
            "cnames": [],
            "responseHashes": [
                "b032e94f8866847e3e095929795d1b8d957d761514912fd89b1ed79217411796"
            ],
            "type": "Script",
            "firstPartyCookies": {
                "oc-d40076d1-2b46-4f38-bd21-9648dd3cc4f9-1195-D9064E00CBEA41D18B6AAA40D327268E6BA0D54B-arrivedToSite": {
                    "ttl": null,
                    "length": 13,
                    "prevalence": 0.0000068113395180296156,
                    "uniqueness": 1
                },
                "oc-109ff480-cbfa-44a2-8d6b-e8421cfcec0a-920-534D7BFC5ED03A31588BB469241CB6B0E3CD249A-chatId-v2": {
                    "ttl": null,
                    "length": 36,
                    "prevalence": 0.0000068113395180296156,
                    "uniqueness": 1
                },
                "oc-109ff480-cbfa-44a2-8d6b-e8421cfcec0a-920-534D7BFC5ED03A31588BB469241CB6B0E3CD249A-mode": {
                    "ttl": null,
                    "length": 1,
                    "prevalence": 0.0000068113395180296156,
                    "uniqueness": 1
                },
                "oc-109ff480-cbfa-44a2-8d6b-e8421cfcec0a-920-534D7BFC5ED03A31588BB469241CB6B0E3CD249A-hasSeenChat": {
                    "ttl": null,
                    "length": 4,
                    "prevalence": 0.0000068113395180296156,
                    "uniqueness": 1
                },
                "oc-109ff480-cbfa-44a2-8d6b-e8421cfcec0a-920-534D7BFC5ED03A31588BB469241CB6B0E3CD249A-windowState": {
                    "ttl": null,
                    "length": 5,
                    "prevalence": 0.0000068113395180296156,
                    "uniqueness": 1
                }
            },
            "firstPartyCookiesSent": {},
            "exampleSites": [
                "opintopolku.fi",
                "www.aava.fi",
                "www.helen.fi",
                "www.vero.fi"
            ]
        },
        {
            "rule": "elisa\\.fi\\/chatserver\\/Version",
            "cookies": 0,
            "fingerprinting": 0,
            "subdomains": [
                "occhat"
            ],
            "apis": {},
            "sites": 4,
            "prevalence": 0.0000272,
            "cnames": [],
            "responseHashes": [
                "4dccadeaaca906a7ca8de72098c3e87adb735d99a90777323c196e8f30e95167"
            ],
            "type": "XHR",
            "firstPartyCookies": {},
            "firstPartyCookiesSent": {},
            "exampleSites": [
                "opintopolku.fi",
                "www.aava.fi",
                "www.helen.fi",
                "www.vero.fi"
            ]
        },
        {
            "rule": "elisa\\.fi\\/chatserver\\/Content\\/reset\\.css",
            "cookies": 0,
            "fingerprinting": 0,
            "subdomains": [
                "occhat"
            ],
            "apis": {},
            "sites": 4,
            "prevalence": 0.0000272,
            "cnames": [],
            "responseHashes": [
                "dcb72a621f961aaa1470dd0d6083039198d73f10e31d57044b56c7cede5d7487"
            ],
            "type": "Stylesheet",
            "firstPartyCookies": {},
            "firstPartyCookiesSent": {},
            "exampleSites": [
                "opintopolku.fi",
                "www.aava.fi",
                "www.helen.fi",
                "www.vero.fi"
            ]
        },
        {
            "rule": "elisa\\.fi\\/chatserver\\/Content\\/default\\.css",
            "cookies": 0,
            "fingerprinting": 0,
            "subdomains": [
                "occhat"
            ],
            "apis": {},
            "sites": 4,
            "prevalence": 0.0000272,
            "cnames": [],
            "responseHashes": [
                "8e10cfa4da3b45f3cb257a17a6a46c8bf1f83e20f1c2f3cadaba82b48c9bf8e5"
            ],
            "type": "Stylesheet",
            "firstPartyCookies": {},
            "firstPartyCookiesSent": {},
            "exampleSites": [
                "opintopolku.fi",
                "www.aava.fi",
                "www.helen.fi",
                "www.vero.fi"
            ]
        },
        {
            "rule": "elisa\\.fi\\/chatserver\\/chathub",
            "cookies": 0,
            "fingerprinting": 0,
            "subdomains": [
                "occhat"
            ],
            "apis": {},
            "sites": 4,
            "prevalence": 0.0000272,
            "cnames": [],
            "responseHashes": [],
            "type": "WebSocket",
            "firstPartyCookies": {},
            "firstPartyCookiesSent": {},
            "exampleSites": [
                "opintopolku.fi",
                "www.aava.fi",
                "www.helen.fi",
                "www.vero.fi"
            ]
        },
        {
            "rule": "elisa\\.fi\\/chatserver\\/Content\\/img\\/thumb_up_not_selected\\.svg",
            "cookies": 0,
            "fingerprinting": 0,
            "subdomains": [
                "occhat"
            ],
            "apis": {},
            "sites": 4,
            "prevalence": 0.0000272,
            "cnames": [],
            "responseHashes": [
                "da5b9eeecc46cb90c27a97f4ed889cb14c234220cda108a329dbbd70514aa0d4"
            ],
            "type": "Image",
            "firstPartyCookies": {},
            "firstPartyCookiesSent": {},
            "exampleSites": [
                "opintopolku.fi",
                "www.aava.fi",
                "www.helen.fi",
                "www.vero.fi"
            ]
        },
        {
            "rule": "elisa\\.fi\\/chatserver\\/Content\\/img\\/thumb_down_not_selected\\.svg",
            "cookies": 0,
            "fingerprinting": 0,
            "subdomains": [
                "occhat"
            ],
            "apis": {},
            "sites": 4,
            "prevalence": 0.0000272,
            "cnames": [],
            "responseHashes": [
                "e329fbec129b289912482c5c57c85f88590390bb973ff81360cfe60802cc3969"
            ],
            "type": "Image",
            "firstPartyCookies": {},
            "firstPartyCookiesSent": {},
            "exampleSites": [
                "opintopolku.fi",
                "www.aava.fi",
                "www.helen.fi",
                "www.vero.fi"
            ]
        }
    ],
    "categories": [],
    "performance": {},
    "cookies": 0.0000204,
    "topInitiators": [
        {
            "domain": "azure.com",
            "prevalence": 0.6
        },
        {
            "domain": "first party",
            "prevalence": 0.4
        }
    ],
    "types": {
        "Script": 4,
        "XHR": 4,
        "Stylesheet": 8,
        "WebSocket": 4,
        "Image": 8
    },
    "nameservers": [
        "ns1.z.fi",
        "ns-se.elisa.net",
        "ns2.z.fi",
        "ns-fi.elisa.net"
    ]
}