{
    "domain": "fareharbor.com",
    "owner": {},
    "source": [
        "DuckDuckGo-US"
    ],
    "prevalence": 0.000183,
    "sites": 27,
    "subdomains": [],
    "cnames": [],
    "fingerprinting": 1,
    "resources": [
        {
            "rule": "fareharbor\\.com\\/embeds\\/api\\/v1\\/",
            "cookies": 0,
            "fingerprinting": 1,
            "subdomains": [],
            "apis": {
                "window.innerWidth": 15,
                "Navigator.prototype.maxTouchPoints": 15,
                "window.localStorage": 15
            },
            "sites": 15,
            "prevalence": 0.000102,
            "cnames": [],
            "responseHashes": [
                "6943abb100e4dd7f0660607a0f9b8b300c090ee202e77754d5796e168c65decc"
            ],
            "type": "Script",
            "firstPartyCookies": {},
            "firstPartyCookiesSent": {},
            "exampleSites": [
                "hoteldel.com",
                "king-ranch.com",
                "nds.nationaldogshow.com",
                "olesmoky.com",
                "untappedcities.com",
                "wolf.org",
                "www.centralpark.com",
                "www.hawaii-guide.com",
                "www.pebblebeach.com",
                "www.puertovallarta.net",
                "www.raleys.com",
                "www.thecaverns.com",
                "www.touristengland.com",
                "www.westgateresorts.com",
                "www.windsor.gov.uk"
            ]
        },
        {
            "rule": "fareharbor\\.com\\/embeds\\/cart\\/",
            "cookies": 0.000102,
            "fingerprinting": 0,
            "subdomains": [],
            "apis": {},
            "sites": 15,
            "prevalence": 0.000102,
            "cnames": [],
            "responseHashes": [
                "7acb1e2ff4a2bd9b364a9e967cf9fd581daec018ce8e234d948b5e88bbbe4261",
                "4b9f10a917b94eb3eb2f6d8f9fca7dd5bd0ac9ea59307b163e17226b157a0f3b",
                "509c4859ecdff219bce303a7d3006747614766846b0975482c708828b264050a",
                "b8c75d7e6cb21e3f86747105b05d654ff8c9399cd445a66f488359bbec0a8034",
                "752ee2935a1af3da31ccf219ef73143502d40c491d768f8293fa1ead8a4b4d7a",
                "a52b98d6485f53674d6ab7d0afb41f8ff1a64be25804bbe8a66ec1fea836686a",
                "520f69f33422a5fe77695eaf1939124fbadeb11ed4081113622367a6a0834784",
                "784fef15c96dc55e43d86faedaa72f3a4018428155b8d3e51a8e53bddd12a17b",
                "517bad339f26a7f0315bb0bd0c6303e03581d9bf73ccccd525939408dfb4a1b3",
                "83191408e6d2fd036af48ae04180f35d4170c5ce8b230d267d713117945b96c2",
                "1ed2b467958a0384251bd7551d7776711062a7693b771dcf8129df2579bad6ca",
                "2b41e7c9e27cb0bdadc0f486426d0dbce26b43b54d636fa832a9de5e118c3cd8",
                "214552f9b6d36d4da431b59a3989b2213574b670a7e2516cda3902d18af1cf98",
                "b3750b75b286988eed99467ad32c560c2b38d5ef3ed7e39a31e8563523f04b5b"
            ],
            "type": "Document",
            "firstPartyCookies": {},
            "firstPartyCookiesSent": {
                "_ga": 0.00003390635065947852
            },
            "exampleSites": [
                "hoteldel.com",
                "king-ranch.com",
                "nds.nationaldogshow.com",
                "olesmoky.com",
                "untappedcities.com",
                "wolf.org",
                "www.centralpark.com",
                "www.hawaii-guide.com",
                "www.pebblebeach.com",
                "www.puertovallarta.net",
                "www.raleys.com",
                "www.thecaverns.com",
                "www.touristengland.com",
                "www.westgateresorts.com",
                "www.windsor.gov.uk"
            ]
        },
        {
            "rule": "fareharbor\\.com\\/static\\/jstranslation\\/en-us\\/djangojs\\.js",
            "cookies": 0,
            "fingerprinting": 0,
            "subdomains": [],
            "apis": {},
            "sites": 15,
            "prevalence": 0.000102,
            "cnames": [],
            "responseHashes": [
                "9831a09a39f06073a611c27a8c07197e9cf4f8917c342211377b4701f19a4929"
            ],
            "type": "Script",
            "firstPartyCookies": {},
            "firstPartyCookiesSent": {},
            "exampleSites": [
                "hoteldel.com",
                "king-ranch.com",
                "nds.nationaldogshow.com",
                "olesmoky.com",
                "untappedcities.com",
                "wolf.org",
                "www.centralpark.com",
                "www.hawaii-guide.com",
                "www.pebblebeach.com",
                "www.puertovallarta.net",
                "www.raleys.com",
                "www.thecaverns.com",
                "www.touristengland.com",
                "www.westgateresorts.com",
                "www.windsor.gov.uk"
            ]
        }
    ],
    "categories": [],
    "performance": {},
    "cookies": 0.000183,
    "topInitiators": [
        {
            "domain": "first party",
            "prevalence": 0.4909090909090909
        },
        {
            "domain": "dp58aslhmbcib.cloudfront.net",
            "prevalence": 0.4727272727272727
        },
        {
            "domain": "googletagmanager.com",
            "prevalence": 0.03636363636363636
        }
    ],
    "types": {
        "Script": 30,
        "Document": 15
    },
    "nameservers": [
        "ns-583.awsdns-08.net",
        "ns-1993.awsdns-57.co.uk",
        "ns-1331.awsdns-38.org",
        "ns-246.awsdns-30.com"
    ]
}