{
    "domain": "fatmedia.io",
    "owner": {},
    "source": [
        "DuckDuckGo-US"
    ],
    "prevalence": 0.000123,
    "sites": 18,
    "subdomains": [
        "analytics",
        "tr"
    ],
    "cnames": [],
    "fingerprinting": 1,
    "resources": [
        {
            "rule": "fatmedia\\.io\\/",
            "cookies": 0,
            "fingerprinting": 1,
            "subdomains": [
                "analytics",
                "tr"
            ],
            "apis": {
                "Screen.prototype.width": 3,
                "Screen.prototype.height": 3,
                "Navigator.prototype.plugins": 3
            },
            "sites": 12,
            "prevalence": 0.0000817,
            "cnames": [],
            "responseHashes": [
                "b887b06df45c7e1938ed12f8c0f556967b476547904a38d408b07bfc040230ae",
                "23f7981284ffb3190a21f0ba68e390ff6a9a65c88a9ed24272f5e726a72189aa",
                "d0c7a7e4faddd8ba1718e7955a2ba3bd675ebddf293601740b5354110f49a977",
                "14fd224a1b4e9ff41d5fd7ce280869f13ceb0ae8cf9e87898c0be345a342016f",
                "823a123572b3947cce0e146d276e8e8ebddc815bb7cfbf934bec8791c203cfe1"
            ],
            "type": "Script",
            "firstPartyCookies": {},
            "firstPartyCookiesSent": {},
            "exampleSites": [
                "aquasana.com",
                "www.aquasana.com",
                "www.ashampoo.com",
                "www.beretta.com",
                "www.eyeconic.com",
                "www.flexjobs.com",
                "www.fool.com",
                "www.jtv.com",
                "www.naturzeit.com",
                "www.reifen.de",
                "www.rumundco.de",
                "www.thehomesecuritysuperstore.com"
            ]
        },
        {
            "rule": "fatmedia\\.io\\/ctl",
            "cookies": 0.0000476,
            "fingerprinting": 0,
            "subdomains": [
                "analytics",
                "tr"
            ],
            "apis": {},
            "sites": 7,
            "prevalence": 0.0000476,
            "cnames": [],
            "responseHashes": [
                "aec9b9fe55f58642fd3cef9492027bf624033c3e2838c6a5d62160fc05d81933",
                "129bd565d4ca320513f4b66f1a7cc0a361b984b81b221da2709f2ac570f1f7c7",
                "a0aba1015a417ce62c6db5c69ee911c449b50450d4265eaa69d17bff9e4ec9ab",
                "41e1f89e7c89a055b4676144490d73f5e5481d716d8cd3b9cd6847798e4a2a81",
                "b011aab44cfa300f9b30d80dcffa6085aa048b8289409de131558f0304db8a30",
                "779fe129131f93659f1339e511ed629f9efe9fb41f049bb8ac5087e99381fa9c"
            ],
            "type": "Script",
            "firstPartyCookies": {},
            "firstPartyCookiesSent": {},
            "exampleSites": [
                "aquasana.com",
                "www.aquasana.com",
                "www.flexjobs.com",
                "www.jtv.com",
                "www.naturzeit.com",
                "www.reifen.de",
                "www.rumundco.de"
            ]
        },
        {
            "rule": "fatmedia\\.io\\/iframe",
            "cookies": 0,
            "fingerprinting": 0,
            "subdomains": [
                "analytics"
            ],
            "apis": {},
            "sites": 2,
            "prevalence": 0.0000136,
            "cnames": [],
            "responseHashes": [
                "e4e51a7bd1d967173f174f9690f9540ca7f3bef93a300abe886a9488e8472b5e"
            ],
            "type": "Document",
            "firstPartyCookies": {},
            "firstPartyCookiesSent": {},
            "exampleSites": [
                "reifen.de",
                "www.reifen.de"
            ]
        }
    ],
    "categories": [],
    "performance": {},
    "cookies": 0.0000749,
    "topInitiators": [
        {
            "domain": "first party",
            "prevalence": 0.21739130434782608
        },
        {
            "domain": "belboon.de",
            "prevalence": 0.17391304347826086
        },
        {
            "domain": "yottaa.com",
            "prevalence": 0.17391304347826086
        },
        {
            "domain": "googletagmanager.com",
            "prevalence": 0.08695652173913043
        },
        {
            "domain": "rakuten.com",
            "prevalence": 0.08695652173913043
        },
        {
            "domain": "belboon.com",
            "prevalence": 0.08695652173913043
        },
        {
            "domain": "tradedoubler.com",
            "prevalence": 0.08695652173913043
        },
        {
            "domain": "usercentrics.eu",
            "prevalence": 0.043478260869565216
        },
        {
            "domain": "dwin1.com",
            "prevalence": 0.043478260869565216
        }
    ],
    "types": {
        "Script": 19,
        "Document": 2
    },
    "nameservers": [
        "ns-de.1and1-dns.biz",
        "ns-de.1and1-dns.com",
        "ns-de.1and1-dns.de",
        "ns-de.1and1-dns.org"
    ]
}