{
    "domain": "finance-calculator.co.uk",
    "owner": {},
    "source": [
        "DuckDuckGo-US"
    ],
    "prevalence": 0.000265,
    "sites": 39,
    "subdomains": [
        "angus",
        "www"
    ],
    "cnames": [],
    "fingerprinting": 1,
    "resources": [
        {
            "rule": "finance-calculator\\.co\\.uk\\/js\\/imegawidget-amd\\.js",
            "cookies": 0,
            "fingerprinting": 0,
            "subdomains": [
                "angus"
            ],
            "apis": {},
            "sites": 5,
            "prevalence": 0.000034,
            "cnames": [],
            "responseHashes": [
                "d5d072e89923d8712fd1040fa3d39e6be5d5523b58bb05c46a02c81522163f6a"
            ],
            "type": "Script",
            "firstPartyCookies": {},
            "firstPartyCookiesSent": {},
            "exampleSites": [
                "petertyson.co.uk",
                "sup.co.uk",
                "www.align-trex.co.uk",
                "www.easybathrooms.com",
                "www.genesisbikes.co.uk"
            ]
        },
        {
            "rule": "finance-calculator\\.co\\.uk\\/api\\/public\\/finance-options",
            "cookies": 0,
            "fingerprinting": 0,
            "subdomains": [
                "angus"
            ],
            "apis": {},
            "sites": 14,
            "prevalence": 0.0000953,
            "cnames": [],
            "responseHashes": [
                "ac10f592927ab1b8c43c49134fd37c8e79df930d4f155ef2628308024ed2e4e9",
                "678e83cd231a6b6ac7dcbab3fc8164a457b5af5a19ecdd3fd6418798d2bddb24",
                "4df7ab3dc9daf8531c18065e4e43f42de68097743b2b830f9c4e9c3dfb44b091",
                "5f78c95e1924ed372d45c24526edf35f15b75a81a7124ec4c018d089a3f01cfb",
                "33eaf7ccbfcbab0ca52435025f556c729d3b29a012058ba952744cadda708238",
                "14c9bf0af4df2f0f3caebb8b48bb316e7b329a46f217f97326e15a3cc085d9c1",
                "67a826f2cbb3259821ce7bf4a5d97fc8dae1dd23f7e578f633219b0ab54475b7",
                "984549f0012a58566185fdbe4c913f7991b061444c2f231396690c516bea59c6",
                "fa7171d3beb8fb1714a101c91cc0e51a4b21060587d50e677beb8fa431ed1b15",
                "ca1ec7d16c060dbb7481c5026e28c53f45aba22afe9f99febb700533c96f3c0f",
                "95e87bbf3793e059655777b884148fb166a5962e7b3c1cf570c290b97fe697d9",
                "6c28f82e44738570a71d158cd87b7b1743dade1d9566aba61e229fe30a1fe925"
            ],
            "type": "XHR",
            "firstPartyCookies": {},
            "firstPartyCookiesSent": {},
            "exampleSites": [
                "petertyson.co.uk",
                "sup.co.uk",
                "sxpro.co.uk",
                "whyte.bike",
                "www.align-trex.co.uk",
                "www.audioaffair.co.uk",
                "www.axminstertools.com",
                "www.daileisure.co.uk",
                "www.darksidedevelopments.co.uk",
                "www.easybathrooms.com",
                "www.genesisbikes.co.uk",
                "www.thebedwarehousedirect.com",
                "www.toolstop.co.uk",
                "www.wilkinson.co.uk"
            ]
        },
        {
            "rule": "finance-calculator\\.co\\.uk\\/css\\/imegawidget-base\\.css",
            "cookies": 0,
            "fingerprinting": 0,
            "subdomains": [
                "angus"
            ],
            "apis": {},
            "sites": 6,
            "prevalence": 0.0000408,
            "cnames": [],
            "responseHashes": [
                "f5173e7c50d57360210fdb6a9655115f2ac99dcd9f9d5943a81abe6e1cd4c1e8"
            ],
            "type": "Stylesheet",
            "firstPartyCookies": {},
            "firstPartyCookiesSent": {},
            "exampleSites": [
                "petertyson.co.uk",
                "sup.co.uk",
                "www.audioaffair.co.uk",
                "www.easybathrooms.com",
                "www.genesisbikes.co.uk",
                "www.wilkinson.co.uk"
            ]
        },
        {
            "rule": "finance-calculator\\.co\\.uk\\/images\\/logos\\/hitachicapital\\.png",
            "cookies": 0,
            "fingerprinting": 0,
            "subdomains": [
                "angus"
            ],
            "apis": {},
            "sites": 3,
            "prevalence": 0.0000204,
            "cnames": [],
            "responseHashes": [
                "1b41ff334f79b0d9a48c469a8ffef5bc99c8ccfe8d4384cfe495dd09a953af26"
            ],
            "type": "Image",
            "firstPartyCookies": {},
            "firstPartyCookiesSent": {},
            "exampleSites": [
                "petertyson.co.uk",
                "www.audioaffair.co.uk",
                "www.wilkinson.co.uk"
            ]
        },
        {
            "rule": "finance-calculator\\.co\\.uk\\/js\\/imegacategory\\.js",
            "cookies": 0,
            "fingerprinting": 0,
            "subdomains": [
                "angus"
            ],
            "apis": {},
            "sites": 10,
            "prevalence": 0.0000681,
            "cnames": [],
            "responseHashes": [
                "7b581f19b32816b20e4bda262274747a98dd62d6008dc7314bdac7e0727fb315"
            ],
            "type": "Script",
            "firstPartyCookies": {},
            "firstPartyCookiesSent": {},
            "exampleSites": [
                "richtonemusic.co.uk",
                "startfitness.co.uk",
                "worldofwater.com",
                "www.absolutemusic.co.uk",
                "www.awesomegti.com",
                "www.christopherward.com",
                "www.darksidedevelopments.co.uk",
                "www.gardenfurniturehouse.co.uk",
                "www.musicmatter.co.uk",
                "www.oakfurniturehouse.co.uk"
            ]
        },
        {
            "rule": "finance-calculator\\.co\\.uk\\/js\\/imegawidget\\.js",
            "cookies": 0,
            "fingerprinting": 0,
            "subdomains": [
                "angus"
            ],
            "apis": {},
            "sites": 13,
            "prevalence": 0.0000885,
            "cnames": [],
            "responseHashes": [
                "3cdb7862416e7d46762217c0e8468bbffd7c6970be8edce0acc264be95785959"
            ],
            "type": "Script",
            "firstPartyCookies": {},
            "firstPartyCookiesSent": {},
            "exampleSites": [
                "richtonemusic.co.uk",
                "sxpro.co.uk",
                "whyte.bike",
                "worldofwater.com",
                "www.absolutemusic.co.uk",
                "www.audioaffair.co.uk",
                "www.awesomegti.com",
                "www.daileisure.co.uk",
                "www.darksidedevelopments.co.uk",
                "www.musicmatter.co.uk",
                "www.thebedwarehousedirect.com",
                "www.toolstop.co.uk",
                "www.wilkinson.co.uk"
            ]
        },
        {
            "rule": "finance-calculator\\.co\\.uk\\/api\\/public\\/client\\/lender-config",
            "cookies": 0,
            "fingerprinting": 0,
            "subdomains": [
                "angus"
            ],
            "apis": {},
            "sites": 5,
            "prevalence": 0.000034,
            "cnames": [],
            "responseHashes": [
                "2d1674e061e50213656aebcf67cd3d8ea04281fddd7a23e72f3176ba58d9fed8",
                "03020121dd998a6fc794f532b75f53e428e26e3a8d4a2a1d14e8994fdc2e9940",
                "c2965deac13580ee3c3e3636390ff64bd973ad0de15c69da9e54377d73b3b5a7"
            ],
            "type": "XHR",
            "firstPartyCookies": {},
            "firstPartyCookiesSent": {},