{
    "domain": "finance-calculator.co.uk",
    "owner": {},
    "source": [
        "DuckDuckGo-US"
    ],
    "prevalence": 0.000238,
    "sites": 35,
    "subdomains": [
        "angus",
        "www"
    ],
    "cnames": [],
    "fingerprinting": 1,
    "resources": [
        {
            "rule": "finance-calculator\\.co\\.uk\\/js\\/imegawidget-amd\\.js",
            "cookies": 0,
            "fingerprinting": 0,
            "subdomains": [
                "angus"
            ],
            "apis": {},
            "sites": 7,
            "prevalence": 0.0000477,
            "cnames": [],
            "responseHashes": [
                "749c5f996e7f623447c2401bbafb4c6b7c04a451bd885bcb78091dbc16d96620"
            ],
            "type": "Script",
            "firstPartyCookies": {},
            "firstPartyCookiesSent": {},
            "exampleSites": [
                "homeavdirect.co.uk",
                "petertyson.co.uk",
                "www.easybathrooms.com",
                "www.genesisbikes.co.uk",
                "www.justgenerators.co.uk",
                "www.pmtonline.co.uk",
                "www.towsure.com"
            ]
        },
        {
            "rule": "finance-calculator\\.co\\.uk\\/api\\/public\\/finance-options",
            "cookies": 0,
            "fingerprinting": 0,
            "subdomains": [
                "angus"
            ],
            "apis": {},
            "sites": 15,
            "prevalence": 0.000102,
            "cnames": [],
            "responseHashes": [
                "e6ba237c20df9284e50a6437efdca22be9d66ea2cb71208df02d1d154621306b",
                "678e83cd231a6b6ac7dcbab3fc8164a457b5af5a19ecdd3fd6418798d2bddb24",
                "33eaf7ccbfcbab0ca52435025f556c729d3b29a012058ba952744cadda708238",
                "14c9bf0af4df2f0f3caebb8b48bb316e7b329a46f217f97326e15a3cc085d9c1",
                "67a826f2cbb3259821ce7bf4a5d97fc8dae1dd23f7e578f633219b0ab54475b7",
                "984549f0012a58566185fdbe4c913f7991b061444c2f231396690c516bea59c6",
                "3f1ec2b51384bc8e8fa666d5f4f79ccb68aece45945147007d6dbc0ddd64ea92",
                "d1c4aea8bb16e4687008f561c16158acb132beea5e2831358c89e2d6083d7f32",
                "d9fbbd745e0bc91fa6f38f420be7de42ba7ef6caeca55f70f807bb516b64e46e",
                "ca1ec7d16c060dbb7481c5026e28c53f45aba22afe9f99febb700533c96f3c0f",
                "a1fc7e9ec9d04a940faa6b9df17b8ebcdcb9ba31a44a2aa6d395da1816956f51",
                "ba4ec574ade3238793ec933268a84afc9bacb8bb27373d2fc0110945373ea933",
                "13f1f575ab8f310f54cb6221490cbad6bd0225c0d32363f75bf9ef688d869999",
                "6c28f82e44738570a71d158cd87b7b1743dade1d9566aba61e229fe30a1fe925"
            ],
            "type": "XHR",
            "firstPartyCookies": {},
            "firstPartyCookiesSent": {},
            "exampleSites": [
                "homeavdirect.co.uk",
                "petertyson.co.uk",
                "sxpro.co.uk",
                "www.audioaffair.co.uk",
                "www.axminstertools.com",
                "www.daileisure.co.uk",
                "www.easybathrooms.com",
                "www.genesisbikes.co.uk",
                "www.justgenerators.co.uk",
                "www.pmtonline.co.uk",
                "www.thebedwarehousedirect.com",
                "www.toolden.co.uk",
                "www.toolstop.co.uk",
                "www.towsure.com",
                "www.wilkinson.co.uk"
            ]
        },
        {
            "rule": "finance-calculator\\.co\\.uk\\/css\\/imegawidget-base-minimal\\.css",
            "cookies": 0,
            "fingerprinting": 0,
            "subdomains": [
                "angus"
            ],
            "apis": {},
            "sites": 2,
            "prevalence": 0.0000136,
            "cnames": [],
            "responseHashes": [
                "1540dc6410b7dce473b2fc602b47f5bfb65d11c7eb521db9aa909c70d47240ae"
            ],
            "type": "Stylesheet",
            "firstPartyCookies": {},
            "firstPartyCookiesSent": {},
            "exampleSites": [
                "homeavdirect.co.uk",
                "www.toolstop.co.uk"
            ]
        },
        {
            "rule": "finance-calculator\\.co\\.uk\\/images\\/logos\\/klarna\\.png",
            "cookies": 0,
            "fingerprinting": 0,
            "subdomains": [
                "angus"
            ],
            "apis": {},
            "sites": 2,
            "prevalence": 0.0000136,
            "cnames": [],
            "responseHashes": [
                "3e9a664487a67e7bc741ab7572ca05bcbaf4b446daa2655c71419757c1c4c952"
            ],
            "type": "Image",
            "firstPartyCookies": {},
            "firstPartyCookiesSent": {},
            "exampleSites": [
                "homeavdirect.co.uk",
                "www.toolstop.co.uk"
            ]
        },
        {
            "rule": "finance-calculator\\.co\\.uk\\/css\\/imegawidget-base\\.css",
            "cookies": 0,
            "fingerprinting": 0,
            "subdomains": [
                "angus"
            ],
            "apis": {},
            "sites": 9,
            "prevalence": 0.0000613,
            "cnames": [],
            "responseHashes": [
                "f5173e7c50d57360210fdb6a9655115f2ac99dcd9f9d5943a81abe6e1cd4c1e8"
            ],
            "type": "Stylesheet",
            "firstPartyCookies": {},
            "firstPartyCookiesSent": {},
            "exampleSites": [
                "petertyson.co.uk",
                "www.audioaffair.co.uk",
                "www.easybathrooms.com",
                "www.genesisbikes.co.uk",
                "www.justgenerators.co.uk",
                "www.pmtonline.co.uk",
                "www.toolden.co.uk",
                "www.towsure.com",
                "www.wilkinson.co.uk"
            ]
        },
        {
            "rule": "finance-calculator\\.co\\.uk\\/images\\/logos\\/hitachicapital\\.png",
            "cookies": 0,
            "fingerprinting": 0,
            "subdomains": [
                "angus"
            ],
            "apis": {},
            "sites": 4,
            "prevalence": 0.0000272,
            "cnames": [],
            "responseHashes": [
                "1b41ff334f79b0d9a48c469a8ffef5bc99c8ccfe8d4384cfe495dd09a953af26"
            ],
            "type": "Image",
            "firstPartyCookies": {},
            "firstPartyCookiesSent": {},
            "exampleSites": [
                "petertyson.co.uk",
                "www.audioaffair.co.uk",
                "www.toolden.co.uk",
                "www.wilkinson.co.uk"
            ]
        },
        {
            "rule": "finance-calculator\\.co\\.uk\\/js\\/imegacategory\\.js",
            "cookies": 0,
            "fingerprinting": 0,
            "subdomains": [
                "angus"
            ],
            "apis": {},
            "sites": 8,
            "prevalence": 0.0000545,
            "cnames": [],
            "responseHashes": [
                "7b581f19b32816b20e4bda262274747a98dd62d6008dc7314bdac7e0727fb315"
            ],
            "type": "Script",
            "firstPartyCookies": {},
            "firstPartyCookiesSent": {},
            "exampleSites": [
                "richtonemusic.co.uk",
                "www.absolutemusic.co.uk",
                "www.awesomegti.com",
                "www.christopherward.com",
                "www.musicmatter.co.uk",
                "www.oakfurniturehouse.co.uk",
                "www.thefireplacewarehouse.co.uk",
                "www.toolden.co.uk"
            ]
        },
        {
            "rule": "finance-calculator\\.co\\.uk\\/js\\/imegawidget\\.js",
            "cookies": 0,
            "fingerprinting": 0,
            "subdomains": [
                "angus"
            ],
            "apis": {},
            "sites": 11,
            "prevalence": 0.0000749,
            "cnames": [],