{
    "domain": "fpapi.io",
    "owner": {},
    "source": [
        "DuckDuckGo-US"
    ],
    "prevalence": 0.00034,
    "sites": 50,
    "subdomains": [
        "tls-use1",
        "tls-eun1",
        "tls-aps1"
    ],
    "cnames": [],
    "fingerprinting": 0,
    "resources": [
        {
            "rule": "fpapi\\.io\\/",
            "cookies": 0,
            "fingerprinting": 0,
            "subdomains": [
                "tls-use1",
                "tls-eun1",
                "tls-aps1"
            ],
            "apis": {},
            "sites": 25,
            "prevalence": 0.00017,
            "cnames": [],
            "responseHashes": [
                "4e9256a931cc14e9273e3a0bfefba33cdd6509dce77187f5859b651054ff19b2",
                "24e92b81073a0d615cd5aeb22b05dd554f96904d41b912a4cb0ec41f2b2171cc",
                "491bef7678439a3b8346efe430058bb5801d38d9f0d4c8044503f2e24e8de960",
                "e42092ef609437dfffc3bfcf0e1ed3b241b225558d5098e1d76a35cef9129dd0",
                "ea81a00e257d1e0356285fea971ff46e49cf1bac5be04cab572c7ac51b39b7e8",
                "b7627f7fb20dfc5b7f993ae5f99b8b7962fa0bc677ed4a347b4d288c90117d2a",
                "a47f41f50f1ec89e27649ce7f34a0672deccb447f5f8262e8adb4726a170f453",
                "30dcb68774b068f20819cbf3fd5bf797442daa49d283652fc7ac6f02d31345ce",
                "84b7a0c9e3c6a3049accdef7f767fc54c1c94f9c575e3b3fbde30ecd1bac149c",
                "fec21307c26017ff0c24a08cad5ccd556bbf640a2b5b5fc79f9735e505acc58b",
                "47bbd3b0dc29e7f484c1c480edaa9f1b21b447d636e7d4219dea6290792ec1f6",
                "1b060556a5cee7d065a9c93e3386d64be499430f8e5a704d4ed541f0f33d88fc",
                "04e33deaaa43459791dcb7a72740d588dcdb4923c4a8efb1ac65f05863e922ba",
                "120a244fe106396653f1cda51658e8e0747393f4c04ca0b679e026edf356a2ef",
                "7f6fe3b1a0c2dc07fe5d2600e37e0097118ca95a59633dd7543294967072746d",
                "e0aec9fb98d5a688f096fc22fd7ee860b1b26cb9b6db284b0099f29b091917b6",
                "2db4392a12a03b3ac0d50827c23abd799ba6ae47c4dc90d8c5c5d67d16d157c4",
                "fedfaeb2732022ce26e767591e5a809f559b66ae1525776b2d5159bc477b3229",
                "3639b3867e2514d740b1347caef593869fa5569fcb8780597a27736f4b2bb0b9",
                "6374a76ce3786c597b098c7fcdf79677cd335949bfac172076a7753f67cf4220",
                "fa3b281dc6b9f02ad9925f13ff79f4f02264fb854db59837c0add49093ff428f",
                "66a39faaee1a6cf6a0404e3bc2c53a2173b752fad872396be47942f4ae9036a5",
                "3a81e1cf350b3c5b8a16ee7b08723b0957d4a26f7f567f388286c24ef4581b56"
            ],
            "type": "XHR",
            "firstPartyCookies": {},
            "firstPartyCookiesSent": {},
            "exampleSites": [
                "rinkebyfaucet.com",
                "dundle.com",
                "alternativebrewing.com.au",
                "www.corriere.it",
                "www.metropoli.net",
                "www.supportiv.com",
                "www.superchat.dk",
                "www.theessencevault.co.uk",
                "cornershopapp.com",
                "app.celsius.network",
                "uk.interparcel.com",
                "www.visitsomerset.co.uk",
                "dizionari.corriere.it",
                "desky.com.au",
                "www.luckycrush.live",
                "paperlike.com",
                "www.egardwatches.com",
                "iqoption.com",
                "thespystore.com.au",
                "www.justhorseracing.com.au"
            ]
        }
    ],
    "categories": [],
    "performance": {},
    "cookies": 0,
    "types": {
        "XHR": 25
    },
    "nameservers": [
        "ns-1135.awsdns-13.org",
        "ns-1861.awsdns-40.co.uk",
        "ns-477.awsdns-59.com",
        "ns-802.awsdns-36.net"
    ]
}