{
    "domain": "fpapi.io",
    "owner": {},
    "source": [
        "DuckDuckGo-US"
    ],
    "prevalence": 0.000088,
    "sites": 13,
    "subdomains": [
        "tls-use1",
        "tls-eun1"
    ],
    "cnames": [],
    "fingerprinting": 0,
    "resources": [
        {
            "rule": "fpapi\\.io\\/",
            "cookies": 0,
            "fingerprinting": 0,
            "subdomains": [
                "tls-use1",
                "tls-eun1"
            ],
            "apis": {},
            "sites": 7,
            "prevalence": 0.0000474,
            "cnames": [],
            "responseHashes": [
                "d26bbac172e17b70f24d848bd51dc84bc99063f91d05684faa217dd4c7ff2fa9",
                "27f0a11a4fddc2b6a41d61b331da54d2ecd9518da412f7b65e499fe08e81f299",
                "7e4a3119ae263db1a6e2d27c857e48a2f8a5c4ce15d7c60b42104380ef5dbc92",
                "9c5912c6e53ab0842e814050686d6623622a40baf450f2b68988530fc14afaea",
                "2b898daf2c97ea9384824cae0e826970f27a5574914bb90592370e29d4131b4b",
                "095da0fed3c85173125cf06297012f1d8ece3ec3d7a09406116652827a65ebf6"
            ],
            "type": "XHR",
            "firstPartyCookies": {},
            "firstPartyCookiesSent": {},
            "exampleSites": [
                "audius.co",
                "www.bukalapak.com",
                "www.confessionpost.com",
                "www.egifter.com",
                "www.naughtyposts.com",
                "www.questico.de",
                "www.selectquote.com"
            ]
        }
    ],
    "categories": [],
    "performance": {},
    "cookies": 0,
    "topInitiators": [
        {
            "domain": "first party",
            "prevalence": 0.9411764705882353
        },
        {
            "domain": "vesta.io",
            "prevalence": 0.058823529411764705
        }
    ],
    "types": {
        "XHR": 7
    },
    "nameservers": [
        "ns-802.awsdns-36.net",
        "ns-1861.awsdns-40.co.uk",
        "ns-1135.awsdns-13.org",
        "ns-477.awsdns-59.com"
    ]
}