{
    "domain": "fraud0.com",
    "owner": {},
    "source": [
        "DuckDuckGo-US"
    ],
    "prevalence": 0.000169,
    "sites": 25,
    "subdomains": [
        "bt"
    ],
    "cnames": [],
    "fingerprinting": 3,
    "resources": [
        {
            "rule": "fraud0\\.com\\/api\\/v2\\/fz\\.js",
            "cookies": 0,
            "fingerprinting": 0,
            "subdomains": [
                "bt"
            ],
            "apis": {},
            "sites": 14,
            "prevalence": 0.0000948,
            "cnames": [],
            "responseHashes": [
                "9376ddd9afd4c0520e5769c468786afdabd3173d95a7f7477abdece8884cc99c",
                "9e7ea76a1e1ca9116c518d6311b5cc3cbf3adc6c71714ef22ec82a21b71df68f",
                "3f97372f25b0fe7930e9be38c93c6185a5a45680ac3112e0659fa53e627d6468",
                "dc2b3c690aac87418fb259680c8ddc0a181ee4b135921c754e9775d875076b38",
                "f4669ddfe829a900b99062da86dcecdccbd5cad9f51813dd3ed19cb04d0c3328",
                "d5f82769dd98f43ef5bce449f540c35798dbe966a767997cfa34ce31402e20d0",
                "762991bf4a53773396dc91c8a46e3e760aec164d5cd0e031ade7033cf8252077",
                "984a14b26e9fbd63982b780352414bdee4eb68e2fbd4749d826fa5cb527c3fb8",
                "11ca5a5758c6426976606aee5d783aeea71583fcb6931b4f00dd33ad64ef01cd",
                "960553afd5421d4396066f2cc7333b1b2434cd32ee8d349bb16e32cc352c27a9",
                "949d9ea878c63ee220e2b9b6e38f49a85ce7452936f29fbfbfc4bd99c3a4ab06",
                "39371200d8333c7aab8c7bcfe2aa58012dc9f5319aa274492b34fa6658f2e2da",
                "cc60db0ef2449594942cf6ecd26d60cde4d4354a0043f813a927895bd2aff67c"
            ],
            "type": "Script",
            "firstPartyCookies": {},
            "firstPartyCookiesSent": {},
            "exampleSites": [
                "volksversand.de",
                "www.amavita.ch",
                "www.apollo.de",
                "www.betzold.de",
                "www.brax.com",
                "www.forum-verlag.com",
                "www.freenet-mobilfunk.de",
                "www.grover.com",
                "www.ischgl.com",
                "www.karriere.at",
                "www.lindtusa.com",
                "www.lucky-bike.de",
                "www.montafon.at",
                "www.ullapopken.de"
            ]
        },
        {
            "rule": "fraud0\\.com\\/api\\/v2\\/fz_bundle\\.js",
            "cookies": 0.0000948,
            "fingerprinting": 3,
            "subdomains": [
                "bt"
            ],
            "apis": {
                "Date.prototype.getTime": 14,
                "Navigator.prototype.vendor": 14,
                "OfflineAudioContext.prototype.constructor": 14,
                "CanvasRenderingContext2D.prototype.isPointInPath": 14,
                "HTMLCanvasElement.prototype.toDataURL": 14,
                "AudioBuffer.prototype.getChannelData": 14,
                "WebGLRenderingContext.prototype.getExtension": 14,
                "Screen.prototype.colorDepth": 14,
                "Document.cookie setter": 14,
                "Document.cookie getter": 14,
                "Navigator.prototype.deviceMemory": 13,
                "Navigator.prototype.hardwareConcurrency": 14,
                "window.devicePixelRatio": 14,
                "window.indexedDB": 14,
                "Navigator.prototype.connection": 14,
                "Navigator.prototype.language": 14,
                "Navigator.prototype.languages": 14,
                "window.localStorage": 14,
                "Navigator.prototype.mimeTypes": 14,
                "Navigator.prototype.permissions": 14,
                "Navigator.prototype.platform": 14,
                "Navigator.prototype.plugins": 14,
                "Navigator.prototype.productSub": 14,
                "Screen.prototype.availTop": 14,
                "Screen.prototype.width": 14,
                "Screen.prototype.availWidth": 14,
                "Screen.prototype.availLeft": 14,
                "Screen.prototype.height": 14,
                "Screen.prototype.availHeight": 14,
                "window.sessionStorage": 14,
                "Notification.permission": 14,
                "Intl.DateTimeFormat.prototype.resolvedOptions": 14,
                "Navigator.prototype.maxTouchPoints": 14,
                "Navigator.prototype.userAgent": 14,
                "Navigator.prototype.webdriver": 14,
                "WebGLRenderingContext.prototype.getParameter": 14,
                "window.outerWidth": 14,
                "window.outerHeight": 14,
                "Screen.prototype.pixelDepth": 14,
                "window.innerWidth": 14,
                "window.innerHeight": 14,
                "window.name": 14,
                "window.screenX": 14,
                "window.screenY": 14,
                "window.screenLeft": 14,
                "window.screenTop": 14,
                "document.fonts.check": 14,
                "Screen.prototype.orientation": 14
            },
            "sites": 14,
            "prevalence": 0.0000948,
            "cnames": [],
            "responseHashes": [
                "033924eeeb0b101a756efb5cf461d921f55716e422a2eb2e2a76b7a5e7fb480d"
            ],
            "type": "Script",
            "firstPartyCookies": {
                "cookietest": {
                    "ttl": -1677015689,
                    "length": 1,
                    "prevalence": 0.00009476106673886557,
                    "uniqueness": 0.07142857142857142
                }
            },
            "firstPartyCookiesSent": {},
            "exampleSites": [
                "volksversand.de",
                "www.amavita.ch",
                "www.apollo.de",
                "www.betzold.de",
                "www.brax.com",
                "www.forum-verlag.com",
                "www.freenet-mobilfunk.de",
                "www.grover.com",
                "www.ischgl.com",
                "www.karriere.at",
                "www.lindtusa.com",
                "www.lucky-bike.de",
                "www.montafon.at",
                "www.ullapopken.de"
            ]
        },
        {
            "rule": "fraud0\\.com\\/api\\/v2\\/score",
            "cookies": 0,
            "fingerprinting": 0,
            "subdomains": [
                "bt"
            ],
            "apis": {},
            "sites": 14,
            "prevalence": 0.0000948,
            "cnames": [],
            "responseHashes": [
                "d394e785185f44c619fec5023f817dbc29a71c6944e1ab19347b99462e65292d",
                "59584d880334c1ec282e4be13288c633f8c126c5543dcfe3d826de303ed970b7",
                "5a83c187cba073401c6044e0e3041e9e9f58f7a9738b51b73f60db4aca18ddaa",
                "9417084029c830ce52c89991e5531e6918b505ac3e29f99099c46c412071544e",
                "d4c63e950f68c4d2001f0fd8f59e088292d5b4f44f57c63a70cb54ae505e9af1",
                "66cbc13cdf84a7252ec968686e6dce8bf3e8b90fd4bde0e7dccee41b373c9b9b",
                "b1725766d74a75dcebdf4e28772c776aade549bf11c6428a818baee1bf8c5146",
                "b516731e0e12355e43279238ecb6a711ff8c55a5124a9afc063487be98adbb94",
                "10addb492423ce24024cea2a9f7799b073e4dbdc61d8ab56a8cb98c5f9700b84",
                "c1204eac1ac4ec0bbc02fba2020b0c5b2b122938df8cb5f6251552cf5efbf5b8",
                "fde13e8d15a4fcf47aa04227a90fbd349a9a242f10c929b837b4891827fc4510",
                "1702be1760667e2aba10d3415f6b0765352f70919ff0cdf2f6dafd33924b7ce0",
                "614716a6ceadce889df353a52cacd0bfa2d4d808cca249f0b8192441456c7738"
            ],
            "type": "XHR",
            "firstPartyCookies": {},
            "firstPartyCookiesSent": {},