{
    "domain": "freeasianporn.cc",
    "owner": {},
    "source": [
        "DuckDuckGo-US"
    ],
    "prevalence": 0.000264,
    "sites": 39,
    "subdomains": [],
    "cnames": [],
    "fingerprinting": 0,
    "resources": [
        {
            "rule": "freeasianporn\\.cc\\/myvids\\/mltbn\\/freeasianporncc-multi-exo1\\.php",
            "cookies": 0,
            "fingerprinting": 0,
            "subdomains": [],
            "apis": {},
            "sites": 14,
            "prevalence": 0.0000948,
            "cnames": [],
            "responseHashes": [
                "170b595f021df476e84ecb8d3031af5c6148ded589b6fad4c137322efe9b7372"
            ],
            "type": "Document",
            "firstPartyCookies": {},
            "firstPartyCookiesSent": {},
            "exampleSites": [
                "asianvideos.pro",
                "bhabhixxxvideos.com",
                "chineseporn.su",
                "freeindianxxx.net",
                "girlsporn.pro",
                "hdjav.su",
                "indianpornvideos.cc",
                "momhdporn.com",
                "pornindia.su",
                "pornoxxx.pro",
                "xxxhdmom.net",
                "xxxnxx.tv",
                "xxxsexxx.net",
                "youngpornvideos.cc"
            ]
        },
        {
            "rule": "freeasianporn\\.cc\\/myvids\\/exofall\\/exofb\\.php",
            "cookies": 0,
            "fingerprinting": 0,
            "subdomains": [],
            "apis": {},
            "sites": 30,
            "prevalence": 0.000203,
            "cnames": [],
            "responseHashes": [
                "05ae34bda024f2f1d7335a7063e56657b433d8cef45caa8e049169178bac0bcc",
                "b4ba4dc7f11fc8c1747a34fae23f33bc0d3e5e22d7f2aa550cdbb3ef86bff11c",
                "f9a74f63975c983be91710ece60d1a395e8b02f5003c92889f9a23119a906819",
                "c3834987dc8091c5f1f102c835a54b02e9bc37e92e317ce76de9faa3db334e00",
                "64cabf553c7f313ea24c017219db824e5cf9e5cdc472606c9bcc47448ebef86f",
                "2813318cfbd0c69fc8d16af3ac479bc4b8260599ba6fa0b1a563b712f9f2343b",
                "60770af93622a2158dd96ce01a679feea507e360d38b4d94a138c51463d8bff2",
                "9faacc63819d8f7c4c6f10fc97194b002262ca3246701a42d18e5b715174e3ac",
                "0ab5bba9ee9b8e7d65dad7737774c375ffb8bb76f99c2904680e6c7e0f2ea116",
                "483301cf2fc69d4957ccb44caefefee5b5ebcedb4c4f06e48ae6ffffc83ca4fe",
                "4b2f998a52ef8f3bda0caee17866de249a5b4aa92cb5d200af50ad77a299f872",
                "78acfb63cf7e43fff2b884a256b1fa7bf10e865a4683bd4a2ed3b6fa71fe1d99",
                "bca81edcbb2978daba45e314058faffa627c32f82a8c94907d6464410956ee72",
                "d33210b9af835938312f69d980618d2cdaa5a223bc95e6d5653e88670f7835ac",
                "87f579243392ef32ae373185ee85a7f773fd0bac59113784ce3a08f5ce3e2ed5",
                "b7143b1228c2724003308ee6c9db77a397d8d907ee1b81061e735c377cf912b5",
                "623b99c6c9949b9c3e81d2d1b800758e0c1334fc2a47b116a8bc035136827c44",
                "953ab3b5adefc5945487075d1239a37c221add95c66d029288bdf9272ed194c7",
                "2ef60766910ab4cfcc2cedb675fff8e0c525768d5354a20be3f2b7c624132524",
                "82fa1b61c41ecee53ee2e20f22d22a13ffeebd16489bec209b39d146ec2529da",
                "61a45c756878071c46630e6f36d1723e9aab0f23593bb6f39ee894ede82e9080",
                "6b1d1d24cf3bd34c61b6f6d64c6a2fb97235eff60000e438ef37830b96ef28b2",
                "c882af3577e1c8517e49b0d2aa2b3ce4554c3289aed7761aebc647108bfebd5e",
                "2b1a4e95c0dd4993f3d988ac9b132b0ae629b49eaee5bc4d08309abf780bab67"
            ],
            "type": "Document",
            "firstPartyCookies": {},
            "firstPartyCookiesSent": {},
            "exampleSites": [
                "japaneseporn.su",
                "girlsporn.pro",
                "hotmomxxx.net",
                "indiaporn.su",
                "desiporn.su",
                "www.xnxxvideos.rest",
                "chineseporn.su",
                "lesbitube.net",
                "desisex.su",
                "xvideos.rest",
                "pornoxxx.pro",
                "momhdporn.com",
                "pornindia.su",
                "freeindianxxx.net",
                "hdjav.su",
                "panicporntube.com",
                "newsexvideos.net",
                "koreanporn.su",
                "desifuck.cc",
                "xxxhdmom.net"
            ]
        },
        {
            "rule": "freeasianporn\\.cc\\/myvids\\/exofall\\/thumbs\\/24\\.jpg",
            "cookies": 0,
            "fingerprinting": 0,
            "subdomains": [],
            "apis": {},
            "sites": 3,
            "prevalence": 0.0000203,
            "cnames": [],
            "responseHashes": [
                "175c3fe42e33e4106f49e90278930e76d08d4cae1fb88713511211c22250d029"
            ],
            "type": "Image",
            "firstPartyCookies": {},
            "firstPartyCookiesSent": {},
            "exampleSites": [
                "asianvideos.pro",
                "japaneseporn.su",
                "momhdporn.com"
            ]
        },
        {
            "rule": "freeasianporn\\.cc\\/myvids\\/mltbn\\/freeasianporncc-multi-exo4\\.php",
            "cookies": 0,
            "fingerprinting": 0,
            "subdomains": [],
            "apis": {},
            "sites": 11,
            "prevalence": 0.0000745,
            "cnames": [],
            "responseHashes": [
                "88cdf6447f2b17125589967b3f8517c9d473e33eb4bb2e57cb56dfbc41ae738a"
            ],
            "type": "Document",
            "firstPartyCookies": {},
            "firstPartyCookiesSent": {},
            "exampleSites": [
                "bhabhixxxvideos.com",
                "chineseporn.su",
                "hotmomxxx.net",
                "indianpornvideos.cc",
                "indianxxx.su",
                "japaneseporn.su",
                "panicporntube.com",
                "videosxxx.fun",
                "www.xnxxvideos.rest",
                "xxxhdmom.net",
                "xxxnxx.tv"
            ]
        },
        {
            "rule": "freeasianporn\\.cc\\/myvids\\/mltbn\\/freeasianporncc-multi-exo3\\.php",
            "cookies": 0,
            "fingerprinting": 0,
            "subdomains": [],
            "apis": {},
            "sites": 12,
            "prevalence": 0.0000812,
            "cnames": [],
            "responseHashes": [
                "b1451f8ef2f48737acc2108d44c9bd87752d6a94215cedfeace3db11fb38f2a7"
            ],
            "type": "Document",
            "firstPartyCookies": {},
            "firstPartyCookiesSent": {},
            "exampleSites": [
                "bhabhixxxvideos.com",
                "chineseporn.su",
                "desisex.su",
                "hindipornhd.com",
                "hotmomxxx.net",
                "indianxxx.su",
                "indiaporn.su",
                "japaneseporn.su",
                "lesbitube.net",
                "videosxxx.fun",
                "xvideos.rest",
                "xxxporn.me"
            ]
        },
        {
            "rule": "freeasianporn\\.cc\\/myvids\\/mltbn\\/freeasianporncc-multi-exo2\\.php",
            "cookies": 0,
            "fingerprinting": 0,
            "subdomains": [],
            "apis": {},
            "sites": 10,
            "prevalence": 0.0000677,
            "cnames": [],
            "responseHashes": [
                "75661ce756eab041de29bbd69fff15985f6fea7b02afc1d133c2d198048be3d5"
            ],
            "type": "Document",
            "firstPartyCookies": {},
            "firstPartyCookiesSent": {},