{
    "domain": "ftlaunchpad.ai",
    "owner": {},
    "source": [
        "DuckDuckGo-US"
    ],
    "prevalence": 0.000225,
    "sites": 33,
    "subdomains": [],
    "cnames": [],
    "fingerprinting": 1,
    "resources": [
        {
            "rule": "ftlaunchpad\\.ai\\/lptm\\.js",
            "cookies": 0,
            "fingerprinting": 1,
            "subdomains": [],
            "apis": {
                "window.innerHeight": 1,
                "window.innerWidth": 1
            },
            "sites": 23,
            "prevalence": 0.000157,
            "cnames": [],
            "responseHashes": [
                "eddcc0a44ad9678dd4a856c4a2dc77631bc8ee34bbf44648a3753f0ed5935d73",
                "6aeef94e121aea9c458bd34d9eb11304051caed4e9c54881250c36e1f22978a7",
                "6931f034e9732954eb9323489361c6e5d4acee4376dfc77f3f8f10260708adaa",
                "4614ddf53f454e8b51371dce8f84913b7590e187027e900caaee423521a9bfb2",
                "6481155fa389c8f0afbb736bb1152bf8ab810f6c11079615fe492aebac35ce04",
                "352abf9f7e6b8c74b88f160a97ac826a41ee259502e72d408a7e54f298fb2669",
                "2656b896e56f1e4ee9df85447df335dd4f0f1960a16a57ef2ba1739b77edbb33",
                "00beedb3c5d46944e929f09f5ce6d070b17e35bcb4f242cb87db93421c11de31",
                "9fb59b5e9f7c95fc7ce487e6eb78ff0b08deb0afc8ecb075a251f2c03170b6c8",
                "6bf291cda1fbc00c1efce72b43b04b8403d33048d323739365daeb68c18534ca",
                "4d13d24ef2da6c822a42c8fc220e57e70b70ecc3d682ca46e1d3ad34c92c900f",
                "8d5d6180d31d26ece49244fa411fe4f326e6c1692013c9cb9d6682b75d616513",
                "8d8759e487748518eaa06f2bec3041c513222a9dce7fb5c3b517a344f4e72f19",
                "7d1fd512ba68fab58ad55c0ca56c994e13b1aabf1c054b584f4b2e1ecc0882a0",
                "18e9ebe8d11d06136ad492815b009c0c5ce21e7d5ba445d8afc9b23ebd9aefdc",
                "85b64b5b8d16149c7943c2fa2bb4a632e81e798fd8e57d80ccf13ff1f5180f10",
                "5872b986599c0ed762b18f37b59bde827bf5ec90e6d3005474c34974e5a2fda2",
                "106a2379bd3b7b7948ce5b4a26d308e45bffc201c754b7002cd18e54d9c14fac",
                "a8c46aac59ef1abd2ce753c7ce78ea2f9c9920d7a169d69118592b4a77991a9f"
            ],
            "type": "Script",
            "firstPartyCookies": {},
            "firstPartyCookiesSent": {},
            "exampleSites": [
                "www.woodstockoutlet.com",
                "www.boucher.com",
                "longhomeproducts.com",
                "www.kaaltv.com",
                "www.alaskarailroad.com",
                "alpakagear.com",
                "www.mitsubishicars.com",
                "www.misaves.com",
                "www.battlbox.com",
                "www.vioc.com",
                "www.hughesfcu.org",
                "support.insinkerator.com",
                "www.keystoneschoolonline.com",
                "mattresswarehouse.com",
                "www.insinkerator.emerson.com",
                "www.greencars.com",
                "www.americanfreight.com",
                "insinkerator.emerson.com",
                "store.vioc.com",
                "www.storypoint.com"
            ]
        }
    ],
    "categories": [],
    "performance": {},
    "cookies": 0,
    "topInitiators": [
        {
            "domain": "first party",
            "prevalence": 0.5
        },
        {
            "domain": "googletagmanager.com",
            "prevalence": 0.4444444444444444
        },
        {
            "domain": "adobedtm.com",
            "prevalence": 0.05555555555555555
        }
    ],
    "types": {
        "Script": 23
    },
    "nameservers": [
        "ns-9.awsdns-01.com",
        "ns-800.awsdns-36.net",
        "ns-1288.awsdns-33.org",
        "ns-1542.awsdns-00.co.uk"
    ]
}