{
    "domain": "ftlaunchpad.ai",
    "owner": {},
    "source": [
        "DuckDuckGo-US"
    ],
    "prevalence": 0.000108,
    "sites": 16,
    "subdomains": [],
    "cnames": [],
    "fingerprinting": 0,
    "resources": [
        {
            "rule": "ftlaunchpad\\.ai\\/lptm\\.js",
            "cookies": 0,
            "fingerprinting": 0,
            "subdomains": [],
            "apis": {},
            "sites": 9,
            "prevalence": 0.0000609,
            "cnames": [],
            "responseHashes": [
                "eddcc0a44ad9678dd4a856c4a2dc77631bc8ee34bbf44648a3753f0ed5935d73",
                "175942dba0b73611b812ca40a825ea4ed96d0420e08668cb9f7d4f55b867b588",
                "4614ddf53f454e8b51371dce8f84913b7590e187027e900caaee423521a9bfb2",
                "352abf9f7e6b8c74b88f160a97ac826a41ee259502e72d408a7e54f298fb2669",
                "49c069640d79b77a2218c8f14703d4bc5a4d44f3fe9e81ccce494db81a31c05d",
                "7d1fd512ba68fab58ad55c0ca56c994e13b1aabf1c054b584f4b2e1ecc0882a0",
                "85b64b5b8d16149c7943c2fa2bb4a632e81e798fd8e57d80ccf13ff1f5180f10"
            ],
            "type": "Script",
            "firstPartyCookies": {},
            "firstPartyCookiesSent": {},
            "exampleSites": [
                "alpakagear.com",
                "insinkerator.emerson.com",
                "shop.advanceautoparts.com",
                "store.vioc.com",
                "www.americanfreight.com",
                "www.hughesfcu.org",
                "www.k12.com",
                "www.mitsubishicars.com",
                "www.vioc.com"
            ]
        }
    ],
    "categories": [],
    "performance": {},
    "cookies": 0,
    "topInitiators": [
        {
            "domain": "googletagmanager.com",
            "prevalence": 0.47368421052631576
        },
        {
            "domain": "first party",
            "prevalence": 0.42105263157894735
        },
        {
            "domain": "adobedtm.com",
            "prevalence": 0.10526315789473684
        }
    ],
    "types": {
        "Script": 9
    },
    "nameservers": [
        "ns-1542.awsdns-00.co.uk",
        "ns-1288.awsdns-33.org",
        "ns-800.awsdns-36.net",
        "ns-9.awsdns-01.com"
    ]
}