{
    "domain": "g792337342.co",
    "owner": {},
    "source": [
        "DuckDuckGo-US"
    ],
    "prevalence": 0.0000814,
    "sites": 12,
    "subdomains": [],
    "cnames": [],
    "fingerprinting": 0,
    "resources": [
        {
            "rule": "g792337342\\.co\\/gr",
            "cookies": 0,
            "fingerprinting": 0,
            "subdomains": [],
            "apis": {},
            "sites": 8,
            "prevalence": 0.0000543,
            "cnames": [],
            "responseHashes": [
                "b78fe351f10d4d10ba9cc32be504ede2b142bcbee435105f6ef21d889d79c32c",
                "0d815284d16ef5ccf18ef08b9a0184f84408144dcec5b21dfbb9c137b2988584",
                "19f5c1dc6caea8deb0f756ca97abe62a86c138faa03b23361d34df41511f9fbe",
                "88e7f52d71c22cb72778f87bb375c37d26a2c92fdcaf0da24e85df46c847b370",
                "2702cf72f4e2a048bc1b9557d291e10908f9293aae51b42bec69b8b872cdd05a",
                "90665520d749c68115b2e4b01ca679ad88717500aad7d7b3c296be783b1a6260",
                "dc96685484a2d32f8621e5bad9b58f547748debc272fe556ada5e392e9d39a94"
            ],
            "type": "Script",
            "firstPartyCookies": {},
            "firstPartyCookiesSent": {},
            "exampleSites": [
                "le-vel.com",
                "mdttac.com",
                "ripskirthawaii.com",
                "www.colgate.com",
                "www.flicks.co.nz",
                "www.rightnowmedia.org",
                "www.stereonet.com",
                "www.tomsofmaine.com"
            ]
        }
    ],
    "categories": [],
    "performance": {},
    "cookies": 0,
    "types": {
        "Script": 8
    },
    "nameservers": [
        "sandra.ns.cloudflare.com",
        "pranab.ns.cloudflare.com"
    ]
}