{
    "domain": "g9508048080.co",
    "owner": {},
    "source": [
        "DuckDuckGo-US"
    ],
    "prevalence": 0.000184,
    "sites": 27,
    "subdomains": [],
    "cnames": [],
    "fingerprinting": 1,
    "resources": [
        {
            "rule": "g9508048080\\.co\\/gr",
            "cookies": 0,
            "fingerprinting": 1,
            "subdomains": [],
            "apis": {
                "Document.cookie getter": 1
            },
            "sites": 17,
            "prevalence": 0.000116,
            "cnames": [],
            "responseHashes": [
                "80f1c4346ef0d551aef5fb92380ac22c19fdb7e3a929ea3f37f577f43a13b72b",
                "dd949d53e9f3f392f0d7db30db438feb46c0f4bbf5be9ead31e718819c82ffd0",
                "c7b207723a6d23a9d2639801dfe22aba42155ab39b7eb7d484f42b7a5775818c",
                "55b9b64f713cd87b86efb0d578031871eb61d431cb898903b92cd71c9a77abae",
                "dc70c8ba7941c385f5bece6bb87c253092b597306540f73c21d5374e65ca166e",
                "17edf7085fc7a52d68447dfbd6108d02938e7df8c36c6b509cd67cc5dbb9620f",
                "38ac8fc9d29ce3266ed7baf616de38cd7b4d88ef5394b810836b4a4fe5acad77",
                "20a2c3c0fa83ee86487ca251ad2073ea9ed33edf53df748f04f8545f3dd9d843",
                "2efc95ce2957a34b29df09a95f1c7ed921afb9a1bd2ba51885abb82e4243109b",
                "5585d054478b16aa91e6bc8659cf1b3b63647cc691bf9018cf4f34e59a41094f",
                "fd9c1577cee479e3b9e407911ede89e47cb45570a7dcefa5dcbe1e772785e47a",
                "1c70d5300b34554a5e77f1aecd385180dc0ae7abd7feb147bb3fb0125f87ea9a",
                "0ca494ea329fbacc7a8d66a4d6ca66cb2c4447db035a3c0f885082de93c89621",
                "411be53412bd23b0f56e6e78040c7d0654cdf6e84c71e843807d7c872fde0820",
                "a0b86f61bdc96c5c1798519be2e5d343c06e3b948eb92c5c96e1d9588afb2ed3",
                "659ef4c25ea5287e68e79637e7072be5a995bef72cc8c0142179add1da893e6a"
            ],
            "type": "Script",
            "firstPartyCookies": {},
            "firstPartyCookiesSent": {
                "IR_gbd": 0.000006825239736545746
            },
            "exampleSites": [
                "bigassfans.com",
                "costumes.com",
                "mdttac.com",
                "mypillow.com",
                "pacsafe.com",
                "shop.fairphone.com",
                "woodlandmills.com",
                "www.bfgoodrichtires.com",
                "www.fernco.com",
                "www.ghostbed.com",
                "www.michelin.co.uk",
                "www.michelin.fr",
                "www.michelinman.com",
                "www.mypillow.com",
                "www.straumann.com",
                "www.thermacell.com",
                "www.virginpulse.com"
            ]
        }
    ],
    "categories": [],
    "performance": {},
    "cookies": 0,
    "types": {
        "Script": 17
    },
    "nameservers": [
        "pranab.ns.cloudflare.com",
        "sandra.ns.cloudflare.com"
    ]
}