{
    "domain": "gammamaximum.com",
    "owner": {
        "name": "Leven Labs, Inc. DBA Admiral",
        "displayName": "Admiral"
    },
    "source": [
        "DuckDuckGo-US"
    ],
    "prevalence": 0.000109,
    "sites": 16,
    "subdomains": [],
    "cnames": [],
    "fingerprinting": 2,
    "resources": [
        {
            "rule": "gammamaximum\\.com\\/ac595b0bd1b1f6e62ce46c2ce57c936ea6f47b8e2936dc2a3876a18eadffd94a289806f2a42865c2057288dd30b30f07490e2c6ae59ea0f801f1a13317ea",
            "cookies": 0.0000545,
            "fingerprinting": 2,
            "subdomains": [],
            "apis": {
                "Navigator.prototype.userAgent": 8,
                "window.localStorage": 8,
                "Document.cookie getter": 8,
                "Date.prototype.getTimezoneOffset": 8,
                "Document.cookie setter": 8,
                "Notification.permission": 8
            },
            "sites": 8,
            "prevalence": 0.0000545,
            "cnames": [],
            "responseHashes": [
                "8b6aaea758203ccc8e6e4c86093333193f74cdf3b245622c94b8684785092742",
                "70678eb19883514738af7e81438c776e8c7441ecc302a18bc984594b5ae3f80f",
                "61dd5acc85323fe0a4be213c65740aa5e2fc043a0bf079a673e35659d325d30d",
                "36202784eaf2a4d2ac7bba29fd06945d9a203e9393a2e4812cd7896aaf6d5dc2",
                "93608eb623ca93680f485ef1524c410bef3ecfd408833607d5494fb8a7bf2d6c",
                "cc461596f388a3d58fb9f40819d775b7bdca93712d7d62c3b36ce20bd59a54ec",
                "70413aa08d0444f3a26811b937f51a7accc1a5748c1c8461816fd23e9f4bedb9"
            ],
            "type": "Script",
            "firstPartyCookies": {
                "_awl": {
                    "ttl": 94608000,
                    "length": 76,
                    "prevalence": 0.000054486633747658776,
                    "uniqueness": 1
                }
            },
            "firstPartyCookiesSent": {},
            "exampleSites": [
                "apptrigger.com",
                "bamsmackpow.com",
                "champagneandshade.com",
                "dorksideoftheforce.com",
                "fansided.com",
                "hiddenremote.com",
                "netflixlife.com",
                "winteriscoming.net"
            ]
        }
    ],
    "categories": [],
    "performance": {},
    "cookies": 0.000109,
    "types": {
        "Script": 8
    },
    "nameservers": [
        "ns-697.awsdns-23.net",
        "ns-305.awsdns-38.com",
        "ns-1627.awsdns-11.co.uk",
        "ns-1212.awsdns-23.org"
    ]
}