{
    "domain": "gammamaximum.com",
    "owner": {
        "name": "Leven Labs, Inc. DBA Admiral",
        "displayName": "Admiral"
    },
    "source": [
        "DuckDuckGo-US"
    ],
    "prevalence": 0.000285,
    "sites": 42,
    "subdomains": [],
    "cnames": [],
    "fingerprinting": 2,
    "resources": [
        {
            "rule": "gammamaximum\\.com\\/ac595b0bd1b1f6e62ce46c2ce57c936ea6f47b8e2936dc2a3876a18eadffd94a289806f2a42865c2057288dd30b30f07490e2c6ae59ea0f801f1a13317ea",
            "cookies": 0.000143,
            "fingerprinting": 2,
            "subdomains": [],
            "apis": {
                "Navigator.prototype.userAgent": 21,
                "window.localStorage": 21,
                "window.sessionStorage": 21,
                "Document.cookie getter": 21,
                "Date.prototype.getTimezoneOffset": 21,
                "Document.cookie setter": 21,
                "Notification.permission": 21
            },
            "sites": 21,
            "prevalence": 0.000143,
            "cnames": [],
            "responseHashes": [
                "2e7fb5eacb750d19113ddc4ba37004ab3cd0fd373852b419b2a17664857626fb",
                "45167ab7ce3e0b3260e5333215f9a9bf0ca55790772711d6cc3c9f38eac948c9",
                "a57e5ddc3477e13b33cf7ef6dba6b3e97d1904ed7a1e07dde77dd3d83dc641e8",
                "c28cf8a43ca6f4c59699a19e6223f1cd7e06c5a4e5235a781594e730794ed495",
                "97a24c08bd69d5fa9670255316a09a404cb38c3845e40632ebc9121d2505e88e",
                "d2f494d23c23355df1f9c3b9891acd1770e3f64ca3cd69aa5c34498e0dd65795",
                "7d3fe0322df7d1421fc0484e4f033d9217a758fa0ef80af05c67eda41444a0b0",
                "6a024f811b8d7450474601342c3319f6dc3d18e284c0a8fa1ffe434646324a00",
                "d76dbb1610e3dc119be4f3fd264f31cfaf48a7018f69061fe09947dee5a7f83f",
                "f0a36420af864b72aa972746062bb61ef7be699e903a424d991c2ca2beffdea0",
                "2493ccbbc759c48bed867835b6e22c1773f3f77af8627a7674fb0dd5ac40bfda",
                "ed7c4a41827d68cfce0fba9cbe2cb27422463cf4e260e65c159ec957aacaa51c",
                "37af6bad902173c30739d5bb8dc557e063a5016e57e91e720f2a51401bc67ffc",
                "44b2afad2cb13e3dc2fbda1400770b6e0b144f0683bd92dd8b7d5952e48c430c",
                "b9c1142b5d358465f26b4784fcf2f3915285157426ea6798522d836199a18ca6",
                "21e3bb9876213bd5e6cba052f296c7bbb9949f72ac2082dce58475a68dd99ded",
                "b2b4e6588bf906533846292f0c344adb8279ae1942d83199b855b2e55f91f1aa",
                "2b65eefa7e1a24769ad75238e9c9ab7692e525df9d42ba4a5e338d5d8014d551",
                "ab982c229de75a01707e5a520e7daac28213863863a4fcbd0b1dc25c769dc2f4",
                "0aa47582d81480306321f456e6757fb1d2e1ba0acd483ef672faa08e2a63f83e"
            ],
            "type": "Script",
            "firstPartyCookies": {
                "_awl": {
                    "ttl": 34560000,
                    "length": 76,
                    "prevalence": 0.00014250234110988965,
                    "uniqueness": 1
                }
            },
            "firstPartyCookiesSent": {},
            "exampleSites": [
                "winteriscoming.net",
                "dodgersway.com",
                "champagneandshade.com",
                "saturdayblitz.com",
                "foodsided.com",
                "guiltyeats.com",
                "bamahammer.com",
                "arrowheadaddict.com",
                "undeadwalking.com",
                "bamsmackpow.com",
                "netflixlife.com",
                "calltothepen.com",
                "thelandryhat.com",
                "fansided.com",
                "riggosrag.com",
                "yanksgoyard.com",
                "hiddenremote.com",
                "onechicagocenter.com",
                "beyondtheflag.com",
                "allfortennessee.com"
            ]
        }
    ],
    "categories": [],
    "performance": {},
    "cookies": 0.000285,
    "types": {
        "Script": 21
    },
    "nameservers": [
        "ns-1212.awsdns-23.org",
        "ns-697.awsdns-23.net",
        "ns-1627.awsdns-11.co.uk",
        "ns-305.awsdns-38.com"
    ]
}