{
    "domain": "gaug.es",
    "owner": {},
    "source": [
        "DuckDuckGo-US"
    ],
    "prevalence": 0.000543,
    "sites": 80,
    "subdomains": [
        "secure",
        "track"
    ],
    "cnames": [],
    "fingerprinting": 1,
    "resources": [
        {
            "rule": "gaug\\.es\\/track\\.js",
            "cookies": 0.000258,
            "fingerprinting": 1,
            "subdomains": [
                "secure",
                "track"
            ],
            "apis": {
                "Date.prototype.getTime": 38,
                "Document.cookie setter": 38,
                "Navigator.prototype.userAgent": 38,
                "Document.cookie getter": 38,
                "Screen.prototype.width": 38,
                "window.innerWidth": 38,
                "window.innerHeight": 38
            },
            "sites": 40,
            "prevalence": 0.000271,
            "cnames": [],
            "responseHashes": [
                "df2698e6cf74ed890afa92da10051f880df2ce0b3257b73c5d9ae2f6bea82d3c"
            ],
            "type": "Script",
            "firstPartyCookies": {
                "_gauges_cookie": {
                    "ttl": 23,
                    "length": 1,
                    "prevalence": 0.00025768826501203673,
                    "uniqueness": 0.02631578947368421
                },
                "_gauges_unique_hour": {
                    "ttl": 3602,
                    "length": 1,
                    "prevalence": 0.00025768826501203673,
                    "uniqueness": 0.02631578947368421
                },
                "_gauges_unique_day": {
                    "ttl": 86402,
                    "length": 1,
                    "prevalence": 0.00025768826501203673,
                    "uniqueness": 0.02631578947368421
                },
                "_gauges_unique_month": {
                    "ttl": 2678402,
                    "length": 1,
                    "prevalence": 0.00025768826501203673,
                    "uniqueness": 0.02631578947368421
                },
                "_gauges_unique_year": {
                    "ttl": 31536002,
                    "length": 1,
                    "prevalence": 0.00025768826501203673,
                    "uniqueness": 0.02631578947368421
                },
                "_gauges_unique": {
                    "ttl": 31536002,
                    "length": 1,
                    "prevalence": 0.00025768826501203673,
                    "uniqueness": 0.02631578947368421
                }
            },
            "firstPartyCookiesSent": {},
            "exampleSites": [
                "kaspa.org",
                "mcad-tx.org",
                "www.felonyrecordhub.com",
                "www.cdcr.ca.gov",
                "blog.son-video.com",
                "www.helptostudy.com",
                "greatdaysoutdoors.com",
                "thebingeful.com",
                "wattsupwiththat.com",
                "colorlib.com",
                "www.grimygoods.com",
                "fs.blog",
                "www.scienceofpeople.com",
                "drhyman.com",
                "smittenkitchen.com",
                "tctmed.com",
                "seniorplanet.org",
                "www.savannah.com",
                "novoslabs.com",
                "www.diabetesselfmanagement.com"
            ]
        },
        {
            "rule": "gaug\\.es\\/track\\.gif",
            "cookies": 0,
            "fingerprinting": 0,
            "subdomains": [
                "secure",
                "track"
            ],
            "apis": {},
            "sites": 41,
            "prevalence": 0.000278,
            "cnames": [],
            "responseHashes": [
                "7fff1569ea68ef52782ba25b0cf3934627f7a4fc1e8e22f4652de959c5f97978"
            ],
            "type": "Image",
            "firstPartyCookies": {},
            "firstPartyCookiesSent": {
                "_li_dcdm_c": 0.000006781270131895704,
                "lotame_domain_check": 0.000006781270131895704
            },
            "exampleSites": [
                "thebingeful.com",
                "greatdaysoutdoors.com",
                "dctravelmag.com",
                "notalwaysright.com",
                "www.grimygoods.com",
                "www.newportacademy.com",
                "www.thediamondauthority.org",
                "maps.org",
                "wheelsinquirer.com",
                "uavcoach.com",
                "mcad-tx.org",
                "blog.son-video.com",
                "aptera.us",
                "spectator.org",
                "www.scienceofpeople.com",
                "www.felonyrecordhub.com",
                "phonecurious.com",
                "www.tinywoodstove.com",
                "seniorplanet.org",
                "technastic.com"
            ]
        }
    ],
    "categories": [],
    "performance": {},
    "cookies": 0.000515,
    "topInitiators": [
        {
            "domain": "first party",
            "prevalence": 0.9230769230769231
        },
        {
            "domain": "cookiebot.com",
            "prevalence": 0.02564102564102564
        },
        {
            "domain": "reamaze.com",
            "prevalence": 0.02564102564102564
        },
        {
            "domain": "d2fuc4clr7gvcn.cloudfront.net",
            "prevalence": 0.02564102564102564
        }
    ],
    "types": {
        "Script": 40,
        "Image": 41
    },
    "nameservers": [
        "ns-940.awsdns-53.net",
        "ns-451.awsdns-56.com",
        "ns-1754.awsdns-27.co.uk",
        "ns-1458.awsdns-54.org"
    ]
}