{
    "domain": "gaug.es",
    "owner": {},
    "source": [
        "DuckDuckGo-US"
    ],
    "prevalence": 0.000823,
    "sites": 121,
    "subdomains": [
        "secure",
        "track"
    ],
    "cnames": [],
    "fingerprinting": 2,
    "resources": [
        {
            "rule": "gaug\\.es\\/track\\.js",
            "cookies": 0.00049,
            "fingerprinting": 1,
            "subdomains": [
                "secure",
                "track"
            ],
            "apis": {
                "Date.prototype.getTime": 76,
                "Document.cookie setter": 72,
                "Navigator.prototype.userAgent": 72,
                "Document.cookie getter": 72,
                "Screen.prototype.width": 72,
                "window.innerWidth": 72,
                "window.innerHeight": 72
            },
            "sites": 76,
            "prevalence": 0.000517,
            "cnames": [],
            "responseHashes": [
                "df2698e6cf74ed890afa92da10051f880df2ce0b3257b73c5d9ae2f6bea82d3c"
            ],
            "type": "Script",
            "firstPartyCookies": {
                "_gauges_cookie": {
                    "ttl": 3,
                    "length": 1,
                    "prevalence": 0.0004900125906012863,
                    "uniqueness": 0.013888888888888888
                },
                "_gauges_unique_hour": {
                    "ttl": 3602,
                    "length": 1,
                    "prevalence": 0.0004900125906012863,
                    "uniqueness": 0.013888888888888888
                },
                "_gauges_unique_day": {
                    "ttl": 86402,
                    "length": 1,
                    "prevalence": 0.0004900125906012863,
                    "uniqueness": 0.013888888888888888
                },
                "_gauges_unique_month": {
                    "ttl": 2678402,
                    "length": 1,
                    "prevalence": 0.0004900125906012863,
                    "uniqueness": 0.013888888888888888
                },
                "_gauges_unique_year": {
                    "ttl": 31536002,
                    "length": 1,
                    "prevalence": 0.0004900125906012863,
                    "uniqueness": 0.013888888888888888
                },
                "_gauges_unique": {
                    "ttl": 31536002,
                    "length": 1,
                    "prevalence": 0.0004900125906012863,
                    "uniqueness": 0.013888888888888888
                }
            },
            "firstPartyCookiesSent": {},
            "exampleSites": [
                "tinyhouseblog.com",
                "sagegamers.com",
                "smittenkitchen.com",
                "blog.son-video.com",
                "www.wcad.org",
                "notalwaysright.com",
                "kendallad.org",
                "tracfoneusermanual.net",
                "dctravelmag.com",
                "www.cdcr.ca.gov",
                "newhampshireway.com",
                "www.acornfinance.com",
                "native-land.ca",
                "asoothingfood.com",
                "brazoscad.org",
                "www.ecnlgirls.com",
                "mcad-tx.org",
                "uavcoach.com",
                "spectator.org",
                "wattsupwiththat.com"
            ]
        },
        {
            "rule": "gaug\\.es\\/track\\.gif",
            "cookies": 0,
            "fingerprinting": 0,
            "subdomains": [
                "secure",
                "track"
            ],
            "apis": {},
            "sites": 81,
            "prevalence": 0.000551,
            "cnames": [],
            "responseHashes": [
                "7fff1569ea68ef52782ba25b0cf3934627f7a4fc1e8e22f4652de959c5f97978"
            ],
            "type": "Image",
            "firstPartyCookies": {},
            "firstPartyCookiesSent": {
                "lotame_domain_check": 0.00002722292170007146
            },
            "exampleSites": [
                "urget.org",
                "www.tcj.com",
                "collectpeanuts.com",
                "order-order.com",
                "www.strengthlog.com",
                "thetoyzone.com",
                "native-land.ca",
                "macdailynews.com",
                "skyslope.com",
                "wheelsinquirer.com",
                "tracfoneusermanual.net",
                "tctmed.com",
                "www.freechapel.org",
                "getchannels.com",
                "tinyhouseblog.com",
                "www.felonyrecordhub.com",
                "smittenkitchen.com",
                "kettnercreative.com",
                "www.savannah.com",
                "tgforum.com"
            ]
        }
    ],
    "categories": [],
    "performance": {},
    "cookies": 0.000742,
    "topInitiators": [
        {
            "domain": "first party",
            "prevalence": 0.9243697478991597
        },
        {
            "domain": "d2fuc4clr7gvcn.cloudfront.net",
            "prevalence": 0.05042016806722689
        },
        {
            "domain": "cookiebot.com",
            "prevalence": 0.01680672268907563
        },
        {
            "domain": "reamaze.com",
            "prevalence": 0.008403361344537815
        }
    ],
    "types": {
        "Script": 76,
        "Image": 81
    },
    "nameservers": [
        "ns-1754.awsdns-27.co.uk",
        "ns-940.awsdns-53.net",
        "ns-1458.awsdns-54.org",
        "ns-451.awsdns-56.com"
    ]
}