{
    "domain": "gdprcdn.b-cdn.net",
    "owner": {
        "name": "BunnyCDN",
        "displayName": "BunnyCDN"
    },
    "source": [
        "DuckDuckGo-US"
    ],
    "prevalence": 0.000692,
    "sites": 102,
    "subdomains": [],
    "cnames": [],
    "fingerprinting": 1,
    "resources": [
        {
            "rule": "gdprcdn\\.b-cdn\\.net\\/js\\/gdpr_cookie_consent\\.min\\.js",
            "cookies": 0.0000814,
            "fingerprinting": 1,
            "subdomains": [],
            "apis": {
                "window.localStorage": 47,
                "Navigator.prototype.cookieEnabled": 12,
                "Document.cookie getter": 12,
                "Navigator.prototype.userAgent": 12,
                "Document.cookie setter": 12
            },
            "sites": 53,
            "prevalence": 0.00036,
            "cnames": [],
            "responseHashes": [
                "2c887e11f148fe76ee05cafeb74dea68c38003bb5cacd2eeccd40d29dd2e0124",
                "eecd0b57f087481faff54af66ad50c9611032f5170b074e41c9f46443fa1c712"
            ],
            "type": "Script",
            "firstPartyCookies": {
                "cookieconsent_preferences_disabled": {
                    "ttl": 31536009,
                    "length": 32,
                    "prevalence": 0.00002035747730141281,
                    "uniqueness": 0.6666666666666666
                },
                "_y": {
                    "ttl": -86399991,
                    "length": 9,
                    "prevalence": 0.00002035747730141281,
                    "uniqueness": 0.3333333333333333
                },
                "_s": {
                    "ttl": -86399991,
                    "length": 9,
                    "prevalence": 0.00002035747730141281,
                    "uniqueness": 0.3333333333333333
                },
                "_shopify_s": {
                    "ttl": -86399991,
                    "length": 9,
                    "prevalence": 0.00002035747730141281,
                    "uniqueness": 0.3333333333333333
                },
                "_shopify_sa_t": {
                    "ttl": -86399991,
                    "length": 9,
                    "prevalence": 0.00002035747730141281,
                    "uniqueness": 0.3333333333333333
                },
                "_ga": {
                    "ttl": -86399991,
                    "length": 9,
                    "prevalence": 0.00002035747730141281,
                    "uniqueness": 0.3333333333333333
                },
                "_gid": {
                    "ttl": -86399991,
                    "length": 9,
                    "prevalence": 0.00002035747730141281,
                    "uniqueness": 0.3333333333333333
                },
                "_gat": {
                    "ttl": -86399991,
                    "length": 9,
                    "prevalence": 0.00002035747730141281,
                    "uniqueness": 0.3333333333333333
                },
                "_fbp": {
                    "ttl": -86399991,
                    "length": 9,
                    "prevalence": 0.00002035747730141281,
                    "uniqueness": 0.3333333333333333
                },
                "_shopify_y": {
                    "ttl": -86399991,
                    "length": 9,
                    "prevalence": 0.000006785825767137603,
                    "uniqueness": 1
                }
            },
            "firstPartyCookiesSent": {
                "_ju_dm": 0.000033929128835688015
            },
            "exampleSites": [
                "www.myteadrop.com",
                "shop.minecraft.net",
                "www.recteq.com",
                "www.sandmarc.com",
                "www.lionbrand.com",
                "www.melissas.com",
                "www.altitude-sports.com",
                "modcloth.com",
                "rhinoshield.fr",
                "www.tootimid.com",
                "www.freshwatersystems.com",
                "www.mirasafety.com",
                "www.brookstone.com",
                "wowskinscience.com",
                "stockroom.com",
                "tofubud.com",
                "unocasa.com",
                "olaplex.com",
                "mediamarkt.pt",
                "oliveandjune.com"
            ]
        },
        {
            "rule": "gdprcdn\\.b-cdn\\.net\\/css\\/gdpr_cookie_consent\\.min\\.css",
            "cookies": 0,
            "fingerprinting": 0,
            "subdomains": [],
            "apis": {},
            "sites": 10,
            "prevalence": 0.0000679,
            "cnames": [],
            "responseHashes": [
                "cbed50f3cc8ce2c7cbbb9d8a0dd7ce538121b0c23ff39eef40416a92f34c3b4e"
            ],
            "type": "Stylesheet",
            "firstPartyCookies": {},
            "firstPartyCookiesSent": {},
            "exampleSites": [
                "mediamarkt.pt",
                "stetson.com",
                "tofubud.com",
                "www.brookstone.com",
                "www.dixxon.com",
                "www.hurley.com",
                "www.peets.com",
                "www.raceface.com",
                "www.saxxunderwear.com",
                "www.thefryecompany.com"
            ]
        }
    ],
    "categories": [
        "CDN"
    ],
    "performance": {},
    "cookies": 0.000176,
    "types": {
        "Script": 53,
        "Stylesheet": 10
    },
    "nameservers": []
}