{
    "domain": "getcong.com",
    "owner": {},
    "source": [
        "DuckDuckGo-US"
    ],
    "prevalence": 0.000157,
    "sites": 23,
    "subdomains": [],
    "cnames": [],
    "fingerprinting": 0,
    "resources": [
        {
            "rule": "getcong\\.com\\/api\\/v1\\/prepare\\/ads",
            "cookies": 0,
            "fingerprinting": 0,
            "subdomains": [],
            "apis": {},
            "sites": 23,
            "prevalence": 0.000157,
            "cnames": [],
            "responseHashes": [],
            "type": "Preflight",
            "firstPartyCookies": {},
            "firstPartyCookiesSent": {},
            "exampleSites": [
                "xxx8.me",
                "pornobomba.in",
                "manhwaindo.icu",
                "www.japteenx.com",
                "porn555.com",
                "www.3rab-naar.com",
                "listaswiseplay.info",
                "telochki.org",
                "boomba.club",
                "beautifulhairypussy.com",
                "nudist-movies.top",
                "375hw.com",
                "siskins.club",
                "pandamovies.pw",
                "the-moms.com",
                "photochki.pro",
                "sex18.fun",
                "mangaforfree.com",
                "deadhouse.org",
                "boombo.biz"
            ]
        },
        {
            "rule": "getcong\\.com\\/api\\/v1\\/prepare\\/ads",
            "cookies": 0,
            "fingerprinting": 0,
            "subdomains": [],
            "apis": {},
            "sites": 23,
            "prevalence": 0.000157,
            "cnames": [],
            "responseHashes": [
                "ed7808a1f94b8b1c063e1d30d4b00f00c173997631107daef905a302f00ead8f",
                "b997e2ab78b8fc8386609c69159e78d1278edbcbf9a2c7ee4ef876778f491e2c",
                "170918535d3c6d9301d59d3db5bc1920c4298c57f2fb66f6fb3947aa95efd9e8",
                "bbea9a31d0cb1e266207526a1a8001ed9d37e63d5473ecef8cb0b162d1315b68",
                "daf86dbf0e939ab8b40a1515255d8cb494cfeed458d4b3d2c6e38cf334b64f05",
                "a9591c22ea2778cfdb8f69d7c075b079666938dea8332eb0749438e9008c8e8f",
                "854f4c7d6730506bf7b629b564ecd33c16dbe7731327334237e28a3969a395bb",
                "e35249e02877e8a92f2dd1e48e1642d64b51d2c04968d82601dbcd4e45ab7e56",
                "d4544bf89665d6488b105646b49d58a73af23242b2745f2cfbc76b8e53ce6c18",
                "48236e8bf26a682d98b5895b0452e364fc6e5d3323cf7b1e94a31d8943acdb20",
                "910c3ac2f03adacc1890956aa9e7908ab965ab48d182cda8b03211b708818508",
                "58eada5c814ac89dddd69e5c674a988ec84230ef25edf2fc58b8786bbd9a9382",
                "e3b0c44298fc1c149afbf4c8996fb92427ae41e4649b934ca495991b7852b855",
                "a2e7e467a03edec96776f7935d6e10cf899dc6cc8dff0b193eade4c2bd1806a1",
                "a5998b8fbbf4e5e5294bea3d17f7a5cdf37fb01b79c5becb448767165e02a9fb",
                "649a04433d23e01333d3db6d43e79215b21156e54383824641d77f67cb76fef3",
                "e7fc4b0d09940c1132c683fb3e86981775e97570696e2c1e224a43fe66ce10df",
                "aa38521723bcf8367cd383a683513f43bd28d84e8174d8406ebda3a91f95f899",
                "0732b36af7889d86658189dada0dbd33668ea410e5dbcd6318b641f377c6dd32",
                "a15d829ba43dbbea9ef667490d69bb0b8d5b95b03999121084053d12e6e53715",
                "291ba4e212c981c8fbc3f4d5fe2caf9f4979f02a619c60b9d736f8495729f267",
                "f9b372b1d8032b017b77da62c2b98c637349140c24ba9081f617f9b65bba2f09"
            ],
            "type": "Fetch",
            "firstPartyCookies": {},
            "firstPartyCookiesSent": {},
            "exampleSites": [
                "mangaforfree.com",
                "siskins.club",
                "www.3rab-naar.com",
                "pandamovies.pw",
                "xxx8.me",
                "photochki.pro",
                "boombo.biz",
                "manhwaindo.icu",
                "nudist-movies.top",
                "www.japteenx.com",
                "sex18.fun",
                "375hw.com",
                "telochki.org",
                "hmanga.org",
                "the-moms.com",
                "listaswiseplay.info",
                "titis.org",
                "pervypals.com",
                "porn555.com",
                "boomba.club"
            ]
        }
    ],
    "categories": [],
    "performance": {},
    "cookies": 0,
    "topInitiators": [
        {
            "domain": "wpushsdk.com",
            "prevalence": 0.5652173913043478
        },
        {
            "domain": "8353e36c2a.com",
            "prevalence": 0.30434782608695654
        },
        {
            "domain": "d28dc30335.com",
            "prevalence": 0.08695652173913043
        },
        {
            "domain": "first party",
            "prevalence": 0.043478260869565216
        }
    ],
    "types": {
        "Preflight": 23,
        "Fetch": 23
    },
    "nameservers": [
        "ns1.digitalocean.com",
        "ns2.digitalocean.com",
        "ns3.digitalocean.com"
    ]
}