{
    "domain": "getcong.com",
    "owner": {},
    "source": [
        "DuckDuckGo-US"
    ],
    "prevalence": 0.000218,
    "sites": 32,
    "subdomains": [],
    "cnames": [],
    "fingerprinting": 0,
    "resources": [
        {
            "rule": "getcong\\.com\\/api\\/v1\\/prepare\\/ads",
            "cookies": 0,
            "fingerprinting": 0,
            "subdomains": [],
            "apis": {},
            "sites": 31,
            "prevalence": 0.000211,
            "cnames": [],
            "responseHashes": [
                "64a70c1b6e8e22f58f37f5f0c3b861c1380aa00929f85c135d3ac61b8dbbae2d",
                "e3b0c44298fc1c149afbf4c8996fb92427ae41e4649b934ca495991b7852b855",
                "bc975625768dc5a735417dc2690cb74e6eb65be538e7e720ed2432e0f5ec4d4f",
                "5be567d9c00432ee47df72f1956394862b17fa26ac3697d2642423c6f665e7ec",
                "3e84cbe7a46cc174c0c9e3ff78806451fcd1d5a7a1ba012811590eff7b752ec7",
                "3d2a2165467d78981e8ce3d49f1ef090037c7be60ef58975498bb1e208aabde4",
                "b51598f9f39b8d306545ef65683e91fb575a5150eb5faea3fce79bc7d310e343",
                "d1698152e525eb7935e5267467b2eb7b777f3caee7898938d431d5d2bc07f840",
                "e637fd291bc122ec154f46a8519b64dfdd00c0421cd482a5ce65bc1ea52f966d",
                "91d95f4abd8e90a1090fca3ba23f582beee9a1d285216108d3a15ef584e934c5",
                "b6c9c9b3bda99ae1300e1c91ff4a5aa73a5a87075c1f6ed48b1eb57fac8c1895",
                "8fbf51f67c6dcff07cff7298ca78d6ccdd86954af929d4825d77afecbb95349d",
                "5b02d0b1eb0a495750e5e8c45217e0acc02fa7eb24b2ce1bc04e45d1ade39de2"
            ],
            "type": "Fetch",
            "firstPartyCookies": {},
            "firstPartyCookiesSent": {},
            "exampleSites": [
                "www.hentaihome.net",
                "mangaforfree.net",
                "www.justhd.space",
                "javpornsite.com",
                "yespornpic.com",
                "femefun.com",
                "sexleaks.fun",
                "www.anime-tube.pw",
                "auntymaza.com",
                "pornorusskoe.club",
                "sextape.pro",
                "www.xmegadrive.com",
                "www.seksvideo.tv",
                "anime-tube.space",
                "thegirls.info",
                "girlsgames4fun.com",
                "pornogids.net",
                "vacedogreece.com",
                "pornwiss.com",
                "analnoe.com"
            ]
        },
        {
            "rule": "getcong\\.com\\/api\\/v1\\/prepare\\/ads",
            "cookies": 0,
            "fingerprinting": 0,
            "subdomains": [],
            "apis": {},
            "sites": 31,
            "prevalence": 0.000211,
            "cnames": [],
            "responseHashes": [],
            "type": "Preflight",
            "firstPartyCookies": {},
            "firstPartyCookiesSent": {},
            "exampleSites": [
                "www.justhd.space",
                "youngboygay.com",
                "vacedogreece.com",
                "pornobomba.click",
                "femefun.com",
                "javpornsite.com",
                "titki.biz",
                "www.anime-tube.pw",
                "sextape.pro",
                "www.seksvideo.tv",
                "anime-tube.space",
                "pornorusskoe.club",
                "rusexvideo.com",
                "www.ruserotikfilmizle.xyz",
                "girlsgames4fun.com",
                "sexleaks.fun",
                "mangaforfree.net",
                "youngimage.top",
                "www.hentaihome.net",
                "www.perverttube.com"
            ]
        }
    ],
    "categories": [],
    "performance": {},
    "cookies": 0,
    "topInitiators": [
        {
            "domain": "wpushsdk.com",
            "prevalence": 0.5
        },
        {
            "domain": "1d5d7fb584.com",
            "prevalence": 0.35294117647058826
        },
        {
            "domain": "fb960dbd5f.com",
            "prevalence": 0.08823529411764706
        },
        {
            "domain": "first party",
            "prevalence": 0.029411764705882353
        },
        {
            "domain": "b76e86c54d.com",
            "prevalence": 0.029411764705882353
        }
    ],
    "types": {
        "Fetch": 31,
        "Preflight": 31
    },
    "nameservers": [
        "ns1.digitalocean.com",
        "ns2.digitalocean.com",
        "ns3.digitalocean.com"
    ]
}