{
    "domain": "getels.com",
    "owner": {},
    "source": [
        "DuckDuckGo-US"
    ],
    "prevalence": 0.000135,
    "sites": 20,
    "subdomains": [],
    "cnames": [],
    "fingerprinting": 0,
    "resources": [
        {
            "rule": "getels\\.com\\/api\\/v1\\/prepare\\/ads",
            "cookies": 0,
            "fingerprinting": 0,
            "subdomains": [],
            "apis": {},
            "sites": 20,
            "prevalence": 0.000135,
            "cnames": [],
            "responseHashes": [
                "3a1d0069ebff689a095d47f18388837ed93a890dc1ba9cb03694e3e0b55bea2e",
                "f761a0c352d3058e2e6dcef20da005c1928e41d74d22aecfa88f28d6617edb13",
                "697a8155971afcba869995fb1f05e27416be3ca02b55012d074df1a3bb6a86eb",
                "4d91eceea8bf4179a5173b79166aded3ca5bf9bdd25c5bcb44de219c92bd10d1",
                "82617602896cbbea6ea91cfc55cebae59d6beaffdbc94192390b186334688384",
                "01673da18b8b64f349e33bd481fa9d0f8f3018bd5499a2d1e08f44f3221da3d6",
                "bc2e37a8536e65a0afa2dc939fff318f017cb35fa2c97d900cbbfa527af61f16",
                "0807d25e72900f809d5dd162bcd662c013b694ba3767ecf4d0f91e51d9048241",
                "04b72060c5fa1a8e200fd6dc79bfb6fd4cf8a02de11e82dde826148054cff3f4",
                "cd9043561b45f36480bf4afd9b0ac8060c33f6a78869ad9dcee92b40baee86fd",
                "f2ec54b1611f00500fb962837af96a71040f9ff610bb289d3f4cf933f3a39fe9",
                "ff65ae97a0353d6f5be399daaa63ec8e0d331d8af45dd77dd3a3276da9e2f8bb",
                "d16a8814d82aa4b70703293544cc80d93bd9477235d54e045cb230efd88d758e",
                "c0d42bf02141bb9c8569d6152442f3a949c7ebe29afa7092ed9eb17666d9a9cf",
                "103f57de520af93a3fe805de8cea35083ae8bfc1396cd3ab75d546098ad62c27",
                "f1b5b6571692283e440a1362230815cf1e98888981dee6fa981f3afcd795be42",
                "9a5f1af2e39803f94e9ac5eeeb7068557740fca9012223e8186af99972646682",
                "ff85ca97a7966aff450bbe3720ef4bd60983132e2d6967016032c1703e236658",
                "249ae183da49e7f3cce9c4c61b3362e58c85ab3ef74a81e7f284e83481d8307e"
            ],
            "type": "Fetch",
            "firstPartyCookies": {},
            "firstPartyCookiesSent": {},
            "exampleSites": [
                "analnoe.com",
                "freescatporntube.com",
                "fuckmovs.pro",
                "goredb.com",
                "jp.xero.porn",
                "jungespornovideo.com",
                "konulupornxx.shop",
                "mangaforfree.net",
                "mangoporn.net",
                "myscatporn.com",
                "nudist-movies.top",
                "peepeebabes.club",
                "prelesti.pro",
                "sex18.fun",
                "starsessions.art",
                "telochki.org",
                "www.retroporn.sexy",
                "www.teensforfree.net",
                "youhdjizz.com",
                "youngnudism.eu"
            ]
        },
        {
            "rule": "getels\\.com\\/api\\/v1\\/prepare\\/ads",
            "cookies": 0,
            "fingerprinting": 0,
            "subdomains": [],
            "apis": {},
            "sites": 20,
            "prevalence": 0.000135,
            "cnames": [],
            "responseHashes": [],
            "type": "Preflight",
            "firstPartyCookies": {},
            "firstPartyCookiesSent": {},
            "exampleSites": [
                "analnoe.com",
                "freescatporntube.com",
                "fuckmovs.pro",
                "goredb.com",
                "jp.xero.porn",
                "jungespornovideo.com",
                "konulupornxx.shop",
                "mangaforfree.net",
                "mangoporn.net",
                "myscatporn.com",
                "nudist-movies.top",
                "peepeebabes.club",
                "prelesti.pro",
                "sex18.fun",
                "starsessions.art",
                "telochki.org",
                "www.retroporn.sexy",
                "www.teensforfree.net",
                "youhdjizz.com",
                "youngnudism.eu"
            ]
        }
    ],
    "categories": [],
    "performance": {},
    "cookies": 0,
    "topInitiators": [
        {
            "domain": "wpushsdk.com",
            "prevalence": 0.45
        },
        {
            "domain": "ff42fd5ec6.com",
            "prevalence": 0.4
        },
        {
            "domain": "3482f0c95a.com",
            "prevalence": 0.1
        },
        {
            "domain": "first party",
            "prevalence": 0.05
        }
    ],
    "types": {
        "Fetch": 20,
        "Preflight": 20
    },
    "nameservers": [
        "ns1.digitalocean.com",
        "ns2.digitalocean.com",
        "ns3.digitalocean.com"
    ]
}