{
    "domain": "getibo.com",
    "owner": {},
    "source": [
        "DuckDuckGo-US"
    ],
    "prevalence": 0.000141,
    "sites": 21,
    "subdomains": [],
    "cnames": [],
    "fingerprinting": 0,
    "resources": [
        {
            "rule": "getibo\\.com\\/api\\/v1\\/prepare\\/ads",
            "cookies": 0,
            "fingerprinting": 0,
            "subdomains": [],
            "apis": {},
            "sites": 21,
            "prevalence": 0.000141,
            "cnames": [],
            "responseHashes": [
                "e3b0c44298fc1c149afbf4c8996fb92427ae41e4649b934ca495991b7852b855",
                "470d41436df29080c154448700e8b2e92226c1bed538ba6ac77e23e440a5d4d8",
                "0bcf19b5de78e1a59b9918820718ce38a1a761572a2162748fb25fcc9f547c4a",
                "2ca296cd325eb0827afb1522a4f2dba472c3193af38cbf696f3c8fe438a1e7c9",
                "1f051ce28e3e0daf8bef225b6630c992f473a8b6efc135d74d9efffde6093705",
                "68da7526b321423e44ad52e9d148d1003091bdd9701991cb545b72f70fae2e2c",
                "61d8aeb84e662df1d78cedb62bfa8ce00db253c2fc1ede3d11a22a01d0b31a6f",
                "96172385069aed7f34481ef8017b10c40ace7b72bd9c4ecc1d7fd89bc8dbf9d6",
                "047d96d162c45ea7d279031943d960d616acf73015f6967279f6a3216cb6ee32",
                "35310c84615eaf64713dfb0fb79280eaa1ff56fcdc96e60687052a93c3ce09cc",
                "3a71611b544af1f3ccdc46339310c2c204133ffca7011559ea43df14403f00bc",
                "b15c16747c23be8a43ee55907402ddd12036a5e3e461cd1c91bba26ffdc1f563",
                "b295d4955619ad2157d284cf19cc4736e18da23125cde5bb274eaaadb4c66dbb",
                "64458fd7ec6d1a0c0b2a54f634675320f6108207207663608032555ac135dcec",
                "d370082746bf66832fa6fd45308161d9d4e989c066b3567f7fa591e3c11cca1b",
                "a03dbd010f19fc7691122a389d903bb3c6b232eff0ef84a8a26702b799aa93a1"
            ],
            "type": "Fetch",
            "firstPartyCookies": {},
            "firstPartyCookiesSent": {},
            "exampleSites": [
                "www.rapedvideo.com",
                "naked.chiks.org",
                "boombo.biz",
                "femefun.com",
                "alivegore.com",
                "pervertslut.com",
                "xxxxporn.pro",
                "v.javhdo.net",
                "titis.org",
                "bokepindonesiaviral.store",
                "videking.com",
                "tube.perverzija.com",
                "porn555.com",
                "javsex.club",
                "chaturflix.cam",
                "www.indianxxx.cc",
                "www.amaporn.com",
                "pandamovies.org",
                "nagih.biz",
                "123moviesgo.su"
            ]
        },
        {
            "rule": "getibo\\.com\\/api\\/v1\\/prepare\\/ads",
            "cookies": 0,
            "fingerprinting": 0,
            "subdomains": [],
            "apis": {},
            "sites": 21,
            "prevalence": 0.000141,
            "cnames": [],
            "responseHashes": [],
            "type": "Preflight",
            "firstPartyCookies": {},
            "firstPartyCookiesSent": {},
            "exampleSites": [
                "www.amaporn.com",
                "www.indianxxx.cc",
                "titis.org",
                "tube.perverzija.com",
                "nagih.biz",
                "pandamovies.org",
                "v.javhdo.net",
                "javsex.club",
                "naked.chiks.org",
                "femefun.com",
                "animeporno.club",
                "pervertslut.com",
                "bokepindonesiaviral.store",
                "boombo.biz",
                "videking.com",
                "alivegore.com",
                "www.rapedvideo.com",
                "xxxxporn.pro",
                "porn555.com",
                "chaturflix.cam"
            ]
        }
    ],
    "categories": [],
    "performance": {},
    "cookies": 0,
    "topInitiators": [
        {
            "domain": "wpushsdk.com",
            "prevalence": 0.47619047619047616
        },
        {
            "domain": "a44c39fc52.com",
            "prevalence": 0.38095238095238093
        },
        {
            "domain": "a317654204.com",
            "prevalence": 0.09523809523809523
        },
        {
            "domain": "first party",
            "prevalence": 0.047619047619047616
        }
    ],
    "types": {
        "Fetch": 21,
        "Preflight": 21
    },
    "nameservers": [
        "ns1.digitalocean.com",
        "ns2.digitalocean.com",
        "ns3.digitalocean.com"
    ]
}