{
    "domain": "getkel.com",
    "owner": {},
    "source": [
        "DuckDuckGo-US"
    ],
    "prevalence": 0.000434,
    "sites": 64,
    "subdomains": [],
    "cnames": [],
    "fingerprinting": 0,
    "resources": [
        {
            "rule": "getkel\\.com\\/api\\/v1\\/prepare\\/ads",
            "cookies": 0,
            "fingerprinting": 0,
            "subdomains": [],
            "apis": {},
            "sites": 61,
            "prevalence": 0.000414,
            "cnames": [],
            "responseHashes": [
                "634fb9c2b0fe6ac25e04c55b7cd08b6a351f211fd86a9b2ea44949696024dc52",
                "4c1842e93f71d8abc0d72fc3f9df9313d4382397012cf2dfa8d4dcbe7855deba",
                "ef37c1e5bbede94da2d676ec071b5c6297ab9afecb62c2c6d6314740933c789a",
                "d98d7102335f6b154592fb0b3175b2853ffc8a5a536f5386bea0db508db2dce8",
                "32276fbf3ea52dd26a970d5a6aa54b3356df17b047542d62929fc7b8289bb76b",
                "55fa066c79d74572bb137070b63e9666167fde701ca56c0119eebf066883ee5d",
                "00f1ec196352511a720c670576c30f9bc6571ce8522f174c6dbeb4a6fbd9d064",
                "5f708f84a83d9c1e20bd9eaa4f8066c1a2b981cb1e338a5a38155c58b910e56f",
                "bfca88b93138b24189831b5b065c93ec17793406bdb8269f98e64ebb120acf2e",
                "7ed8485189944901482083fb243a692f8a61e4b48f044e975e3d2a6cbd9300dc",
                "2e0506a9a21c4864af6dc2cedc13d58916663e2eba883e5c1bff21b989481340",
                "73535d174161c03fa50e3fb381864f538863970515fcfaf8bab2435ce46d1be5",
                "2b11c502e53c849e6d80dccfb97df7397f4cd17a43e83b0dfc57f4bcd45d974b",
                "be6460424723209cc76df8f37d8b2543cc9549b83d7385840eb91f2b78a57558",
                "f6183bd39bda3b8c6257c2ceccc437d8b33e094917edbe06521a4a9f16d47d94",
                "6ceee711142aa08eef61045650f1ce44fd7144a176df867631f9918001b1d0ac",
                "39ad2b898a6297ce820e695ab0e4e17fb0acd842afa7ef8babcff93e16062289",
                "02eebe950c3c9502e6933f2b55c3d8e77c14a65b4a3af4227bbafeec1d6973ba",
                "194a40c2408ddf4d40aa3df95c92f88f8cbb997206023b9700c905818c050a18",
                "5f198094cfc2ce34295006873e5858d6ad38f522bf6824efbc69be07eccc38d2",
                "1b5713cd7c607af631837b94bb5269415f0c075c44112be2be28d5f425b2c6c7",
                "4131a51c34471cfa878492ae130fca2f628f41862a92a42f887e04cd3f0fa1ec",
                "49418af5ddd3af9321994be8c3db1ee867c3c8b51d971a3635c8e1b83c40aa4b",
                "956f5a78d56af92e0a1496405b5af6a07a0ee20aa96d796251daf6a15060669c",
                "64a973ef540dd7589e9b77c28c6c9d9b2216a5a749eebf06b4373e1db86e9f97",
                "33730c53b1bd940bb67f81abe61013e4410c79f948161c7e557856104ebe221b",
                "f26a00c88780cd4f55d5b07eb9259d41034697b8803630c3326e15fa14e2e0af",
                "47532f7e726c542c4aaff8ef8ce1e0ee79e198178acc2136eaa8475d39652b78",
                "6854d6dda85af04272823f41460a1ff02198f832b3653a94bb7f5d774be4faff",
                "c2b20e0219ed05495ee1913d3c77dd1fb5cc8b6185129ecd7108d23ec8074e5e",
                "05666a9ee663416b0e6daa7f37b28163c66d949cae7e3cec0a2fcb45e89c37f1",
                "cfc9ed04f4baf982eec1a7ab98c973e8f197ca2e9c96fd6f1918c3ac0c5534c0",
                "c07f09d035269f8b7cd29de919b934a8a3cd56db7a39803380fa30b27d4c8c68",
                "23e673d5184d9d2988fdd47f9de11bbd32eff4411223a158b534d22e0cc7e75b",
                "9d774fbb711de01963b3c83e221b2c2c55c6af2da5b9994a9a85c4c61ab4b644",
                "e504c7be6e017e49d288ed089733f0bf8016cfab6af414bc15858d3bd1683966",
                "8a7abb164a15788c2031a51ed8f3bc2db4ea597ea4120b1b415b9fcb8d3248d0",
                "62f7aae8bef0381db62c7ecbe2c27b4f2adc5525fd7c5838f1f7e5e05d790756",
                "88ebc3f7faa2a764e2e853770ce3463c047c24c5dae2f34695d49f7ccc9a8754",
                "bccc0ede0533d05d8c659faaaf03c9fb4c2d975a7929f900c0d6ca8616039e11",
                "49eae0c3062599569495638be45b083fbb5e793e202e73ea1816ad1bdac1ebef",
                "f5a2aae50a08f9d5de882581d9dc1a2f3f3d59915f8bce007631d91c08669bdc",
                "5882a1112da39f6d3d21cc7c207a789fedbdfc56bd0a99a4ce5e6917cd6ad8eb",
                "ca39c5f508dfd5ed78a43bcd02be25491ec5fd70e52f59e9496cc3a51b5d76f7",
                "04cee264b122e6496d65d22358729535f3a5fb9312bb0efa3ae787556818cf40",
                "ff7b205cdda1f6f038b7056b114edc029bdc9d7e0482c9cea814c512fbb15d5a",
                "2fff9fb94e6631dfe43812eefe37b48a824413fc10edfbcc8b2ed21c1fe2643e",
                "81dc591eb3dc0c99c286a910e8490dedcc334a5e3e8a0b465072f7928b410e7b",
                "89a38adf4024846ffcc6248f69c12740d41e7028277845348e083830e2b10cdd",
                "b5b0de3051a4b38480ae2f91b358a9a7fb38998c7b67b7068b26bff513e9deff",
                "e3b0c44298fc1c149afbf4c8996fb92427ae41e4649b934ca495991b7852b855",
                "9fbe330fac869feafab888b6fe666bda00782ec716012ea5648aebcaf3b04947",
                "589d10d5124e5b582faae6d743de1c494ac0e1f077ec45aaf1352a14d0d6d109",
                "8b7874941aec89aa0d62d24e6b6e7a288f6e9dc9ad45871b85f2bd1fc3fff98d",
                "b3f5523882707b3c521b66ad56d9d91ab6d6d9694babbdcfcb400ee58b230f6b",
                "cc04ea772a4ef91b0fcdeafa5a2e17938b438b2020f23ec79a6c1983a1cbe670",
                "e07339a2680df63c92f124633bca964a2882046c99c7eaaa6dcbaf783b6d764b"
            ],
            "type": "Fetch",
            "firstPartyCookies": {},
            "firstPartyCookiesSent": {},
            "exampleSites": [
                "jav-pics.com",
                "download.mp3tube.club",
                "www.moviesneek.com",
                "pornoporka.vip",
                "turkeysexi.com",
                "www.4kpornhd.top",
                "drawin.club",
                "incest24.vip",
                "3gpking.pro",
                "porno24.tv",
                "nudistsmall.eu",
                "solomodel.xyz",
                "boypornvideo.com",
                "povcum.com",
                "jizzfarm.com",
                "shittytube.com",
                "av.hitoduma.cyou",
                "mdavporn.com",
                "javraveclub.com",
                "kardfu.com"
            ]
        },
        {
            "rule": "getkel\\.com\\/api\\/v1\\/prepare\\/ads",
            "cookies": 0,
            "fingerprinting": 0,
            "subdomains": [],
            "apis": {},
            "sites": 60,
            "prevalence": 0.000407,
            "cnames": [],
            "responseHashes": [],
            "type": "Preflight",
            "firstPartyCookies": {},
            "firstPartyCookiesSent": {},
            "exampleSites": [
                "hdxjav.xyz",
                "kardfu.com",
                "xnxxv.mobi",
                "javraveclub.com",
                "www.jpg4us.net",
                "www.4kpornhd.top",
                "boomba.club",
                "slutpad.com",
                "javhdo.net",
                "msubindo.xyz",
                "tamilsexvideos.info",
                "www.moviesneek.com",
                "incest24.vip",
                "bokephub.com",
                "pornpics.network",
                "download.mp3tube.club",
                "www.sexsexvideo.com",
                "boombo.biz",
                "masahub.net",
                "porn-image.net"
            ]
        }
    ],
    "categories": [],
    "performance": {},
    "cookies": 0,
    "types": {
        "Fetch": 61,
        "Preflight": 60
    },
    "nameservers": [
        "ns2.digitalocean.com",
        "ns3.digitalocean.com",
        "ns1.digitalocean.com"
    ]
}