{
    "domain": "getresponse.com",
    "owner": {},
    "source": [
        "DuckDuckGo-US"
    ],
    "prevalence": 0.000312,
    "sites": 46,
    "subdomains": [
        "app",
        "ga2",
        "ga"
    ],
    "cnames": [],
    "fingerprinting": 1,
    "resources": [
        {
            "rule": "getresponse\\.com\\/view_webform_v2\\.js",
            "cookies": 0.0000271,
            "fingerprinting": 1,
            "subdomains": [
                "app"
            ],
            "apis": {
                "window.innerWidth": 10,
                "window.innerHeight": 10,
                "Document.cookie getter": 10,
                "Navigator.prototype.userAgent": 1,
                "Date.prototype.getTime": 1,
                "Document.cookie setter": 1
            },
            "sites": 14,
            "prevalence": 0.000095,
            "cnames": [],
            "responseHashes": [
                "91f416f01ecadcd11eaf1dce46ed43d5a449f84e6b1336ded678daf31cfc7191",
                "e3b0c44298fc1c149afbf4c8996fb92427ae41e4649b934ca495991b7852b855",
                "986cea6cbce91f283b00bc8320f1a9b7a5819604790150daa30f8e9332020d4f",
                "c2d87565f617acf69837fb7b14f169db0dd055ada36a9b70e85e4ce9914b8399",
                "5afc036861af20b8420b8a086dee32da0bf40e5c791edaaea631361d24ca0335",
                "6ab27370255ca71ca0d702d20d5be5db06f8e306e6e486a762dd3b8a9e660e05",
                "ae18b09966ac9ce5bd36b5236d5d947a8b6c9f74291bd208d86c9415fe533218",
                "10a38affab0ad4c2e3e1a2b22aca9d499040c2c11997ded829f3d015e9137d36",
                "41cf394a4f24fd988f57bbd9f06ff507e872d73048bfaeaaf4ce95a0683bc739",
                "f95c5b42c8167aaca0b99f234168c7107bf2bd96acdc9909ec9d5cd919a83c0e"
            ],
            "type": "Script",
            "firstPartyCookies": {
                "grwf2_50149205": {
                    "ttl": 2592009,
                    "length": 4,
                    "prevalence": 0.000006786332326694038,
                    "uniqueness": 1
                }
            },
            "firstPartyCookiesSent": {},
            "exampleSites": [
                "andweknow.com",
                "iblp.org",
                "m-strana.ru",
                "mysupplementadvice.com",
                "pmoflatline.com",
                "prepareforchange.net",
                "theasmr.com",
                "wakeup-world.com",
                "www.ana-white.com",
                "www.construct101.com",
                "www.immigrationspain.es",
                "www.legendsofamerica.com",
                "www.strongfirst.com",
                "www.wyborkierowcow.pl"
            ]
        },
        {
            "rule": "getresponse\\.com\\/stylesheets\\/core\\/pages\\/webFormV2\\/public\\/gr_wf_v2\\.css",
            "cookies": 0.0000136,
            "fingerprinting": 0,
            "subdomains": [
                "app"
            ],
            "apis": {},
            "sites": 10,
            "prevalence": 0.0000679,
            "cnames": [],
            "responseHashes": [
                "0c9ac233a87095c82fb409d77e1e8214461f3cffad4ddf119072b3f37caff6b1"
            ],
            "type": "Stylesheet",
            "firstPartyCookies": {},
            "firstPartyCookiesSent": {},
            "exampleSites": [
                "andweknow.com",
                "iblp.org",
                "mysupplementadvice.com",
                "pmoflatline.com",
                "prepareforchange.net",
                "www.construct101.com",
                "www.immigrationspain.es",
                "www.legendsofamerica.com",
                "www.strongfirst.com",
                "www.wyborkierowcow.pl"
            ]
        },
        {
            "rule": "getresponse\\.com\\/get_file_from_url\\.html",
            "cookies": 0.0000136,
            "fingerprinting": 0,
            "subdomains": [
                "app"
            ],
            "apis": {},
            "sites": 10,
            "prevalence": 0.0000679,
            "cnames": [],
            "responseHashes": [
                "c7bf1b095c0f68846877987624aa4497d7f80e695560fc3c3a3ce81daa72122a",
                "90aaaaabd1354d9df63d2b89a9df8b2700515f7ea40ff9012cf9071e9f94a5f9",
                "e4a668f847648136bf38c0830ef6a8198bdc59b8755a57efea932a1aa7111ee8"
            ],
            "type": "Stylesheet",
            "firstPartyCookies": {},
            "firstPartyCookiesSent": {},
            "exampleSites": [
                "andweknow.com",
                "iblp.org",
                "mysupplementadvice.com",
                "pmoflatline.com",
                "prepareforchange.net",
                "www.construct101.com",
                "www.immigrationspain.es",
                "www.legendsofamerica.com",
                "www.strongfirst.com",
                "www.wyborkierowcow.pl"
            ]
        },
        {
            "rule": "getresponse\\.com\\/index\\.php",
            "cookies": 0,
            "fingerprinting": 0,
            "subdomains": [
                "ga2"
            ],
            "apis": {},
            "sites": 13,
            "prevalence": 0.0000882,
            "cnames": [],
            "responseHashes": [],
            "type": "Fetch",
            "firstPartyCookies": {},
            "firstPartyCookiesSent": {
                "gaVisitorUuid": 0.0000882223202470225,
                "tk_ro": 0.000006786332326694038,
                "tk_rl": 0.000006786332326694038,
                "tk_or": 0.000006786332326694038,
                "tk_r3d": 0.000006786332326694038,
                "tk_lr": 0.000006786332326694038
            },
            "exampleSites": [
                "greenbullresearch.com",
                "nerdarchy.com",
                "www.cacklehatchery.com",
                "www.educba.com",
                "www.fotokoch.de",
                "www.immigrationspain.es",
                "www.iparts.pl",
                "www.movieguide.org",
                "www.reallusion.com",
                "www.sfaf.org",
                "www.shopvac.com",
                "www.sig-guru.com",
                "www.wholecelium.com"
            ]
        },
        {
            "rule": "getresponse\\.com\\/wpn\\/gr_sw\\.js",
            "cookies": 0,
            "fingerprinting": 0,
            "subdomains": [
                "ga2",
                "ga"
            ],
            "apis": {},
            "sites": 3,
            "prevalence": 0.0000204,
            "cnames": [],
            "responseHashes": [
                "140726a2a3567c51af3fded46a58b0d7fef772397d9259fd784adec5c559a04e"
            ],
            "type": "Other",
            "firstPartyCookies": {},
            "firstPartyCookiesSent": {},
            "exampleSites": [
                "greenbullresearch.com",
                "www.iparts.pl",
                "www.movieguide.org"
            ]
        },
        {
            "rule": "getresponse\\.com\\/script\\/ga\\.js",
            "cookies": 0,
            "fingerprinting": 0,
            "subdomains": [
                "ga"
            ],
            "apis": {},
            "sites": 12,
            "prevalence": 0.0000814,
            "cnames": [],