{
    "domain": "gexcellerno.com",
    "owner": {},
    "source": [
        "DuckDuckGo-US"
    ],
    "prevalence": 0.00169,
    "sites": 249,
    "subdomains": [],
    "cnames": [],
    "fingerprinting": 0,
    "resources": [
        {
            "rule": "gexcellerno\\.com\\/utx",
            "cookies": 0.000946,
            "fingerprinting": 0,
            "subdomains": [],
            "apis": {},
            "sites": 139,
            "prevalence": 0.000946,
            "cnames": [],
            "responseHashes": [
                "e3b0c44298fc1c149afbf4c8996fb92427ae41e4649b934ca495991b7852b855"
            ],
            "type": "XHR",
            "firstPartyCookies": {},
            "firstPartyCookiesSent": {
                "lotame_domain_check": 0.000034033979525157916
            },
            "exampleSites": [
                "www.heavy-r.com",
                "leakedonly.me",
                "nudegist.com",
                "repacklab.com",
                "www.nudejet.com",
                "yespornclips.com",
                "www.tamilporn.video",
                "hindisexporn.com",
                "graderesponse.team",
                "onlyleakedfree.com",
                "porn555.com",
                "freeofcontent.co",
                "www.xtits.com",
                "xnxx.kactube.com",
                "myofleaks.co",
                "rule34h.com",
                "archivohot.com",
                "m.see.xxx",
                "1fmovies.co",
                "getofleaks.com"
            ]
        },
        {
            "rule": "gexcellerno\\.com\\/floater",
            "cookies": 0.00032,
            "fingerprinting": 0,
            "subdomains": [],
            "apis": {},
            "sites": 47,
            "prevalence": 0.00032,
            "cnames": [],
            "responseHashes": [
                "3dc5fa1666f9f4bcd15fb17ec02b592a008ec5bc2de34ca49435a1c7d3d97761",
                "45d67088885e385149777ee103239fd105803518a77b9ccc10aade04d04ad51c",
                "b92411dbc47e8e92e25badc004782201eafabd8a900159d35062322be1c34825",
                "b39b5dc1f52381bc3e7f8c6e739f079bd140f678e660a4b7f0b7d2de783fd9db",
                "238c642f85037d9480e7df11990554c75c0a5e78a2cc1e8cee58dc2dfff31b8c",
                "cafbde6556d60ce990c8744ee6b63103be993c3a3df346766261bcde6952c08c",
                "50c2c383ec6aa32ecf4c4c19c04639676fa0ee1099773620093540014a69c220",
                "a9dfa4aafca380ca5b749a3d79ed8144a70fb5b6a160c32e0d9d62b8bed56376",
                "53eeffe4914c4352b2fafe987460a4b7ceb5e9c01b45766a31fb11409a967d0c",
                "bd3f39115b11bb75b6f0765f9d6af013cb561dac727c292c0347d9cd2eddf8bd",
                "bfad2f3271b839d31331b7201092a3d4a3ddb4ab37f5bc7714c0e204832409db",
                "53adf82df029dd32239488fc97786cac0c3d17e91d87c341ae0f705ff9603953",
                "7a86566b850a767d9ca6821780f36f3b0759f290055e012d24c0745344fa7d65",
                "2ea9b6271aaef1d750adeccfe4c528f3b57ebded9bc7702db3b00139a2fedc4b",
                "77058675a4ddb3f6755a639745e9754f00cb1be5cae791ad762107a92182861a",
                "74a6c3306a50b36e1da6dcadd3338ff3f1537cf0ba84945cd53c9711106123be",
                "f079de41467ed064fa764dbf96d3e23a118bd6961a0c00eda11d05018fc906f0",
                "69d593e987b4919ae914dcea2c8d4fccb640e5772bbe638674c76ea9dfad5224",
                "a98b058d5d198e392c569647f7425f2399727085073b22edfe52b7a1ec4e63e4",
                "d7871b29f5bb080440b1c6eb01490f6e9ab97f73859e3ec4d3e96be99b173bc7",
                "5afe0f0aae3dfe16301be342999437a0ed29dbec17049e68c8499f3cf47e722d",
                "7b105974c775366aa2723c211dc3167eca2596a4223cee9b2a02e29523393aa8",
                "c843e6361928059eeaf16f61368ddd3b260b558e5067db1651ed08d66c1cbe1b",
                "0916d2d8686f5a731f2675cc1a3cb950204fe14c2d811741a66269e5785abd97",
                "8469bb7294e6a60d65f4376a12b0feefe3e82e6ed599fe844166415f453c2390",
                "8b3025b9bbaada316c5d49f1316982fd5d723de3fdfa34effe637b110d40f314",
                "31737a28a140a1a7ae5c18780eff918b72cf73f51e175da910c5efcd79a136b2",
                "540116fc87d0f75a0d98812c1caf77dcba017799b48af41f47fd15f8f3de95f7",
                "b6ea4634afc4b7bd4cefe4882ec929e071bb67cf05a68e946ef2f00857710116",
                "8de862043674343901e5d656c09bb79c34cf5042b592f73a734a0fd6013bb8ce",
                "675bcfbf3c329e1fefa195f195ca94cc4f9733b45719baf6f960190eb935710b",
                "b776d378b83073438d03e1326883cfc360c88f338bde2a2308b8536d189bab51",
                "a0d457f54d0fbbdf31d1782ee7e14e219b7241e819d7d90ef5eee605df802e31",
                "c4723ec233d06fd1ef1c2bdc850e7d0d3c5e9f9dd929b8ad4cdf1f42035ebcc6",
                "024d3fb51cfcee1be5b9dca912f0f44292289663d564531d8d11dcf1c9e0b652",
                "d62f09fc19aaf1deb96b1283b31f0553a2200ad4d463316d633be7c1ff3ab255",
                "8423adf5b81b9fe5bace1164b31dd4d50aaf792b04c670687bec4adc408b8ef1",
                "f73e8f7348ecf415f5f9d2e59d25e982f63088d2f2671a369d71da244b08cb98",
                "6d359e6c6ccc5a94cc3fbc46de0d7784f293ba44b957e9efc3cd86ff53d76ad4",
                "75d8ad204276358a31702943237ae42b77e3138670efc5ca938a64117056ba14",
                "2c82f8b78baaaea4a7e1db06f7114e3b1783caab121c67d41d21ffaae3efb404",
                "966dd95a8fbf76c805a72a233c8816a7c2ef9ffb05c90a04990464892cc627bf",
                "c471b8c013dffcd0a1cb7c16f2897fc2d129cd2b4fc5d40785f047780494b57b",
                "1941fd4f796bf74fa33e6e03193c8dcfb0d55a56e9fc474431ec835adabe1783",
                "c3a6c6813d783d7352754df75017f8e1c28a50082556025d38d505ccd5346027",
                "d5f0fc909fe400b757618a9d6df04da63a4dc5e39eac5ab4b38e6548833f3ddc"
            ],
            "type": "XHR",
            "firstPartyCookies": {},
            "firstPartyCookiesSent": {
                "_ym_d": 0.000013613591810063168,
                "__PPU___PPU_SESSION_URL": 0.000013613591810063168
            },
            "exampleSites": [
                "www.heavy-r.com",
                "katmoviehd.cfd",
                "celebsdaddy.net",
                "thekhatrimaza.click",
                "ww1.javbabe.net",
                "rapepornvideo.net",
                "leaknudes.com",
                "x-xx.pro",
                "www.filmy4wap.loan",
                "leakednudes.co",
                "xnxx.club",
                "www.pornwatchers.com",
                "www.shemalestube.com",
                "forced-porn.net",
                "gap3xy.com",
                "femefun.com",
                "indiahdporn.pro",
                "m.shemalestube.com",
                "xxx-porn-hub.com",
                "pornchimp.com"
            ]
        },
        {
            "rule": "gexcellerno\\.com\\/multi",
            "cookies": 0.0000272,
            "fingerprinting": 0,
            "subdomains": [],
            "apis": {},
            "sites": 4,
            "prevalence": 0.0000272,
            "cnames": [],
            "responseHashes": [
                "65fc875389703c2867d4a417444ca2ae0563fbae4cb64a9da5b96b0894200a5c",
                "66788c63029b4cd821edeb14ebad4367fb9dbdd24230acac2537efcea4b39625",
                "a9701cb4d3d7898c6cbbfce8c3c954b7a61aeaa1ab7d543420c4e32676f514c4"
            ],
            "type": "XHR",
            "firstPartyCookies": {},
            "firstPartyCookiesSent": {},
            "exampleSites": [
                "twuko.com",
                "www.twuko.com",
                "www.xxxtamilsexvideos.com",
                "xxx-porn-hub.com"
            ]
        }
    ],
    "categories": [],
    "performance": {},
    "cookies": 0.00169,
    "types": {
        "XHR": 190
    },
    "nameservers": [
        "demi.ns.cloudflare.com",
        "aiden.ns.cloudflare.com"
    ]
}