{
    "domain": "gloaphoo.net",
    "owner": {},
    "source": [
        "DuckDuckGo-US"
    ],
    "prevalence": 0.000123,
    "sites": 18,
    "subdomains": [],
    "cnames": [],
    "fingerprinting": 3,
    "resources": [
        {
            "rule": "gloaphoo\\.net\\/400\\/6325382",
            "cookies": 0.0000954,
            "fingerprinting": 3,
            "subdomains": [],
            "apis": {
                "window.localStorage": 14,
                "Navigator.prototype.userAgent": 14,
                "Navigator.prototype.maxTouchPoints": 14,
                "Date.prototype.getTime": 14,
                "window.sessionStorage": 14,
                "Navigator.prototype.plugins": 14,
                "Navigator.prototype.mimeTypes": 14,
                "Screen.prototype.width": 14,
                "Screen.prototype.height": 14,
                "Screen.prototype.availHeight": 14,
                "window.screenX": 14,
                "window.screenY": 14,
                "window.outerWidth": 14,
                "window.outerHeight": 14,
                "window.innerWidth": 14,
                "window.innerHeight": 14,
                "Date.prototype.getTimezoneOffset": 14,
                "Navigator.prototype.languages": 11,
                "NavigatorUAData.prototype.getHighEntropyValues": 11
            },
            "sites": 14,
            "prevalence": 0.0000954,
            "cnames": [],
            "responseHashes": [
                "d5b8b07c3739e3407dc49bf4b6f914b15322b2c5e2b7858491cbb0af783afc77",
                "51033ce0d2d6b7f1185300aa1aaad540f93a64c95c0c341a8ab121ea58cdb47f",
                "4fd306942ed7cece7b699d2ae9a6252c7d708a064be9df086e38c7e14358e1b7",
                "758df7e5bc52fcc61f2697700e831ce86e31d6069c4e5be1a26e43948249e8a7",
                "9909a1d75ec2ce9daf2bb8d2cf08390cf78ff80af2ad247b1b822be4cbbd6dec",
                "58404417c35195f4bc12b9ac6c065fca58c9418c32179f18a88a9859d72e1f49",
                "e9f77f6d4816fef42343bf3949ec37cbea48bfc5f7edd1b08be27ed4174167b8",
                "5492be7509c9089fc66fa0e77cace0bf7a4e195b7dfe050cc9253c420c1856f7",
                "a739acfc05c1120464427b3c4f4baf94fff57ae56deba52722fed620cf7f5a13",
                "4db199d0cb56bd42520a8866aad562fc66f589dc295cc25090e34cc33915946a",
                "cd720e5c9ca2210ba29873887e0e04d7ad72f333b3226fe7ff1b722acf0f7e81",
                "6693353e05006268e3a375dba430b83f1079ec799c00a3738299dc7d227922a6",
                "fbd971e3ff569073d37d78d4cb3b764e7422214db0667c03ab4e24fd0950f1d1"
            ],
            "type": "Script",
            "firstPartyCookies": {},
            "firstPartyCookiesSent": {},
            "exampleSites": [
                "avsuck.com",
                "avtub.pink",
                "avtub.stream",
                "bejav.net",
                "blackedjav.com",
                "bokepink.com",
                "ec2-13-212-199-96.ap-southeast-1.compute.amazonaws.com",
                "rajabokep.cam",
                "simontok.lat",
                "vibokep.pics",
                "www.nekopoi.icu",
                "www.ratihbugil.com"
            ]
        },
        {
            "rule": "gloaphoo\\.net\\/500\\/6325382",
            "cookies": 0.0000954,
            "fingerprinting": 0,
            "subdomains": [],
            "apis": {},
            "sites": 14,
            "prevalence": 0.0000954,
            "cnames": [],
            "responseHashes": [
                "606dbb56ff7bf56c9f78341388e6521682244d31fde8c6ad2c9eb3c196e8c794",
                "16441d7c93c95b70d97ac964be8997819cac431e193a46e0edece81f352dbdcf",
                "de537627ad18da10e4e94467cc96bc35415fd47e6a6b3da8636b1323b13fa186",
                "3f9ddc7e14576f65b01145cd7f3768d2cc046f0cf54da4c54276376504da2db4",
                "fc75e9455e97f01eac8d3b694b837590b3a7c50520aa01456c27eb5eb356b67c",
                "2ce6cf014b9ae87103199df5e4daaab5a6b9450af53f9d4dfd9ca9251262dce0",
                "90b84f64d208a54f3f7842e3ce5d0c5a08da05933ce0c40634949688aaa1b446",
                "427de4d0091f12d1bab947f0218039c83bbc4034079add433ce759198723563a",
                "9d656e1e60b24f1d8f92d198f7d5913939b52ecf79862066c628923731e07707",
                "db90e6c743ba05ddbf3e6d5202970c3dc0611f235888002991f3c26211724882",
                "30d3137c48e0dabecd5ad6c5ff9eb4ccb42c1585f92a4752bf5aacc1aca06424",
                "1b6ae0fed1280a511708d99ae68acf6016c53d619c8a4786e29d6e67563052db",
                "8b9d47a69cb2359f9aa724162d282aa05a9d287601cd750ddcbfece0c0e61a93"
            ],
            "type": "XHR",
            "firstPartyCookies": {},
            "firstPartyCookiesSent": {
                "lotame_domain_check": 0.000027245358072118462
            },
            "exampleSites": [
                "avsuck.com",
                "avtub.pink",
                "avtub.stream",
                "bejav.net",
                "blackedjav.com",
                "bokepink.com",
                "ec2-13-212-199-96.ap-southeast-1.compute.amazonaws.com",
                "rajabokep.cam",
                "simontok.lat",
                "vibokep.pics",
                "www.nekopoi.icu",
                "www.ratihbugil.com"
            ]
        },
        {
            "rule": "gloaphoo\\.net\\/500\\/6325382",
            "cookies": 0,
            "fingerprinting": 0,
            "subdomains": [],
            "apis": {},
            "sites": 14,
            "prevalence": 0.0000954,
            "cnames": [],
            "responseHashes": [],
            "type": "Preflight",
            "firstPartyCookies": {},
            "firstPartyCookiesSent": {
                "lotame_domain_check": 0.000027245358072118462
            },
            "exampleSites": [
                "avsuck.com",
                "avtub.pink",
                "avtub.stream",
                "bejav.net",
                "blackedjav.com",
                "bokepink.com",
                "ec2-13-212-199-96.ap-southeast-1.compute.amazonaws.com",
                "rajabokep.cam",
                "simontok.lat",
                "vibokep.pics",
                "www.nekopoi.icu",
                "www.ratihbugil.com"
            ]
        },
        {
            "rule": "gloaphoo\\.net\\/401\\/5891626",
            "cookies": 0.0000204,
            "fingerprinting": 3,
            "subdomains": [],
            "apis": {
                "window.localStorage": 3,
                "Navigator.prototype.userAgent": 3,
                "Navigator.prototype.maxTouchPoints": 3,
                "NavigatorUAData.prototype.getHighEntropyValues": 3,
                "Date.prototype.getTime": 3,
                "window.sessionStorage": 3,
                "Navigator.prototype.plugins": 3,
                "Navigator.prototype.mimeTypes": 3,
                "Screen.prototype.width": 3,
                "Screen.prototype.height": 3,
                "Screen.prototype.availHeight": 3,
                "window.screenX": 3,
                "window.screenY": 3,
                "window.outerWidth": 3,
                "window.outerHeight": 3,
                "window.innerWidth": 3,
                "window.innerHeight": 3,
                "Date.prototype.getTimezoneOffset": 3,
                "Navigator.prototype.languages": 1
            },
            "sites": 3,
            "prevalence": 0.0000204,
            "cnames": [],
            "responseHashes": [
                "5ebf2a93eb63dd96cae4cbcd32c9ef529754400cc4f0ef471c74143912d4baca",
                "41e61bbdc5d5749bdd66eee53599fb00ef3c89895347a204de3516d0cd933c4b"
            ],
            "type": "Script",
            "firstPartyCookies": {},
            "firstPartyCookiesSent": {},
            "exampleSites": [
                "javkai.com",
                "javmelon.com",
                "www.hainekochan.com"
            ]
        },
        {
            "rule": "gloaphoo\\.net\\/500\\/5891626",
            "cookies": 0,
            "fingerprinting": 0,