{
    "domain": "goodfungame.com",
    "owner": {},
    "source": [
        "DuckDuckGo-US"
    ],
    "prevalence": 0.000122,
    "sites": 18,
    "subdomains": [],
    "cnames": [],
    "fingerprinting": 0,
    "resources": [
        {
            "rule": "goodfungame\\.com\\/iframe\\/5ecd7b791e80c",
            "cookies": 0.0000407,
            "fingerprinting": 0,
            "subdomains": [],
            "apis": {},
            "sites": 6,
            "prevalence": 0.0000407,
            "cnames": [],
            "responseHashes": [
                "f1bbde3c0df79b83c186f1569476ee2b6084a0e43a5057547b164b00f66dc349",
                "f7ee05143aba911d062f561d7656a738ba147491c57d82fd3a746b5bf7cf89e8",
                "4698e9ae9a57659c49b48b919eb2b0b29bca8ca13707c6dd4d51be6336d5f914",
                "6f3438ebc962c7307565336f10b8742d7abc6e8c6a2230dbe0379b41546289f6",
                "38860141667c8d4a1bc98dab2e64084e9809fc2ee77164db2d588d0da7d9a53c"
            ],
            "type": "Document",
            "firstPartyCookies": {},
            "firstPartyCookiesSent": {},
            "exampleSites": [
                "dirtyship.com",
                "malayalamkambikathakal.info",
                "pvideo.cz",
                "sexualstories.club",
                "tamilsexstories.info",
                "www.thotfox.com"
            ]
        },
        {
            "rule": "goodfungame\\.com\\/bnr\\/4\\/c54\\/4faa3e\\/c544faa3e323ff96969350e9744a19c0\\.png",
            "cookies": 0,
            "fingerprinting": 0,
            "subdomains": [],
            "apis": {},
            "sites": 3,
            "prevalence": 0.0000204,
            "cnames": [],
            "responseHashes": [
                "d27da006ff4afdb19c73db667b565a72099251989bec4a15cab37670c49a59eb"
            ],
            "type": "Image",
            "firstPartyCookies": {},
            "firstPartyCookiesSent": {},
            "exampleSites": [
                "dirtyship.com",
                "pvideo.cz",
                "tamilsexstories.info"
            ]
        },
        {
            "rule": "goodfungame\\.com\\/iframe\\/5b46348e646",
            "cookies": 0.0000136,
            "fingerprinting": 0,
            "subdomains": [],
            "apis": {},
            "sites": 2,
            "prevalence": 0.0000136,
            "cnames": [],
            "responseHashes": [
                "4c434175257d1748b84c851b69d720494a69f88fdffd316d637b99c719e47a59"
            ],
            "type": "Document",
            "firstPartyCookies": {},
            "firstPartyCookiesSent": {},
            "exampleSites": [
                "redwap.me",
                "www.xxxvideohd.net"
            ]
        }
    ],
    "categories": [],
    "performance": {},
    "cookies": 0.000122,
    "types": {
        "Document": 8,
        "Image": 3
    },
    "nameservers": [
        "candy.ns.cloudflare.com",
        "sean.ns.cloudflare.com"
    ]
}