{
    "domain": "greysummergo.biz",
    "owner": {},
    "source": [
        "DuckDuckGo-US"
    ],
    "prevalence": 0.000256,
    "sites": 39,
    "subdomains": [],
    "cnames": [],
    "fingerprinting": 1,
    "resources": [
        {
            "rule": "greysummergo\\.biz\\/",
            "cookies": 0.000131,
            "fingerprinting": 1,
            "subdomains": [],
            "apis": {
                "Notification.permission": 12
            },
            "sites": 20,
            "prevalence": 0.000131,
            "cnames": [],
            "responseHashes": [
                "62e558e384935b2ad0a0badc3c47cc87e323c2ca2f7143daf7b7280ee0d84154",
                "68b07173bbadf99d8bec2cdd9d78ef3bf775ef1acc26913d48e030a93514f2f6",
                "d5a1ae6b822242211b982021ed8a681bf559b2e754aedfcc628a1e6f328d9b21",
                "201886be964de09be38d48ff99baf1e7cedc8ed56ca2114612229b45df5a86de",
                "6f4e867e84df3a3d99c88e79cc6bbd8c9fe6f7cf247719c11d3b23bf5fdcb86c",
                "d192f11a082df8dfdb64c1e479e18d704dcf083e15d541aa2343a9ba18578ffc",
                "95ef87189b6a0f130bfb912cb744bfdfc288a0de4dce80f03474c6cfc4fe96c1",
                "86d205ed8c9d413891a5261350b28ece1a61f2fef8e2008268a6392fa10fa37d",
                "08f6c82b10520efc7037affbc987a9cc4f3a3e02b9dc2d282718c332b018884a",
                "36d4d1732800b9c11c1763cc70392cabe72d5c66df0aaca6f0083161ee407e0f",
                "289ecfdb15a70a7ce4dea1f644dafcfa973b3a4f90bf3306a05cb63e07eb9986",
                "132153fd2b912bf833a0169e911bb1bd85f09f11fc02555ffffce208b6567d6c",
                "eacff688bcbd6cf82868c6231fed34b5563acb607e3e165519c6f88de371db50",
                "798a8708acadc65ed152bc7510b7dc366c377b881dfdd6153a2d045beacf3067",
                "c5a5817967de0342f473fe7e32c7ee5bc872dbd16df05500882c7bb3e3c8990a",
                "7837f033a0ce02578fcbde070e9053aeb87be4d07c65f745ee0aeb563d66ee53",
                "8eb4bb4f15a59ea65e0404fe6795282a40bfa0ef525e16939ca40b12a4c5874d",
                "d66b71e5bf23f2da7a36a9b412077fefccf08bbf375717b5078102da219e8909",
                "ba750248bfffcf2693bd62dd53c7cbea16ebd709cafcdfe508a7a60dd8feec57"
            ],
            "type": "Script",
            "firstPartyCookies": {},
            "firstPartyCookiesSent": {},
            "exampleSites": [
                "astloch.com",
                "bartleylawoffice.com",
                "bestloveastrologer.com",
                "cornerstonefbo.com",
                "davidhlawsonfoundation.org",
                "foodiefitness.org",
                "gakcc.org",
                "haenerblock.com",
                "labelstables.com",
                "natural-mag.com",
                "theinstituteofbeer.com",
                "theoaksatsacredrocks.com",
                "www.ckpbank.net",
                "www.croftviewconstruction.com",
                "www.klriver.org",
                "www.lasostashop.com",
                "www.massgymnastics.org",
                "www.moonshine-maker.com",
                "www.okcorraldisco.com",
                "www.thejackfruitvegan.com"
            ]
        }
    ],
    "categories": [],
    "performance": {},
    "cookies": 0.000256,
    "topInitiators": [
        {
            "domain": "first party",
            "prevalence": 1
        }
    ],
    "types": {
        "Script": 20
    },
    "nameservers": [
        "tom.ns.cloudflare.com",
        "fiona.ns.cloudflare.com"
    ]
}