{
    "domain": "groovinads.com",
    "owner": {},
    "source": [
        "DuckDuckGo-US"
    ],
    "prevalence": 0.0000949,
    "sites": 14,
    "subdomains": [
        "ads01"
    ],
    "cnames": [],
    "fingerprinting": 1,
    "resources": [
        {
            "rule": "groovinads\\.com\\/grv\\/track\\/bhpx\\.os",
            "cookies": 0.0000475,
            "fingerprinting": 1,
            "subdomains": [
                "ads01"
            ],
            "apis": {
                "Document.cookie getter": 6
            },
            "sites": 9,
            "prevalence": 0.000061,
            "cnames": [],
            "responseHashes": [
                "46f3a0247c0b5a157d057becd7770cbe25e898022f6572b6227ad772ae57bda7",
                "5ae00a52e72b7a08bb9eb80fbc62b3146803a7bbaaef3b732deebbd0088ef677",
                "9c19c42eca585f1ec98a3101d0313c5e0be6299265bfc63ad52b80d4c33c3070",
                "009d48128c43d86d492c0601c5a948cc4314fbd1e188e04a17e0ae639ac2bd0a",
                "088a097743b8e1622c1b85fa9452a1c3aa1f2927919621338331570aacfc6978",
                "bf9c14aeba9a689d064c4f0a40a9b8d5f5fef9661947b7509a3b1b8db554da8f",
                "0bd1f50b14c6783dd745a8ad45e95c5b696b066973e6aace89e05451dd3ee170"
            ],
            "type": "Script",
            "firstPartyCookies": {},
            "firstPartyCookiesSent": {},
            "exampleSites": [
                "elektra.mx",
                "www.elektra.mx",
                "www.elpalaciodehierro.com",
                "www.homecenter.com.co",
                "www.homedepot.com.mx",
                "www.imovelweb.com.br",
                "www.liverpool.com.mx",
                "www.soriana.com",
                "www.wingo.com"
            ]
        },
        {
            "rule": "groovinads\\.com\\/grv\\/track\\/cm\\.os",
            "cookies": 0.0000543,
            "fingerprinting": 0,
            "subdomains": [
                "ads01"
            ],
            "apis": {},
            "sites": 8,
            "prevalence": 0.0000543,
            "cnames": [],
            "responseHashes": [
                "d346801abbf9bb4e9e9a055239053d4ab5596514304f601a6c70604187acb744"
            ],
            "type": "Image",
            "firstPartyCookies": {},
            "firstPartyCookiesSent": {
                "_ga": 0.00009493778184653985
            },
            "exampleSites": [
                "elektra.mx",
                "www.elektra.mx",
                "www.elpalaciodehierro.com",
                "www.fravega.com",
                "www.homecenter.com.co",
                "www.imovelweb.com.br",
                "www.liverpool.com.mx",
                "www.wingo.com"
            ]
        },
        {
            "rule": "groovinads\\.com\\/grv\\/track\\/bhpx\\.os",
            "cookies": 0.0000136,
            "fingerprinting": 1,
            "subdomains": [
                "ads01"
            ],
            "apis": {
                "Document.cookie getter": 2
            },
            "sites": 2,
            "prevalence": 0.0000136,
            "cnames": [],
            "responseHashes": [
                "e3b0c44298fc1c149afbf4c8996fb92427ae41e4649b934ca495991b7852b855"
            ],
            "type": "Fetch",
            "firstPartyCookies": {},
            "firstPartyCookiesSent": {},
            "exampleSites": [
                "elektra.mx",
                "www.elektra.mx"
            ]
        },
        {
            "rule": "groovinads\\.com\\/grv\\/track\\/bhpx\\.os",
            "cookies": 0.0000203,
            "fingerprinting": 0,
            "subdomains": [
                "ads01"
            ],
            "apis": {},
            "sites": 3,
            "prevalence": 0.0000203,
            "cnames": [],
            "responseHashes": [
                "d346801abbf9bb4e9e9a055239053d4ab5596514304f601a6c70604187acb744"
            ],
            "type": "Image",
            "firstPartyCookies": {},
            "firstPartyCookiesSent": {},
            "exampleSites": [
                "elpalaciodehierro.com",
                "www.fravega.com",
                "www.homedepot.com.mx"
            ]
        }
    ],
    "categories": [],
    "performance": {},
    "cookies": 0.0000882,
    "topInitiators": [
        {
            "domain": "googletagmanager.com",
            "prevalence": 0.6521739130434783
        },
        {
            "domain": "first party",
            "prevalence": 0.17391304347826086
        },
        {
            "domain": "storage.googleapis.com",
            "prevalence": 0.08695652173913043
        },
        {
            "domain": "adobedtm.com",
            "prevalence": 0.043478260869565216
        },
        {
            "domain": "gbqofs.com",
            "prevalence": 0.043478260869565216
        }
    ],
    "types": {
        "Script": 9,
        "Image": 11,
        "Fetch": 2
    },
    "nameservers": [
        "pete.ns.cloudflare.com",
        "olga.ns.cloudflare.com"
    ]
}