{
    "domain": "grxchange.gr",
    "owner": {},
    "source": [
        "DuckDuckGo-US"
    ],
    "prevalence": 0.000237,
    "sites": 35,
    "subdomains": [
        "x"
    ],
    "cnames": [],
    "fingerprinting": 0,
    "resources": [
        {
            "rule": "grxchange\\.gr\\/ads",
            "cookies": 0,
            "fingerprinting": 0,
            "subdomains": [
                "x"
            ],
            "apis": {},
            "sites": 19,
            "prevalence": 0.000129,
            "cnames": [],
            "responseHashes": [
                "6cdfa540b1d095bc3e2530a9c26de45424ff4c4740be480163fb7c1513656e19",
                "1a43739cdd62319638ad716e7663af691b9f0c3104164dcae0f77677d32a80d5",
                "4b8661af57489423cbdfcdeb727a4f69aac9b012d0eb4187f7ee61ea17796d91",
                "af1673c388f1f640176a3c3a4301183b9f35e66555654811ec44532f0c8e864f",
                "b2eea2379937141492ec899d6ab8d4a4e76740af56fa0ee4e97903ab0ba33e97",
                "59f04d10075cac1aafbf4181390f40f12c6ab3791abf98dba440805a11b66939",
                "eef054ceb97532aa16aaace0955d37dee7d3d19ec2cd58013571e67272d5a730",
                "661101cee9a49433d364d1284690aad9d7074f5d8acc26a492b393a312ff1983",
                "76a9b9f60777eb519a162fcd738916ae0ecae221bb102d08813d065d0313e0e5",
                "b424a3fe7ac649da933c310bfd832c96b6d9b61b115e962e5e53ca22ec404256",
                "ceb9dfce1dfab7b3459e91af0d3f9a225d554070690a30ca58273d405e0c1f3d",
                "b87f0417a3fc0cda250fbce7fde1508b1df6f6fd3f20926736493c316f8d65c6",
                "3b68fb058b270945a2ab547992794e86ccf4e50c2d5b287861a1dad4bda9a838",
                "b6c91fe1e48552bcf168ed8d77c3eee00ec063f34a9ab5ac2b79760cba5106b2",
                "1190ade2602b994c1873210cb4582ee64835ec4e85be6d1132d96a11a0862708",
                "93231fce50dcc603efd19d426a29ad504a380a28407f14dc689e300cc86a08b9",
                "159f93330a65e14019b44e29c9d5ba3f3a52830832a0fb22b49a3ae6656a02f9",
                "e8d6541f0be17371e281c04c3996b9ebcf9027a644a73d74e23312b9af06ac51"
            ],
            "type": "XHR",
            "firstPartyCookies": {},
            "firstPartyCookiesSent": {
                "cookies.js_dtest": 0.000013537295248409367,
                "parsely_uuid": 0.000013537295248409367,
                "lotame_domain_check": 0.00002030594287261405
            },
            "exampleSites": [
                "meteo.gr",
                "sportdog.gr",
                "www.alphatv.gr",
                "www.athensvoice.gr",
                "www.athinorama.gr",
                "www.athensmagazine.gr",
                "www.capital.gr",
                "www.car.gr",
                "www.enikos.gr",
                "www.iatropedia.gr",
                "www.iefimerida.gr",
                "www.lifo.gr",
                "www.meteo.gr",
                "www.news247.gr",
                "www.pentapostagma.gr",
                "www.sport-fm.gr",
                "www.sport24.gr",
                "www.thetoc.gr",
                "www.zougla.gr"
            ]
        }
    ],
    "categories": [],
    "performance": {},
    "cookies": 0,
    "topInitiators": [
        {
            "domain": "adman.gr",
            "prevalence": 0.9811320754716981
        },
        {
            "domain": "first party",
            "prevalence": 0.018867924528301886
        }
    ],
    "types": {
        "XHR": 19
    },
    "nameservers": [
        "onderon.phaistosnetworks.gr",
        "dnsdt.phaistosnetworks.gr",
        "phaistos.phaistosnetworks.gr"
    ]
}