{
    "domain": "helloretail.com",
    "owner": {},
    "source": [
        "DuckDuckGo-US"
    ],
    "prevalence": 0.0000478,
    "sites": 7,
    "subdomains": [
        "core"
    ],
    "cnames": [],
    "fingerprinting": 1,
    "resources": [
        {
            "rule": "helloretail\\.com\\/serve\\/trackingUser",
            "cookies": 0,
            "fingerprinting": 0,
            "subdomains": [
                "core"
            ],
            "apis": {},
            "sites": 7,
            "prevalence": 0.0000478,
            "cnames": [],
            "responseHashes": [
                "01782e48a7b3dbbf233536e7aae8ba0806b14ef7635bcc18aafd5fcf89e0d48e",
                "7f21de3cabc26ead871dda0a2028a415a095db5bb9f0b90a53eae319e4fa0cb0",
                "ce808be6ea186a2dc7102a6c614f99a24dbf282d3e78fb761e8d8dd2c127e7d3",
                "fa89291a42d1af2c537d82fc3ded843778f82e014d1c0c0ed2a75f91c5950a2b",
                "8020e884b128b9b64fcceace8f324b432a0781eb662164b8a4abcf8957b93482",
                "1a270b018cd5495f27bcdda897fe617be1b52ba3cf97a51c10b811a294aa2fe4"
            ],
            "type": "XHR",
            "firstPartyCookies": {},
            "firstPartyCookiesSent": {},
            "exampleSites": [
                "rvpartshop.com",
                "www.arkenzoo.se",
                "www.av-cables.dk",
                "www.avxperten.dk",
                "www.elbutik.se",
                "www.hifiklubben.nl",
                "www.superfoodsonline.nl"
            ]
        },
        {
            "rule": "helloretail\\.com\\/serve\\/init",
            "cookies": 0,
            "fingerprinting": 0,
            "subdomains": [
                "core"
            ],
            "apis": {},
            "sites": 7,
            "prevalence": 0.0000478,
            "cnames": [],
            "responseHashes": [
                "f9e263eb52e534e7f21d8af83280d2ca396d9fe4503f0788cb279608dc331631",
                "aba38ad77b5d925cf59cd32ee142e1cc9be8a7d9ee548cc08808d88c36887f5f",
                "8b91adcd48648342f6f0f3f94cde8148fcdf8fe41e4e5cd8bc92881dcbe9404f",
                "4d10a23763a39084393da84c2766f4f0ec70aca39f86020567c912ca6104d727",
                "2aaac025425ef4928ea81fb8d837d7aa85db030adb91e5d3ed83aa0bb276784d",
                "345463ecd954a7511d06954789cbae56cedaab58b6e18fb238c24578124de541"
            ],
            "type": "XHR",
            "firstPartyCookies": {},
            "firstPartyCookiesSent": {
                "hello_retail_id": 0.000047754840294169814
            },
            "exampleSites": [
                "rvpartshop.com",
                "www.arkenzoo.se",
                "www.av-cables.dk",
                "www.avxperten.dk",
                "www.elbutik.se",
                "www.hifiklubben.nl",
                "www.superfoodsonline.nl"
            ]
        },
        {
            "rule": "helloretail\\.com\\/serve\\/setup",
            "cookies": 0,
            "fingerprinting": 1,
            "subdomains": [
                "core"
            ],
            "apis": {
                "window.innerWidth": 1
            },
            "sites": 7,
            "prevalence": 0.0000478,
            "cnames": [],
            "responseHashes": [
                "d729abb22b827d9078e6fc7e8dc00f1e5e624afb550e0797d8f41604f3a7447b",
                "2183fa0e88c2f1042e11da45831c82e0ce035729cd0de3ba0331f69caf600bf6",
                "126b4c5cc407c6e086d7aee012c71f50ab9f92c52d2dbf057139c528293967a2"
            ],
            "type": "Script",
            "firstPartyCookies": {},
            "firstPartyCookiesSent": {},
            "exampleSites": [
                "rvpartshop.com",
                "www.arkenzoo.se",
                "www.av-cables.dk",
                "www.avxperten.dk",
                "www.elbutik.se",
                "www.hifiklubben.nl",
                "www.superfoodsonline.nl"
            ]
        },
        {
            "rule": "helloretail\\.com\\/serve\\/collect\\/pageview",
            "cookies": 0,
            "fingerprinting": 0,
            "subdomains": [
                "core"
            ],
            "apis": {},
            "sites": 7,
            "prevalence": 0.0000478,
            "cnames": [],
            "responseHashes": [
                "e3b0c44298fc1c149afbf4c8996fb92427ae41e4649b934ca495991b7852b855"
            ],
            "type": "Ping",
            "firstPartyCookies": {},
            "firstPartyCookiesSent": {},
            "exampleSites": [
                "rvpartshop.com",
                "www.arkenzoo.se",
                "www.av-cables.dk",
                "www.avxperten.dk",
                "www.elbutik.se",
                "www.hifiklubben.nl",
                "www.superfoodsonline.nl"
            ]
        },
        {
            "rule": "helloretail\\.com\\/partner\\/init\\.html",
            "cookies": 0,
            "fingerprinting": 0,
            "subdomains": [
                "core"
            ],
            "apis": {},
            "sites": 7,
            "prevalence": 0.0000478,
            "cnames": [],
            "responseHashes": [
                "98e0a381edea994ab3835ae97e3bc7bbc4de08ac8a100208626ddbd9a9d6a7b9",
                "82faa81a5206deeef956514b96d6593eb06349f16ef1382c5beeaf6ac4657a99",
                "e594db6e995482f7b5e437aa00b6ac790dd1ae32e6ac5175393eaff305a9238e",
                "ef10bb777cea0d2b012f877e98988cfad38e0b501b9afbaa435de5a3e7977e5f",
                "a8b2ab041dcfdcd9eef73aac40f6b71ce02d402c0af5f597c5d3161763ff6e75",
                "a04eb6a3c2b2c1546f0762a3adf4e9bee32d57f496237d6f22654474cd9eca30"
            ],
            "type": "XHR",
            "firstPartyCookies": {},
            "firstPartyCookiesSent": {},
            "exampleSites": [
                "rvpartshop.com",
                "www.arkenzoo.se",
                "www.av-cables.dk",
                "www.avxperten.dk",
                "www.elbutik.se",
                "www.hifiklubben.nl",
                "www.superfoodsonline.nl"
            ]
        },
        {
            "rule": "helloretail\\.com\\/api\\/v1\\/search\\/refreshData",
            "cookies": 0,
            "fingerprinting": 0,
            "subdomains": [
                "core"
            ],
            "apis": {},
            "sites": 6,
            "prevalence": 0.0000409,
            "cnames": [],
            "responseHashes": [
                "2a8da35caf1332a9a2304135090496dfa2cbe467a8f0a2be77a5c4ad4a79c7a2",
                "c1279536cdd2922146752778b203a025e94dc045b266781c7cf6d091086b47db",
                "fe46583cd3ceedc31bab348a2e08e38186d9095aef844672da3df2faaccb5692",
                "8446f3bba74858e02ab6a3d5aaf8317a3636ca5d9330d98d5dfeb21d26ab8417",
                "ef7789c91d97c6c4178e5f191500bb9283e86800631c59ff90bd36dbf1d1903c"
            ],
            "type": "XHR",
            "firstPartyCookies": {},
            "firstPartyCookiesSent": {},
            "exampleSites": [
                "rvpartshop.com",
                "www.arkenzoo.se",
                "www.av-cables.dk",
                "www.avxperten.dk",
                "www.elbutik.se",
                "www.superfoodsonline.nl"
            ]
        },
        {
            "rule": "helloretail\\.com\\/partner\\/save\\.html",
            "cookies": 0,
            "fingerprinting": 0,
            "subdomains": [
                "core"
            ],
            "apis": {},
            "sites": 7,
            "prevalence": 0.0000478,
            "cnames": [],
            "responseHashes": [
                "2003a0daf0b88808d11a04daaf861e39f62e972d9a62865614e61120cda273cf",
                "eab79970b37c37a25814d1d7fea152c0c5283e270381497235be765ce8903f99",
                "8024486b2e382a23165015348efcd6379325973bbd6a6d460492ef1de880f964"
            ],
            "type": "XHR",
            "firstPartyCookies": {},
            "firstPartyCookiesSent": {},