{
    "domain": "hentaibaka.one",
    "owner": {},
    "source": [
        "DuckDuckGo-US"
    ],
    "prevalence": 0.000285,
    "sites": 42,
    "subdomains": [
        "b1"
    ],
    "cnames": [],
    "fingerprinting": 0,
    "resources": [
        {
            "rule": "hentaibaka\\.one\\/api\\/spots\\/296902",
            "cookies": 0.000156,
            "fingerprinting": 0,
            "subdomains": [
                "b1"
            ],
            "apis": {},
            "sites": 23,
            "prevalence": 0.000156,
            "cnames": [],
            "responseHashes": [
                "9c1b35c99416de98ee3795b30197767884cffd33939c619a493eb932e19725b3",
                "1168a9f73ead03252c9702d6cf0c14866d981a6a06e60e31e158f3167408f079",
                "592c590d00232edd47bf520cca590fa73e4209aa11d6fae098fe5da0cead4ba5",
                "5d7459a61ef628cdc44433e4d14bac5b8190de7f6a3d4b396d591d769cf54a39",
                "00c7eb2a9113e710f6d9a82fc91f652e2d8fb4c811def38783b0ff187e060c16",
                "82eacd9ba845f545de78fd83499ec1d6345459f05ee1aa2a63775aff72d2cc45",
                "00ca9ac72c22a07a1a5287b57d5182bacc114174e3ca94e5d97753ba80f77b39",
                "a368243a3c0998425f36d4c71a2e63bf8c3e053f1e4f84b4109894f9ceb72a30",
                "b544784aee1357b7a0dd6536278c5a783d23ae28a4fed92027d62e85a23635f1",
                "bfed30f8be3f8da2a344d6fb5ccd15f580287487b77b900a515e61f27f876ae1",
                "b632f6ca68ce5d9e85ba9e449198662b26ae758cfce34b95ffc76fa649d10688",
                "908253f452744f9732bc524557eb1b12ee8fcf907e8811a2a77cd9c77f62fea9",
                "d5de89731ed55bf86bf0b22de46c625ae43c2d9e0a6b1679583dfab36901245b",
                "44f5ac0c224769f069d94c4e1b86da4ce51a5be2996dfd4bb08077ab566c0dc5",
                "83b986ececd09a9a99f5a7c57653c08f177681432fca9000cd9d27bbc5ed7711",
                "c1e53f686645eecf825e55737ea2755145a1233813870e501ba8ab48b0a4bddd",
                "5a8c7c12cc19750493f418b6479fd73b3921b44e92a3d137f989501be3272aef",
                "3b91f2387a6883ce205a32bf2bb56dab24fcff69e0c46b534e1f770b66a1af83",
                "8b8605e692cd41fa72ecdad772777272e08303197b1aa1f38eb12c29c67909de",
                "450fd9ad133bb084792eba81b5b271623aa7377c49b6b199ce3f933f2dfd8a56",
                "709a9ba03203424da80f983dfcf1bf0e70fc70ab47c7de106521f036ec6d87f8",
                "bd43dd059dab81d4461e75692ba13a2e04316f8c09c794a1b07a67dcd52ff964"
            ],
            "type": "Document",
            "firstPartyCookies": {},
            "firstPartyCookiesSent": {},
            "exampleSites": [
                "hentaicomics.pro",
                "www.3dporntoon.com",
                "www.sexcomics.one",
                "www.xxxcomicsex.com",
                "xxxgirls.pro",
                "comicsporn.me",
                "www.xxxyoung.pro",
                "www.hentaisexpics.com",
                "www.freesexcomics.pro",
                "www.xxxsexpic.me",
                "www.porn-manga.com",
                "www.indianpornpics.pro",
                "mangaporno.pro",
                "www.xxxtooncomics.com",
                "www.oldsex.pro",
                "www.xxx-cartoons.com",
                "www.porncomics.me",
                "www.milfpussypic.com",
                "www.xxxhentai.net",
                "www.cartoonporn.pics"
            ]
        }
    ],
    "categories": [],
    "performance": {},
    "cookies": 0.000285,
    "topInitiators": [
        {
            "domain": "ekogate.club",
            "prevalence": 0.6666666666666666
        },
        {
            "domain": "zenfield.pro",
            "prevalence": 0.2222222222222222
        },
        {
            "domain": "first party",
            "prevalence": 0.1111111111111111
        }
    ],
    "types": {
        "Document": 23
    },
    "nameservers": [
        "chloe.ns.cloudflare.com",
        "arch.ns.cloudflare.com"
    ]
}