{
    "domain": "hideousplay.com",
    "owner": {},
    "source": [
        "DuckDuckGo-US"
    ],
    "prevalence": 0.0000613,
    "sites": 9,
    "subdomains": [
        "condo",
        "seek"
    ],
    "cnames": [],
    "fingerprinting": 3,
    "resources": [
        {
            "rule": "hideousplay\\.com\\/ct",
            "cookies": 0.0000409,
            "fingerprinting": 0,
            "subdomains": [
                "condo"
            ],
            "apis": {},
            "sites": 6,
            "prevalence": 0.0000409,
            "cnames": [],
            "responseHashes": [
                "01d036b1533981951fd7361d0cfdd5009ce2c4ab534c2ed822542ac1884cfbdd",
                "15989f6bcd3f3db1b9f732ea0cbcf35ee3f86629b13fd954700ae9711b0d2658",
                "70c2dedaa45ed6f0d8e29fc84a26039789948699045651d7d681adbdf9f9e4df",
                "54238caadc9b9d42d3bf17957529cc2f1f0bde60936df92c08527f6cbd6628ec",
                "7db7a502dfb80cd028b4a02289a7c933c72045c26fca374886fea26ecb12aabe"
            ],
            "type": "Script",
            "firstPartyCookies": {},
            "firstPartyCookiesSent": {
                "_cq_duid": 0.00004086803710817769,
                "_cq_suid": 0.00004086803710817769,
                "IR_gbd": 0.000013622679036059231,
                "_li_dcdm_c": 0.000013622679036059231,
                "_ga": 0.000054490716144236924,
                "ga_clientId": 0.000013622679036059231,
                "_uetvid": 0.0000068113395180296156
            },
            "exampleSites": [
                "babson.edu",
                "www.bulova.com",
                "www.citizenwatch.com",
                "www.sgu.edu",
                "www.una.edu",
                "www.utica.edu"
            ]
        },
        {
            "rule": "hideousplay\\.com\\/tracker\\/tc_imp\\.gif",
            "cookies": 0,
            "fingerprinting": 0,
            "subdomains": [
                "condo"
            ],
            "apis": {},
            "sites": 6,
            "prevalence": 0.0000409,
            "cnames": [],
            "responseHashes": [
                "f4eef8263281c0b26486637831251059757bc3fdc4c3a48045a8ef8646b36e8f"
            ],
            "type": "Image",
            "firstPartyCookies": {},
            "firstPartyCookiesSent": {},
            "exampleSites": [
                "babson.edu",
                "www.bulova.com",
                "www.citizenwatch.com",
                "www.sgu.edu",
                "www.una.edu",
                "www.utica.edu"
            ]
        },
        {
            "rule": "hideousplay\\.com\\/mon",
            "cookies": 0,
            "fingerprinting": 0,
            "subdomains": [
                "condo"
            ],
            "apis": {},
            "sites": 7,
            "prevalence": 0.0000477,
            "cnames": [],
            "responseHashes": [
                "e3b0c44298fc1c149afbf4c8996fb92427ae41e4649b934ca495991b7852b855"
            ],
            "type": "XHR",
            "firstPartyCookies": {},
            "firstPartyCookiesSent": {},
            "exampleSites": [
                "babson.edu",
                "www.babson.edu",
                "www.bulova.com",
                "www.citizenwatch.com",
                "www.sgu.edu",
                "www.una.edu",
                "www.utica.edu"
            ]
        },
        {
            "rule": "hideousplay\\.com\\/i\\/8075684384a5470f50fa0c1c9f22f6a5\\.js",
            "cookies": 0.0000136,
            "fingerprinting": 3,
            "subdomains": [
                "seek"
            ],
            "apis": {
                "Document.cookie getter": 2,
                "Screen.prototype.width": 2,
                "Screen.prototype.height": 2,
                "Screen.prototype.availHeight": 2,
                "Screen.prototype.availWidth": 2,
                "WebGLRenderingContext.prototype.getExtension": 2,
                "WebGLRenderingContext.prototype.getParameter": 2,
                "WebGLRenderingContext.prototype.getSupportedExtensions": 2,
                "Navigator.prototype.userAgent": 2,
                "Screen.prototype.colorDepth": 2,
                "Screen.prototype.pixelDepth": 2,
                "window.devicePixelRatio": 2,
                "Navigator.prototype.vendor": 2,
                "Navigator.prototype.permissions": 2,
                "Navigator.prototype.platform": 2,
                "Navigator.prototype.webdriver": 2,
                "Navigator.prototype.plugins": 2,
                "window.localStorage": 2,
                "Navigator.prototype.mimeTypes": 2,
                "window.innerWidth": 2,
                "window.matchMedia(\"prefers-color-scheme\")": 2,
                "HTMLCanvasElement.prototype.toDataURL": 2,
                "window.indexedDB": 2,
                "Navigator.prototype.doNotTrack": 2,
                "Navigator.prototype.maxTouchPoints": 2,
                "Navigator.prototype.hardwareConcurrency": 2,
                "window.screenTop": 2,
                "window.screenLeft": 2,
                "Screen.prototype.availTop": 2,
                "Screen.prototype.availLeft": 2,
                "window.outerWidth": 2,
                "window.outerHeight": 2,
                "window.innerHeight": 2,
                "window.name": 2,
                "Performance.prototype.memory": 2,
                "Navigator.prototype.connection": 2,
                "Navigator.prototype.languages": 2,
                "Date.prototype.getTime": 2,
                "Date.prototype.getTimezoneOffset": 2,
                "PerformanceTiming.prototype.navigationStart": 2,
                "Navigator.prototype.productSub": 2,
                "Navigator.prototype.product": 2,
                "Navigator.prototype.appName": 2,
                "Navigator.prototype.appCodeName": 2,
                "Navigator.prototype.deviceMemory": 2,
                "Navigator.prototype.keyboard": 2,
                "Intl.DateTimeFormat.prototype.resolvedOptions": 2,
                "Screen.prototype.orientation": 2,
                "Notification.permission": 2,
                "Document.cookie setter": 2,
                "window.sessionStorage": 2,
                "Navigator.prototype.getBattery": 2,
                "Navigator.prototype.mediaDevices": 2,
                "MediaDevices.prototype.enumerateDevices": 2,
                "URL.createObjectURL": 2
            },
            "sites": 2,
            "prevalence": 0.0000136,
            "cnames": [],
            "responseHashes": [
                "274cf774275813c0dbcf304520e9d075483a7023129edfe14bb0e051e119ff6d"
            ],
            "type": "Script",
            "firstPartyCookies": {
                "_cq_duid": {
                    "ttl": 7884013,
                    "length": 29,
                    "prevalence": 0.000013622679036059231,
                    "uniqueness": 1
                },
                "_cq_suid": {
                    "ttl": null,
                    "length": 29,
                    "prevalence": 0.000013622679036059231,
                    "uniqueness": 1
                }
            },
            "firstPartyCookiesSent": {},
            "exampleSites": [
                "bulova.com",
                "www.bulova.com"
            ]
        },
        {
            "rule": "hideousplay\\.com\\/i\\/2ad5468cace58fc29cc035c20b249830\\.js",
            "cookies": 0.0000136,
            "fingerprinting": 3,
            "subdomains": [
                "seek"
            ],
            "apis": {
                "Document.cookie getter": 2,
                "Screen.prototype.width": 2,
                "Screen.prototype.height": 2,
                "Screen.prototype.availHeight": 2,
                "Screen.prototype.availWidth": 2,
                "WebGLRenderingContext.prototype.getExtension": 2,
                "WebGLRenderingContext.prototype.getParameter": 2,