{
    "domain": "i2i.jp",
    "owner": {
        "name": "mfro inc.",
        "displayName": "mfro"
    },
    "source": [
        "DuckDuckGo-US"
    ],
    "prevalence": 0.000123,
    "sites": 18,
    "subdomains": [
        "rc8",
        "rc5",
        "rc7",
        "rc9",
        "img"
    ],
    "cnames": [],
    "fingerprinting": 1,
    "resources": [
        {
            "rule": "i2i\\.jp\\/view\\/index\\.php",
            "cookies": 0,
            "fingerprinting": 0,
            "subdomains": [
                "rc8",
                "rc5",
                "rc7",
                "rc9"
            ],
            "apis": {},
            "sites": 7,
            "prevalence": 0.0000477,
            "cnames": [],
            "responseHashes": [
                "506db11a11150bf5a36c49ec3579c7aebac11700352587757534c31826be85a3",
                "8ba0ccac25025fa2574284e19d4345edeb9162f7f266e064e3b400a633347f01",
                "7f5c24aa31ed914b364d6ceba19640f9a42df3c114d007fe24fe302f01babfb7",
                "281cb6003384f1a01b58c119904d951ed390c340ef55c7214745076f4e5ec471",
                "d81d69389a1feb24ffb3d7914fe80653cda49866b347f31709ce1cde54920f1c"
            ],
            "type": "Script",
            "firstPartyCookies": {},
            "firstPartyCookiesSent": {},
            "exampleSites": [
                "adult-machiko.com",
                "erogazoumura.com",
                "lovecomicz.com",
                "nogizaka-46bunno1.blog.jp",
                "totalwar.doorblog.jp",
                "wav.tv",
                "you1news.com"
            ]
        },
        {
            "rule": "i2i\\.jp\\/bin\\/get\\.x",
            "cookies": 0.0000341,
            "fingerprinting": 1,
            "subdomains": [
                "rc8",
                "rc5",
                "rc7",
                "rc9"
            ],
            "apis": {
                "Document.cookie getter": 5,
                "Date.prototype.getTime": 5,
                "Document.cookie setter": 5,
                "Navigator.prototype.cookieEnabled": 5,
                "Navigator.prototype.userAgent": 4
            },
            "sites": 7,
            "prevalence": 0.0000477,
            "cnames": [],
            "responseHashes": [
                "d7969e3f1af4d1854967edeb025c3b3a5bb0345677b0b34bb9f80a31796fa5f2",
                "13bc3388f4a48ec3ddb9e4ed6fecc0317213bdeffd68bc790fb426c1a2c26308",
                "938f3a9f4b1f42e9922afcc5eedab9c1cbd8599c62596b62450df9c36ef4287a",
                "a0a917537812e95c76b57e4ee4b6d1503a8e1481ae1ceefc9eacd57f70bfecbb",
                "652cde608437a2673970aba86e70ef3aa870960825758bef23455260134c0246"
            ],
            "type": "Script",
            "firstPartyCookies": {
                "UQrc00700129": {
                    "ttl": 10801,
                    "length": 24,
                    "prevalence": 0.000006819700751531023,
                    "uniqueness": 1
                },
                "UQrc00419817": {
                    "ttl": 10801,
                    "length": 24,
                    "prevalence": 0.000006819700751531023,
                    "uniqueness": 1
                },
                "i2iUpad": {
                    "ttl": 86401,
                    "length": 1,
                    "prevalence": 0.00002727880300612409,
                    "uniqueness": 0.25
                },
                "i2iZenkai": {
                    "ttl": 86401,
                    "length": 13,
                    "prevalence": 0.00002727880300612409,
                    "uniqueness": 1
                },
                "UQrc00422317": {
                    "ttl": 10803,
                    "length": 24,
                    "prevalence": 0.000006819700751531023,
                    "uniqueness": 1
                },
                "UQrc00801218": {
                    "ttl": 10801,
                    "length": 24,
                    "prevalence": 0.000006819700751531023,
                    "uniqueness": 1
                },
                "UQrc00421281": {
                    "ttl": 10801,
                    "length": 24,
                    "prevalence": 0.000006819700751531023,
                    "uniqueness": 1
                }
            },
            "firstPartyCookiesSent": {},
            "exampleSites": [
                "adult-machiko.com",
                "erogazoumura.com",
                "lovecomicz.com",
                "nogizaka-46bunno1.blog.jp",
                "totalwar.doorblog.jp",
                "wav.tv",
                "you1news.com"
            ]
        },
        {
            "rule": "i2i\\.jp\\/view\\/viewimp\\.php",
            "cookies": 0,
            "fingerprinting": 0,
            "subdomains": [
                "rc8",
                "rc5",
                "rc9"
            ],
            "apis": {},
            "sites": 5,
            "prevalence": 0.0000341,
            "cnames": [],
            "responseHashes": [
                "e3b0c44298fc1c149afbf4c8996fb92427ae41e4649b934ca495991b7852b855"
            ],
            "type": "Script",
            "firstPartyCookies": {},
            "firstPartyCookiesSent": {},
            "exampleSites": [
                "adult-machiko.com",
                "lovecomicz.com",
                "nogizaka-46bunno1.blog.jp",
                "wav.tv",
                "you1news.com"
            ]
        },
        {
            "rule": "i2i\\.jp\\/bin\\/reff\\.php",
            "cookies": 0,
            "fingerprinting": 0,
            "subdomains": [
                "rc8",
                "rc5",
                "rc9"
            ],
            "apis": {},
            "sites": 5,
            "prevalence": 0.0000341,
            "cnames": [],
            "responseHashes": [
                "e3b0c44298fc1c149afbf4c8996fb92427ae41e4649b934ca495991b7852b855"
            ],
            "type": "Script",
            "firstPartyCookies": {},
            "firstPartyCookiesSent": {},
            "exampleSites": [
                "adult-machiko.com",
                "lovecomicz.com",
                "nogizaka-46bunno1.blog.jp",
                "wav.tv",
                "you1news.com"
            ]
        },
        {
            "rule": "i2i\\.jp\\/bin\\/imp\\.php",
            "cookies": 0,
            "fingerprinting": 0,
            "subdomains": [
                "rc8",
                "rc5",
                "rc9"
            ],
            "apis": {},
            "sites": 5,
            "prevalence": 0.0000341,
            "cnames": [],
            "responseHashes": [
                "e3b0c44298fc1c149afbf4c8996fb92427ae41e4649b934ca495991b7852b855"
            ],
            "type": "Script",
            "firstPartyCookies": {},
            "firstPartyCookiesSent": {},
            "exampleSites": [
                "adult-machiko.com",
                "lovecomicz.com",
                "nogizaka-46bunno1.blog.jp",
                "wav.tv",
                "you1news.com"
            ]
        },
        {
            "rule": "i2i\\.jp\\/all\\/icon\\/right_white\\.gif",
            "cookies": 0,
            "fingerprinting": 0,
            "subdomains": [
                "img"
            ],
            "apis": {},
            "sites": 5,
            "prevalence": 0.0000341,
            "cnames": [],
            "responseHashes": [
                "052d7f7be321ce89d1efbc214c687478361913594dddf92decab3ec5f6f273fd"
            ],
            "type": "Image",
            "firstPartyCookies": {},
            "firstPartyCookiesSent": {},
            "exampleSites": [
                "lovecomicz.com",
                "nogizaka-46bunno1.blog.jp",
                "wav.tv",
                "you1news.com",
                "zettai-ero.com"
            ]
        },
        {
            "rule": "i2i\\.jp\\/all\\/ad\\/top\\/2020030900000\\.gif",
            "cookies": 0,
            "fingerprinting": 0,