{
    "domain": "innity.com",
    "owner": {},
    "source": [
        "DuckDuckGo-US"
    ],
    "prevalence": 0.000499,
    "sites": 76,
    "subdomains": [
        "as",
        "optimize",
        "avd"
    ],
    "cnames": [],
    "fingerprinting": 1,
    "resources": [
        {
            "rule": "innity\\.com\\/synd\\/",
            "cookies": 0.0000853,
            "fingerprinting": 0,
            "subdomains": [
                "as"
            ],
            "apis": {},
            "sites": 19,
            "prevalence": 0.000125,
            "cnames": [],
            "responseHashes": [
                "cfa3a2f52c1492a31c5e87f4241be1fe7828846468eaafe1189f1ae36601bfb0",
                "64f907e6c0c88630e4ae1b21f982e34c57fd9c09449f0b0ad90d11b5c6b89f77",
                "d8cdd7850c9e69f45480a2d7a8ba9d22d0c0a66a9aac090322388cbc7430460c",
                "b11a38885a8d4e9ddb5c89606405bdad4b53c5a44c28b02624b1d3ac9d3383c3",
                "c6ee8405263d62c6eb3b021ca1fae6468d04ea3e6aeabd67b85c7941df77807b",
                "94401d2f2d63380fedf983bd70fb177a5e5950aa9cab60f0fb248469767c7426",
                "18cd488606a97044df4aecbd880631bc2a482209da3c662376eb87291ff4ea18",
                "f20ece91d40ec58766042f539096cd15429f61551369c5e05f8f13e312a8febf",
                "6ce121ae8a7525249d0e581be469a7765e83c00ea687957c3ebb2bf8a1d4a0a2",
                "edd4d0462d1c8d9ad02e28b5ecb9d8a6730fdefd178d8ecef7d13d479a0d82c6",
                "9517e876849ed255352a568aa9eeab348c38844dcfcd41685f1e640e51a4de3c",
                "c13956427896a41981ba1f77c15cba9e6229825650d52e1723afa3d6c82c1147",
                "c048b9c93b74ca8e0fc6f281d614c68b4a117c9a2a6bbca424f9b52f5b8d09eb",
                "cacbe092ed22a1ecfccafb0f77cf339f558247fb119c33916c4c7021130369ad",
                "c06b7ce1e7c70aafc293ada4e2c709801b7b392d77f824516973ee6ff30ba074"
            ],
            "type": "Script",
            "firstPartyCookies": {},
            "firstPartyCookiesSent": {
                "lotame_domain_check": 0.00003936672068655561
            },
            "exampleSites": [
                "coconuts.co",
                "fin.co.id",
                "khoahoc.vietjack.com",
                "soyacincau.com",
                "www.ayobandung.com",
                "www.bworldonline.com",
                "www.clickthecity.com",
                "www.cosmo.ph",
                "www.dailysia.com",
                "www.hops.id",
                "www.hottg.com",
                "www.jawapos.com",
                "www.junk-call.com",
                "www.lottopcso.com",
                "www.malaymail.com",
                "www.openrice.com",
                "www.rojakpot.com",
                "www.spot.ph",
                "www.yummy.ph"
            ]
        },
        {
            "rule": "innity\\.com\\/",
            "cookies": 0,
            "fingerprinting": 0,
            "subdomains": [
                "optimize"
            ],
            "apis": {},
            "sites": 13,
            "prevalence": 0.0000853,
            "cnames": [],
            "responseHashes": [
                "e963e7196beb9123059ec3534b042ebcd1ef0a470fa568bfbebfeab2f33c4fda"
            ],
            "type": "Image",
            "firstPartyCookies": {},
            "firstPartyCookiesSent": {},
            "exampleSites": [
                "coconuts.co",
                "fin.co.id",
                "khoahoc.vietjack.com",
                "soyacincau.com",
                "www.bworldonline.com",
                "www.clickthecity.com",
                "www.dailysia.com",
                "www.hottg.com",
                "www.junk-call.com",
                "www.lottopcso.com",
                "www.malaymail.com",
                "www.openrice.com",
                "www.rojakpot.com"
            ]
        },
        {
            "rule": "innity\\.com\\/synd\\/",
            "cookies": 0.0000919,
            "fingerprinting": 0,
            "subdomains": [
                "as"
            ],
            "apis": {},
            "sites": 14,
            "prevalence": 0.0000919,
            "cnames": [],
            "responseHashes": [
                "4e56281e8cccca9b3c30e0f357a2c093bd6865661a4656637e6c6af8c322c0e6",
                "c52205831082ca578a8b429214199191a611123a6a12f3eb16087f1fd239438e",
                "fcdddd243f944dc32c30f1f685cdaad5c9ef17035ba3780f7f6b41c6deb07541",
                "4ec0ad784e80559a286b42e61436ce424e811042489f96b34b19979306ee1647",
                "b8734c304dfa5e5721f1e0ef9d4a2ff0e1db7c4b81b20d576f86143287d3d760",
                "fbd1160ce5351837936916ffeb2d6b2a590bdde09622d4475fdf1efe0f6ec4a5",
                "67559f6ebf9f86894585466939051ded8396a02b3b2dea8dc73ec968ef08a0ab",
                "7b22223c2a8db6301b850f4c722525465fd29523594ab424a704d407baa9f5cc",
                "f56184043efd4a1fb7e7cf4e4eb8d9e6ec76cdb74fcae2fa696779edb2d47c33",
                "7a7a7af83ed61a79205c26ac815784f7b9f36bace6d80f7a303716ba4dce5c23",
                "49bc2930822e9904593effac1f4ab7bdf63ee51ba65d2d416e85ce130820b15e"
            ],
            "type": "XHR",
            "firstPartyCookies": {},
            "firstPartyCookiesSent": {
                "lotame_domain_check": 0.000013122240228851869
            },
            "exampleSites": [
                "grid.id",
                "hype.grid.id",
                "lirik.kapanlagi.com",
                "m.kapanlagi.com",
                "m.merdeka.com",
                "news.abs-cbn.com",
                "plus.kapanlagi.com",
                "push.abs-cbn.com",
                "www.bola.com",
                "www.dream.co.id",
                "www.kapanlagi.com",
                "www.liputan6.com",
                "www.merdeka.com",
                "www.sanook.com"
            ]
        },
        {
            "rule": "innity\\.com\\/dc\\/cb\\/",
            "cookies": 0.0000919,
            "fingerprinting": 0,
            "subdomains": [
                "avd"
            ],
            "apis": {},
            "sites": 19,
            "prevalence": 0.000125,
            "cnames": [],
            "responseHashes": [
                "1a31044458b6aa51727d7c0b6cbd16577350c59f141f1b11866cfde7f8228c1a",
                "d7329af38249bec983599194f1a0980e45af29fa8fef014c143794c4d4cf1af1",
                "3fcae1e3b752feac824126ba2867f97a910eb8c2049a123228ace785a3209581",
                "504dac4474d9c4e5ca3ed2c8c6966f315b897135610903a3783530e4de0fa2da",
                "fd79fa39849a529a8a9dc8de8e7799c2d861d421455a6ed4d129e5edb178a6d6",
                "6647727edf5b171a7fc08a4fe900dbabdac80a097c28c6d9b9ef3bd852ba8faa",
                "f730c050bf54d32fcc92fbae00c10cf8f1d6322f31dd6bfd3826be70e00a4de9",
                "0a606dbefd6d1edccffe63db3992a493de5bdcaa43571bff712be8a36cbb5dc5",
                "fe510702f511990b4052c78a0d17144b6e7d60b696aa154b8051d5e728749f10",
                "60ef91bb0fabbb0752f4f14c40279470c29ac10f2e9dbf4135748ae20de89c03",
                "c9238a35584f166ff676b2a16193c0db74629221a7dacec05c41a62791dd2dcd",
                "362b8e3954d872b4cb95f6108ec7bab07e379883d3fec0071c19a4b8acef996e",
                "89b25b17e0c8a318975f2a977b428e5ba9fe96b2757fea4f7ca72fa5a082e94e",
                "6360738cea00865f20f5e72d60f9f402909cce127f2774068d791a881924c3f4",
                "93762caa3842e52534e6bd03d926021baf109fa6d188cfffb805d972edcacd7b",
                "a080071a49bfd7654d8d6ccc1925ac22c937ad47242db66d882f81d6a48c43c0",
                "0182e8fc1cd8096618202f48bf6d0bf10ea9424a5e51b65dac0a72db2704b323",
                "47dff4247d2364e762de7500ba1ca0b1243955f6634e7ec2eb990cd0ff0a75bf"
            ],
            "type": "Script",
            "firstPartyCookies": {},
            "firstPartyCookiesSent": {},