{
    "domain": "ipgeolocation.io",
    "owner": {},
    "source": [
        "DuckDuckGo-US"
    ],
    "prevalence": 0.00017,
    "sites": 25,
    "subdomains": [
        "api"
    ],
    "cnames": [],
    "fingerprinting": 0,
    "resources": [
        {
            "rule": "ipgeolocation\\.io\\/ipgeo",
            "cookies": 0.0000341,
            "fingerprinting": 0,
            "subdomains": [
                "api"
            ],
            "apis": {},
            "sites": 8,
            "prevalence": 0.0000545,
            "cnames": [],
            "responseHashes": [
                "c1871e1b5a58675f0f8e395bf79e6b7572c0aa72280c80f24cf71ee56144b602",
                "be2404af5a9afa9ec4cfd3b004cb969d11181b74371e4561eca819d4ba888ca1",
                "d48625b8487f4b09df18d5d76ed5f0a94e313521c6511b406de187b1fbe6ae35",
                "8cd48cdd9226f7a492aab3c46738c0d696e3c67e3de3a0706e4f46c5f5ae9815",
                "27c3c93a589f70464ae2fcbc17ad1d629dadfdf707df5ae410b7171930daa723",
                "c450347eb7f93d9f74c3c882114eb282277befb57283a06124598fc74b6e044e",
                "8b958737665ec372f9351cd9f556379a7190bbc0802bdf3f4c18ee29009e34e9"
            ],
            "type": "XHR",
            "firstPartyCookies": {},
            "firstPartyCookiesSent": {},
            "exampleSites": [
                "designerwardrobe.co.nz",
                "documentation.suse.com",
                "www.calculators.tech",
                "www.keessmit.nl",
                "www.lelo.com",
                "www.panpacific.com",
                "www.suse.com",
                "www.westernaustralia.com"
            ]
        },
        {
            "rule": "ipgeolocation\\.io\\/ipgeo",
            "cookies": 0,
            "fingerprinting": 0,
            "subdomains": [
                "api"
            ],
            "apis": {},
            "sites": 6,
            "prevalence": 0.0000409,
            "cnames": [],
            "responseHashes": [
                "d3ef15e60736e6584febb1292d8788c11e0b2a9a41a530c6aa968aa9215cec17",
                "b00d533a64884aeea1bc08f9d4942a696fabe81fa6e4ef88f5614068f99c29d2",
                "dcd0be7c1efcdf31e425575737accee7e386aba6dfb07dd9e2ce757cdb104614",
                "0496d08a1fe2cef0b2505464126573014ede359df34ddcc2448e901a7e12b9d6",
                "c66b3c3e420f1ec325664a63b6cc1452ad91963ff48f4dedd2eeab6674ee69f2"
            ],
            "type": "Fetch",
            "firstPartyCookies": {},
            "firstPartyCookiesSent": {},
            "exampleSites": [
                "manscaped.com",
                "www.bremont.com",
                "www.feedinco.com",
                "www.josephjoseph.com",
                "www.manscaped.com",
                "www.vpncheck.org"
            ]
        },
        {
            "rule": "ipgeolocation\\.io\\/ipgeo",
            "cookies": 0,
            "fingerprinting": 0,
            "subdomains": [
                "api"
            ],
            "apis": {},
            "sites": 2,
            "prevalence": 0.0000136,
            "cnames": [],
            "responseHashes": [],
            "type": "Preflight",
            "firstPartyCookies": {},
            "firstPartyCookiesSent": {},
            "exampleSites": [
                "bremont.com",
                "www.bremont.com"
            ]
        },
        {
            "rule": "ipgeolocation\\.io\\/getip",
            "cookies": 0,
            "fingerprinting": 0,
            "subdomains": [
                "api"
            ],
            "apis": {},
            "sites": 2,
            "prevalence": 0.0000136,
            "cnames": [],
            "responseHashes": [
                "339d02faf6c2a0cc37d8bac109a81503bbbb1a97f3e1d885148cd76e252ec3bb"
            ],
            "type": "XHR",
            "firstPartyCookies": {},
            "firstPartyCookiesSent": {},
            "exampleSites": [
                "espares.co.uk",
                "www.espares.co.uk"
            ]
        },
        {
            "rule": "ipgeolocation\\.io\\/static\\/flags\\/us_64\\.png",
            "cookies": 0,
            "fingerprinting": 0,
            "subdomains": [],
            "apis": {},
            "sites": 2,
            "prevalence": 0.0000136,
            "cnames": [],
            "responseHashes": [
                "9dfe03d59d9189aae88cc6cf9b4856e36c3f567549258798cf361ee5af89e2b4"
            ],
            "type": "Image",
            "firstPartyCookies": {},
            "firstPartyCookiesSent": {},
            "exampleSites": [
                "josephjoseph.com",
                "www.josephjoseph.com"
            ]
        }
    ],
    "categories": [],
    "performance": {},
    "cookies": 0.0000613,
    "types": {
        "XHR": 10,
        "Fetch": 6,
        "Preflight": 2,
        "Image": 2
    },
    "nameservers": [
        "nash.ns.cloudflare.com",
        "cheryl.ns.cloudflare.com"
    ]
}