{
    "domain": "ipp-meredith.com",
    "owner": {},
    "source": [
        "DuckDuckGo-US"
    ],
    "prevalence": 0.000258,
    "sites": 38,
    "subdomains": [
        "cookie-stream"
    ],
    "cnames": [],
    "fingerprinting": 0,
    "resources": [
        {
            "rule": "ipp-meredith\\.com\\/v1\\/s",
            "cookies": 0.000136,
            "fingerprinting": 0,
            "subdomains": [
                "cookie-stream"
            ],
            "apis": {},
            "sites": 20,
            "prevalence": 0.000136,
            "cnames": [],
            "responseHashes": [
                "3e9abc777c77f6bc590088280934c5094b4d1c84415f53a988a50d0b9470c0fa"
            ],
            "type": "Script",
            "firstPartyCookies": {},
            "firstPartyCookiesSent": {
                "globalTI_SID": 0.00013572664653388076,
                "_pbjs_userid_consent_data": 0.00010858131722710461,
                "OptanonConsent": 0.00013572664653388076,
                "ajs_anonymous_id": 0.0001221539818804927,
                "_ga": 0.000020358996980082113,
                "_gid": 0.000020358996980082113,
                "_gcl_au": 0.00010858131722710461,
                "muuid_link": 0.00011536764955379866,
                "muuid_session": 0.00011536764955379866,
                "muuid_channel": 0.00011536764955379866,
                "muuid_current_channel": 0.00011536764955379866,
                "_pnxd": 0.00007464965559363442,
                "muuid_origin": 0.000020358996980082113,
                "muuid_source": 0.000020358996980082113,
                "muuid_date": 0.000020358996980082113,
                "first_request_id": 0.000020358996980082113,
                "_li_dcdm_c": 0.00006107699094024635,
                "mt.v": 0.000027145329306776152,
                "mt.g.5f640441": 0.000006786332326694038,
                "visit_ts": 0.000006786332326694038
            },
            "exampleSites": [
                "ew.com",
                "hellogiggles.com",
                "houseplans.southernliving.com",
                "people.com",
                "peopleenespanol.com",
                "www.agriculture.com",
                "www.allpeoplequilt.com",
                "www.allrecipes.com",
                "www.bhg.com",
                "www.cookinglight.com",
                "www.dailypaws.com",
                "www.eatingwell.com",
                "www.foodandwine.com",
                "www.marthastewart.com",
                "www.midwestliving.com",
                "www.myrecipes.com",
                "www.parenting.com",
                "www.realsimple.com",
                "www.southernliving.com",
                "www.woodmagazine.com"
            ]
        }
    ],
    "categories": [],
    "performance": {},
    "cookies": 0.000258,
    "types": {
        "Script": 20
    },
    "nameservers": [
        "ns-452.awsdns-56.com",
        "ns-1005.awsdns-61.net",
        "ns-1629.awsdns-11.co.uk",
        "ns-1235.awsdns-26.org"
    ]
}