{
    "domain": "itoris.com",
    "owner": {},
    "source": [
        "DuckDuckGo-US"
    ],
    "prevalence": 0.0000817,
    "sites": 12,
    "subdomains": [
        "node1"
    ],
    "cnames": [],
    "fingerprinting": 0,
    "resources": [
        {
            "rule": "itoris\\.com\\/dpo\\/storefront\\/include\\.js",
            "cookies": 0,
            "fingerprinting": 0,
            "subdomains": [
                "node1"
            ],
            "apis": {},
            "sites": 10,
            "prevalence": 0.0000681,
            "cnames": [],
            "responseHashes": [
                "ed8bbdbb35c4463b03dac0f34b12f43161dc51bedd8961378219098b19a55d9a",
                "3c9a65b9615927c03a83dd560a984308f5370db9d399f1b5f65d75a241c813df",
                "0698c7e25271e7600da1c6be0ba907966c7e7df92d8e4f9efffd7c1433006ac7",
                "0f52eb4e2838079939806f787b8bbbc38516207d2f50331e21186f1d5d016fff",
                "985d2d1c07571217cfa89c716fbb7ed06d23f2af0e805aa528c67d5b7eb10bf6",
                "444ade851e4266c76e625a1e84227637db87b8ba4bae84a2fdf3fa96725a387c",
                "29f5c1009d3a8ccf5794d44710dbf07a4779495ae0b22ba90963d02365b15367",
                "d96d06fd281153d3e600994ec873e853a95eeb8b9f9f28b7403856490d6d6fb9",
                "0a5d6115926fdf086bef505c2cd086f363b0a3ed4949ed5f3176bf78b8b8c377"
            ],
            "type": "Script",
            "firstPartyCookies": {},
            "firstPartyCookiesSent": {},
            "exampleSites": [
                "fashionablehats.com",
                "gofastcampers.com",
                "growerssolution.com",
                "mediamarkt.pt",
                "superiorsaunas.com",
                "www.bootstrapfarmer.com",
                "www.gungoddess.com",
                "www.playcornhole.org",
                "www.roadkilltshirts.com",
                "zzperformance.com"
            ]
        }
    ],
    "categories": [],
    "performance": {},
    "cookies": 0,
    "topInitiators": [
        {
            "domain": "first party",
            "prevalence": 1
        }
    ],
    "types": {
        "Script": 10
    },
    "nameservers": [
        "ns43.domaincontrol.com",
        "ns44.domaincontrol.com"
    ]
}