{
    "domain": "itskiddoan.club",
    "owner": {},
    "source": [
        "DuckDuckGo-US"
    ],
    "prevalence": 0.000116,
    "sites": 17,
    "subdomains": [
        "cdn"
    ],
    "cnames": [],
    "fingerprinting": 3,
    "resources": [
        {
            "rule": "itskiddoan\\.club\\/apu\\.php",
            "cookies": 0.000109,
            "fingerprinting": 3,
            "subdomains": [
                "cdn"
            ],
            "apis": {
                "window.localStorage": 15,
                "Navigator.prototype.userAgent": 15,
                "window.innerHeight": 15,
                "Screen.prototype.availHeight": 15,
                "Date.prototype.getTime": 15,
                "Navigator.prototype.plugins": 14,
                "Navigator.prototype.mimeTypes": 14,
                "Screen.prototype.width": 14,
                "Screen.prototype.height": 14,
                "window.screenX": 14,
                "window.screenY": 14,
                "window.outerWidth": 14,
                "window.outerHeight": 14,
                "window.innerWidth": 14,
                "Navigator.prototype.maxTouchPoints": 14,
                "window.sessionStorage": 14,
                "Document.cookie getter": 14,
                "Document.cookie setter": 12,
                "NavigatorUAData.prototype.getHighEntropyValues": 11
            },
            "sites": 16,
            "prevalence": 0.000109,
            "cnames": [],
            "responseHashes": [
                "6006c185481392a53468855e502ee7c37661b574432c0c7d84454a03ae7173ec",
                "527a721430098d552ec60e28e88df52f043503c400eb5a6bcd3aebeb2cdedbc3",
                "73930cdacda4f5e0390d5537987169e370192fa4c6c3ae21060d9e13ae0a7160",
                "0ffabb55ae449c264a6b32f890667a09bc1c0a3afa4e2cfa523ac9071da05643",
                "67b5e21be324de91cf55cea72195330e25be06ec3bd46631d43bd882ffa62709",
                "f42b5a6f40cbf6ae9b9a34f38e23964efd460690faf5010c344ea23a070297c1",
                "c562888e1b4cd07c2f18dea19eef2a6ffb44d90ca3cc584d17fb933e4e19af55",
                "48d1962b3b7f96b85819dd3b15e6ca0434eb9f30390e2960c403ae2311798ade",
                "7f0a6866dba9f48c5218d2b6215c5bf9ce7b0cc96dd5884f4e7235b66e8ab98c",
                "e932265e05b7018f042c82ee18a0852aa29b7a89b0642f0b642b76fa2847d2cc",
                "ab43d3278aea43c194ccc022cd7b82bfd0f8287549bd0cb09a80625497aaa64f",
                "4a77c6aa816e7ad27bb715e79d6ff656b73bb53ef7eb1201777aa17e2363e13f",
                "1884a6fd09c9df086b68754917a91f1e9e1ef12845e1da435ea64ab05c8170a3",
                "3bf5fa5db58a5a7c1e458d23a7717b59f708ffa1d428710991c864bb43fdfa77",
                "60fbb979902918883a59da0c8a0b887b402474063fc6f17e1cefeed16c59e4fd"
            ],
            "type": "Script",
            "firstPartyCookies": {
                "prefetchAd_6121740": {
                    "ttl": 130,
                    "length": 4,
                    "prevalence": 0.00008168266285480907,
                    "uniqueness": 0.08333333333333333
                }
            },
            "firstPartyCookiesSent": {},
            "exampleSites": [
                "colmeklink.icu",
                "desi49.org",
                "kunmanga.com",
                "lendirpedia.cfd",
                "paranormal.epub.pub",
                "pestasex.cam",
                "pinayflix.biz",
                "tergenit.cloud",
                "wiflix.kiwi",
                "www.bokepid.site",
                "www.bokepsan.net",
                "www.colmeklink.com",
                "youngtube.tw"
            ]
        },
        {
            "rule": "itskiddoan\\.club\\/",
            "cookies": 0.0000817,
            "fingerprinting": 0,
            "subdomains": [
                "cdn"
            ],
            "apis": {},
            "sites": 12,
            "prevalence": 0.0000817,
            "cnames": [],
            "responseHashes": [
                "40f00d937aa72ca2d0a0d0b1775dbd034e79332047e12962f592d65a8583ad34",
                "429a485d884bac96c7d3548da6c1ca2b219db07591ac0f436095fecbd6c39046",
                "d13044acc90804feedb4a1a0e5e71b1b12a638c3556fe292867992835ef61baa",
                "952cd739ae385c66b1a2f19e7f1e047f20efd6e27b5157ec1792e7964813897f",
                "cd9600a05616556bd4cdf03e6272bc371df002cf98e07c0a7f9bbfd26ac2402d",
                "86542db0ed4be94814efd352f362e8ac816146aeec031d250722eaae52231bfe",
                "8125a678d85c9e34375bcb0aa08e47e850119ca9b72883209b0353c83330650c",
                "4d47535df938fcb3699bd6467a4bb41c51e1a64b7fee527c1aae3deb6b6e0a2b",
                "4f92084f995e0366a2a834a3e2a44f5ceff6b5820ef19b3ca8124aade3bfb9f9",
                "dc2a4a76a08e33c45a64b1c3970df2584910ed63ef18cfc014c426762e24c34d",
                "675840dcda8af2b27eb7513c9a2ea49662070df4b2358e56e0c67e9628e0abea"
            ],
            "type": "Fetch",
            "firstPartyCookies": {},
            "firstPartyCookiesSent": {
                "lotame_domain_check": 0.000013613777142468177
            },
            "exampleSites": [
                "colmeklink.icu",
                "desi49.org",
                "lendirpedia.cfd",
                "pestasex.cam",
                "pinayflix.biz",
                "tergenit.cloud",
                "wiflix.kiwi",
                "www.bokepid.site",
                "www.bokepsan.net",
                "www.colmeklink.com"
            ]
        }
    ],
    "categories": [],
    "performance": {},
    "cookies": 0.000116,
    "topInitiators": [
        {
            "domain": "nanouwho.com",
            "prevalence": 0.7368421052631579
        },
        {
            "domain": "first party",
            "prevalence": 0.10526315789473684
        },
        {
            "domain": "ophoacit.com",
            "prevalence": 0.10526315789473684
        },
        {
            "domain": "upgulpinon.com",
            "prevalence": 0.05263157894736842
        }
    ],
    "types": {
        "Script": 16,
        "Fetch": 12
    },
    "nameservers": [
        "ns-1703.awsdns-20.co.uk",
        "ns-144.awsdns-18.com",
        "ns-1198.awsdns-21.org",
        "ns-916.awsdns-50.net"
    ]
}