{
    "domain": "jeeng.com",
    "owner": {},
    "source": [
        "DuckDuckGo-US"
    ],
    "prevalence": 0.000381,
    "sites": 56,
    "subdomains": [
        "sdk",
        "users.api",
        "telemetries"
    ],
    "cnames": [],
    "fingerprinting": 2,
    "resources": [
        {
            "rule": "jeeng\\.com\\/v3\\.js",
            "cookies": 0,
            "fingerprinting": 1,
            "subdomains": [
                "sdk"
            ],
            "apis": {
                "Navigator.prototype.userAgent": 8,
                "window.localStorage": 8,
                "window.sessionStorage": 8,
                "Notification.permission": 8,
                "Date.prototype.getTime": 5,
                "Date.prototype.getTimezoneOffset": 1
            },
            "sites": 8,
            "prevalence": 0.0000545,
            "cnames": [],
            "responseHashes": [
                "b310be62f1f2841df13078c27feb7766aa8a829b336819bab8e27cdda3953e29"
            ],
            "type": "Script",
            "firstPartyCookies": {},
            "firstPartyCookiesSent": {},
            "exampleSites": [
                "100percentfedup.com",
                "aish.com",
                "dinarrecaps.com",
                "www.closerweekly.com",
                "www.intouchweekly.com",
                "www.lifeandstylemag.com",
                "www.nationalenquirer.com",
                "www.theurbanlist.com"
            ]
        },
        {
            "rule": "jeeng\\.com\\/entities",
            "cookies": 0,
            "fingerprinting": 0,
            "subdomains": [
                "users.api"
            ],
            "apis": {},
            "sites": 16,
            "prevalence": 0.000109,
            "cnames": [],
            "responseHashes": [
                "56f42b9fb538dca806ee9304822c99a3dad697ab0385efca1a057a9e9d66fc2d",
                "e983782b5e27ceb85bcc925a57b5e34e043ed54f80f230bd3f04c3ad679a7891",
                "c8cccd0e80efcbd111dd47f3f84483101c9c53ee5aa682ae42bdf0b99b885619",
                "a888820c35dd00b67957bc7a87036d6bd924ef706916cd64a5b2aa27628a844e",
                "52cf5d2b72563dc3977e65adbc3470a583e3518585112ca6f846fa5e3651e166",
                "1a17af3c8bd37bca4eb14d10c17b4f4834ca8962a0c8bb678333499bfdd38c6f",
                "5511835b809b99ccc1b0b8a823c9e3d8a83bdf7e195cc50967f29dbcdd52cf43",
                "e8e9966ce825ede5bc89756695547241eea7413a6686d738748bf3eaa33efe4c",
                "250596074ad183cfd453d0bee53b5b8eb3de450e14546e417392c5a4f452c243",
                "2d367a9ce34969c4716368523661ceeff9cf96d4ca01261d2751947e5e69c079",
                "2dbb2f1c59d7ea610e7790f0f16aaacced41512cea5db3a0f1707f3539fad448",
                "a2d7c4d167cf44a0123801a17aea52b59c2636720cad6ba24ed9cd5ead155fc3",
                "381db137e4b832c36d675f935c8685dff854d4f9688f7e223b5fd25e42c86341",
                "2cbecde874667a178f95f937efc9c60a0d052bbf01e23dcae8116070b90d7a8d",
                "2a79109817be63ff70352799123c8858b228a439b7eda4fe225f3f0cfb78576b"
            ],
            "type": "XHR",
            "firstPartyCookies": {},
            "firstPartyCookiesSent": {
                "_li_dcdm_c": 0.00002042038771509475
            },
            "exampleSites": [
                "100percentfedup.com",
                "babylonbee.com",
                "britishheritage.com",
                "brobible.com",
                "cliniguia.com",
                "notthebee.com",
                "thetruedefender.com",
                "www.blackenterprise.com",
                "www.closerweekly.com",
                "www.descubraonline.com",
                "www.insidehook.com",
                "www.irishcentral.com",
                "www.lifeandstylemag.com",
                "www.nationalenquirer.com",
                "www.theurbanlist.com",
                "www.usmagazine.com"
            ]
        },
        {
            "rule": "jeeng\\.com\\/api\\/events\\/user_visited_page",
            "cookies": 0,
            "fingerprinting": 0,
            "subdomains": [
                "telemetries"
            ],
            "apis": {},
            "sites": 8,
            "prevalence": 0.0000545,
            "cnames": [],
            "responseHashes": [
                "3d23d39a30bb7323f8ccfd64c52cf286138fba4f83e78f7edcf66703b7c23aaa"
            ],
            "type": "XHR",
            "firstPartyCookies": {},
            "firstPartyCookiesSent": {},
            "exampleSites": [
                "aish.com",
                "okmagazine.com",
                "thetruedefender.com",
                "timcast.com",
                "www.blackenterprise.com",
                "www.descubraonline.com",
                "www.homestratosphere.com",
                "www.westernjournal.com"
            ]
        },
        {
            "rule": "jeeng\\.com\\/api\\/events\\/user_visited_page",
            "cookies": 0,
            "fingerprinting": 0,
            "subdomains": [
                "telemetries"
            ],
            "apis": {},
            "sites": 8,
            "prevalence": 0.0000545,
            "cnames": [],
            "responseHashes": [],
            "type": "Preflight",
            "firstPartyCookies": {},
            "firstPartyCookiesSent": {},
            "exampleSites": [
                "aish.com",
                "okmagazine.com",
                "thetruedefender.com",
                "timcast.com",
                "www.blackenterprise.com",
                "www.descubraonline.com",
                "www.homestratosphere.com",
                "www.westernjournal.com"
            ]
        },
        {
            "rule": "jeeng\\.com\\/users\\/domains\\/3OZpzzz29A\\/sdk\\/",
            "cookies": 0,
            "fingerprinting": 2,
            "subdomains": [
                "users.api"
            ],
            "apis": {
                "Navigator.prototype.userAgent": 2,
                "window.localStorage": 2,
                "Date.prototype.getTime": 2,
                "window.sessionStorage": 2,
                "Date.prototype.getTimezoneOffset": 1,
                "Notification.permission": 1
            },
            "sites": 2,
            "prevalence": 0.0000136,
            "cnames": [],
            "responseHashes": [
                "02980a644d65c093609147ca1b32fd260edb24e2cf268618815b2faf04c8f8de"
            ],
            "type": "Script",
            "firstPartyCookies": {},
            "firstPartyCookiesSent": {},
            "exampleSites": [
                "blackenterprise.com",
                "www.blackenterprise.com"
            ]
        },
        {
            "rule": "jeeng\\.com\\/users\\/domains\\/DAlKX0Gpg1\\/sdk\\/configs",
            "cookies": 0,
            "fingerprinting": 0,
            "subdomains": [
                "users.api"
            ],
            "apis": {},
            "sites": 2,
            "prevalence": 0.0000136,
            "cnames": [],
            "responseHashes": [
                "11f9932488d3214a62deab47580e57a3618203fd7172bbc25739662ded430e90"
            ],
            "type": "Script",
            "firstPartyCookies": {},
            "firstPartyCookiesSent": {},
            "exampleSites": [
                "closerweekly.com",
                "www.closerweekly.com"
            ]
        },
        {
            "rule": "jeeng\\.com\\/users\\/domains\\/WOnnmMX5eO\\/sdk\\/",
            "cookies": 0,
            "fingerprinting": 1,
            "subdomains": [
                "users.api"
            ],
            "apis": {
                "Navigator.prototype.userAgent": 2,
                "Date.prototype.getTime": 2,
                "window.localStorage": 2,
                "Notification.permission": 2,
                "window.sessionStorage": 1
            },
            "sites": 2,
            "prevalence": 0.0000136,
            "cnames": [],