{
    "domain": "jsonip.com",
    "owner": {},
    "source": [
        "DuckDuckGo-US"
    ],
    "prevalence": 0.000328,
    "sites": 48,
    "subdomains": [
        "ipv4"
    ],
    "cnames": [],
    "fingerprinting": 0,
    "resources": [
        {
            "rule": "jsonip\\.com\\/",
            "cookies": 0,
            "fingerprinting": 0,
            "subdomains": [
                "ipv4"
            ],
            "apis": {},
            "sites": 11,
            "prevalence": 0.0000751,
            "cnames": [],
            "responseHashes": [
                "e1b8d2c1ca6ff0a0537651d9ee0421319bd7782e4b4f9aa65258826cb4018912"
            ],
            "type": "XHR",
            "firstPartyCookies": {},
            "firstPartyCookiesSent": {},
            "exampleSites": [
                "nikkei.com",
                "japan.webike.net",
                "www.adiglobaldistribution.us",
                "www.auvik.com",
                "www.christianradio.com",
                "www.honeywellhome.com",
                "www.kanesfurniture.com",
                "www.onevoicetv.net",
                "www.reservebar.com",
                "www.rsbnetwork.tv",
                "www.synergy.net.au"
            ]
        },
        {
            "rule": "jsonip\\.com\\/",
            "cookies": 0,
            "fingerprinting": 0,
            "subdomains": [],
            "apis": {},
            "sites": 16,
            "prevalence": 0.000109,
            "cnames": [],
            "responseHashes": [
                "83856dc359f3dbf5f2080ec8926bb845f03b51c237492732ac0a9b1f6d02ae73",
                "1f04e773f3c8809ef11ea2ebeab712b0af6a7154da42df1a84b40be6cc98c398",
                "3eafc2d6dd4df1fc69b3d8edf87500588233bd722e8f74cad065d31767501334",
                "d4508565d38f09f12d030d77d8cf6fd9c69245de1fac0ae00a5d7e252a3ac7dc",
                "88188bf51a92d6b3e34d9fa7ad305118ec224d0ca3175af250a5d1688be78b8f",
                "d49786429a7155811425ce62dad6cad9397c4b68f4a9aac6f4d303e5a381e5e5",
                "dcc6915977468c008d334edcdde087af29a6e15b015aeca6096e8128e4a2af52",
                "d9108512ac2b11c7f5761c427fb48e9c33ea5fd65c22c63f5a59143880eb028f",
                "1e47a48095d5825f3dc2ef9fa9ab25c1f2076f8622a2667aaf7dac80ef96f197",
                "a64bdaec2d5ba3a8b6299dc0dbfda7930aae6f8c410ea38ae40c4ea49f8c2065",
                "7f2427b8ccaa06a25ac88120eaa6802e5e31aa827e0b40e9f64f21986a42cf59",
                "dc048a5dc53b310962d49427c9ba428264940ee51468554056713244bcdd5768",
                "6c0910af37fdeea07afa022a52fab0ee88bd314f62dbfbf83739e3a513e71d24",
                "2c96207237f39e53c78a52560e7b6857196deeb624c411951d8d44c6fa411e0c"
            ],
            "type": "Script",
            "firstPartyCookies": {},
            "firstPartyCookiesSent": {},
            "exampleSites": [
                "blackburnnews.com",
                "detran.sp.gov.br",
                "moneymorning.com",
                "portal.311.nyc.gov",
                "www.bdcnetwork.com",
                "www.designcafe.com",
                "www.gartentraum.de",
                "www.idfcfirstbank.com",
                "www.jccc.edu",
                "www.lilysilk.com",
                "www.pinkblushmaternity.com",
                "www.probuilder.com",
                "www.protradecraft.com",
                "www.ripoffreport.com",
                "www.scbt.com",
                "www.thriftypropane.com"
            ]
        },
        {
            "rule": "jsonip\\.com\\/",
            "cookies": 0,
            "fingerprinting": 0,
            "subdomains": [],
            "apis": {},
            "sites": 10,
            "prevalence": 0.0000683,
            "cnames": [],
            "responseHashes": [
                "e1b8d2c1ca6ff0a0537651d9ee0421319bd7782e4b4f9aa65258826cb4018912"
            ],
            "type": "Fetch",
            "firstPartyCookies": {},
            "firstPartyCookiesSent": {},
            "exampleSites": [
                "clubchampion.com",
                "e-gmat.com",
                "es.digitaltrends.com",
                "winechateau.com",
                "www.21oak.com",
                "www.digitaltrends.com",
                "www.happysprout.com",
                "www.newfolks.com",
                "www.pawtracks.com",
                "www.themanual.com"
            ]
        }
    ],
    "categories": [],
    "performance": {},
    "cookies": 0,
    "types": {
        "XHR": 11,
        "Script": 16,
        "Fetch": 10
    },
    "nameservers": [
        "ns3.linode.com",
        "ns1.linode.com",
        "ns2.linode.com",
        "ns4.linode.com",
        "ns5.linode.com"
    ]
}