{
    "domain": "kataweb.it",
    "owner": {},
    "source": [
        "DuckDuckGo-US"
    ],
    "prevalence": 0.000217,
    "sites": 32,
    "subdomains": [
        "oasjs",
        "scripts",
        "data",
        "annunci",
        "login",
        "box"
    ],
    "cnames": [
        {
            "original": "annunci.ilpiccolo.gelocal.it",
            "resolved": "annunci.kataweb.it"
        },
        {
            "original": "annunci.messaggeroveneto.gelocal.it",
            "resolved": "annunci.kataweb.it"
        }
    ],
    "fingerprinting": 1,
    "resources": [
        {
            "rule": "kataweb\\.it\\/adsetup_cmp\\.js",
            "cookies": 0.0000474,
            "fingerprinting": 1,
            "subdomains": [
                "oasjs"
            ],
            "apis": {
                "Navigator.prototype.userAgent": 7,
                "Document.cookie getter": 7,
                "Date.prototype.getTime": 7,
                "Document.cookie setter": 7,
                "window.localStorage": 6
            },
            "sites": 7,
            "prevalence": 0.0000474,
            "cnames": [],
            "responseHashes": [
                "5e94429c417c2aa042118c79e87d07964f085a4d63443a97d1647d2caea98560",
                "6c22438c66200cad0a9c0d2ff5d07bb23137ce3a0e07a83b2f8f1b1a57f71002",
                "0bf7bc8f3f9d703286ab3fdd95afc6bb10ac438a96cdb37b660bd23ed2cccaf1",
                "5b50e70c117401b3bbf1b526586f20be7bdb6477e7b72428a55511495a325ae1",
                "838680d6f592c82e9b4b67d26d3610775cecb07ddcafc2f7eddfff8fc33aeff1",
                "7540a5f141c14b0e4ce508874e206b636fe01622b40d395c18ff25e4948993fa"
            ],
            "type": "Script",
            "firstPartyCookies": {
                "kw_1pc_enableds": {
                    "ttl": 311040001,
                    "length": 4,
                    "prevalence": 0.0000406118857452281,
                    "uniqueness": 0.16666666666666666
                },
                "kw_prevUsrSts": {
                    "ttl": 31536001,
                    "length": 5,
                    "prevalence": 0.0000406118857452281,
                    "uniqueness": 0.16666666666666666
                },
                "kw_espresso_lpv_ls": {
                    "ttl": 484,
                    "length": 105,
                    "prevalence": 0.000006768647624204684,
                    "uniqueness": 1
                },
                "kw_repubblica_lpv_ls": {
                    "ttl": 492,
                    "length": 101,
                    "prevalence": 0.000006768647624204684,
                    "uniqueness": 1
                }
            },
            "firstPartyCookiesSent": {},
            "exampleSites": [
                "repubblica.it",
                "dizionari.repubblica.it",
                "espresso.repubblica.it",
                "milano.repubblica.it",
                "ricerca.repubblica.it",
                "roma.repubblica.it",
                "www.repubblica.it"
            ]
        },
        {
            "rule": "kataweb\\.it\\/wt\\/wt\\.js",
            "cookies": 0,
            "fingerprinting": 0,
            "subdomains": [
                "scripts"
            ],
            "apis": {},
            "sites": 17,
            "prevalence": 0.000115,
            "cnames": [],
            "responseHashes": [
                "2a1464d3fbaa10b5fadaf268089a9b01bd1bce12feeeec327997b99f32e8c3ed",
                "c7689ac66ab484e453b158f5a40f419af03ed33d95c69fc2b465a0e6cdefb7f7",
                "ac27d78d500f9f6576a47286befb097b39e13570efaa5d78e70cc55355414f28",
                "ac7c18b46e4e7706f48858cf62145115141f1e75c36ba14c7468431fa3c05714",
                "8785453e532890e3f1df0df88796e7d45b28893cc1eb068f71e2f12d1732464a",
                "b1d9df2c5be7a6d7768f73b82159292c530a37032adef8d8fe5623274731aaf6",
                "f8408f406ee6c9c6bee73dc088b157d74e42a1068d47e8f34f1bb6ce22146ac2",
                "2d111396e8d5e14c4ddd9ebd4291791f7ed9af0a1d30d8e348420722ad552dbb",
                "d54372827f41f8c2dff45fd276573d65865d9aff1057f83684ff3753b119f7d2",
                "86d559d088ae45da490a452f71e3571a744bc711195bed30fcc1aae9314d26e3",
                "c253accc04df97e39eac7dcfb045b0255d6bd1b0c5c9cea2f97bd1e25c5093c4",
                "fd6d2c063956e3be0f0766cec68c38919da2e5736abc95bdd21cf59b78c29e42",
                "bd8dd66328c00a43a38df6372c4c2553b78a18d603990b14e9666b510f22259a",
                "609e4d09c8bb05dac50adccedd19cfcc39b9f007aabbb1955eb0292e6fced020",
                "3b3b2436e6ada7566b0fd9413f48bc472128325297e29de8dead9664e7a9f230"
            ],
            "type": "Script",
            "firstPartyCookies": {},
            "firstPartyCookiesSent": {},
            "exampleSites": [
                "repubblica.it",
                "dizionari.repubblica.it",
                "espresso.repubblica.it",
                "ilpiccolo.gelocal.it",
                "mattinopadova.gelocal.it",
                "messaggeroveneto.gelocal.it",
                "milano.repubblica.it",
                "ricerca.repubblica.it",
                "roma.repubblica.it",
                "www.deejay.it",
                "www.formulapassion.it",
                "www.huffingtonpost.it",
                "www.ilsecoloxix.it",
                "www.lastampa.it",
                "www.limesonline.com",
                "www.mymovies.it",
                "www.repubblica.it"
            ]
        },
        {
            "rule": "kataweb\\.it\\/zbanner_consorzio\\.js",
            "cookies": 0,
            "fingerprinting": 0,
            "subdomains": [
                "scripts"
            ],
            "apis": {},
            "sites": 5,
            "prevalence": 0.0000338,
            "cnames": [],
            "responseHashes": [
                "e3b0c44298fc1c149afbf4c8996fb92427ae41e4649b934ca495991b7852b855"
            ],
            "type": "Script",
            "firstPartyCookies": {},
            "firstPartyCookiesSent": {},
            "exampleSites": [
                "repubblica.it",
                "espresso.repubblica.it",
                "milano.repubblica.it",
                "roma.repubblica.it",
                "www.repubblica.it"
            ]
        },
        {
            "rule": "kataweb\\.it\\/adsetup\\.real\\.js",
            "cookies": 0,
            "fingerprinting": 1,
            "subdomains": [
                "oasjs"
            ],
            "apis": {
                "Navigator.prototype.userAgent": 1
            },
            "sites": 3,
            "prevalence": 0.0000203,
            "cnames": [],
            "responseHashes": [
                "8a733b431f9de1b43e4c375d4bca4d4e2733c428771560e151491cc99b3dccc3",
                "98dae3f222414c65b476e620e6c94f8fee1512c873ad2197d2f291f332de33f6"
            ],
            "type": "Script",
            "firstPartyCookies": {},
            "firstPartyCookiesSent": {},
            "exampleSites": [
                "repubblica.it",
                "espresso.repubblica.it",
                "mattinopadova.gelocal.it"
            ]
        },
        {
            "rule": "kataweb\\.it\\/storage\\/contentsense\\/consigli-feed\\/images\\/34-vetrine-le-migliori-offerte-del-giorno-v01\\.jpg",
            "cookies": 0,
            "fingerprinting": 0,
            "subdomains": [
                "data"
            ],
            "apis": {},
            "sites": 4,
            "prevalence": 0.0000271,
            "cnames": [],
            "responseHashes": [
                "add379b42d52ed4264d0ad7aa048dc3b0ca1b53738512d5bedb8887ee1df967e"
            ],
            "type": "Image",
            "firstPartyCookies": {},
            "firstPartyCookiesSent": {},