{
    "domain": "kataweb.it",
    "owner": {},
    "source": [
        "DuckDuckGo-US"
    ],
    "prevalence": 0.000272,
    "sites": 40,
    "subdomains": [
        "scripts",
        "oasjs",
        "data",
        "login",
        "box"
    ],
    "cnames": [],
    "fingerprinting": 1,
    "resources": [
        {
            "rule": "kataweb\\.it\\/wt\\/wt\\.js",
            "cookies": 0,
            "fingerprinting": 0,
            "subdomains": [
                "scripts"
            ],
            "apis": {},
            "sites": 21,
            "prevalence": 0.000143,
            "cnames": [],
            "responseHashes": [
                "24398a92c0388736aad77ee490fa886d3a67bad695d96507c44b8f0ac83402ce",
                "582d2e6af7720907369ebdf5d76d7990b1fca0fe274a8e4bb0bb611d033ce67e",
                "05a1ece007a48af8532155e8687e9d24f1130926ef28c8786061596ddaaa9a69",
                "cf0022bcfb7cd3d6d8b85d4b0f1a7d353d58b9a8ba691ba644c50826c667a448",
                "e3de282f20176242ed33bcfefa999cf9fd2f67e1ae085792be517c5c66a68b89",
                "844dc31269d70519f2ae4e038a3397cdde74c31e7dd3b084ed8749750288a7d7",
                "fda10c332c3999cb089314aa589f88f0e56a5e8731269862f8a8faee62f6f101",
                "4a75380595fcf17ee71c720d5651cb6cb387cad53a7980203ecba477855f3cab",
                "280fa015ff6340ce9dee0ee8c3aae93e24afb3987ea26c544aeb0193f36d266f",
                "82eb8a67cfd4354d2d75d78ce5a63aa5e59b2f6497fe41d880af7bbe752158dd",
                "46d2e3f0d3edfd0c41005f089ff1d48ff3fca256ecf36afe293850189f558d9c",
                "272f3b60c2ca66ecf23b6d1b4c410f42125ebed700031b207032cb1735ca3df0",
                "6f4603ec2baec9f86473ed146ce1b9676672f022c5d22ee9f8379b92321fafc0",
                "0b6d32c7ef903993c0e96637c4f6bb235440b9c149fd7e9336254943609bf75b",
                "8b19c6f572c4b6855266cef53ba5a1c3c11bacb962323d477a388a32a820dd3d",
                "3625cb2ebf497f3644529e4664b015c25a151c3c8fefa21723b0ec81a744d91a",
                "4ac94d60ef185176d7ad5cb2944296f1b5f2ab823d1b31f51a397bd65c001674",
                "953f6f54fddfe79e6dabd874b9b4a2fd4bf845bcb5cf3c217129e3608cae987d"
            ],
            "type": "Script",
            "firstPartyCookies": {},
            "firstPartyCookiesSent": {
                "lotame_domain_check": 0.00000680781537204711
            },
            "exampleSites": [
                "gravidanza.alfemminile.com",
                "tribunatreviso.gelocal.it",
                "www.limesonline.com",
                "nuovavenezia.gelocal.it",
                "espresso.repubblica.it",
                "milano.repubblica.it",
                "www.formulapassion.it",
                "sessualita.alfemminile.com",
                "www.alfemminile.com",
                "amore.alfemminile.com",
                "roma.repubblica.it",
                "www.deejay.it",
                "messaggeroveneto.gelocal.it",
                "alfemminile.com",
                "ilpiccolo.gelocal.it",
                "www.huffingtonpost.it",
                "www.mymovies.it",
                "www.repubblica.it",
                "mattinopadova.gelocal.it",
                "www.lastampa.it"
            ]
        },
        {
            "rule": "kataweb\\.it\\/adsetup_cmp\\.js",
            "cookies": 0.0000204,
            "fingerprinting": 1,
            "subdomains": [
                "oasjs"
            ],
            "apis": {
                "Date.prototype.getTime": 5,
                "Navigator.prototype.userAgent": 5,
                "window.localStorage": 4,
                "Document.cookie getter": 4,
                "Document.cookie setter": 3
            },
            "sites": 5,
            "prevalence": 0.000034,
            "cnames": [],
            "responseHashes": [
                "435219e70ee1c6565b07a159d25c055bc79fda3ec750e791c37caab72470c258",
                "56af4634e6d8e4c422924f27d63d954196aa03895b647caed46effc16ff594b7",
                "7e80fea1db35cfa15e4e97da5362d2ef18ef54ad5480e502f7ce17b340fb730a",
                "c1290e3b8adb0756e6da35d2aeaf846633bfbadddefd0dcab64e82db57add287"
            ],
            "type": "Script",
            "firstPartyCookies": {
                "kw_1pc_enableds": {
                    "ttl": 311040001,
                    "length": 4,
                    "prevalence": 0.00001361563074409422,
                    "uniqueness": 0.5
                },
                "kw_prevUsrSts": {
                    "ttl": 31536001,
                    "length": 5,
                    "prevalence": 0.00001361563074409422,
                    "uniqueness": 0.5
                },
                "kw_repubblica_lpv_ls": {
                    "ttl": 483,
                    "length": 113,
                    "prevalence": 0.00002042344611614133,
                    "uniqueness": 1
                }
            },
            "firstPartyCookiesSent": {},
            "exampleSites": [
                "repubblica.it",
                "espresso.repubblica.it",
                "milano.repubblica.it",
                "roma.repubblica.it",
                "www.repubblica.it"
            ]
        },
        {
            "rule": "kataweb\\.it\\/zbanner_consorzio\\.js",
            "cookies": 0,
            "fingerprinting": 0,
            "subdomains": [
                "scripts"
            ],
            "apis": {},
            "sites": 5,
            "prevalence": 0.000034,
            "cnames": [],
            "responseHashes": [
                "e3b0c44298fc1c149afbf4c8996fb92427ae41e4649b934ca495991b7852b855"
            ],
            "type": "Script",
            "firstPartyCookies": {},
            "firstPartyCookiesSent": {},
            "exampleSites": [
                "repubblica.it",
                "espresso.repubblica.it",
                "milano.repubblica.it",
                "roma.repubblica.it",
                "www.repubblica.it"
            ]
        },
        {
            "rule": "kataweb\\.it\\/adsetup\\.real\\.js",
            "cookies": 0,
            "fingerprinting": 1,
            "subdomains": [
                "oasjs"
            ],
            "apis": {
                "Navigator.prototype.userAgent": 2
            },
            "sites": 3,
            "prevalence": 0.0000204,
            "cnames": [],
            "responseHashes": [
                "a4b0a428f641d74e4d93e69ffea9bb875cec4c42401d14d7b35d14ca74d332ad",
                "7725eca0dd0dd568180ffade1fc2e6dc77dfebaae879bd2bcfb82945682bbf1e"
            ],
            "type": "Script",
            "firstPartyCookies": {},
            "firstPartyCookiesSent": {},
            "exampleSites": [
                "repubblica.it",
                "espresso.repubblica.it",
                "www.alfemminile.com"
            ]
        },
        {
            "rule": "kataweb\\.it\\/storage\\/contentsense\\/consigli-feed\\/images\\/46-vetrine-vaporetto-polti-v01\\.jpg",
            "cookies": 0,
            "fingerprinting": 0,
            "subdomains": [
                "data"
            ],
            "apis": {},
            "sites": 6,
            "prevalence": 0.0000408,
            "cnames": [],
            "responseHashes": [
                "7a60caa5ebab3288938e07d9b81577d1658b0065fbcfd3ce408bf9e7abac946b"
            ],
            "type": "Image",
            "firstPartyCookies": {},
            "firstPartyCookiesSent": {},
            "exampleSites": [
                "gelocal.it",
                "mattinopadova.gelocal.it",
                "messaggeroveneto.gelocal.it",
                "nuovavenezia.gelocal.it",
                "tribunatreviso.gelocal.it",
                "www.ilsecoloxix.it"
            ]
        },
        {
            "rule": "kataweb\\.it\\/storage\\/contentsense\\/consigli-feed\\/images\\/34-vetrine-le-migliori-offerte-del-giorno-v01\\.jpg",
            "cookies": 0,
            "fingerprinting": 0,