{
    "domain": "kctag.net",
    "owner": {},
    "source": [
        "DuckDuckGo-US"
    ],
    "prevalence": 0.000116,
    "sites": 17,
    "subdomains": [
        "js",
        "t2"
    ],
    "cnames": [],
    "fingerprinting": 1,
    "resources": [
        {
            "rule": "kctag\\.net\\/kias-apodiscounter\\.js",
            "cookies": 0,
            "fingerprinting": 1,
            "subdomains": [
                "js"
            ],
            "apis": {
                "Date.prototype.getTime": 2,
                "Navigator.prototype.userAgent": 2
            },
            "sites": 2,
            "prevalence": 0.0000136,
            "cnames": [],
            "responseHashes": [
                "1e245c8f68b655bbb8c1090900b9a7721eeb0a1d6dbaf97d49901308ac065475"
            ],
            "type": "Script",
            "firstPartyCookies": {},
            "firstPartyCookiesSent": {},
            "exampleSites": [
                "apodiscounter.de",
                "www.apodiscounter.de"
            ]
        },
        {
            "rule": "kctag\\.net\\/live\\/json",
            "cookies": 0,
            "fingerprinting": 0,
            "subdomains": [
                "t2"
            ],
            "apis": {},
            "sites": 10,
            "prevalence": 0.0000681,
            "cnames": [],
            "responseHashes": [
                "c1754941bbfcf2aea5c701762b0913f4a8bee7513fb5503b5939a1473bd983fe",
                "99b265b7d5e080a6b26b55ce64feee48ac42a893adac2fd3c2c422fb5eb95e20",
                "a8b986060ee0f372dec36a39051a7fe0edfee55efc6467274e60b64b2687abba",
                "f79d764dbce0085a21f8ca60c984d5638c83acb50729bf4e70a79b537ac30b64",
                "67c9ab6e996993c308f1607386daad2c66f6770ac16fdb53f5e300e2cbc32ff3",
                "a0d309041cd8d479abd30fdacdca4802d1a7168abf5435989ef03d4ea0cd96da",
                "af48de83f19e997bf26ea4934a22ddfaab98a8b428e6ce850dad25f58503e868",
                "0685f3487aa5e9404a828c80ff545c3dd44807a8843ed3d26d299758cd3d8576",
                "041719385155ff3b0305e5bd01f8c0ac894f35ae30d016d4fddb1d477e7153f3"
            ],
            "type": "Script",
            "firstPartyCookies": {},
            "firstPartyCookiesSent": {},
            "exampleSites": [
                "apodiscounter.de",
                "www.aponeo.de",
                "www.apotheke.de",
                "www.bio-apo.de",
                "www.docmorris.de",
                "www.expert-technomarkt.de",
                "www.medikamente-per-klick.de",
                "www.medizinfuchs.de",
                "www.medpex.de",
                "www.sanicare.de"
            ]
        },
        {
            "rule": "kctag\\.net\\/kias-aponeode\\.js",
            "cookies": 0,
            "fingerprinting": 1,
            "subdomains": [
                "js"
            ],
            "apis": {
                "Date.prototype.getTime": 2,
                "Navigator.prototype.userAgent": 2,
                "Document.cookie getter": 2,
                "window.innerWidth": 2,
                "window.innerHeight": 1
            },
            "sites": 2,
            "prevalence": 0.0000136,
            "cnames": [],
            "responseHashes": [
                "c3040321e2a2610883ff46c65faa2c6f95272a35018a5215b41c1cd620e2337a"
            ],
            "type": "Script",
            "firstPartyCookies": {},
            "firstPartyCookiesSent": {},
            "exampleSites": [
                "aponeo.de",
                "www.aponeo.de"
            ]
        },
        {
            "rule": "kctag\\.net\\/kias-apotheke\\.js",
            "cookies": 0,
            "fingerprinting": 1,
            "subdomains": [
                "js"
            ],
            "apis": {
                "Date.prototype.getTime": 2,
                "Navigator.prototype.userAgent": 2,
                "Document.cookie getter": 2,
                "window.innerWidth": 2,
                "window.innerHeight": 1
            },
            "sites": 2,
            "prevalence": 0.0000136,
            "cnames": [],
            "responseHashes": [
                "e26a50c9d09abafbc57b50378d41efcbac7faf2e7449bd52ffa2e2faabdbbc86"
            ],
            "type": "Script",
            "firstPartyCookies": {},
            "firstPartyCookiesSent": {},
            "exampleSites": [
                "apotheke.de",
                "www.apotheke.de"
            ]
        },
        {
            "rule": "kctag\\.net\\/kias-bioapo\\.js",
            "cookies": 0,
            "fingerprinting": 1,
            "subdomains": [
                "js"
            ],
            "apis": {
                "Date.prototype.getTime": 2,
                "Navigator.prototype.userAgent": 2,
                "Document.cookie getter": 2,
                "window.innerWidth": 2,
                "window.innerHeight": 1
            },
            "sites": 2,
            "prevalence": 0.0000136,
            "cnames": [],
            "responseHashes": [
                "0ebe27bdde9bec9f83e04aeca67e7017baf7670aa03d6261367a8030be1a85ca"
            ],
            "type": "Script",
            "firstPartyCookies": {},
            "firstPartyCookiesSent": {},
            "exampleSites": [
                "bio-apo.de",
                "www.bio-apo.de"
            ]
        },
        {
            "rule": "kctag\\.net\\/kias-expert-technomarkt\\.js",
            "cookies": 0.00000681,
            "fingerprinting": 1,
            "subdomains": [
                "js"
            ],
            "apis": {
                "Date.prototype.getTime": 2,
                "Navigator.prototype.userAgent": 2,
                "window.innerHeight": 2,
                "window.innerWidth": 2,
                "Document.cookie getter": 1,
                "Document.cookie setter": 1
            },
            "sites": 2,
            "prevalence": 0.0000136,
            "cnames": [],
            "responseHashes": [
                "5679ef79f5df4f0e75f386dd551f2924c612530f022b78dbd6e1e9845e2a6463"
            ],
            "type": "Script",
            "firstPartyCookies": {
                "ksid": {
                    "ttl": null,
                    "length": 24,
                    "prevalence": 0.000006807073911208528,
                    "uniqueness": 1
                }
            },
            "firstPartyCookiesSent": {},
            "exampleSites": [
                "expert-technomarkt.de",
                "www.expert-technomarkt.de"
            ]
        },
        {
            "rule": "kctag\\.net\\/kias-mpk\\.js",
            "cookies": 0,
            "fingerprinting": 1,
            "subdomains": [
                "js"
            ],
            "apis": {
                "Date.prototype.getTime": 2,
                "Navigator.prototype.userAgent": 2,
                "Document.cookie getter": 2,
                "window.innerWidth": 2,
                "window.innerHeight": 2
            },
            "sites": 2,
            "prevalence": 0.0000136,
            "cnames": [],
            "responseHashes": [
                "2a474d2fee64518d39ba280dbd97763da09c851100623e77a6733619c91eb422"
            ],
            "type": "Script",
            "firstPartyCookies": {},
            "firstPartyCookiesSent": {},
            "exampleSites": [
                "medikamente-per-klick.de",
                "www.medikamente-per-klick.de"
            ]
        },
        {
            "rule": "kctag\\.net\\/kias-sanicare\\.js",
            "cookies": 0,
            "fingerprinting": 1,
            "subdomains": [
                "js"
            ],
            "apis": {
                "Date.prototype.getTime": 2,
                "Navigator.prototype.userAgent": 2,
                "Document.cookie getter": 2,
                "window.innerWidth": 2,
                "window.innerHeight": 1
            },
            "sites": 2,
            "prevalence": 0.0000136,
            "cnames": [],