{
    "domain": "lbry.tech",
    "owner": {},
    "source": [
        "DuckDuckGo-US"
    ],
    "prevalence": 0.000177,
    "sites": 26,
    "subdomains": [
        "sentry"
    ],
    "cnames": [],
    "fingerprinting": 0,
    "resources": [
        {
            "rule": "lbry\\.tech\\/api\\/2\\/store\\/",
            "cookies": 0,
            "fingerprinting": 0,
            "subdomains": [
                "sentry"
            ],
            "apis": {},
            "sites": 21,
            "prevalence": 0.000143,
            "cnames": [],
            "responseHashes": [
                "3b2cafe7688e0a62e49a60ff4b06031857e1b52036d855e6510a63e5bc3718e5",
                "5c0c1c9658be46cfbfa36e26baaaffbc000a73d489992b7a8257aa27dbd079a8",
                "9dea7fc9eb64fb6d2a4d6dfc261e7a9f7f23395870ac26932de5de43453cb5aa",
                "98da9416b1a28e0f1adf69e9a1d94339aab58120731e755466714612d74c6516",
                "d7cbb23abe52f0f56112768502b623a313656899c9d9db8de6050883caa82d3c",
                "a88ef6a6c1d1ab4f977b4f0dd21912932440a654adf2423bc22660b3d1191ecc",
                "efc1f959d376d5099bebae340e4a8c40ee98a51a1180aba8d3ad66d3194799eb",
                "9bc3bdd3665cf3bc226e4683e33f11ab6467d06dc5935b4d93a052b5908acde8",
                "90397f74ff32fbbd000b48e18acb13fad217d10c54d1413b7ee6d24592267b08",
                "4141866ef34b538f193333eaf2fead5ae8225752f706b4a28b045a1201ad4951",
                "e780a499077c632d3c08ed390b56e16af3fa432b93d3c6ce1e5cf44b58ec6d80",
                "73ecccfa3e4062fc6b7028c7427dd47cc5d2593b9a1274b637397f98a552e4b5",
                "bc510bdfb4e333b40eaf6a7e1c1dd08a353c2cb2e568db9b489cbeee24415f8e",
                "41ed99dc76f27697632d70f3c5df292d92b1d621500c3f50bfc536cb8609c711",
                "c981ca94537a124ce3666bdf2fbfdd36521e866a28ea0ebb681e2594ddfc15b2",
                "05e4b38049ba838752a3c5e2022ed3d3ca04563999354a2bbd059b7dd17a9f20",
                "f798d57fa30cb321629ed1b50efc308bbd231addfe7dac29018b68432c8b1edd",
                "ab64311e4100a6daba151c736cebee8922413b2948e466b7ce4a9d0ce83472a5",
                "73b18b2bfe1622c5d5568fa2284a5aa0d52323390e271a9dec82fd595819c4e4",
                "09cd99624653824b830ca4a064714089b58e1a3a7563f5561576dce266f99eb1"
            ],
            "type": "Fetch",
            "firstPartyCookies": {},
            "firstPartyCookiesSent": {},
            "exampleSites": [
                "odysee.com",
                "www.johndenugent.com",
                "eevblog.com",
                "hugotalks.com",
                "lecourrierdesstrateges.fr",
                "action-zealandia.com",
                "andreaskalcker.com",
                "worldfreedomalliance.org",
                "www.whatonearthishappening.com",
                "peoplesworldwar.com",
                "freenz.org",
                "rapsodia.fi",
                "echelledejacob.blogspot.com",
                "jermwarfare.com",
                "covid19criticalcare.com",
                "sinsd.com",
                "egaliteetreconciliation.fr",
                "www.medicdebate.org",
                "lbry.com",
                "dollarvigilante.com"
            ]
        }
    ],
    "categories": [],
    "performance": {},
    "cookies": 0,
    "types": {
        "Fetch": 21
    },
    "nameservers": [
        "jill.ns.cloudflare.com",
        "evan.ns.cloudflare.com"
    ]
}