{
    "domain": "leadintel.io",
    "owner": {},
    "source": [
        "DuckDuckGo-US"
    ],
    "prevalence": 0.000312,
    "sites": 46,
    "subdomains": [],
    "cnames": [],
    "fingerprinting": 1,
    "resources": [
        {
            "rule": "leadintel\\.io\\/login-check",
            "cookies": 0,
            "fingerprinting": 1,
            "subdomains": [],
            "apis": {
                "Document.cookie getter": 2
            },
            "sites": 24,
            "prevalence": 0.000163,
            "cnames": [],
            "responseHashes": [
                "786b4b9e686cfcff376657f8d41fad9e89172d8db1b305c7da19b6519233fb8e",
                "2beb9f379e472ae38eaa6ff3715d1e8bedd9dcf00e7cf40f88c88e03cf38c022",
                "d600dd343d523908392205243c52f8cf2b09e75995a58aa265ee8009a7238506",
                "710b379ace0dc08700ba0f35e7f201218a8cb279fb2b24c1ab2bc4655be92130",
                "0a3fcdb673b65ef904cc73b823b0a12fe2d6ff0fb353fa98625a097bb93b0fd2",
                "0fc36d880d79e05c8a1b4e6c5f1c1d398180450d3069357be6904b751b68b1c2",
                "6050860e23f678b12cafdb6d965cf465828197fbc095e4b114aa375aa7bf202c",
                "599e09a7b07d32059a3ad5c68fcf86171a253e1aa3a5faefa4f75fa7cdf553a6",
                "457a2bdd9e69ee6667648e07f861a9db2c1c2a339b917e4006a7126292ab8c81",
                "f0a81026cce579dd5a249ac446a7e560e9e8a9cac6fc763f313f77301fa8f939",
                "30ec2f25aae0e5269138015b64b7c6e152ded02410bde93bdc21290ed024e89b",
                "49d6d08d20e20237ddff83d0ba0b3634a956828e5f3c23858b0fe34a41df388f",
                "6df55bd6b7597f1f2c854861e8deea0bf104088dfa007902f78a94b848363ee6"
            ],
            "type": "Script",
            "firstPartyCookies": {},
            "firstPartyCookiesSent": {
                "cookies.js_dtest": 0.00010179498490041057,
                "parsely_uuid": 0.00010179498490041057
            },
            "exampleSites": [
                "www.homesandgardens.com",
                "www.mby.com",
                "www.rugbyworld.com",
                "www.yachtingworld.com",
                "forums.golfmonthly.com",
                "www.horseandhound.co.uk",
                "forums.ybw.com",
                "www.mbr.co.uk",
                "www.marieclaire.co.uk",
                "www.homebuilding.co.uk",
                "www.livingetc.com",
                "www.nexttv.com",
                "www.yachtingmonthly.com",
                "www.countrylife.co.uk",
                "forums.horseandhound.co.uk",
                "www.wallpaper.com",
                "www.decanter.com",
                "www.golfmonthly.com",
                "www.pbo.co.uk",
                "www.womanandhome.com"
            ]
        },
        {
            "rule": "leadintel\\.io\\/track",
            "cookies": 0.000143,
            "fingerprinting": 0,
            "subdomains": [],
            "apis": {},
            "sites": 21,
            "prevalence": 0.000143,
            "cnames": [],
            "responseHashes": [
                "e291a4a5babfebfe9aa91c8ec2a565abfb09618e1fcefff11ff5c9cd16c93305",
                "361f0b5bad1936743e1d65886c3e98e5b6fd639e52f8002877d5e5600ab5bf99",
                "981afe5cf4fc0365fe12fff537a91077d2b7cf7202bb5cc190479c482c574ddd",
                "b9702a898a852e28a9d3d04683dfe232238b13c830d18441304b9053662d46de",
                "00d229d695f55a82027adab6fde255aa4e0df084d17d922dacdb3c4f61d1ab97",
                "c265952847fd6fac8d898c08c2704f245be31e2cfe12a0704fdec8241439c0bc",
                "d3857ba375a069209bd8879205e900550fdb90adcf9973d252741296b9787dad",
                "dd3ce14cbd6a7acd11655122fdd2508edf0bf918fc540bbd67d09d06b6339c9f",
                "1f4a8cbea236130ea986b3bbbeae28472980bf9a5a787efcaeb33789d6cedb45",
                "ebf7cb69424cad6d5b62616e3ded98337ec7f6618785508bffb6ee5581552fb8",
                "48588e3877195fab2255a81d26cc7e3a32369b5a98a74560b74cdcd41343ac2e",
                "d73354f30e3e51e1c643d83f7a72b56928efb623e3dae14d84497c0d554681aa",
                "bf1809471ad2c09408e8287b81ede5fc24d586d0094a21a2d4cf45bdb3e46369",
                "bbff0cae19331d25125fe1c50391cf1ad9095f169f224c08e8fbae716403c201",
                "aaa5f46002ed7b8e6029d8860159d035fb0b6814bbb48f0a73bd9b82662a2ba0",
                "fbac8ad50e1fdad0e10a0de2e023cd9c993e63de31d2078691e1fbe352abb9ee",
                "e06a2d3991c6ce932e4a53551327881826ec2fee4bf77d14eb50e631ba02ff45",
                "8ddfbf0dda271cf2950e39444a1403f6e9fc0733e09cd35f8695f6c240790a9d",
                "18a3d9138e25d198eb37923078695d50ba9dafb9d27bacc31bd84a08bafc5a0b",
                "4eacf9acdc526895757b0529c54cfebe37f086e814134468f521c95807c6a046"
            ],
            "type": "Script",
            "firstPartyCookies": {},
            "firstPartyCookiesSent": {
                "cookies.js_dtest": 0.00008143598792032845,
                "parsely_uuid": 0.00008143598792032845,
                "get_top_level_domain_cookie": 0.000013572664653388076,
                "_li_dcdm_c": 0.000013572664653388076,
                "_cats": 0.000006786332326694038,
                "lotame_domain_check": 0.000006786332326694038
            },
            "exampleSites": [
                "www.shootinguk.co.uk",
                "forums.ybw.com",
                "www.yachtingworld.com",
                "www.mixonline.com",
                "www.rugbyworld.com",
                "www.homebuilding.co.uk",
                "www.horseandhound.co.uk",
                "www.pbo.co.uk",
                "www.nexttv.com",
                "forums.golfmonthly.com",
                "www.marieclaire.co.uk",
                "www.wallpaper.com",
                "www.mbr.co.uk",
                "golfmonthly.com",
                "www.countrylife.co.uk",
                "www.yachtingmonthly.com",
                "www.mby.com",
                "www.whathifi.com",
                "www.livingetc.com",
                "forums.horseandhound.co.uk"
            ]
        },
        {
            "rule": "leadintel\\.io\\/m\\/",
            "cookies": 0.0000136,
            "fingerprinting": 0,
            "subdomains": [],
            "apis": {},
            "sites": 2,
            "prevalence": 0.0000136,
            "cnames": [],
            "responseHashes": [
                "71952614cddd586cd533360289e95befe4c12c2a212983854b37f2b709f8f0f2"
            ],
            "type": "Script",
            "firstPartyCookies": {},
            "firstPartyCookiesSent": {},
            "exampleSites": [
                "countrylife.co.uk",
                "www.nexttv.com"
            ]
        },
        {
            "rule": "leadintel\\.io\\/li\\/event",
            "cookies": 0,
            "fingerprinting": 0,
            "subdomains": [],
            "apis": {},
            "sites": 3,
            "prevalence": 0.0000204,
            "cnames": [],
            "responseHashes": [
                "1866961a029c65376fefb7f2ba1e6187e09ff50ea58d97dedfd72c197947d002"
            ],
            "type": "Image",
            "firstPartyCookies": {},
            "firstPartyCookiesSent": {
                "cookies.js_dtest": 0.000006786332326694038,
                "parsely_uuid": 0.000006786332326694038
            },
            "exampleSites": [
                "countrylife.co.uk",
                "www.countrylife.co.uk",
                "www.nexttv.com"
            ]
        }
    ],
    "categories": [],
    "performance": {},
    "cookies": 0.000271,
    "types": {
        "Script": 47,
        "Image": 3
    },
    "nameservers": [
        "ns-31.awsdns-03.com",
        "ns-887.awsdns-46.net",
        "ns-1508.awsdns-60.org",
        "ns-1841.awsdns-38.co.uk"
    ]
}