{
    "domain": "liaisondegreedaughters.com",
    "owner": {},
    "source": [
        "DuckDuckGo-US"
    ],
    "prevalence": 0.0000406,
    "sites": 6,
    "subdomains": [],
    "cnames": [],
    "fingerprinting": 1,
    "resources": [
        {
            "rule": "liaisondegreedaughters\\.com\\/11\\/61\\/29\\/1161294bdf84d07019f576208d7911a6\\.js",
            "cookies": 0.00000677,
            "fingerprinting": 1,
            "subdomains": [],
            "apis": {
                "Document.cookie getter": 1,
                "Document.cookie setter": 1
            },
            "sites": 2,
            "prevalence": 0.0000135,
            "cnames": [],
            "responseHashes": [],
            "type": "Script",
            "firstPartyCookies": {
                "dom3ic8zudi28v8lr6fgphwffqoz0j6c": {
                    "ttl": 604799,
                    "length": 44,
                    "prevalence": 0.000006768601809924124,
                    "uniqueness": 1
                },
                "sb_page_1161294bdf84d07019f576208d7911a6": {
                    "ttl": 2894,
                    "length": 1,
                    "prevalence": 0.000006768601809924124,
                    "uniqueness": 1
                },
                "sb_idelay_1161294bdf84d07019f576208d7911a6": {
                    "ttl": 13,
                    "length": 1,
                    "prevalence": 0.000006768601809924124,
                    "uniqueness": 1
                },
                "sb_delay_1161294bdf84d07019f576208d7911a6": {
                    "ttl": 13,
                    "length": 1,
                    "prevalence": 0.000006768601809924124,
                    "uniqueness": 1
                },
                "sb_onpage_1161294bdf84d07019f576208d7911a6": {
                    "ttl": null,
                    "length": 1,
                    "prevalence": 0.000006768601809924124,
                    "uniqueness": 1
                },
                "sb_main_1161294bdf84d07019f576208d7911a6": {
                    "ttl": 2894,
                    "length": 1,
                    "prevalence": 0.000006768601809924124,
                    "uniqueness": 1
                },
                "sb_count_1161294bdf84d07019f576208d7911a6": {
                    "ttl": 2894,
                    "length": 1,
                    "prevalence": 0.000006768601809924124,
                    "uniqueness": 1
                }
            },
            "firstPartyCookiesSent": {},
            "exampleSites": [
                "javhdporn.net",
                "www2.javhdporn.net"
            ]
        },
        {
            "rule": "liaisondegreedaughters\\.com\\/2b\\/d8\\/d3\\/2bd8d300136a6fd50bcb5a7f3f4a12fa\\.js",
            "cookies": 0.0000135,
            "fingerprinting": 1,
            "subdomains": [],
            "apis": {
                "Document.cookie getter": 2,
                "Document.cookie setter": 2
            },
            "sites": 2,
            "prevalence": 0.0000135,
            "cnames": [],
            "responseHashes": [
                "f0ecb0dc32d0f3456ade540dcedc1fa5fa06e281f88a21332b9f308d0456d3a7"
            ],
            "type": "Script",
            "firstPartyCookies": {
                "dom3ic8zudi28v8lr6fgphwffqoz0j6c": {
                    "ttl": 604800,
                    "length": 44,
                    "prevalence": 0.000013537203619848248,
                    "uniqueness": 1
                }
            },
            "firstPartyCookiesSent": {},
            "exampleSites": [
                "bestjavporn.com",
                "www4.bestjavporn.com"
            ]
        },
        {
            "rule": "liaisondegreedaughters\\.com\\/bd\\/c5\\/cb\\/bdc5cb8b2e296781c619654a74511b5d\\.js",
            "cookies": 0.0000135,
            "fingerprinting": 2,
            "subdomains": [],
            "apis": {
                "Document.cookie getter": 2,
                "Document.cookie setter": 2,
                "window.innerWidth": 2,
                "Notification.permission": 2,
                "Navigator.prototype.plugins": 2,
                "Navigator.prototype.languages": 1,
                "Navigator.prototype.language": 1
            },
            "sites": 2,
            "prevalence": 0.0000135,
            "cnames": [],
            "responseHashes": [
                "41bda038c5ad0100068b0ed3a0d4575ffceb20d4527e198560e2ae8b51311c38"
            ],
            "type": "Script",
            "firstPartyCookies": {
                "dom3ic8zudi28v8lr6fgphwffqoz0j6c": {
                    "ttl": 604801,
                    "length": 44,
                    "prevalence": 0.000013537203619848248,
                    "uniqueness": 1
                },
                "sb_page_bdc5cb8b2e296781c619654a74511b5d": {
                    "ttl": 2881,
                    "length": 1,
                    "prevalence": 0.000013537203619848248,
                    "uniqueness": 0.5
                },
                "sb_idelay_bdc5cb8b2e296781c619654a74511b5d": {
                    "ttl": 0,
                    "length": 1,
                    "prevalence": 0.000013537203619848248,
                    "uniqueness": 0.5
                },
                "sb_delay_bdc5cb8b2e296781c619654a74511b5d": {
                    "ttl": 0,
                    "length": 1,
                    "prevalence": 0.000013537203619848248,
                    "uniqueness": 0.5
                },
                "sb_onpage_bdc5cb8b2e296781c619654a74511b5d": {
                    "ttl": null,
                    "length": 1,
                    "prevalence": 0.000013537203619848248,
                    "uniqueness": 0.5
                },
                "sb_main_bdc5cb8b2e296781c619654a74511b5d": {
                    "ttl": 2881,
                    "length": 1,
                    "prevalence": 0.000013537203619848248,
                    "uniqueness": 0.5
                },
                "sb_count_bdc5cb8b2e296781c619654a74511b5d": {
                    "ttl": 2881,
                    "length": 1,
                    "prevalence": 0.000013537203619848248,
                    "uniqueness": 0.5
                },
                "pbpr0tpuw4isk85t8yg3jb2lj5vqf": {
                    "ttl": 11,
                    "length": 27,
                    "prevalence": 0.000013537203619848248,
                    "uniqueness": 1
                }
            },
            "firstPartyCookiesSent": {},
            "exampleSites": [
                "javxxx.me",
                "www4.javxxx.me"
            ]
        }
    ],
    "categories": [],
    "performance": {},
    "cookies": 0.0000338,
    "topInitiators": [
        {
            "domain": "cloudflare.com",
            "prevalence": 1
        }
    ],
    "types": {
        "Script": 6
    },
    "nameservers": [
        "ns1.publicdnsservice.com",
        "ns2.publicdnsservice.com",
        "ns3.publicdnsservice.com",
        "ns4.publicdnsservice.com"
    ]
}