{
    "domain": "linkconnector.com",
    "owner": {
        "name": "LinkConnector Corporation",
        "displayName": "LinkConnector"
    },
    "source": [
        "DuckDuckGo-US"
    ],
    "prevalence": 0.000552,
    "sites": 81,
    "subdomains": [
        "www"
    ],
    "cnames": [],
    "fingerprinting": 1,
    "resources": [
        {
            "rule": "linkconnector\\.com\\/uts_lp\\.php",
            "cookies": 0.000286,
            "fingerprinting": 1,
            "subdomains": [
                "www"
            ],
            "apis": {
                "Document.cookie getter": 41,
                "window.localStorage": 40,
                "Date.prototype.getTime": 42,
                "Document.cookie setter": 41
            },
            "sites": 42,
            "prevalence": 0.000286,
            "cnames": [],
            "responseHashes": [
                "fdb6aef9c1c5816f9e479b64c87d2bdb7fa647eebef27a40fb00d8094b26a723",
                "df6534c1f9a4df64d65e4c31f9173d6580161758c74e9d1c5b8af7f0e42005a4",
                "c40eccc6591088a67022188bd3c7d1883a06e3be63d22f050bff952711447154",
                "41c0987966976898bbf26bdd73ddc99c8755970a24f469bd0bab71759a835b5c",
                "8bf704acdf28576dd6b95e497aa1985b2454d19a7529aff232225e61131862db",
                "5e78ac5f68a6ab377bbc35a4966f007f8d8a2d457fffbf7fec3c6850aac05dad",
                "76637deaa0f5857ba4502bb9c36c2cf6d8a7392ff1b13807ce6ec7c1c4d7cc52",
                "93bc46b6291d82ffab0c97430dea0b96ee3f0ff2a2e07344763b219bc93cd2a1",
                "5564a014013b07b84d365ac37c5067b73f14f7995e5dd0b8518f070f4240790c",
                "c4f47928493797f54c8d7b6c8e28a163829e318d4368f2b69a084cda89579354",
                "b07a2b46e652ea9b8ae889ecf6e31f96347b8bb0b5f27ef7708c62c0249b574a",
                "753379fa992be83e872bc4dcb5d93ff7b776cc8a637962dcd8f8904db13a2923",
                "fc6413856912ca35cbe8c9ac9028a47544cfe191d6503b4b801137e5444403a6",
                "3f4f6bfa700e965000e1973a4258d13f550f2aaedcceba23e6af781e7487d72b",
                "e3a7ac94ed53ed225ce0da75ff13b9cfaacc8e8dba1ad7d9353aa7846bbcae79",
                "08e52e011deb12a764fd3a83d84125768ffcfe0e96c87feb37e2ce444816cb7a",
                "9a46f3b8aa02cb1efbf11ce9e28f6a176d7fb0a5e372415fe35e878287cb7321",
                "8688a031af1319656a8c4cd57ce6dc946719748b90b491d825a401b0145b7e43",
                "6be565ca797100667635db408d3c006b75bff03569b336bb2ebb30307a7e8b09",
                "4c42476fa884fb9dd3d6c237b624d10b287b4cc71797801e2d0a3e833c25eecb",
                "d3642032e641c6e1acfe373c6ee02de65536fc1a6cfc6a13451473b5eea6dbe8",
                "2c2fe2232a6f551aec37ca3900242d6e28d2221cc29c84c0578015e4f383becd",
                "e62c5bcb86798f6e75254ad341c267e9d228a4e3fac8e30fc691d37668397d7c",
                "2fa5ae23f8803fbf564a414a04dad1df57421ca06f79cb9fdc692ff26c369810",
                "bf5f58ceae174221f2cef8d40de64c9d65749e4a1202ff1f30e53bef432a0d6d",
                "ab98a0bcf08878db8edb14100e1151d310bbe63006b649b2e29b7d1ee226f60d",
                "e6eecf96320bea862e4aaddc4fdea2d1f57522be3149e2ce23acf7818812e854",
                "db417eba09b0080c9e9e34630ea0d84096fa14acddd2255d5fbaadf331308c54",
                "7d7873d7dfc685783e6effea03db5c5f055ea2bb4c610dcbf22911324793f919",
                "a0571d12b98a4fa4247fba30805c01017f024c9d10b6d36ff25bee508a8ba471",
                "37f536708e63b5f25b14bd2b591944082a8a120817ad59cc3abd8bdcdd777e86",
                "6f71656d4268cc2f8215d359e6e6972c18319065cf513ddd04c5c621e8228e5d",
                "d93dbfce48da8e12c0230269aaa45ee39d11511615bf397a877c96c4b2e9df3c",
                "c968250a07d9e34cd874038831cd6f871634a5a758a12568f85c6ec6faf306ae",
                "a181f89316ff81280be7c3521a3c99ad35f5facc67b01f409ecfa976404efa1c",
                "07868dea77005c45571d597856e17441f39ca68e8a946d19aeaad683a5b10306",
                "a5a82a3e10f33d80a6f90b48ef1dc280d56cd4c831c8837916fd5d5b07d3cc89",
                "865110078b1265e8123e85a822a5c256e7176aab828d6babffe41c93b23cf733",
                "21408a5c7afebad4542d70e59ad0d232c996c979c8e66f70ea61633159cadfc5",
                "adb04fe9158ac04fb212d0dc45a2127900fdb996a5328780a5472ee806104188",
                "e16edb48656444b142adaa236bcba6e4e30e932586312d11c66f4087c30c0815"
            ],
            "type": "Script",
            "firstPartyCookies": {
                "uts_id": {
                    "ttl": 157680001,
                    "length": 17,
                    "prevalence": 0.0002591486285581789,
                    "uniqueness": 1
                },
                "LCUTS_UID_901602": {
                    "ttl": 3601,
                    "length": 6,
                    "prevalence": 0.00002045910225459307,
                    "uniqueness": 0.3333333333333333
                },
                "LCUTS_UID_900133": {
                    "ttl": 3603,
                    "length": 6,
                    "prevalence": 0.0001227546135275584,
                    "uniqueness": 0.05555555555555555
                },
                "LCUTS_UID_901731": {
                    "ttl": 3600,
                    "length": 6,
                    "prevalence": 0.000006819700751531023,
                    "uniqueness": 1
                },
                "LCUTS_UID_900723": {
                    "ttl": 3600,
                    "length": 6,
                    "prevalence": 0.000006819700751531023,
                    "uniqueness": 1
                },
                "LCUTS_UID_900594": {
                    "ttl": 3601,
                    "length": 6,
                    "prevalence": 0.00002727880300612409,
                    "uniqueness": 0.25
                },
                "LCUTS_UID_901876": {
                    "ttl": 3603,
                    "length": 6,
                    "prevalence": 0.000006819700751531023,
                    "uniqueness": 1
                },
                "LCUTS_UID_901600": {
                    "ttl": 3602,
                    "length": 6,
                    "prevalence": 0.000006819700751531023,
                    "uniqueness": 1
                },
                "LCUTS_UID_901594": {
                    "ttl": 3601,
                    "length": 6,
                    "prevalence": 0.000006819700751531023,
                    "uniqueness": 1
                },
                "LCUTS_UID_901518": {
                    "ttl": 3603,
                    "length": 6,
                    "prevalence": 0.000013639401503062045,
                    "uniqueness": 0.5
                },
                "LCUTS_UID_901826": {
                    "ttl": 3601,
                    "length": 6,
                    "prevalence": 0.000006819700751531023,
                    "uniqueness": 1
                },
                "LCUTS_UID_901889": {
                    "ttl": 3600,
                    "length": 6,
                    "prevalence": 0.000006819700751531023,
                    "uniqueness": 1
                },
                "LCUTS_UID_900216": {
                    "ttl": 3601,
                    "length": 6,
                    "prevalence": 0.000006819700751531023,
                    "uniqueness": 1
                },
                "LCUTS_UID_901229": {
                    "ttl": 3603,
                    "length": 6,
                    "prevalence": 0.000006819700751531023,
                    "uniqueness": 1
                },
                "LCUTS_UID_901808": {
                    "ttl": 3600,
                    "length": 6,
                    "prevalence": 0.000006819700751531023,
                    "uniqueness": 1
                },
                "LCUTS_UID_901746": {
                    "ttl": 3601,
                    "length": 6,
                    "prevalence": 0.000006819700751531023,
                    "uniqueness": 1
                },
                "LCUTS_UID_901609": {
                    "ttl": 3601,