{
    "domain": "livemarketshoppers.com",
    "owner": {},
    "source": [
        "DuckDuckGo-US"
    ],
    "prevalence": 0.000183,
    "sites": 27,
    "subdomains": [
        "app",
        "hits3"
    ],
    "cnames": [],
    "fingerprinting": 2,
    "resources": [
        {
            "rule": "livemarketshoppers\\.com\\/fullthrottlelims\\.js",
            "cookies": 0.0000611,
            "fingerprinting": 1,
            "subdomains": [
                "app"
            ],
            "apis": {
                "Document.cookie getter": 9,
                "Date.prototype.getTime": 9,
                "Document.cookie setter": 9,
                "Navigator.prototype.userAgent": 9,
                "Navigator.prototype.language": 9,
                "Date.prototype.getTimezoneOffset": 9
            },
            "sites": 16,
            "prevalence": 0.000109,
            "cnames": [],
            "responseHashes": [
                "aefe40a88dccd92dfc4ba6e66087f8bf57a7592d4b61746c51712278c809c202",
                "f7436b857493faa8bb9173b7cba25212c1e1fb83545d02681d9389370eca85e2",
                "50bf3c8999c32f8b9b97e84a89088542d2dc2c3100c52726bc9c60e6d6b53ecb",
                "142c39f32f9f58749be3f6dbe37bbcf1ab607a40c64bf22f5b85f44a04322f68",
                "9d486611f3dff3a9319f8637ff5ef940ece6c441d5b78661cd7880d615635885",
                "dab71d28a04116ce5bb5911cc58538efc43c3e761e0e6d2c34b6b1b692bc85e2",
                "33f05c9ecafcb2a2124e826953461cf2982b09a731707965dd232e73c680c00b",
                "20e23a5bf7d45d0bcefd88a14cc96fc946924b6a123944558a7973f6b70083e2",
                "0ad2cfeaa198a0eedb66110b2bddcfa6fee30b7ec4e722b10641f997c5eca47a"
            ],
            "type": "Script",
            "firstPartyCookies": {
                "fullthrottlelims_t2": {
                    "ttl": 630720003,
                    "length": 10,
                    "prevalence": 0.00006107243190423842,
                    "uniqueness": 1
                },
                "r": {
                    "ttl": 7203,
                    "length": 1,
                    "prevalence": 0.00006107243190423842,
                    "uniqueness": 0.1111111111111111
                }
            },
            "firstPartyCookiesSent": {},
            "exampleSites": [
                "emerson.com",
                "insinkerator.emerson.com",
                "mhsrv.com",
                "shop.advanceautoparts.com",
                "store.vioc.com",
                "www.alamo.edu",
                "www.fsresidential.com",
                "www.group1auto.com",
                "www.k12.com",
                "www.lonestar.edu",
                "www.masterspas.com",
                "www.members1st.org",
                "www.mitsubishicars.com",
                "www.pxg.com",
                "www.vioc.com",
                "www.visitpensacola.com"
            ]
        },
        {
            "rule": "livemarketshoppers\\.com\\/fullthrottlelims_pxl\\.gif",
            "cookies": 0,
            "fingerprinting": 0,
            "subdomains": [
                "hits3"
            ],
            "apis": {},
            "sites": 9,
            "prevalence": 0.0000611,
            "cnames": [],
            "responseHashes": [
                "f4eef8263281c0b26486637831251059757bc3fdc4c3a48045a8ef8646b36e8f"
            ],
            "type": "Image",
            "firstPartyCookies": {},
            "firstPartyCookiesSent": {
                "fullthrottlelims_t2": 0.00006107243190423842
            },
            "exampleSites": [
                "emerson.com",
                "insinkerator.emerson.com",
                "store.vioc.com",
                "www.fsresidential.com",
                "www.group1auto.com",
                "www.k12.com",
                "www.members1st.org",
                "www.mitsubishicars.com",
                "www.vioc.com"
            ]
        }
    ],
    "categories": [],
    "performance": {},
    "cookies": 0.000095,
    "types": {
        "Script": 16,
        "Image": 9
    },
    "nameservers": [
        "ns-945.awsdns-54.net",
        "ns-1172.awsdns-18.org",
        "ns-1996.awsdns-57.co.uk",
        "ns-432.awsdns-54.com"
    ]
}