{
    "domain": "luxupcdnc.com",
    "owner": {},
    "source": [
        "DuckDuckGo-US"
    ],
    "prevalence": 0.000239,
    "sites": 35,
    "subdomains": [
        "s"
    ],
    "cnames": [],
    "fingerprinting": 2,
    "resources": [
        {
            "rule": "luxupcdnc\\.com\\/hbadx\\/",
            "cookies": 0,
            "fingerprinting": 0,
            "subdomains": [],
            "apis": {},
            "sites": 18,
            "prevalence": 0.000123,
            "cnames": [],
            "responseHashes": [
                "8d176da986ce61aab39c3fc5566d7f1198ce8e4506ad88eb5333479ca244c3c4",
                "ed0916279e868693961516feb7568550f3fa81b0eaadb587b7f21501a216b5c0",
                "33ff16df41043c254854521ac199c56e76aeb2bed961ff7db8c272a0bb3e3832",
                "98a962607d5fe0aa607a4ffb5a8b1496d9765be47dd75b209554edcc20678f8e",
                "aeb30a1aacada4a1acde3a4c412782d760a4b9a36029520610a5b6d034013218",
                "6b95373921193721729bab82d98909186006e5612f5c62929521382deb711168",
                "c70f506cd5e50af397a1bf87291c5f1d755541c3d69d4f93f151b2ca38f4a368",
                "00520bd3d653b558d6c9b4f1c4dbae502104201f6536680b603b6aa8ddf0f859",
                "b4774aeeefaa3a097f6b90c1e0f6d0ff08f5042a00acd2ef86be833fa07e562a",
                "17ea649f328bdd417099b8da879ff514c3e8a88e68251af3a871128b9eae5319",
                "828545fedc93dab77942eab45f22a13bc977ba197dd6793ab6f863e3b8ca9ffa",
                "fa8cc019fdde419ede9e5373efbdcb3a4787b022afd070ed23884ed32b37c757",
                "6f032e1c14a87ab941042b54b42338f6a064a53ed02d1eedf2cd87179075c420",
                "5197cdaa000bc490a54aeb8675b6a27f484738708c77cb623fef7e251855fc00",
                "eb1aa90f9f8caf9b9f2c1b70f889db237e5f8d352b8a53eab6d0c137e2450a31",
                "db9b6380d74bc38d6ede02940effd9b0d1e2fcfc94f4140edb951a5014915cfc",
                "cad68991d6a42635367610f000fb1924385deb31cfde36396905e51a1675141d"
            ],
            "type": "Script",
            "firstPartyCookies": {},
            "firstPartyCookiesSent": {},
            "exampleSites": [
                "7dach.ru",
                "argumenti.ru",
                "assistentus.ru",
                "deita.ru",
                "gamesisart.ru",
                "irc.lv",
                "kartaslov.ru",
                "medportal.ru",
                "nashzelenyimir.ru",
                "ppt.ru",
                "www.astromeridian.ru",
                "www.buhsoft.ru",
                "www.calend.ru",
                "www.glavbukh.ru",
                "www.kleo.ru",
                "www.ogorod.ru",
                "www.shkolazhizni.ru",
                "www.tourister.ru"
            ]
        },
        {
            "rule": "luxupcdnc\\.com\\/t\\/common_402\\.js",
            "cookies": 0,
            "fingerprinting": 2,
            "subdomains": [
                "s"
            ],
            "apis": {
                "Navigator.prototype.userAgent": 11,
                "Document.cookie getter": 11,
                "window.localStorage": 12,
                "Navigator.prototype.connection": 11,
                "Date.prototype.getTime": 12,
                "window.innerWidth": 7,
                "window.innerHeight": 7
            },
            "sites": 12,
            "prevalence": 0.0000818,
            "cnames": [],
            "responseHashes": [
                "7627f26ffb9b8ef69a63ffd1b3be36847a1a5d0751c2871feaf025b3c65bf47e",
                "6294fde97f7b49ce8d4008beeccebaac492d96810bcff71aaa80796bdd0a5704"
            ],
            "type": "Script",
            "firstPartyCookies": {},
            "firstPartyCookiesSent": {},
            "exampleSites": [
                "argumenti.ru",
                "deita.ru",
                "kartaslov.ru",
                "medportal.ru",
                "nashzelenyimir.ru",
                "ppt.ru",
                "www.calend.ru",
                "www.garant.ru",
                "www.glavbukh.ru",
                "www.kleo.ru",
                "www.ogorod.ru",
                "www.shkolazhizni.ru"
            ]
        },
        {
            "rule": "luxupcdnc\\.com\\/clickiotag_log\\/",
            "cookies": 0,
            "fingerprinting": 0,
            "subdomains": [],
            "apis": {},
            "sites": 11,
            "prevalence": 0.000075,
            "cnames": [],
            "responseHashes": [
                "7802d5e95b90c30a79e5533e2475e32726b058edc0ebba1909700e8c249438a3",
                "0f6b85bc3159c85286f1e83a73647c4e525ca17f8a5597a7b5c449f885031ca4",
                "92627f65a9b22bbac8be171cc5948598ca566a080dca370c5f26fc916e102cce",
                "c18ce4b8b185acdb3e5310a1d9e6ae611c51ee393a5fc6eb53083bc358768ac6",
                "84424da89f6293751f26eca9563cb10f9a9031d2f83ea79ad2ad6633dc9303bd",
                "437c1433c686ef075547eb928c4c69bf59c0aa9dc7335b1100f9515f59102599",
                "fae5db11999f9af1d9aaf0f775f494a402cfcdba233e0a72cb86d9780f646cee",
                "60aa722fb938377c58934b2deb250e890ad4013e89f397fd86c50584d03e2a47",
                "544798ff4d51dbb4c38f8b3d7ded611117f6cab34f9a096c3df35f8371525b2b",
                "38c9324b3f1def5fe8ca80f7cdfb4929b884c2118b30a1bd2f2776877a3ca2f6"
            ],
            "type": "Script",
            "firstPartyCookies": {},
            "firstPartyCookiesSent": {},
            "exampleSites": [
                "argumenti.ru",
                "gamesisart.ru",
                "irc.lv",
                "kartaslov.ru",
                "nashzelenyimir.ru",
                "ppt.ru",
                "www.astromeridian.ru",
                "www.calend.ru",
                "www.kleo.ru",
                "www.shkolazhizni.ru",
                "www.tourister.ru"
            ]
        },
        {
            "rule": "luxupcdnc\\.com\\/t\\/static\\/inarticle\\.css",
            "cookies": 0,
            "fingerprinting": 0,
            "subdomains": [
                "s"
            ],
            "apis": {},
            "sites": 3,
            "prevalence": 0.0000205,
            "cnames": [],
            "responseHashes": [
                "d67c20d8c54d29d417f4c7956c3b5b62cd00798f4ef6dfbb8d39aeb7bb16ea34"
            ],
            "type": "Stylesheet",
            "firstPartyCookies": {},
            "firstPartyCookiesSent": {},
            "exampleSites": [
                "nashzelenyimir.ru",
                "ppt.ru",
                "www.kleo.ru"
            ]
        },
        {
            "rule": "luxupcdnc\\.com\\/t\\/222328\\/360_light\\.js",
            "cookies": 0,
            "fingerprinting": 2,
            "subdomains": [
                "s"
            ],
            "apis": {
                "Navigator.prototype.userAgent": 2,
                "Date.prototype.getTime": 2,
                "Document.cookie getter": 2,
                "window.localStorage": 2,
                "Navigator.prototype.connection": 2,
                "window.innerWidth": 2,
                "window.innerHeight": 2,
                "Navigator.prototype.cookieEnabled": 2,
                "window.sessionStorage": 2,
                "Date.prototype.getTimezoneOffset": 2,
                "Navigator.prototype.plugins": 2,
                "Screen.prototype.width": 2,
                "Screen.prototype.height": 2,
                "Element.prototype.getClientRects": 2
            },
            "sites": 2,
            "prevalence": 0.0000136,
            "cnames": [],
            "responseHashes": [
                "5e52c761cf4e88cf509cea4019231d7847d5804e5b1976728e577242384b4f0b"
            ],
            "type": "Script",
            "firstPartyCookies": {},
            "firstPartyCookiesSent": {},
            "exampleSites": [
                "astromeridian.ru",
                "www.astromeridian.ru"
            ]
        },
        {
            "rule": "luxupcdnc\\.com\\/t\\/220911\\/360_light\\.js",
            "cookies": 0,