{
    "domain": "madriyelowd.com",
    "owner": {},
    "source": [
        "DuckDuckGo-US"
    ],
    "prevalence": 0.000244,
    "sites": 36,
    "subdomains": [],
    "cnames": [],
    "fingerprinting": 2,
    "resources": [
        {
            "rule": "madriyelowd\\.com\\/pn07uscr\\/f\\/tr\\/zavbn\\/1866746\\/lib\\.js",
            "cookies": 0.0000746,
            "fingerprinting": 1,
            "subdomains": [],
            "apis": {
                "Navigator.prototype.userAgent": 9,
                "Navigator.prototype.webdriver": 9
            },
            "sites": 11,
            "prevalence": 0.0000746,
            "cnames": [],
            "responseHashes": [
                "a59d6b56fc47c8ceb315f2ada9ee834566f7c1ecce5da75715f9586d49597126",
                "21dfeef93a49a59984ba6c6a4e68c03a652a46685b68960f7b7d22f00d9a1431",
                "aab17cc9fcc9b0438d71866470e3c7a42f13ee1844a4f755fd72983d726f1a52",
                "ee306776ef57642979044cc75d15a2b4436029563d8ad96a79088bbb22946910",
                "a3d63a9f7e3c394edb59e9974e53605d0062bc75033bc2fcfa78f9ec4a3c3ff7",
                "3afdee14fc00fdbee5679f77f180b99d28c29b9da680103ed9ce2a06466ef639",
                "652c5680fe0bbc4fa4ea59462becc33e196f0cd7de5c1f50c4d7de3ce60b19a3",
                "a5bbfaf840297fb8fa60fdaa4a953ea0a5784433ad3690f8cfe0b42f23a4fd55",
                "43396d06136cc4152102985b1ebb1fbe51411f368f840d71834d9f3a38734399",
                "853961df5155fb6eb0bb2d530c575c9ef9b396bb36d62172d99a808a65469be1"
            ],
            "type": "Script",
            "firstPartyCookies": {},
            "firstPartyCookiesSent": {},
            "exampleSites": [
                "azbokep765.net",
                "bokep48.com",
                "bokephotxz123.org",
                "bokepjepang999.com",
                "bokepterbaru789.net",
                "bokepz432.org",
                "bokepz789.net",
                "downloadbokep234.org",
                "nontonbokep345.net",
                "nontonbokep432.com",
                "situsbokep876.com"
            ]
        },
        {
            "rule": "madriyelowd\\.com\\/pn07uscr\\/f\\/tr\\/zavbn\\/1866746\\/lib\\.js",
            "cookies": 0.0000136,
            "fingerprinting": 1,
            "subdomains": [],
            "apis": {
                "Navigator.prototype.userAgent": 9,
                "Navigator.prototype.webdriver": 9
            },
            "sites": 11,
            "prevalence": 0.0000746,
            "cnames": [],
            "responseHashes": [
                "e3b0c44298fc1c149afbf4c8996fb92427ae41e4649b934ca495991b7852b855"
            ],
            "type": "Other",
            "firstPartyCookies": {},
            "firstPartyCookiesSent": {},
            "exampleSites": [
                "azbokep765.net",
                "bokep48.com",
                "bokephotxz123.org",
                "bokepjepang999.com",
                "bokepterbaru789.net",
                "bokepz432.org",
                "bokepz789.net",
                "downloadbokep234.org",
                "nontonbokep345.net",
                "nontonbokep432.com",
                "situsbokep876.com"
            ]
        },
        {
            "rule": "madriyelowd\\.com\\/chicken\\.gif",
            "cookies": 0.0000746,
            "fingerprinting": 0,
            "subdomains": [],
            "apis": {},
            "sites": 11,
            "prevalence": 0.0000746,
            "cnames": [],
            "responseHashes": [
                "0fd9847719cee6f95c1c5f685e7af46acc4f7f5c40941dd960fc02dc0fe14779"
            ],
            "type": "Image",
            "firstPartyCookies": {},
            "firstPartyCookiesSent": {},
            "exampleSites": [
                "koreanbj.club",
                "littlefuck.org",
                "sunnyleonebf.com",
                "tinycute.icu",
                "unblocker.cyou",
                "www.gaysex.world",
                "www.sextube.click",
                "www.tube8.pro",
                "xnxx-films.com",
                "xnxxcom.asia",
                "youngestlolas.com"
            ]
        },
        {
            "rule": "madriyelowd\\.com\\/bultykh\\/ipp24\\/7\\/bazinga\\/1748342",
            "cookies": 0.0000203,
            "fingerprinting": 2,
            "subdomains": [],
            "apis": {
                "Navigator.prototype.userAgent": 3,
                "Document.cookie getter": 3,
                "Document.cookie setter": 3,
                "window.innerHeight": 3,
                "window.innerWidth": 3,
                "Date.prototype.getTimezoneOffset": 3,
                "Navigator.prototype.cookieEnabled": 2,
                "Navigator.prototype.plugins": 2,
                "Navigator.prototype.language": 2,
                "Navigator.prototype.platform": 2,
                "Screen.prototype.colorDepth": 2,
                "window.sessionStorage": 2,
                "Navigator.prototype.webdriver": 2,
                "Date.prototype.getTime": 2,
                "window.matchMedia(\"prefers-color-scheme\")": 2
            },
            "sites": 3,
            "prevalence": 0.0000203,
            "cnames": [],
            "responseHashes": [
                "554f0dec53fb9b4c13a6fd04283d109a7de166a8a2124d5d3a58e2f441c1c941"
            ],
            "type": "Script",
            "firstPartyCookies": {
                "pnState": {
                    "ttl": 12960000,
                    "length": 61,
                    "prevalence": 0.000020343810395687112,
                    "uniqueness": 1
                }
            },
            "firstPartyCookiesSent": {},
            "exampleSites": [
                "littlefuck.org",
                "tinycute.icu",
                "youngestlolas.com"
            ]
        },
        {
            "rule": "madriyelowd\\.com\\/get\\/1748342",
            "cookies": 0.0000203,
            "fingerprinting": 0,
            "subdomains": [],
            "apis": {},
            "sites": 3,
            "prevalence": 0.0000203,
            "cnames": [],
            "responseHashes": [
                "473e0c66f73f3df1ed6ce7bb464c4c41cfd75e761769ba92e1a56e243e9df3aa",
                "a6d9d97361dbdca3aede1d2ffc6de5b5497033b93a08fa13b173d79cde92596b"
            ],
            "type": "Script",
            "firstPartyCookies": {},
            "firstPartyCookiesSent": {},
            "exampleSites": [
                "littlefuck.org",
                "tinycute.icu",
                "youngestlolas.com"
            ]
        },
        {
            "rule": "madriyelowd\\.com\\/bultykh\\/ipp24\\/7\\/bazinga\\/1757239",
            "cookies": 0.0000339,
            "fingerprinting": 2,
            "subdomains": [],
            "apis": {
                "window.innerWidth": 5,
                "window.innerHeight": 5,
                "Navigator.prototype.cookieEnabled": 5,
                "Navigator.prototype.plugins": 5,
                "Date.prototype.getTimezoneOffset": 5,
                "Navigator.prototype.language": 5,
                "Navigator.prototype.userAgent": 5,
                "Navigator.prototype.platform": 5,
                "Screen.prototype.colorDepth": 5,
                "window.sessionStorage": 5,
                "Document.cookie getter": 5,
                "Navigator.prototype.webdriver": 5,
                "Date.prototype.getTime": 5,
                "window.matchMedia(\"prefers-color-scheme\")": 4,
                "Document.cookie setter": 5
            },
            "sites": 5,
            "prevalence": 0.0000339,
            "cnames": [],
            "responseHashes": [
                "9c9cd83d7ed91ea7462b6aa4e230988c6dbbec66d449f7421d70bcdb75e66347"
            ],
            "type": "Script",
            "firstPartyCookies": {
                "pnState": {
                    "ttl": 12960000,
                    "length": 83,
                    "prevalence": 0.00003390635065947852,