{
    "domain": "madriyelowd.com",
    "owner": {},
    "source": [
        "DuckDuckGo-US"
    ],
    "prevalence": 0.000203,
    "sites": 30,
    "subdomains": [],
    "cnames": [],
    "fingerprinting": 2,
    "resources": [
        {
            "rule": "madriyelowd\\.com\\/pn07uscr\\/f\\/tr\\/zavbn\\/1866746\\/lib\\.js",
            "cookies": 0.0000745,
            "fingerprinting": 1,
            "subdomains": [],
            "apis": {
                "Navigator.prototype.userAgent": 9,
                "Navigator.prototype.webdriver": 5
            },
            "sites": 11,
            "prevalence": 0.0000745,
            "cnames": [],
            "responseHashes": [
                "aee1549b89d78dbdf7a038bbd46615a0adc92bc28c3328e252d3b0491c39f057",
                "2dbdcf40e58951f0fed64c4a39996b011cb1a30521027b82d3211f7bdb0449de",
                "a1c58373b1b0b1710d1fd8bcfae54991736c938cca285a127b800fa185594134",
                "e1b24b926427d9470f1d3b65eb2ffaa50dcf11fb8dcd71399c7bd9c85efbb6ef",
                "685e2f8519ae0fffff2784e26495759278b80f1a9192fd312f93c3a497962cb4",
                "afc81e1644f7fbfae0d41d6cbef2e7e2fd7f96c2971ceb77276789e1661d7d43",
                "760abb005902e777713d16cfa8820d2c4fe73306757f752c312367e7ce4b4911",
                "c7fef679b9d813d95a9ee4a8c4d6e0f62b7ea3d46cfb402002c1a2e15bf37783",
                "ec0bf90de16062ca01264100d0028d393ebf8123b29a409d0596a24e6404677f"
            ],
            "type": "Script",
            "firstPartyCookies": {},
            "firstPartyCookiesSent": {},
            "exampleSites": [
                "azbokep654.net",
                "bokephotxz123.org",
                "bokepjepang234.org",
                "bokepjepang777.com",
                "bokepz876.net",
                "bokepz987.net",
                "downloadbokep234.org",
                "downloadbokep543.org",
                "nontonbokep543.com",
                "situsbokep321.net",
                "zbokepx234.net"
            ]
        },
        {
            "rule": "madriyelowd\\.com\\/pn07uscr\\/f\\/tr\\/zavbn\\/1866746\\/lib\\.js",
            "cookies": 0.0000271,
            "fingerprinting": 1,
            "subdomains": [],
            "apis": {
                "Navigator.prototype.userAgent": 9,
                "Navigator.prototype.webdriver": 5
            },
            "sites": 11,
            "prevalence": 0.0000745,
            "cnames": [],
            "responseHashes": [
                "e3b0c44298fc1c149afbf4c8996fb92427ae41e4649b934ca495991b7852b855"
            ],
            "type": "Other",
            "firstPartyCookies": {},
            "firstPartyCookiesSent": {},
            "exampleSites": [
                "azbokep654.net",
                "bokephotxz123.org",
                "bokepjepang234.org",
                "bokepjepang777.com",
                "bokepz876.net",
                "bokepz987.net",
                "downloadbokep234.org",
                "downloadbokep543.org",
                "nontonbokep543.com",
                "situsbokep321.net",
                "zbokepx234.net"
            ]
        },
        {
            "rule": "madriyelowd\\.com\\/bultykh\\/ipp24\\/7\\/bazinga\\/1748342",
            "cookies": 0,
            "fingerprinting": 2,
            "subdomains": [],
            "apis": {
                "window.innerWidth": 2,
                "window.innerHeight": 2,
                "Navigator.prototype.cookieEnabled": 2,
                "Navigator.prototype.plugins": 2,
                "Date.prototype.getTimezoneOffset": 2,
                "Navigator.prototype.language": 2,
                "Navigator.prototype.userAgent": 2,
                "Navigator.prototype.platform": 2,
                "Screen.prototype.colorDepth": 2,
                "window.sessionStorage": 2,
                "Document.cookie getter": 2,
                "Navigator.prototype.webdriver": 2,
                "Date.prototype.getTime": 2
            },
            "sites": 2,
            "prevalence": 0.0000135,
            "cnames": [],
            "responseHashes": [
                "fa8cb5c96af075f7d3552f36d17f6d1aa6b889067429186f3072fc62ce17bc77"
            ],
            "type": "Script",
            "firstPartyCookies": {},
            "firstPartyCookiesSent": {},
            "exampleSites": [
                "littlefuck.org",
                "youngestlolas.com"
            ]
        },
        {
            "rule": "madriyelowd\\.com\\/get\\/1748342",
            "cookies": 0.0000135,
            "fingerprinting": 0,
            "subdomains": [],
            "apis": {},
            "sites": 2,
            "prevalence": 0.0000135,
            "cnames": [],
            "responseHashes": [
                "c94588c2c490281057748a6bc21191dae810fb22ce8cc638b5e3fc7d390eb165"
            ],
            "type": "Script",
            "firstPartyCookies": {},
            "firstPartyCookiesSent": {},
            "exampleSites": [
                "littlefuck.org",
                "youngestlolas.com"
            ]
        },
        {
            "rule": "madriyelowd\\.com\\/bultykh\\/ipp24\\/7\\/bazinga\\/1757239",
            "cookies": 0,
            "fingerprinting": 2,
            "subdomains": [],
            "apis": {
                "window.innerWidth": 3,
                "window.innerHeight": 3,
                "Navigator.prototype.cookieEnabled": 3,
                "Navigator.prototype.plugins": 2,
                "Date.prototype.getTimezoneOffset": 3,
                "Navigator.prototype.language": 3,
                "Navigator.prototype.userAgent": 3,
                "Navigator.prototype.platform": 3,
                "Screen.prototype.colorDepth": 3,
                "window.sessionStorage": 3,
                "Document.cookie getter": 3,
                "Navigator.prototype.webdriver": 2,
                "Date.prototype.getTime": 3
            },
            "sites": 3,
            "prevalence": 0.0000203,
            "cnames": [],
            "responseHashes": [
                "8db7246fa06212948092712a8ab3351c8f8c41a7276fde2889863b0313958315",
                "370145e0e961998d970b81732bcb952ef27b23983dbeb5d98973b58e9f4368b0"
            ],
            "type": "Script",
            "firstPartyCookies": {},
            "firstPartyCookiesSent": {},
            "exampleSites": [
                "gaysex.world",
                "www.gaysex.world",
                "xnxxcom.asia"
            ]
        },
        {
            "rule": "madriyelowd\\.com\\/get\\/1757239",
            "cookies": 0.0000203,
            "fingerprinting": 0,
            "subdomains": [],
            "apis": {},
            "sites": 3,
            "prevalence": 0.0000203,
            "cnames": [],
            "responseHashes": [
                "c94588c2c490281057748a6bc21191dae810fb22ce8cc638b5e3fc7d390eb165"
            ],
            "type": "Script",
            "firstPartyCookies": {},
            "firstPartyCookiesSent": {},
            "exampleSites": [
                "gaysex.world",
                "www.gaysex.world",
                "xnxxcom.asia"
            ]
        }
    ],
    "categories": [],
    "performance": {},
    "cookies": 0.000203,
    "topInitiators": [
        {
            "domain": "first party",
            "prevalence": 0.6538461538461539
        },
        {
            "domain": "bokepz876.net",
            "prevalence": 0.07692307692307693
        },
        {
            "domain": "downloadbokep345.org",
            "prevalence": 0.07692307692307693
        },
        {
            "domain": "nontonbokep654.com",
            "prevalence": 0.07692307692307693
        },
        {
            "domain": "situsbokep432.net",
            "prevalence": 0.07692307692307693
        },
        {
            "domain": "taboo.cc",
            "prevalence": 0.038461538461538464
        }
    ],
    "types": {
        "Script": 21,
        "Other": 11
    },