{
    "domain": "major-inpp-code.com",
    "owner": {},
    "source": [
        "DuckDuckGo-US"
    ],
    "prevalence": 0.0000613,
    "sites": 9,
    "subdomains": [
        "cs11",
        "cs12",
        "cs10",
        "cs09"
    ],
    "cnames": [],
    "fingerprinting": 1,
    "resources": [
        {
            "rule": "major-inpp-code\\.com\\/bens\\/vinos5\\.js",
            "cookies": 0.00000681,
            "fingerprinting": 1,
            "subdomains": [],
            "apis": {
                "Document.cookie getter": 4,
                "window.localStorage": 4,
                "Date.prototype.getTime": 1,
                "Document.cookie setter": 1,
                "Navigator.prototype.userAgent": 4,
                "Screen.prototype.width": 4
            },
            "sites": 4,
            "prevalence": 0.0000272,
            "cnames": [],
            "responseHashes": [
                "80b8225c548c21d39006e1bddbf2b8b02923e1e441269bfe44e6817e440a9d11",
                "5320cbead0be72b877faad83fd0a523eadf6831653c4c819e83dc27dbc408757",
                "86bf1895bd538d7ab682c6e6a2e954c81b6e4a9958d66763dbc21e0b45259684"
            ],
            "type": "Script",
            "firstPartyCookies": {
                "e4b15a369f_view_1": {
                    "ttl": 21606,
                    "length": 2,
                    "prevalence": 0.0000068105045221750025,
                    "uniqueness": 1
                }
            },
            "firstPartyCookiesSent": {},
            "exampleSites": [
                "papik.pro",
                "uhd.name",
                "videomin.org",
                "videomin.ru"
            ]
        },
        {
            "rule": "major-inpp-code\\.com\\/bens\\/vinos\\.js",
            "cookies": 0.0000341,
            "fingerprinting": 1,
            "subdomains": [],
            "apis": {
                "window.localStorage": 5
            },
            "sites": 5,
            "prevalence": 0.0000341,
            "cnames": [],
            "responseHashes": [
                "e4d23f2d386a7efa32c7bf8f21205d06953b0eea65cc7a277dc9d634d1eeabf4",
                "9af2c7be281b29fdded62e39ce302e09153697ba315e764530b767076eed99c5",
                "93bf8058aaffc611385416ca467a405bcd45981c6cd505fbdba323f0e48666d7",
                "dd6f81890c013af89193e6d0e50e01a0680a04544bb6e2be307fa7e453105751"
            ],
            "type": "Script",
            "firstPartyCookies": {},
            "firstPartyCookiesSent": {},
            "exampleSites": [
                "papik.pro",
                "skskino.ru",
                "uhd.name",
                "videomin.org",
                "videomin.ru"
            ]
        },
        {
            "rule": "major-inpp-code\\.com\\/files\\/audio\\.mp3",
            "cookies": 0,
            "fingerprinting": 0,
            "subdomains": [
                "cs11",
                "cs12",
                "cs10",
                "cs09"
            ],
            "apis": {},
            "sites": 5,
            "prevalence": 0.0000341,
            "cnames": [],
            "responseHashes": [
                "9ca782cb813e213f891191259000cde4ca01bf93b75c0775d74162f1eef24c76"
            ],
            "type": "XHR",
            "firstPartyCookies": {},
            "firstPartyCookiesSent": {},
            "exampleSites": [
                "papik.pro",
                "skskino.ru",
                "uhd.name",
                "videomin.org",
                "videomin.ru"
            ]
        },
        {
            "rule": "major-inpp-code\\.com\\/content\\/57124\\/3319680\\.jpg",
            "cookies": 0,
            "fingerprinting": 0,
            "subdomains": [
                "cs09",
                "cs12"
            ],
            "apis": {},
            "sites": 2,
            "prevalence": 0.0000136,
            "cnames": [],
            "responseHashes": [
                "bc49877450d78466820a1fee0c20e0a59c3ca45129af4d7bb53a79c51380137f"
            ],
            "type": "Image",
            "firstPartyCookies": {},
            "firstPartyCookiesSent": {},
            "exampleSites": [
                "papik.pro",
                "uhd.name"
            ]
        },
        {
            "rule": "major-inpp-code\\.com\\/content\\/57124\\/3319680_2\\.jpg",
            "cookies": 0,
            "fingerprinting": 0,
            "subdomains": [
                "cs09",
                "cs12"
            ],
            "apis": {},
            "sites": 2,
            "prevalence": 0.0000136,
            "cnames": [],
            "responseHashes": [
                "bc4e73777d2230a45893eee6d4e7f3968ae6e8b56806e5c729f873e704e768d2"
            ],
            "type": "Image",
            "firstPartyCookies": {},
            "firstPartyCookiesSent": {},
            "exampleSites": [
                "papik.pro",
                "uhd.name"
            ]
        },
        {
            "rule": "major-inpp-code\\.com\\/files\\/inpage\\/number\\.png",
            "cookies": 0,
            "fingerprinting": 0,
            "subdomains": [
                "cs11",
                "cs12",
                "cs10",
                "cs09"
            ],
            "apis": {},
            "sites": 5,
            "prevalence": 0.0000341,
            "cnames": [],
            "responseHashes": [
                "a5332ad98c114f7b90ba7f401ff3a16753bd81355abb06b42d5ef76ae9d15f7f"
            ],
            "type": "Image",
            "firstPartyCookies": {},
            "firstPartyCookiesSent": {},
            "exampleSites": [
                "papik.pro",
                "skskino.ru",
                "uhd.name",
                "videomin.org",
                "videomin.ru"
            ]
        },
        {
            "rule": "major-inpp-code\\.com\\/files\\/inpage\\/sprite\\.svg",
            "cookies": 0,
            "fingerprinting": 0,
            "subdomains": [
                "cs11",
                "cs12",
                "cs10",
                "cs09"
            ],
            "apis": {},
            "sites": 5,
            "prevalence": 0.0000341,
            "cnames": [],
            "responseHashes": [
                "13dbf87dd28bf5ef81ffa7ca883bb2b10ccca4544534a758f55d69808089b7e0"
            ],
            "type": "Image",
            "firstPartyCookies": {},
            "firstPartyCookiesSent": {},
            "exampleSites": [
                "papik.pro",
                "skskino.ru",
                "uhd.name",
                "videomin.org",
                "videomin.ru"
            ]
        }
    ],
    "categories": [],
    "performance": {},
    "cookies": 0.0000613,
    "types": {
        "Script": 9,
        "XHR": 5,
        "Image": 14
    },
    "nameservers": [
        "ns69.domaincontrol.com",
        "ns70.domaincontrol.com"
    ]
}