{
    "domain": "mantis-intelligence.com",
    "owner": {},
    "source": [
        "DuckDuckGo-US"
    ],
    "prevalence": 0.000266,
    "sites": 39,
    "subdomains": [
        "api"
    ],
    "cnames": [],
    "fingerprinting": 0,
    "resources": [
        {
            "rule": "mantis-intelligence\\.com\\/recommender\\/api",
            "cookies": 0,
            "fingerprinting": 0,
            "subdomains": [
                "api"
            ],
            "apis": {},
            "sites": 39,
            "prevalence": 0.000266,
            "cnames": [],
            "responseHashes": [
                "f45b8ff2851af5173caeb5fcd440fbe17478dbf1cb17d883f34cfe39ec2daeed",
                "dfeaea3d3614ec44f57f7aa7465304871b26b8290d5aabd1e193aac4ac431718",
                "9c82827bb964c73c8c1b2d6d6c7b49e8ddf4a8e0fa6a0f06db104a973db4e60c",
                "82847bba5d03cc4e0be59709de15d9b84b86a6c6642985b4f36f9b61637b3c71",
                "c19cfd791612f53eaff4001e9aa17b0a26bd647c35f34dfe5fefeafb6be1b62d",
                "9ac18b96edb5a10170a82a77ba1d3787a38321333d65effec4d4c2cd232affaa",
                "6fe66ea532a3e92c0f681a0daede1c790630faeebb127badfe1f137d3829abbb",
                "d3918f1ba0bfb9d988e3273c59db50b20b0e739ae9475d4601e8d06b2d1a7a6a",
                "1b26635c95ee268f55bc19d53b93ac772f3e0ea93ad7c8fa55b85e2fbd5b9032",
                "90365f69e1a010970912f0df38622013abef2231168ab1299da1772ed87ce69c",
                "cf42c45faac591da24f41a73df89be86f25eada4a7a0955acd33098e3887c29e",
                "fd8732c994ccfc474c6a53650d8a5e08a1b80458bb85049afbdf721c3c3817c3",
                "be509bf9e53b759897f0dfb3a1798b2bfad05b2130d1660bb63b97317f0f96bb",
                "ac546f3c15f7217584f1c83c049369f35028f637fe4b1b52d7b53d0aa28b848e",
                "f1fff47b1af339bc5b255d62179e5ffeb24b1d396e66b98d56bb3a86fa50c88e",
                "a74787e948a0e247019b557e24709099c9a6a638e41e00fd3fc7ab8c250fff4c",
                "9f5191ea93ccf56276e536317e908d6775405e742035e6705aa352fca22d2786",
                "386da8f7a8ad1f6d99fa8fbea058ce6035cb7e3a045dbded1beed82e45721231",
                "148fb2e2a8ddd8c5b11a9e484ca2cacbe680b6ecb4f19759652507f773166f97",
                "993e8eb2f5b567bdaef22e93442ba4fd2f342e9ee550b97d61c2b003ba7d15fb",
                "c4bd50493f79657eb9bf0ffb5627381f283bee9a1f5d169130148b3b5bc140d4",
                "7ae6f5b272104abe114df54d226c3a22d7561e6f3dccc4a9e657d76a7d1b8361",
                "d30ce6f975c21cbaa5785b59140676c1171ad7f305ad14fe80439b04a0e6d471",
                "80f470e3735a0a50d96cb87a2c1f81f3d6a0d99578bef7eed55d5f50a3e7c96c",
                "32940e364121ab325e74c8b3d0885dad9eecf5a18c3db7cbb8cc5b39afffad24",
                "fc5b2df7331643f246e13362e8e0fac7d10d425c3e4148a405a67384753c2537",
                "c92a10286b763f1d7aa384b6cb07d033d3c5c4d66cb51d6d3aa41d4fec324915",
                "b646bec6e42f1628535a27d734afc7e73f755b7fe44299b0e66b2e4f931160d1",
                "12afb2ad4e5620c5b0987ae7b93fd173c22f4d2d273c1b9be3603355ddfe2d15",
                "f683c0aa3361b8f437f33625e99758059e5bf034ab253039833b89b1ae19131a",
                "3ad8ca98aa3cfa0204a878aa45b6a7133cbe13f6cbf56f086e0d006ca1766f4e",
                "f0435f2975eaf5c76b92bb0fe29ff32441212ce311989f17149ebe8562885748",
                "73587779397bb5aa1c396e8e56e92205ede8f60b1aa7ed5b8925f7b069850506",
                "b5b8913833011ecb45b06ba6c25bec57a603b540b75ea1c73b9214c78e62f7bf",
                "810a8ca487a94bf06611d1c1f85025277f531129e58ccb380a5fb6ff1497cb9f",
                "d4757e3f8e54c40c7aeb17413ef7d4527caafab311815c2b43fafaa7499d2436"
            ],
            "type": "Fetch",
            "firstPartyCookies": {},
            "firstPartyCookiesSent": {
                "lotame_domain_check": 0.000013639401503062045
            },
            "exampleSites": [
                "express.co.uk",
                "www.express.co.uk",
                "www.mirror.co.uk",
                "www.liverpool.com",
                "www.stokesentinel.co.uk",
                "www.football.london",
                "www.getsurrey.co.uk",
                "www.edinburghlive.co.uk",
                "www.lincolnshirelive.co.uk",
                "www.dailystar.co.uk",
                "www.grimsbytelegraph.co.uk",
                "www.somersetlive.co.uk",
                "www.bristolpost.co.uk",
                "www.dailyrecord.co.uk",
                "www.mylondon.news",
                "www.corkbeo.ie",
                "www.sussexlive.co.uk",
                "www.gloucestershirelive.co.uk",
                "www.getreading.co.uk",
                "www.business-live.co.uk"
            ]
        }
    ],
    "categories": [],
    "performance": {},
    "cookies": 0,
    "types": {
        "Fetch": 39
    },
    "nameservers": [
        "ns-306.awsdns-38.com",
        "ns-1011.awsdns-62.net",
        "ns-1664.awsdns-16.co.uk",
        "ns-1410.awsdns-48.org"
    ]
}