{
    "domain": "marvellousmachine.net",
    "owner": {},
    "source": [
        "DuckDuckGo-US"
    ],
    "prevalence": 0.0000969,
    "sites": 14,
    "subdomains": [
        "maytrics",
        "s"
    ],
    "cnames": [],
    "fingerprinting": 1,
    "resources": [
        {
            "rule": "marvellousmachine\\.net\\/",
            "cookies": 0,
            "fingerprinting": 1,
            "subdomains": [
                "maytrics",
                "s"
            ],
            "apis": {
                "Screen.prototype.width": 3,
                "Screen.prototype.height": 3,
                "Navigator.prototype.plugins": 3
            },
            "sites": 10,
            "prevalence": 0.0000692,
            "cnames": [],
            "responseHashes": [
                "ac410b6d0051fdbad166f0c5e029b6080419e17fa8d514d574644fccb2b135b9",
                "d93daea18da777e5a52f41f18ef04a38b65105626fc2ce9ea7709da40378be42",
                "20dd00424efaf407ab5ee25cf20209f16069b743cc31ea235f61ca51cd345d8f",
                "e9fbda91469a0d85a15c307cc42fe2e92f29be61f873e244dace1549b38e81fb",
                "04477869918f04d9e9626a434986b23142bd089dfdfbb9d29026ccfe9681ad63",
                "384245390cfd6ff0fe4e44c8c81806ae8d3e49dde60be3a2c12a031f73ac4e6e"
            ],
            "type": "Script",
            "firstPartyCookies": {},
            "firstPartyCookiesSent": {},
            "exampleSites": [
                "bdfugue.com",
                "www.bdfugue.com",
                "www.catphones.com",
                "www.creavea.com",
                "www.euroinnova.edu.es",
                "www.fc-moto.de",
                "www.greenstories.de",
                "www.kirstein.de",
                "www.springer.com",
                "www.volotea.com"
            ]
        },
        {
            "rule": "marvellousmachine\\.net\\/ctl",
            "cookies": 0.0000415,
            "fingerprinting": 0,
            "subdomains": [
                "s"
            ],
            "apis": {},
            "sites": 6,
            "prevalence": 0.0000415,
            "cnames": [],
            "responseHashes": [
                "5472db7f45aff91aaedac896dd73cd5b13fb0d1f5d57da5b285f6d4c5c87fe4e",
                "10e537c6ad369248f011da9fd1053bf52e157d2f0541cf0bddf2c0ec64bdd127",
                "b9dc69847a3f1d98a9dfe7b669e860b71fe37ee3956839a0590c1bbdb57e5c68",
                "f3c7ad669c58465bb3bf6799fe56c4ae16d9636e010e975da55fe85fff726847",
                "0ba016c366ed6b5336437796923f66c9420f66c9c775a07461e8876de35edd3b"
            ],
            "type": "Script",
            "firstPartyCookies": {},
            "firstPartyCookiesSent": {},
            "exampleSites": [
                "bdfugue.com",
                "www.bdfugue.com",
                "www.creavea.com",
                "www.fc-moto.de",
                "www.springer.com",
                "www.volotea.com"
            ]
        }
    ],
    "categories": [],
    "performance": {},
    "cookies": 0.0000623,
    "types": {
        "Script": 16
    },
    "nameservers": [
        "ns-cloud-a1.googledomains.com",
        "ns-cloud-a2.googledomains.com",
        "ns-cloud-a3.googledomains.com",
        "ns-cloud-a4.googledomains.com"
    ]
}