{
    "domain": "matureroute.com",
    "owner": {},
    "source": [
        "DuckDuckGo-US"
    ],
    "prevalence": 0.000387,
    "sites": 59,
    "subdomains": [],
    "cnames": [],
    "fingerprinting": 2,
    "resources": [
        {
            "rule": "matureroute\\.com\\/bens\\/vinos\\.js",
            "cookies": 0.000184,
            "fingerprinting": 2,
            "subdomains": [],
            "apis": {
                "Navigator.prototype.cookieEnabled": 26,
                "Date.prototype.getTime": 28,
                "Document.cookie getter": 28,
                "Document.cookie setter": 26,
                "Navigator.prototype.userAgent": 28,
                "Navigator.prototype.platform": 26,
                "window.localStorage": 26
            },
            "sites": 28,
            "prevalence": 0.000184,
            "cnames": [],
            "responseHashes": [
                "6a2ef13056190e7ab95ad861e1b20779d17523b01f71cf1626adcd02519bd62d",
                "3cd4a128ecdfff00499d99ab99e31fb1d361b52275c17ebb9e3b23dddf63ce84",
                "0984721db514ad9657760d91e73d3d6032832bb7301fb451b45acfcce358d8dc",
                "def327f409701d3d1e6f3b95cb8a3bc17accf2eb1806ce21d65a207ac331ba57",
                "a04de0e5f97d92515c9c142380c38da23923b44ca5c89dd3b12d9ea1a93777f3",
                "67e1224e5d8e475e4495490febee86ddb952a04eb6d393a537ada50377a8f5e0",
                "1deaf09cfb86e5dc04d3c07539458b115a1c932a9c0586867e85c65db1197022",
                "6a31f421bc039695998c1ac14f76be93a17ab695d79b904fbcba732a32e1f53d",
                "77f374851e77cc4e34a3229a4bc8410ffc01bc7a72713693318580f3b3e158b1",
                "f2c48d9904c98c66c8e30b9f013a2d895697db781dcadf97d9f5c3e04cc4f7ca",
                "75d2653e44be956f7e23c6f487fdc5f4d84aa5a6e1c14cc281cc9fbd7893c01f",
                "9c7804cac1a57284c13262c8c5ac72211a81440beee17e291050c001972c284e",
                "32ba9bb9f795032534ebfcef8484c836e35885f2ae2bde3ab4f1cf55c25a363c",
                "3f20cf4595395c3de64575ae1c1b8a91c00fec04b5e8d2075fb15233510102d6",
                "5146eb8f71ad9ebe2f11ac83fb6f6fb81dda0249764c40586902eeff5390b807",
                "9afebd9e702e9f85f7290b2451ddab811f274896c2a2e0b2ed1ec17e4e745ca4",
                "7030a671b5e38078825cac9fd73c018f9d9a4190d2ce22be6766b92c67fd3ad6",
                "30a5b0f12459e2af24164ba80ccd177756ea8cb475ba6c93bdc5d9a509b79972",
                "8a89453a036a867cadf9c7b87af39b37ba8f89e5c51c95262c3bca7601b84df9",
                "c272361e4711c41a2139403dd640b9d9289a7e12431757d78b4bf5a5e90b480a",
                "a91918011a6d0e345669c7890e9d70f9338cdfdc948eb31485d6e4dee748a44f",
                "e5ac51fc56048b63aaa5c1ca6f2e5a04e7dd57d62302e37ffc1e39ed8500c4b2",
                "283d46a187c0efc5a0c92cfdd05d42e498907ba306566351e78b3b0836749d73",
                "f671059329a802fcd4da2b0b284002664b9c891724aa1f1a73b699c619ea960a",
                "2ce1be5231855de6cb8902f81219a9d356f31ad7474b71eb1be2ece27c9c13b9",
                "079b7f33211a6fa88ca0b29927d4d8737687747d6833743f051358bcf40915d2",
                "fa20e633232873c8880d13533ea706c18c82d28148c504dea2c879f5179d1b2d"
            ],
            "type": "Script",
            "firstPartyCookies": {
                "u_count": {
                    "ttl": 43201,
                    "length": 11,
                    "prevalence": 0.00015746688274622243,
                    "uniqueness": 0.041666666666666664
                }
            },
            "firstPartyCookiesSent": {},
            "exampleSites": [
                "gaybomba.club",
                "pornoakt.xyz",
                "pornorusskoe.club",
                "pornougar.net",
                "pornoafisha.art",
                "theatretabard.info",
                "pornodenis.org",
                "gay-porevo.top",
                "pornoprosto.com",
                "animeporno.link",
                "https-xvideos.com",
                "chastnoeporno.su",
                "pornoelena.me",
                "porno51.ru",
                "japonoporno.xyz",
                "pornobaza24.com",
                "porno-anime.com",
                "pornzoom.org",
                "erokomiksi.com",
                "hentasis1.top"
            ]
        }
    ],
    "categories": [],
    "performance": {},
    "cookies": 0.000381,
    "topInitiators": [
        {
            "domain": "first party",
            "prevalence": 0.7627118644067796
        },
        {
            "domain": "mixporn.wiki",
            "prevalence": 0.0847457627118644
        },
        {
            "domain": "futureocto.com",
            "prevalence": 0.06779661016949153
        },
        {
            "domain": "69v.club",
            "prevalence": 0.05084745762711865
        },
        {
            "domain": "pornoafisha.name",
            "prevalence": 0.03389830508474576
        }
    ],
    "types": {
        "Script": 28
    },
    "nameservers": [
        "ns56.domaincontrol.com",
        "ns55.domaincontrol.com"
    ]
}