{
    "domain": "meatinerhitles.xyz",
    "owner": {},
    "source": [
        "DuckDuckGo-US"
    ],
    "prevalence": 0.000211,
    "sites": 31,
    "subdomains": [],
    "cnames": [],
    "fingerprinting": 0,
    "resources": [
        {
            "rule": "meatinerhitles\\.xyz\\/utx",
            "cookies": 0.000204,
            "fingerprinting": 0,
            "subdomains": [],
            "apis": {},
            "sites": 31,
            "prevalence": 0.000211,
            "cnames": [],
            "responseHashes": [
                "e3b0c44298fc1c149afbf4c8996fb92427ae41e4649b934ca495991b7852b855"
            ],
            "type": "XHR",
            "firstPartyCookies": {},
            "firstPartyCookiesSent": {
                "lotame_domain_check": 0.000006805730425017865
            },
            "exampleSites": [
                "fapachi.com",
                "homemade.porn",
                "cartoon.porn",
                "www.opensubtitles.org",
                "midget.porn",
                "torrentv.org",
                "thepornfull.com",
                "www.opensubtitles.com",
                "www.porngo.com",
                "thebypasser.com",
                "ww1.javbabe.net",
                "asianpinay.com",
                "repacklab.com",
                "www.stileproject.com",
                "www.pornacho.com",
                "m.smutty.com",
                "pornchimp.com",
                "camgirls.casa",
                "roms-mania.com",
                "www.tumpik.com"
            ]
        },
        {
            "rule": "meatinerhitles\\.xyz\\/floater",
            "cookies": 0.000129,
            "fingerprinting": 0,
            "subdomains": [],
            "apis": {},
            "sites": 19,
            "prevalence": 0.000129,
            "cnames": [],
            "responseHashes": [
                "647ac79a030dfca12402cca09d03393db166b196ac8b2cf864fb5dbcecdcc522",
                "c19a88f8d1556370228aff0708f561d9a221f8920f513532bf5708aa2a26b350",
                "41de0a634c99c34ceb9cbfb2109ea97395f49c12cc360435478065d92edb9c03",
                "0b2e3d028cebf61ba405a387bb454a96a3dbc372db6cb5dbd0a68cd879ecbcf9",
                "15be737f13b8044e4dc6c2a66738af8655968dd52533472427f1563f58220664",
                "604d436c4909df41b309e194a23db458afc7ff2b31e86fd8f8051c3ef9473246",
                "7bbec30c00f34e78c9955f6ead6178f95e3d6ffacb6dc07533a425c9fb178cf3",
                "e25c5e8d34431bdb7888adf60dd18ae6f9d48a15400cad6c9294933532bdbb52",
                "6ea96a0fcfc05d8ca3e4990ae7de9d9166bde821a256ba53855f3c5f9bd5c5f3",
                "0abc9d1fee11b56cb0acb481c44d097e4d75f4e674dff0356adf1b82eadadd55",
                "4e5f792519ccd5c1da8618bfe15cc107823c8cfecc9fb07cbbf767a84aa8d9ef",
                "03a322f29fb5b8797fc10a4a9e68865f89b5a3505f7380f199982620a5f86218",
                "5fc14472ff04cd591bf0fdaafbba71f6263b3680d03860b73107df7c870240cb",
                "4bb1dbb60f6a427de05342514880445103b4dcfbf6a15d804787d4bf989d870e",
                "a13222d703f79e14b633845a8a731877616bf8026af64b35b41090fcdfc0a934",
                "0486fb3cac86511c05dc9b9ea07230e7803e77883f5f97183fd66a15b757fea0",
                "bd56c4a9b982f1241eaded3ba4ffcdd5feba151d853c0976784e99e55fddff39",
                "fb96dd011373ffcdd8274e1c3ba9a835c0bf2e0bdd21c74da786042d76d5bc94"
            ],
            "type": "XHR",
            "firstPartyCookies": {},
            "firstPartyCookiesSent": {
                "lotame_domain_check": 0.000006805730425017865
            },
            "exampleSites": [
                "asianpinay.com",
                "cartoon.porn",
                "fapachi.com",
                "fulltaboo.tv",
                "homemade.porn",
                "m.smutty.com",
                "midget.porn",
                "overwatch.porn",
                "pornchimp.com",
                "thebypasser.com",
                "thefappeningblog.pics",
                "thepornfull.com",
                "ww1.javbabe.net",
                "www.allnporn.com",
                "www.pornacho.com",
                "www.porngo.com",
                "www.stileproject.com",
                "www.tumpik.com",
                "youngimage.top"
            ]
        }
    ],
    "categories": [],
    "performance": {},
    "cookies": 0.000204,
    "topInitiators": [
        {
            "domain": "d1f05vr3sjsuy7.cloudfront.net",
            "prevalence": 0.08108108108108109
        },
        {
            "domain": "dw55pg05c2rl5.cloudfront.net",
            "prevalence": 0.08108108108108109
        },
        {
            "domain": "d29bsjuqfmjd63.cloudfront.net",
            "prevalence": 0.05405405405405406
        },
        {
            "domain": "dq3yxnlzwhcys.cloudfront.net",
            "prevalence": 0.05405405405405406
        },
        {
            "domain": "d1nubxdgom3wqt.cloudfront.net",
            "prevalence": 0.05405405405405406
        },
        {
            "domain": "d18g6t7whf8ejf.cloudfront.net",
            "prevalence": 0.05405405405405406
        },
        {
            "domain": "d11p7gi4d9x2s0.cloudfront.net",
            "prevalence": 0.04504504504504504
        },
        {
            "domain": "dlooqrhebkjoh.cloudfront.net",
            "prevalence": 0.04504504504504504
        },
        {
            "domain": "d3bbyfw7v2aifi.cloudfront.net",
            "prevalence": 0.04504504504504504
        },
        {
            "domain": "dzr4v2ld8fze2.cloudfront.net",
            "prevalence": 0.036036036036036036
        }
    ],
    "types": {
        "XHR": 50
    },
    "nameservers": [
        "demi.ns.cloudflare.com",
        "aiden.ns.cloudflare.com"
    ]
}