{
    "domain": "megaphone.fm",
    "owner": {},
    "source": [
        "DuckDuckGo-US"
    ],
    "prevalence": 0.000218,
    "sites": 32,
    "subdomains": [
        "playlist",
        "player",
        "assets"
    ],
    "cnames": [],
    "fingerprinting": 2,
    "resources": [
        {
            "rule": "megaphone\\.fm\\/",
            "cookies": 0,
            "fingerprinting": 1,
            "subdomains": [
                "playlist"
            ],
            "apis": {
                "Navigator.prototype.userAgent": 18,
                "window.localStorage": 12
            },
            "sites": 21,
            "prevalence": 0.000143,
            "cnames": [],
            "responseHashes": [
                "ba8299727b58532b8a87c4abac8c5670dbf36a18c88d3db554b954f35383c4ef",
                "1d3003588738cfaf038604494f1300f39a3caf394c53790918fa38f183ea9ba5",
                "8e9bc3162487bd6e78fd68625f91e8c07417b6205a14b5d7b061655936807f56",
                "baaacc265e31a814a722b0b8ee27c607740606460085831810557ffc86f30b37",
                "01ea5517880420a946490b2be990e32d2534ada86af85af7a03da6d9d4e79c3d",
                "1824500199c9a40a9a7c34dcfd613592da8d15ae09aacef1ef185cd403d683df",
                "0a0f78e8ace4c9ba4813077750500c3f3f3b427243dadfd451b6c220523b52ed",
                "1a53075d57c3f906899d19e97389dcac0001fc55184ba29feb035b936477a6e9",
                "7a5acf57ca143f81e36f6e09c16dcec468693cacb4dbb38080cec850662c9eb1",
                "fd5ac4153ab343344791d5aed7c03e82068899b10a343729ecfd77b8a57945ea",
                "7e1e285d2b91b082c836fb732fdac7b849fda43f1264f06e709295bcf42fdfa5",
                "217f619da5d0f7e91d94c8ec00db867f990f0dc8576601a4f3e78cfeed0eb8e4",
                "75027de03011058c3a5ddf06653180e35731e6f882a8a5d2c7bac99c6deabde3",
                "40af48b6fb301088be3602e3b2cb4ec71dc688753156c9229142b135384fc6e2",
                "74b2dc21268ee438f9b2a7d0446d09b63e11d8b072e5fc8d59602d2d5830f414",
                "45e599b020fa07296e2265d5fd4fab61c9b3fb5e1656b6a3b955d0dc2001bb43",
                "d2e5077c84f7b8dd67b26c4b0faec973777bb854aab7b5293f167abf228e6a65",
                "ffb977e8c892dc0c8a447c257dd835ff6b98bab3c8c7ff9951534bb6073aad50"
            ],
            "type": "Document",
            "firstPartyCookies": {},
            "firstPartyCookiesSent": {},
            "exampleSites": [
                "www.fanbyte.com",
                "www.clickorlando.com",
                "blacksportsonline.com",
                "babynames.com",
                "www.batterypower.com",
                "www.celticsblog.com",
                "reefbuilders.com",
                "thebookerprizes.com",
                "weaintgotnohistory.sbnation.com",
                "www.bloggingtheboys.com",
                "radio.foxnews.com",
                "www.bikeradar.com",
                "www.bigblueview.com",
                "clark.com",
                "www.tmz.com",
                "www.outsports.com",
                "michaelsavage.com",
                "www.billoreilly.com",
                "www.lookoutlanding.com",
                "www.sen.com.au"
            ]
        },
        {
            "rule": "megaphone\\.fm\\/assets\\/application-e83cf2b33eb9c9d89a8a9889747cc6149ec878805e356e59516e96402432f579\\.css",
            "cookies": 0,
            "fingerprinting": 0,
            "subdomains": [
                "playlist"
            ],
            "apis": {},
            "sites": 20,
            "prevalence": 0.000136,
            "cnames": [],
            "responseHashes": [
                "7a753ac0cbdad0f2ba44fe864f858d90f6ef7d3020e8a4aa9cdd31543c6a9605"
            ],
            "type": "Stylesheet",
            "firstPartyCookies": {},
            "firstPartyCookiesSent": {},
            "exampleSites": [
                "babynames.com",
                "blacksportsonline.com",
                "clark.com",
                "radio.foxnews.com",
                "reefbuilders.com",
                "thebookerprizes.com",
                "weaintgotnohistory.sbnation.com",
                "www.arrowheadpride.com",
                "www.batterypower.com",
                "www.bigblueview.com",
                "www.bikeradar.com",
                "www.billoreilly.com",
                "www.bloggingtheboys.com",
                "www.celticsblog.com",
                "www.clickorlando.com",
                "www.fanbyte.com",
                "www.lookoutlanding.com",
                "www.outsports.com",
                "www.sen.com.au",
                "www.tmz.com"
            ]
        },
        {
            "rule": "megaphone\\.fm\\/packs\\/js\\/application-9f410fca141a1e5740ca\\.js",
            "cookies": 0,
            "fingerprinting": 2,
            "subdomains": [
                "playlist"
            ],
            "apis": {
                "Navigator.prototype.userAgent": 20,
                "Navigator.prototype.mimeTypes": 20,
                "Navigator.prototype.product": 20,
                "window.localStorage": 16,
                "Navigator.prototype.language": 20,
                "Screen.prototype.orientation": 16,
                "Date.prototype.getTime": 20,
                "Document.cookie getter": 7,
                "Event.prototype.timeStamp": 20
            },
            "sites": 20,
            "prevalence": 0.000136,
            "cnames": [],
            "responseHashes": [
                "e4c584951588221d069a080bf62308722c83fdafc16650385ca62ca670ff98f8",
                "e3b0c44298fc1c149afbf4c8996fb92427ae41e4649b934ca495991b7852b855"
            ],
            "type": "Script",
            "firstPartyCookies": {},
            "firstPartyCookiesSent": {},
            "exampleSites": [
                "babynames.com",
                "blacksportsonline.com",
                "clark.com",
                "radio.foxnews.com",
                "reefbuilders.com",
                "thebookerprizes.com",
                "weaintgotnohistory.sbnation.com",
                "www.arrowheadpride.com",
                "www.batterypower.com",
                "www.bigblueview.com",
                "www.bikeradar.com",
                "www.billoreilly.com",
                "www.bloggingtheboys.com",
                "www.celticsblog.com",
                "www.clickorlando.com",
                "www.fanbyte.com",
                "www.lookoutlanding.com",
                "www.outsports.com",
                "www.sen.com.au",
                "www.tmz.com"
            ]
        },
        {
            "rule": "megaphone\\.fm\\/assets\\/fonts\\/pnply-font-medium-a1cea68670c4e014901a22c81c785f58ff9f9b9632f3cddbf3486447f42b1aaa\\.woff",
            "cookies": 0,
            "fingerprinting": 0,
            "subdomains": [
                "playlist"
            ],
            "apis": {},
            "sites": 20,
            "prevalence": 0.000136,
            "cnames": [],
            "responseHashes": [
                "ad84a47bb45bfeca5a9031d3c59db9527da4b283aa9a841f5905806abf5bee56"
            ],
            "type": "Font",
            "firstPartyCookies": {},
            "firstPartyCookiesSent": {},