{
    "domain": "megaphone.fm",
    "owner": {},
    "source": [
        "DuckDuckGo-US"
    ],
    "prevalence": 0.000266,
    "sites": 39,
    "subdomains": [
        "playlist",
        "assets",
        "player"
    ],
    "cnames": [],
    "fingerprinting": 2,
    "resources": [
        {
            "rule": "megaphone\\.fm\\/",
            "cookies": 0,
            "fingerprinting": 1,
            "subdomains": [
                "playlist"
            ],
            "apis": {
                "Navigator.prototype.userAgent": 22,
                "window.localStorage": 11
            },
            "sites": 25,
            "prevalence": 0.00017,
            "cnames": [],
            "responseHashes": [
                "1faf4a5876349f2b569aa690aa10153a592aeab53a5dc68b32c566b7dc64cec6",
                "9c41f858e72159fc121e1de39cd6527d4df3581c45e5ba6950cd1865d38cd6f0",
                "68562f52e74bf9c5e65052424cbda05540473d5f649f67bd1374ed151ad1c617",
                "1c3d4b4b06a389f37804714f7942a4a60d1c3560461f5df6657064a0d99f4454",
                "d50e95a8b682e4f8cf5094ecdd0b11a3f480f01385a55026ef6e75eb15d6202a",
                "e5cc147639cfa9f2580ef92b105fbd7c59356c333abf301cb68254822f70eb28",
                "4a555526b55df827754137b193249dd071ebaed9a777fa4720f6dc136fcdd692",
                "c91e8f670b35343dd34493bbceb3f6f39b12414cd7c8d8d472a098792dfc70b2",
                "7836ebc9d314e461f22982b90713e720640183b430431ee1503118e365cef19e",
                "d9308dd52517ec986e9590f4407672d15bec007cdd57af61901ed0ad1ce31259",
                "09b299961199e745ad94b666403f7235dfba900ac3601a502b656f6235734e84",
                "6029030c3b142af5b7b6eb000e56bb9b856a0450cc29529b1ff4e3dc507c27ff",
                "42d586f3220eaaa2e8443b404adf1c2ad49ab8b19cfec1cf4353aedb92f38127",
                "7dfb3a142c3dad42dd662a673f9aa41d3d0e0bcad07073c01932cd8e551c9f80",
                "b9af2c4f3b1236f5decf039da2e606cfdffcee5ce5ed3a02fbbe24fd6b111939",
                "4bdac5ebcccae534c1c54e3ab5566b251e08884f79c5b84956a0ef16a92d1332",
                "c2632cf3d3f2ea778e95caa055cc3e303ae81210b3297674ffdf91b3b56a4cf4",
                "8df5b8e20d99edea95e0927d1a1923246acee709731f45988bafad4bf3db959f",
                "559b75d2991fdaf315495f39126836446fd40ac16abd75e897ffc04269c106ad",
                "cef141c6b779e46a7f2df18bd80e155400179157ae14c2c863bd2609f5c00f95",
                "8d67d2358893c9835d357170817ea295de7c8a38e614c3474067e98a8da14a5c",
                "a72bb959223d8ec7a4343538b45cdb4e15ee9b4ed1d1737e8714766c314c6a41",
                "43a2eba095db4212fa211aaa07c6e9b1bdfb5436078c8f41dfd06d55edc16851"
            ],
            "type": "Document",
            "firstPartyCookies": {},
            "firstPartyCookiesSent": {},
            "exampleSites": [
                "www.sen.com.au",
                "goodfaithmedia.org",
                "blacksportsonline.com",
                "reefbuilders.com",
                "www.fanbyte.com",
                "www.tmz.com",
                "weaintgotnohistory.sbnation.com",
                "www.batterypower.com",
                "www.bigblueview.com",
                "babynames.com",
                "www.gilgocase.com",
                "www.clickorlando.com",
                "www.celticsblog.com",
                "thebookerprizes.com",
                "clark.com",
                "cup.columbia.edu",
                "www.outsports.com",
                "virginiatech.sportswar.com",
                "www.arrowheadpride.com",
                "michaelsavage.com"
            ]
        },
        {
            "rule": "megaphone\\.fm\\/assets\\/application-e83cf2b33eb9c9d89a8a9889747cc6149ec878805e356e59516e96402432f579\\.css",
            "cookies": 0,
            "fingerprinting": 0,
            "subdomains": [
                "playlist"
            ],
            "apis": {},
            "sites": 25,
            "prevalence": 0.00017,
            "cnames": [],
            "responseHashes": [
                "7a753ac0cbdad0f2ba44fe864f858d90f6ef7d3020e8a4aa9cdd31543c6a9605"
            ],
            "type": "Stylesheet",
            "firstPartyCookies": {},
            "firstPartyCookiesSent": {},
            "exampleSites": [
                "michaelsavage.com",
                "virginiatech.sportswar.com",
                "www.lookoutlanding.com",
                "www.batterypower.com",
                "radio.foxnews.com",
                "www.bikeradar.com",
                "thebookerprizes.com",
                "clark.com",
                "www.arrowheadpride.com",
                "babynames.com",
                "www.gilgocase.com",
                "www.outsports.com",
                "blacksportsonline.com",
                "www.tmz.com",
                "www.bigblueview.com",
                "weaintgotnohistory.sbnation.com",
                "www.clickorlando.com",
                "reefbuilders.com",
                "www.celticsblog.com",
                "goodfaithmedia.org"
            ]
        },
        {
            "rule": "megaphone\\.fm\\/packs\\/js\\/application-9f410fca141a1e5740ca\\.js",
            "cookies": 0,
            "fingerprinting": 2,
            "subdomains": [
                "playlist"
            ],
            "apis": {
                "Navigator.prototype.userAgent": 24,
                "Navigator.prototype.mimeTypes": 24,
                "Navigator.prototype.product": 24,
                "window.localStorage": 21,
                "Navigator.prototype.language": 24,
                "Screen.prototype.orientation": 21,
                "Date.prototype.getTime": 25,
                "Document.cookie getter": 8,
                "Event.prototype.timeStamp": 25
            },
            "sites": 25,
            "prevalence": 0.00017,
            "cnames": [],
            "responseHashes": [
                "e4c584951588221d069a080bf62308722c83fdafc16650385ca62ca670ff98f8"
            ],
            "type": "Script",
            "firstPartyCookies": {},
            "firstPartyCookiesSent": {},
            "exampleSites": [
                "www.celticsblog.com",
                "www.fanbyte.com",
                "www.bloggingtheboys.com",
                "weaintgotnohistory.sbnation.com",
                "blacksportsonline.com",
                "www.billoreilly.com",
                "clark.com",
                "virginiatech.sportswar.com",
                "www.gilgocase.com",
                "reefbuilders.com",
                "www.bikeradar.com",
                "goodfaithmedia.org",
                "radio.foxnews.com",
                "www.arrowheadpride.com",
                "thebookerprizes.com",
                "www.lookoutlanding.com",
                "www.bigblueview.com",
                "www.sen.com.au",
                "www.clickorlando.com",
                "www.batterypower.com"
            ]
        },
        {
            "rule": "megaphone\\.fm\\/assets\\/fonts\\/pnply-font-medium-a1cea68670c4e014901a22c81c785f58ff9f9b9632f3cddbf3486447f42b1aaa\\.woff",
            "cookies": 0,
            "fingerprinting": 0,
            "subdomains": [
                "playlist"
            ],
            "apis": {},
            "sites": 25,
            "prevalence": 0.00017,
            "cnames": [],
            "responseHashes": [
                "ad84a47bb45bfeca5a9031d3c59db9527da4b283aa9a841f5905806abf5bee56"
            ],
            "type": "Font",
            "firstPartyCookies": {},
            "firstPartyCookiesSent": {},