{
    "domain": "meredithcorp.io",
    "owner": {},
    "source": [
        "DuckDuckGo-US"
    ],
    "prevalence": 0.000258,
    "sites": 38,
    "subdomains": [
        "imagesvc",
        "cdn.video",
        "metadata.video"
    ],
    "cnames": [],
    "fingerprinting": 1,
    "resources": [
        {
            "rule": "meredithcorp\\.io\\/v3\\/mm\\/image",
            "cookies": 0,
            "fingerprinting": 0,
            "subdomains": [
                "imagesvc"
            ],
            "apis": {},
            "sites": 20,
            "prevalence": 0.000136,
            "cnames": [],
            "responseHashes": [
                "08346bc58720b9048a63a36206148f1a247cebc77abc9510230fee6535d43497",
                "0de77838e601c38c4515729bee400f2ae86ed055e113ece6d276ccd65b6c92d5",
                "82f9e471fa99b1c8ff831d32b450b6167b27031e55d5cc35ff98c27574776c69",
                "5603ffcfad1f1ca808f8ba2db2ff93482b90562f9f2b7f635f985607fc035e47",
                "b79a49d439bb1559227ca79901c61635556e06698c555111af467d6fc4181dbf",
                "a6b0c955ebc0083c5538cd8f41100bbcdd20b39e9a908bb237c47285c26231ad",
                "0ac0656238c5ac9c4da22d8f8031ead442a980e0cd1d26898c69a0db24389aee",
                "2a3cc02fe88ba7007b00f5d81605cee2a678c57bff228ac418be3b3a73d6ae20",
                "9b65a66aba425d0a81bf9abd12abf60f5ff0a5cbb571a7ea82019d37e32adc96",
                "7f18b14e87e51d17764b4e92324695276680e3e084b1e6db55bfd0649e63cefe",
                "6a48e7f1e52f439dc651a54c7d0be3c9b2c662afb02e5dff2303c58a345aa460",
                "a8071af9c0dd1e1971fd8794dfc326d298584e5f0640b0d9e7fcc97832d699fc",
                "aed91b933b328813697916bb697e9b6c85a2b3f913bdb0cf4ace288f45dc2bb6",
                "9d4cd8602e621297ad5ef131e3e3765576163916aadcc58c5240a7bb7ef3942f",
                "1e42271e4922ff969f91e2f3fc6e9545335565fc896cf1f7f8447c1188ce9f16",
                "c7e45a31e3d52231cd48eaf997fcc00007fa64171d434dd6be61339deee02dc6",
                "2afceae367f29c0f51c9885e78e0a4570c36dda3c75f7ad72138e488a944f0ab",
                "96080cd8c9c46f819bbd7682ae74cf420833260a8b5c170412213baa42efbeec"
            ],
            "type": "Image",
            "firstPartyCookies": {},
            "firstPartyCookiesSent": {},
            "exampleSites": [
                "ew.com",
                "findpornface.com",
                "hellogiggles.com",
                "people.com",
                "peopleenespanol.com",
                "qa1.fuse.tv",
                "www.allpeoplequilt.com",
                "www.allrecipes.com",
                "www.bhg.com",
                "www.cookinglight.com",
                "www.dailypaws.com",
                "www.eatingwell.com",
                "www.foodandwine.com",
                "www.marthastewart.com",
                "www.midwestliving.com",
                "www.myrecipes.com",
                "www.realsimple.com",
                "www.southernliving.com",
                "www.unz.com",
                "www.woodmagazine.com"
            ]
        },
        {
            "rule": "meredithcorp\\.io\\/jumpstart\\/v4\\/js\\/jumpstart\\.min\\.js",
            "cookies": 0.00000679,
            "fingerprinting": 2,
            "subdomains": [
                "cdn.video"
            ],
            "apis": {
                "Date.prototype.getTime": 7,
                "HTMLMediaElement.prototype.canPlayType": 7,
                "Navigator.prototype.userAgent": 7,
                "window.devicePixelRatio": 7,
                "Screen.prototype.height": 7,
                "Screen.prototype.width": 7,
                "window.innerHeight": 7,
                "Navigator.prototype.platform": 7,
                "Document.cookie getter": 1,
                "Document.cookie setter": 1
            },
            "sites": 7,
            "prevalence": 0.0000475,
            "cnames": [],
            "responseHashes": [
                "30f114e8bb1699f300e466e4f649033d51f9486f5843dfd6d89cd149fe525689"
            ],
            "type": "Script",
            "firstPartyCookies": {
                "useRecSvc-ab-id": {
                    "ttl": 2592004,
                    "length": 4,
                    "prevalence": 0.000006786332326694038,
                    "uniqueness": 1
                }
            },
            "firstPartyCookiesSent": {},
            "exampleSites": [
                "people.com",
                "peopleenespanol.com",
                "www.allrecipes.com",
                "www.dailypaws.com",
                "www.midwestliving.com",
                "www.shape.com",
                "www.southernliving.com"
            ]
        },
        {
            "rule": "meredithcorp\\.io\\/v3\\/jumpstartpure\\/image",
            "cookies": 0,
            "fingerprinting": 0,
            "subdomains": [
                "imagesvc"
            ],
            "apis": {},
            "sites": 7,
            "prevalence": 0.0000475,
            "cnames": [],
            "responseHashes": [
                "7ae33c5af6524f7c0b1d400b2d4d1b2f40513b1b4c62e507400a209a08e256ab",
                "ae38c15b82229870b5d31a6478e64f4aa2e69f2577fb67c3502744cbf6ec712e",
                "410e12c7a68e0f7222d6cb8fada9a0071959b109d66eab006690d93ba54b7535",
                "4415a7237614ffca2e5b5f340c22823a04d04b6dc8876f9cc3a3335c57dfcf59",
                "b0148eb151d9fba80af478062546ad65eec2f10616ce0cac4fa989bebf97efdd",
                "cabb9c40609113ee6bb2b5315b9670a4387a6ee8e3630a4173c8ec1fc30afa17"
            ],
            "type": "Image",
            "firstPartyCookies": {},
            "firstPartyCookiesSent": {},
            "exampleSites": [
                "people.com",
                "peopleenespanol.com",
                "www.allrecipes.com",
                "www.dailypaws.com",
                "www.midwestliving.com",
                "www.shape.com",
                "www.southernliving.com"
            ]
        },
        {
            "rule": "meredithcorp\\.io\\/",
            "cookies": 0,
            "fingerprinting": 0,
            "subdomains": [
                "metadata.video"
            ],
            "apis": {},
            "sites": 3,
            "prevalence": 0.0000204,
            "cnames": [],
            "responseHashes": [
                "9a2e3d32bc3d9147e21626e44197cc79675f38d9919a29c50b8ab716f4c2b9d9",
                "3a18b50abdc64525b5360acca510a6dabff7cfc19dc27c82192ca8eb2c859b08"
            ],
            "type": "XHR",
            "firstPartyCookies": {},
            "firstPartyCookiesSent": {},
            "exampleSites": [
                "allrecipes.com",
                "www.midwestliving.com",
                "www.southernliving.com"
            ]
        }
    ],
    "categories": [],
    "performance": {},
    "cookies": 0.00000679,
    "types": {
        "Image": 27,
        "Script": 7,
        "XHR": 3
    },
    "nameservers": [
        "ns-61.awsdns-07.com",
        "ns-912.awsdns-50.net",
        "ns-1420.awsdns-49.org",
        "ns-1840.awsdns-38.co.uk"
    ]
}