{
    "domain": "missena.io",
    "owner": {},
    "source": [
        "DuckDuckGo-US"
    ],
    "prevalence": 0.000497,
    "sites": 73,
    "subdomains": [
        "bid",
        "sync",
        "chat",
        "events",
        "ad"
    ],
    "cnames": [],
    "fingerprinting": 1,
    "resources": [
        {
            "rule": "missena\\.io\\/",
            "cookies": 0,
            "fingerprinting": 0,
            "subdomains": [
                "bid"
            ],
            "apis": {},
            "sites": 41,
            "prevalence": 0.000279,
            "cnames": [],
            "responseHashes": [
                "2726c07d775d89d5371e39ed1176665aa286306842b60469a2344a85f13af989",
                "e3b0c44298fc1c149afbf4c8996fb92427ae41e4649b934ca495991b7852b855",
                "fb5d86677f7145430af48b0819794591c0f235c8db8d114e8e580c25bff6eea0",
                "e92ef399e67a74e3d2ccba67743591bc2bb59a8d98a0ecc4d7a57a9264b38548",
                "5df9f8afa54fde3ad3af1889746d64f95202a4000e29daedf44fdb7fb0a3322a",
                "8017502332ef7137f9548885a1c66a311b355570a249d806854e827fb19080cc",
                "b17ab4b260624a67945a9d04702fb4603832d08024575daa29e9dc533b8b7f56",
                "f304d952d0da85586e75a0910c81bdb99f4ee77c3a815a9672981a10c7b910e1",
                "fa4d97b64f0b9b25a4ecfcccd5c1b6d1fddeef708e758cb3ee76754f4c5f1350",
                "36c75f7d00fa4a6ae5a3a3311fd182c071fae2be068e401f668904cec6be43a5",
                "52551e9719194599d17e1c52db6cc65631363f9c66f82e59e9f5dfa0ecd00f3e",
                "1ecba997f7808d6385eeecb5bc22efe9763fe6191fa9b85cf6389e328cdd352b",
                "decef75c0a3f96cd7b925ec50f6f37ba51beef45e961a0019192498cc37b7f77",
                "a5945459b81dae05b87d23b5aacabef48ad6eb374f9391b9e7f50d90298012d4",
                "c71b808e11d383573cb825ab7bd46b07b3dc1d7a0caf0b967f70cefa6c0d6375",
                "eda5f1529f3b923cd080ffd1e4e08be0b053e18a33f8ef9d1345b3d22fe2441d",
                "6509067ab270b92d3f7db3daefca69ae837c3d3326e32ca60bdb9858c9ef50d7",
                "df713f04bf229bf229a9838ca8b70e329bcf62390098ae763dfb627df932ebb2",
                "e328c5d7f1b9655bfd965447cd2edfe2f5cf611797a9f4988632b0ba5c8ed7c4",
                "c98bc72851fe6d78c6f089d1df0f87e8b3776b4f23f564d4b2871abfe7dea313",
                "3cb686609493ead8fa7e4f04c8e988b55e99da50f46729d0e050c0f01c73b7f2",
                "61c85f6ddec2f9dda1077472404f9368001ba46d22573f45e50d40cfc6b9d8f7",
                "56cfd95853814dab7f0d4bfe149a355e842ef171c093ad4ec0db8e9c2747b114",
                "78342a0905a72ce44da083dcb5d23b8ea0c16992ba2a82eece97e033d76ba3d3",
                "a17c75235d63f72c89638661b78d94b1ac08ff8622c0efd64f63ca1095b2a1c8",
                "ec13206c292b50ff7703ab7fc8ebbb04752796ce798fe441f154ca2cbb6b5f42",
                "b9627501a3a9840380fceddb416df54dc3fe4f7ba658a5fcb3ddeb3d212cfa38",
                "7661b3f8834ed20647729a4ae2e1d6fb4b3a14c222db8126ebedd6a35a7bfaa9"
            ],
            "type": "XHR",
            "firstPartyCookies": {},
            "firstPartyCookiesSent": {},
            "exampleSites": [
                "elrellano.com",
                "tecnofaq.com",
                "yebscore.com",
                "de.winedexer.com",
                "teacherscollegesj.org",
                "newsee-media.com",
                "heimduo.org",
                "tipsfolder.com",
                "celeby-media.net",
                "ids-water.com",
                "bikehike.org",
                "solofaq.com",
                "conselhosrapidos.com.br",
                "huisdierhier.nl",
                "stalgie.co.jp",
                "www.winedexer.com",
                "www.whyienjoy.com",
                "schnelleberatungen.de",
                "www.ladecuadros.com",
                "sage-answer.com"
            ]
        },
        {
            "rule": "missena\\.io\\/iframe",
            "cookies": 0,
            "fingerprinting": 0,
            "subdomains": [
                "sync"
            ],
            "apis": {},
            "sites": 41,
            "prevalence": 0.000279,
            "cnames": [],
            "responseHashes": [
                "6c4e40de84c304650fb10d2dc715cc4350a2c6bbe3a333aca24634fe3652516b"
            ],
            "type": "Document",
            "firstPartyCookies": {},
            "firstPartyCookiesSent": {
                "__cmpconsent22803": 0.000006805962022731913
            },
            "exampleSites": [
                "stalgie.co.jp",
                "urlebird.com",
                "sage-answer.com",
                "www.metrolinemap.com",
                "newsee-media.com",
                "www.outdoormeister.de",
                "tecnofaq.com",
                "schnelleberatungen.de",
                "www.turfomania.fr",
                "www.maurizioblondet.it",
                "rank1-media.com",
                "yebscore.com",
                "www.whyienjoy.com",
                "quick-advices.com",
                "elrellano.com",
                "sage-advices.com",
                "ids-water.com",
                "blog.juliendelmas.fr",
                "huisdierhier.nl",
                "de.winedexer.com"
            ]
        },
        {
            "rule": "missena\\.io\\/missena",
            "cookies": 0.000259,
            "fingerprinting": 0,
            "subdomains": [
                "sync"
            ],
            "apis": {},
            "sites": 38,
            "prevalence": 0.000259,
            "cnames": [],
            "responseHashes": [
                "d346801abbf9bb4e9e9a055239053d4ab5596514304f601a6c70604187acb744"
            ],
            "type": "Image",
            "firstPartyCookies": {},
            "firstPartyCookiesSent": {},
            "exampleSites": [
                "quick-advices.com",
                "www.metrolinemap.com",
                "www.ladecuadros.com",
                "teacherscollegesj.org",
                "www.turfomania.fr",
                "sage-answer.com",
                "conselhosrapidos.com.br",
                "tecnofaq.com",
                "conseilsrapides.fr",
                "solofaq.com",
                "de.winedexer.com",
                "rank1-media.com",
                "juliendelmas.fr",
                "www.spaziolink.com",
                "www.canalchat.org",
                "newsee-media.com",
                "tipsfolder.com",
                "www.sujetscorrigesbac.fr",
                "ids-water.com",
                "www.winedexer.com"
            ]
        },
        {
            "rule": "missena\\.io\\/renderer-sticky-banner\\.js",
            "cookies": 0,
            "fingerprinting": 1,
            "subdomains": [
                "chat"
            ],
            "apis": {
                "window.localStorage": 2
            },
            "sites": 2,
            "prevalence": 0.0000136,
            "cnames": [],
            "responseHashes": [
                "a7164a859adef249d440bbe90f14104ac41c81efc000f6753cf988bc872c288f"
            ],
            "type": "Script",
            "firstPartyCookies": {},
            "firstPartyCookiesSent": {},
            "exampleSites": [
                "huisdierhier.nl",
                "www.ladecuadros.com"
            ]
        },
        {
            "rule": "missena\\.io\\/v1\\/bidsuccess",
            "cookies": 0,
            "fingerprinting": 0,
            "subdomains": [
                "events"
            ],
            "apis": {},
            "sites": 3,
            "prevalence": 0.0000204,
            "cnames": [],
            "responseHashes": [
                "e3b0c44298fc1c149afbf4c8996fb92427ae41e4649b934ca495991b7852b855"
            ],
            "type": "Image",
            "firstPartyCookies": {},
            "firstPartyCookiesSent": {},