{
    "domain": "montkyodo.top",
    "owner": {},
    "source": [
        "DuckDuckGo-US"
    ],
    "prevalence": 0.00021,
    "sites": 31,
    "subdomains": [
        "a",
        "b",
        "cdn3"
    ],
    "cnames": [],
    "fingerprinting": 0,
    "resources": [
        {
            "rule": "montkyodo\\.top\\/loader",
            "cookies": 0,
            "fingerprinting": 0,
            "subdomains": [
                "a"
            ],
            "apis": {},
            "sites": 16,
            "prevalence": 0.000109,
            "cnames": [],
            "responseHashes": [
                "6084bb8ac4b54f88a64f449aff9a24a4728b015b3ce8ef8be40331fe8f2c173e",
                "5d9b0e487cbf4b2f97dda3d3af740b5790af117f56edb8d4bdaeb84571a01fb2",
                "d002eb013180b8bea5585b450811540e75ae2bed328be89420a47ae8d00b4037",
                "2e0e7531859ac8f26eaa515ae2eafb6bc8930313708f8466bde263fe5e34680e",
                "f3fe12924b0bb9b8190578bdad3c6e123e663ec7410d1e6c16543dd5282eb5d8",
                "e92cffba589e767b251f1a4a57632991e738f3b5ae1851673bfccb58f383be14",
                "6f2c394e81c5cf5c349f31f8cb2a18cc44185384fa15a6e7a780ce33fd161085",
                "4d6dee4becf2d1118892eb2b47dcf9318d8e9008dc48af070b2c63c729d05ad2",
                "a24db5e5dd54e442ac5b740cc5f5eef81e4107e72138dddb38c2d5bbe0b56f81",
                "c1e66040c091c5dfb51a53d7f90e647b32541a1fafa48f4d41c86cda621408f5",
                "956959638c7f70bbf05dca061fdc426316a1bd3cc8aad7096dfcc5281090269a",
                "e814fcb7bf3770679f3a2e434194f14670c79086f5c108f99e7dcbdf7c0d14de",
                "2ce2f618d2980542a72bfc0cc1e889da4110fbe2c8b92ad421fdf4eb768f5326",
                "2843d028bbb8a0aab2401023d67c6f63df77283ef668c40d77ca5b113183f0e8",
                "c2ee09f14babf86224ce83ddee99ac4b513056c337668eed801f13e95eb76bca"
            ],
            "type": "Document",
            "firstPartyCookies": {},
            "firstPartyCookiesSent": {},
            "exampleSites": [
                "bbwpictures.com",
                "bustypics.com",
                "crazysexpics.com",
                "hdpornpics.com",
                "hotpussypics.com",
                "idealmilf.com",
                "lamalinks.com",
                "maturepornpics.com",
                "milfgalleries.com",
                "nakedwifepics.com",
                "nakedwomenpics.com",
                "nastypornpics.com",
                "sexygirlspics.com",
                "shavedpics.com",
                "shemalepics.net",
                "viewgals.com"
            ]
        },
        {
            "rule": "montkyodo\\.top\\/i",
            "cookies": 0,
            "fingerprinting": 0,
            "subdomains": [
                "b"
            ],
            "apis": {},
            "sites": 16,
            "prevalence": 0.000109,
            "cnames": [],
            "responseHashes": [
                "e3b0c44298fc1c149afbf4c8996fb92427ae41e4649b934ca495991b7852b855"
            ],
            "type": "Image",
            "firstPartyCookies": {},
            "firstPartyCookiesSent": {},
            "exampleSites": [
                "bbwpictures.com",
                "bustypics.com",
                "crazysexpics.com",
                "hdpornpics.com",
                "hotpussypics.com",
                "idealmilf.com",
                "lamalinks.com",
                "maturepornpics.com",
                "milfgalleries.com",
                "nakedwifepics.com",
                "nakedwomenpics.com",
                "nastypornpics.com",
                "sexygirlspics.com",
                "shavedpics.com",
                "shemalepics.net",
                "viewgals.com"
            ]
        },
        {
            "rule": "montkyodo\\.top\\/0e\\/4d\\/53393\\/00000260574\\.gif",
            "cookies": 0,
            "fingerprinting": 0,
            "subdomains": [
                "cdn3"
            ],
            "apis": {},
            "sites": 6,
            "prevalence": 0.0000407,
            "cnames": [],
            "responseHashes": [
                "605dd9c0f47a74904b164c2ac7a6669787bb5d7d3df079f234bd5492fdf6bfc9"
            ],
            "type": "Image",
            "firstPartyCookies": {},
            "firstPartyCookiesSent": {},
            "exampleSites": [
                "bbwpictures.com",
                "lamalinks.com",
                "maturepornpics.com",
                "milfgalleries.com",
                "sexygirlspics.com",
                "shemalepics.net"
            ]
        },
        {
            "rule": "montkyodo\\.top\\/9b\\/ce\\/71226\\/00000863293\\.gif",
            "cookies": 0,
            "fingerprinting": 0,
            "subdomains": [
                "cdn3"
            ],
            "apis": {},
            "sites": 2,
            "prevalence": 0.0000136,
            "cnames": [],
            "responseHashes": [
                "dba36c878167235254de0ebacdebc55a03007e4d9dc06d8c5107ddea981f1d03"
            ],
            "type": "Image",
            "firstPartyCookies": {},
            "firstPartyCookiesSent": {},
            "exampleSites": [
                "bbwpictures.com",
                "viewgals.com"
            ]
        },
        {
            "rule": "montkyodo\\.top\\/d7\\/f1\\/201551\\/00003314691\\.gif",
            "cookies": 0,
            "fingerprinting": 0,
            "subdomains": [
                "cdn3"
            ],
            "apis": {},
            "sites": 3,
            "prevalence": 0.0000203,
            "cnames": [],
            "responseHashes": [
                "0ae2cc6330d60cf1ce0a2c62ffa2ebb430baec365b86683fa20c97b67fdf9cd1"
            ],
            "type": "Image",
            "firstPartyCookies": {},
            "firstPartyCookiesSent": {},
            "exampleSites": [
                "bustypics.com",
                "crazysexpics.com",
                "shavedpics.com"
            ]
        },
        {
            "rule": "montkyodo\\.top\\/96\\/88\\/197057\\/00003162731\\.gif",
            "cookies": 0,
            "fingerprinting": 0,
            "subdomains": [
                "cdn3"
            ],
            "apis": {},
            "sites": 4,
            "prevalence": 0.0000271,
            "cnames": [],
            "responseHashes": [
                "b5c5be3b97714d8d82673f3d61b9b25010259e94c72fc5814e979c54a555af82"
            ],
            "type": "Image",
            "firstPartyCookies": {},
            "firstPartyCookiesSent": {},
            "exampleSites": [
                "bustypics.com",
                "idealmilf.com",
                "lamalinks.com",
                "maturepornpics.com"
            ]
        },
        {
            "rule": "montkyodo\\.top\\/96\\/88\\/197057\\/00003162734\\.gif",
            "cookies": 0,
            "fingerprinting": 0,
            "subdomains": [
                "cdn3"
            ],
            "apis": {},
            "sites": 3,
            "prevalence": 0.0000203,
            "cnames": [],
            "responseHashes": [
                "ab36878d82734b225c2ced0c5369649c3fc47cb66e5603fbad4adc7dde6ca4fe"
            ],
            "type": "Image",
            "firstPartyCookies": {},
            "firstPartyCookiesSent": {},
            "exampleSites": [
                "hdpornpics.com",
                "nakedwifepics.com",
                "nastypornpics.com"
            ]
        },
        {
            "rule": "montkyodo\\.top\\/0e\\/4d\\/53393\\/00000260575\\.gif",
            "cookies": 0,
            "fingerprinting": 0,
            "subdomains": [
                "cdn3"
            ],
            "apis": {},
            "sites": 2,
            "prevalence": 0.0000136,
            "cnames": [],
            "responseHashes": [
                "eed513a4c72df5b2f9f47ec743c87395127cce856510ad68af21af47ec2a0ab8"
            ],
            "type": "Image",
            "firstPartyCookies": {},