{
    "domain": "moviead55.ru",
    "owner": {},
    "source": [
        "DuckDuckGo-US"
    ],
    "prevalence": 0.000142,
    "sites": 21,
    "subdomains": [
        "code",
        "logger",
        "static"
    ],
    "cnames": [],
    "fingerprinting": 3,
    "resources": [
        {
            "rule": "moviead55\\.ru\\/go\\/csync",
            "cookies": 0.0000948,
            "fingerprinting": 0,
            "subdomains": [
                "code"
            ],
            "apis": {},
            "sites": 14,
            "prevalence": 0.0000948,
            "cnames": [],
            "responseHashes": [
                "e3b0c44298fc1c149afbf4c8996fb92427ae41e4649b934ca495991b7852b855"
            ],
            "type": "Image",
            "firstPartyCookies": {},
            "firstPartyCookiesSent": {},
            "exampleSites": [
                "eldorado.ru",
                "blog.eldorado.ru",
                "hd-rezka.biz",
                "kinozal.tv",
                "lordserial.top",
                "msk.tele2.ru",
                "new-rutor.org",
                "onlinemultfilmy.ru",
                "reproduktor.net",
                "rutor.info",
                "vse-4asti-filmov.online",
                "www.citilink.ru",
                "www.rutor.info",
                "yapolitic.ru"
            ]
        },
        {
            "rule": "moviead55\\.ru\\/madstyle\\.css",
            "cookies": 0,
            "fingerprinting": 0,
            "subdomains": [
                "code"
            ],
            "apis": {},
            "sites": 10,
            "prevalence": 0.0000677,
            "cnames": [],
            "responseHashes": [
                "9779b9e5c99908ebb1c6b83360e5d23d54c54a2a1984886f3a65be863f4f8ae6",
                "9139935bc11fdce90bb5bcf6d3d048cc15e79aad29ece72fea23855d3cec1eb9",
                "04547c22a4afbe6aeb1daf9f88d6ca0070de994bc054c2a6d347fada2b3bed49",
                "7c3ebd1832d842d15dfcc5abbd8278943a5ca65ea32c304771e9527b81686923",
                "5d6eeb572a2eb9814aed468afc947dda69c65fb536bd20b2d11672bdf29f4ec8",
                "75596a5762a68252ed9dcfb06f51365e9770eece751009c9e5caf377ce58ddb1",
                "57954a15560e4abb3959cb1d7006f96f5678973182d1284fe57e356437b2a92f",
                "b3ce2fd0e8df88cf3349aaf9608e5de459aea239c1d6923029bb69f62dfb9c6b",
                "c80ba906fe63756a8c2809b60cab263ca93e967df1b2d55ca705233b016890de"
            ],
            "type": "Stylesheet",
            "firstPartyCookies": {},
            "firstPartyCookiesSent": {},
            "exampleSites": [
                "hd-rezka.biz",
                "kinozal.tv",
                "lordserial.top",
                "new-rutor.org",
                "onlinemultfilmy.ru",
                "reproduktor.net",
                "rutor.info",
                "vse-4asti-filmov.online",
                "www.rutor.info",
                "yapolitic.ru"
            ]
        },
        {
            "rule": "moviead55\\.ru\\/logger\\.php",
            "cookies": 0,
            "fingerprinting": 0,
            "subdomains": [
                "logger"
            ],
            "apis": {},
            "sites": 10,
            "prevalence": 0.0000677,
            "cnames": [],
            "responseHashes": [
                "389d4abf83fdf0701b0e481fa43847b95201e1dc590e7f669283f421ddf13c3d"
            ],
            "type": "Image",
            "firstPartyCookies": {},
            "firstPartyCookiesSent": {},
            "exampleSites": [
                "hd-rezka.biz",
                "kinozal.tv",
                "lordserial.top",
                "new-rutor.org",
                "onlinemultfilmy.ru",
                "reproduktor.net",
                "rutor.info",
                "vse-4asti-filmov.online",
                "www.rutor.info",
                "yapolitic.ru"
            ]
        },
        {
            "rule": "moviead55\\.ru\\/go\\/bmap",
            "cookies": 0,
            "fingerprinting": 1,
            "subdomains": [
                "code"
            ],
            "apis": {
                "window.localStorage": 10,
                "Date.prototype.getTime": 10
            },
            "sites": 10,
            "prevalence": 0.0000677,
            "cnames": [],
            "responseHashes": [
                "82c8f1c3b3472512324e6da8541b6b6346b586f932794a1e45b1797615457be8",
                "e20650858994ae796806084dee4b8df7425c8b2c8b244919f59514dd5ea9da51",
                "44f9f3f51cb5803f7b5000ee0ee6c52c07c03d57de0849c95f5b270b8fe8c615",
                "decb826b53d2c7ff65e877b1a00948b5f99f069747e076f8679e39c0296d941d",
                "542106cbb8c3c93aadab601d0615046c7df9cc51f9e5b5d92a9a576f5e0df479",
                "7a33acaef9fcf016ef1662c2869e9f872c4e4509bd9fd5405a7c09bdecf4d6ba",
                "5b3670abaf04794a13ece1cfe431568d4501b79b0fdab937db8cf3231ab2e4eb",
                "80b397209595fb2e9ad152723de3099968ed0c29efce084b80ef5ecf29fb3906",
                "d1cce7fed72fc4adf1624bfeadc413bfec7e27db3379e0dd558d46d62decbf80"
            ],
            "type": "Script",
            "firstPartyCookies": {},
            "firstPartyCookiesSent": {},
            "exampleSites": [
                "hd-rezka.biz",
                "kinozal.tv",
                "lordserial.top",
                "new-rutor.org",
                "onlinemultfilmy.ru",
                "reproduktor.net",
                "rutor.info",
                "vse-4asti-filmov.online",
                "www.rutor.info",
                "yapolitic.ru"
            ]
        },
        {
            "rule": "moviead55\\.ru\\/mp_dist\\/mstream2\\.js",
            "cookies": 0,
            "fingerprinting": 3,
            "subdomains": [
                "static"
            ],
            "apis": {
                "Navigator.prototype.userAgent": 10,
                "Navigator.prototype.platform": 10,
                "Navigator.prototype.connection": 10,
                "Date.prototype.getTime": 10,
                "Navigator.prototype.appVersion": 10,
                "window.outerWidth": 10,
                "window.outerHeight": 10,
                "window.innerWidth": 10,
                "window.innerHeight": 10,
                "Navigator.prototype.plugins": 8,
                "Navigator.prototype.productSub": 10,
                "Navigator.prototype.mimeTypes": 10,
                "WebGLRenderingContext.prototype.getParameter": 10,
                "Navigator.prototype.webdriver": 8,
                "Navigator.prototype.language": 10,
                "Navigator.prototype.languages": 10,
                "Navigator.prototype.vendor": 10,
                "Navigator.prototype.permissions": 8,
                "Navigator.prototype.hardwareConcurrency": 10,
                "URL.createObjectURL": 9,
                "Notification.permission": 8,
                "Screen.prototype.width": 1,
                "Screen.prototype.height": 1,
                "Screen.prototype.orientation": 1,
                "window.devicePixelRatio": 1
            },
            "sites": 10,
            "prevalence": 0.0000677,
            "cnames": [],
            "responseHashes": [
                "2b3eaaf88c9903deae4d2e260338d03299445ac9c2d3d5268d7263b1b04bc059"
            ],
            "type": "Script",
            "firstPartyCookies": {},
            "firstPartyCookiesSent": {},
            "exampleSites": [
                "hd-rezka.biz",
                "kinozal.tv",
                "lordserial.top",
                "new-rutor.org",
                "onlinemultfilmy.ru",
                "reproduktor.net",
                "rutor.info",
                "vse-4asti-filmov.online",
                "www.rutor.info",
                "yapolitic.ru"
            ]
        },
        {
            "rule": "moviead55\\.ru\\/go\\/cinit",
            "cookies": 0.0000677,
            "fingerprinting": 0,