{
    "domain": "mybestdl.com",
    "owner": {},
    "source": [
        "DuckDuckGo-US"
    ],
    "prevalence": 0.0000831,
    "sites": 12,
    "subdomains": [
        "beta"
    ],
    "cnames": [],
    "fingerprinting": 0,
    "resources": [
        {
            "rule": "mybestdl\\.com\\/adServe\\/banners",
            "cookies": 0,
            "fingerprinting": 0,
            "subdomains": [
                "beta"
            ],
            "apis": {},
            "sites": 9,
            "prevalence": 0.0000623,
            "cnames": [],
            "responseHashes": [
                "c6538e1103b16b3530b3d6a9b0e4ea97fa0658df4474a29b4a770cb7cbe1dd8b",
                "660fdd95c4125ea9a600d7f7d7424e6718c7adf8825731f2dcf6d184d0d689f1",
                "38f44124793b5c25155c8c0af30d63dba5e0ec401cac2f91b880ced74ed63e53",
                "fff9b90936683173ab00ae1097965634219d3451c5896a91e3b274ec8c32335b",
                "eb64016bb3a8599b517f6718fd3d49cf0cab1515b3736d2bcd6ad38ba3f85200",
                "e3b0c44298fc1c149afbf4c8996fb92427ae41e4649b934ca495991b7852b855",
                "216de980bcdcc2c807d211f25e8f03690a68d8907bba1a8a895dc2a76dd33ffa"
            ],
            "type": "Script",
            "firstPartyCookies": {},
            "firstPartyCookiesSent": {},
            "exampleSites": [
                "filmyzillafilmywap.co.in",
                "nuefliks.net",
                "rpgonly.com",
                "verpeliculasonline.org",
                "video-melahirkan-normal.blogspot.com",
                "www.livesoccerstream.live",
                "www.tamilrockerlatest.com",
                "www.ufosightingsdaily.com",
                "www.walldiscover.com"
            ]
        },
        {
            "rule": "mybestdl\\.com\\/adServe\\/banners\\/findBanner",
            "cookies": 0.0000346,
            "fingerprinting": 0,
            "subdomains": [],
            "apis": {},
            "sites": 5,
            "prevalence": 0.0000346,
            "cnames": [],
            "responseHashes": [
                "1a525623a04d92db8bebf7925bdfabea2e149080af0803b26291bab041bdad73",
                "40b9da3a7b5facd7e8c4b6e0b6ccf2a9b2551afbb4a08dbb96084bdb911101c3",
                "d0adde6a97103ea2c153204f9782ffa93a3832e37f825dbcb36ebe3922f016bb",
                "dabe68ded13a334ef3d569e6f102df360de7a2ac7719da2cf591a9b9873ac0f1"
            ],
            "type": "Script",
            "firstPartyCookies": {},
            "firstPartyCookiesSent": {},
            "exampleSites": [
                "filmyzillafilmywap.co.in",
                "rpgonly.com",
                "verpeliculasonline.org",
                "video-melahirkan-normal.blogspot.com",
                "www.livesoccerstream.live"
            ]
        }
    ],
    "categories": [],
    "performance": {},
    "cookies": 0.0000415,
    "types": {
        "Script": 14
    },
    "nameservers": [
        "ns1.dnsmadeeasy.com",
        "ns4.dnsmadeeasy.com",
        "ns3.dnsmadeeasy.com",
        "ns0.dnsmadeeasy.com",
        "ns2.dnsmadeeasy.com"
    ]
}