{
    "domain": "myextension.online",
    "owner": {},
    "source": [
        "DuckDuckGo-US"
    ],
    "prevalence": 0.000497,
    "sites": 73,
    "subdomains": [],
    "cnames": [],
    "fingerprinting": 0,
    "resources": [
        {
            "rule": "myextension\\.online\\/widget",
            "cookies": 0,
            "fingerprinting": 0,
            "subdomains": [],
            "apis": {},
            "sites": 39,
            "prevalence": 0.000266,
            "cnames": [],
            "responseHashes": [
                "64656093c8cd0cf219787ed222d63a07701e9e1b8d572201bcb29a899f93887b",
                "d150808eea124cf2b4f2cf4515e7fd3f594643c033aae9b1210a3a9e390bd963",
                "404ba9ddd4ec6f57992336b5127f12c14aa1cdcd8c008104cf6286fcbfc8c043",
                "fd15ce667a6853bb828c55f424d124058ccba9e03295274f0c81e395b7ec5167",
                "45545acd07712f9dcd643d9434d91c28662a0b1a9f190e53ffe80f05585fe9a8",
                "f78c6ff4e8ee0be879bfe45b6b51924f02dd34730a0636195c7dc80812bdaa2a",
                "9f7b85d61c87ffb37b5c782f79afdb98c16cedf8d1d2364d078e9f46eca5ed2d",
                "8c323f6fe3f7700015eef8239a4f87457661e48d513b1fe0c8de295033e877a3",
                "b5a041367b7e103736be118010a1afcbd616b6649ae8348e6e78b032ba56a597",
                "690838e135cd362df03f4bf7a02482163f23b9bd5b6da92878155d7212832637",
                "5a8827f31aaba073ad836ec864ce26a0602cd55571792b1d633279fb861b23f8",
                "6fe34ebeff9c7c52ae61c57c1f6447ab2e2244c17c1cfb944a47b91a326a4e95",
                "974df11abd3055910d03866dc927869e008444d9304ac0760f364cb5595a6609"
            ],
            "type": "XHR",
            "firstPartyCookies": {},
            "firstPartyCookiesSent": {},
            "exampleSites": [
                "javunce.com",
                "nsfw7.com",
                "onlynudes.tv",
                "milfpornpics.biz",
                "leaks7.com",
                "javbigo.com",
                "nudes7.com",
                "putinho.net",
                "pornsexphoto.net",
                "lexxxvideos.com",
                "www.dirtyshack.com",
                "pornmoviesfull.com",
                "maturepornpics.biz",
                "simpasian.net",
                "alivegore.com",
                "messytube.com",
                "shittytube.com",
                "javfc2.net",
                "javpornsub.com",
                "nekopoi.care"
            ]
        }
    ],
    "categories": [],
    "performance": {},
    "cookies": 0,
    "types": {
        "XHR": 39
    },
    "nameservers": [
        "ns1.digitalocean.com",
        "ns2.digitalocean.com",
        "ns3.digitalocean.com"
    ]
}