{
    "domain": "mysimplestore.com",
    "owner": {},
    "source": [
        "DuckDuckGo-US"
    ],
    "prevalence": 0.0000407,
    "sites": 6,
    "subdomains": [
        "856608e4-cee7-496d-a5b7-e255d02f068b",
        "d656068e-8a95-425e-82ba-6245f9916ca7",
        "fd14f65f-5b7a-4d97-a4e2-cec60614f658",
        "47f188d8-3268-4137-9c2a-79fff1068144"
    ],
    "cnames": [],
    "fingerprinting": 0,
    "resources": [
        {
            "rule": "mysimplestore\\.com\\/api\\/v3\\/config",
            "cookies": 0.0000271,
            "fingerprinting": 0,
            "subdomains": [
                "856608e4-cee7-496d-a5b7-e255d02f068b",
                "d656068e-8a95-425e-82ba-6245f9916ca7",
                "fd14f65f-5b7a-4d97-a4e2-cec60614f658",
                "47f188d8-3268-4137-9c2a-79fff1068144"
            ],
            "apis": {},
            "sites": 4,
            "prevalence": 0.0000271,
            "cnames": [],
            "responseHashes": [
                "48edb05bcfe03fc1db062e49046515be805da901848cb561c135e32f19d89365",
                "cf13e95be325e4a1abeee5876e872832a7a7a1823fb03825c8e792c5bda9d7da",
                "e3d3f0d578940fe59cda15e4bf005e61fd315491413bb1c3c66f8f561878c496"
            ],
            "type": "XHR",
            "firstPartyCookies": {},
            "firstPartyCookiesSent": {},
            "exampleSites": [
                "barelytherebikinis.com",
                "beachbroadcast.com",
                "christianvotersguide.org",
                "clothesfree.com"
            ]
        }
    ],
    "categories": [],
    "performance": {},
    "cookies": 0.0000407,
    "types": {
        "XHR": 4
    },
    "nameservers": [
        "cns1.secureserver.net",
        "cns2.secureserver.net"
    ]
}