{
    "domain": "mysimplestore.com",
    "owner": {},
    "source": [
        "DuckDuckGo-US"
    ],
    "prevalence": 0.0000394,
    "sites": 6,
    "subdomains": [
        "856608e4-cee7-496d-a5b7-e255d02f068b",
        "fd14f65f-5b7a-4d97-a4e2-cec60614f658",
        "47f188d8-3268-4137-9c2a-79fff1068144",
        "f13ee263-d045-49f1-ba64-f9028f17c381"
    ],
    "cnames": [],
    "fingerprinting": 0,
    "resources": [
        {
            "rule": "mysimplestore\\.com\\/api\\/v3\\/config",
            "cookies": 0.0000262,
            "fingerprinting": 0,
            "subdomains": [
                "856608e4-cee7-496d-a5b7-e255d02f068b",
                "fd14f65f-5b7a-4d97-a4e2-cec60614f658",
                "47f188d8-3268-4137-9c2a-79fff1068144",
                "f13ee263-d045-49f1-ba64-f9028f17c381"
            ],
            "apis": {},
            "sites": 4,
            "prevalence": 0.0000262,
            "cnames": [],
            "responseHashes": [
                "f1682c116a214575e6bc7318651532d06bede6a66410d6c50c5e42bd9f70ffd4",
                "48ceee9fc007431d920a9cf5a3955599f0a26025d209301455d45a86513a7e64",
                "21505a8e0d00a0065ad60bafe39b64568da718e2e53f0d25e657e7d5ed7fbb7c"
            ],
            "type": "XHR",
            "firstPartyCookies": {},
            "firstPartyCookiesSent": {},
            "exampleSites": [
                "barelytherebikinis.com",
                "christianvotersguide.org",
                "clothesfree.com",
                "sonajobarteh.com"
            ]
        }
    ],
    "categories": [],
    "performance": {},
    "cookies": 0.0000394,
    "topInitiators": [
        {
            "domain": "wsimg.com",
            "prevalence": 1
        }
    ],
    "types": {
        "XHR": 4
    },
    "nameservers": [
        "cns1.secureserver.net",
        "cns2.secureserver.net"
    ]
}