{
    "domain": "myvisitors.se",
    "owner": {},
    "source": [
        "DuckDuckGo-US"
    ],
    "prevalence": 0.0000814,
    "sites": 12,
    "subdomains": [
        "t"
    ],
    "cnames": [],
    "fingerprinting": 2,
    "resources": [
        {
            "rule": "myvisitors\\.se\\/js",
            "cookies": 0.0000475,
            "fingerprinting": 1,
            "subdomains": [
                "t"
            ],
            "apis": {
                "window.sessionStorage": 7,
                "window.localStorage": 7,
                "Document.cookie getter": 7,
                "Date.prototype.getTime": 7,
                "Document.cookie setter": 7,
                "Screen.prototype.width": 7,
                "Screen.prototype.height": 7,
                "Navigator.prototype.language": 7
            },
            "sites": 7,
            "prevalence": 0.0000475,
            "cnames": [],
            "responseHashes": [
                "06900755509302b15139bfb7a0c95f2684cd46269d18df5a4a8b246acfcafec5",
                "69f3499732cf76ebd20ddf4ff1eaf1b7f32fcf0e869c5ddc8393dc2fa68e228e"
            ],
            "type": "Script",
            "firstPartyCookies": {
                "fpv_539213": {
                    "ttl": 1203,
                    "length": 1,
                    "prevalence": 0.000013562540263791409,
                    "uniqueness": 0.5
                },
                "_mtruid": {
                    "ttl": 34128003,
                    "length": 10,
                    "prevalence": 0.000047468890923269926,
                    "uniqueness": 1
                },
                "fpv_694956": {
                    "ttl": 1206,
                    "length": 1,
                    "prevalence": 0.000006781270131895704,
                    "uniqueness": 1
                },
                "fpv_742290": {
                    "ttl": 1205,
                    "length": 1,
                    "prevalence": 0.000006781270131895704,
                    "uniqueness": 1
                },
                "fpv_550856": {
                    "ttl": 1201,
                    "length": 1,
                    "prevalence": 0.000006781270131895704,
                    "uniqueness": 1
                },
                "fpv_575732": {
                    "ttl": 1203,
                    "length": 1,
                    "prevalence": 0.000006781270131895704,
                    "uniqueness": 1
                },
                "fpv_512512938542": {
                    "ttl": 1207,
                    "length": 1,
                    "prevalence": 0.000006781270131895704,
                    "uniqueness": 1
                }
            },
            "firstPartyCookiesSent": {},
            "exampleSites": [
                "megaflis.no",
                "www.megaflis.no",
                "www.nordicnest.com",
                "www.nordicnest.de",
                "www.nyteknik.se",
                "www.radron.se",
                "www.sydsvenskan.se"
            ]
        },
        {
            "rule": "myvisitors\\.se\\/js\\/539213",
            "cookies": 0.0000136,
            "fingerprinting": 1,
            "subdomains": [
                "t"
            ],
            "apis": {
                "Document.cookie getter": 2,
                "Navigator.prototype.userAgent": 2,
                "Document.cookie setter": 2
            },
            "sites": 2,
            "prevalence": 0.0000136,
            "cnames": [],
            "responseHashes": [
                "c317187634465194e0db8956df887192301eb63311d87744424c657b83fc02a3"
            ],
            "type": "Script",
            "firstPartyCookies": {
                "triggerbee_widgets_state_539213": {
                    "ttl": 903,
                    "length": 15,
                    "prevalence": 0.000013562540263791409,
                    "uniqueness": 0.5
                }
            },
            "firstPartyCookiesSent": {},
            "exampleSites": [
                "megaflis.no",
                "www.megaflis.no"
            ]
        },
        {
            "rule": "myvisitors\\.se\\/t",
            "cookies": 0.0000475,
            "fingerprinting": 0,
            "subdomains": [
                "t"
            ],
            "apis": {},
            "sites": 7,
            "prevalence": 0.0000475,
            "cnames": [],
            "responseHashes": [
                "b54791e32a9e4bc597c69f064f529694b8357c24098d4749ae32f2232847bfec"
            ],
            "type": "Script",
            "firstPartyCookies": {},
            "firstPartyCookiesSent": {
                "_mtruid": 0.000047468890923269926
            },
            "exampleSites": [
                "megaflis.no",
                "www.megaflis.no",
                "www.nordicnest.com",
                "www.nordicnest.de",
                "www.nyteknik.se",
                "www.radron.se",
                "www.sydsvenskan.se"
            ]
        },
        {
            "rule": "myvisitors\\.se\\/js\\/694956",
            "cookies": 0.0000136,
            "fingerprinting": 1,
            "subdomains": [
                "t"
            ],
            "apis": {
                "Document.cookie getter": 2,
                "Navigator.prototype.userAgent": 2,
                "Document.cookie setter": 2,
                "window.innerWidth": 1
            },
            "sites": 2,
            "prevalence": 0.0000136,
            "cnames": [],
            "responseHashes": [
                "ca716e301009d40af22e5787165ca3447629787305fe57695459bfe53aaf6fdb"
            ],
            "type": "Script",
            "firstPartyCookies": {
                "triggerbee_widgets_state_694956": {
                    "ttl": 906,
                    "length": 15,
                    "prevalence": 0.000013562540263791409,
                    "uniqueness": 0.5
                }
            },
            "firstPartyCookiesSent": {},
            "exampleSites": [
                "nordicnest.com",
                "www.nordicnest.com"
            ]
        },
        {
            "rule": "myvisitors\\.se\\/js\\/742290",
            "cookies": 0.0000136,
            "fingerprinting": 1,
            "subdomains": [
                "t"
            ],
            "apis": {
                "Document.cookie getter": 2,
                "Navigator.prototype.userAgent": 2,
                "Document.cookie setter": 2,
                "window.innerWidth": 1
            },
            "sites": 2,
            "prevalence": 0.0000136,
            "cnames": [],
            "responseHashes": [
                "b71729bc7e5e2d5bb8598b6383783921506af1c64a0196050383f36eef0ead49"
            ],
            "type": "Script",
            "firstPartyCookies": {
                "triggerbee_widgets_state_742290": {
                    "ttl": 906,
                    "length": 15,
                    "prevalence": 0.000013562540263791409,
                    "uniqueness": 0.5
                }
            },
            "firstPartyCookiesSent": {},
            "exampleSites": [
                "nordicnest.de",
                "www.nordicnest.de"
            ]
        },
        {
            "rule": "myvisitors\\.se\\/js\\/550856",
            "cookies": 0.0000136,
            "fingerprinting": 1,
            "subdomains": [
                "t"
            ],
            "apis": {
                "Document.cookie getter": 2,
                "Date.prototype.getTime": 2,
                "Document.cookie setter": 2,
                "Navigator.prototype.userAgent": 2
            },
            "sites": 2,
            "prevalence": 0.0000136,
            "cnames": [],
            "responseHashes": [
                "aa78e130706eecccbb4cd895a99b75c2c66944429bca3fae6b717e4c5c9f0675"
            ],
            "type": "Script",