{
    "domain": "nbr9.xyz",
    "owner": {},
    "source": [
        "DuckDuckGo-US"
    ],
    "prevalence": 0.0000749,
    "sites": 11,
    "subdomains": [
        "cdn"
    ],
    "cnames": [],
    "fingerprinting": 0,
    "resources": [
        {
            "rule": "nbr9\\.xyz\\/fa8b9a43c6\\/60d0732a44\\/",
            "cookies": 0,
            "fingerprinting": 0,
            "subdomains": [],
            "apis": {},
            "sites": 6,
            "prevalence": 0.0000409,
            "cnames": [],
            "responseHashes": [
                "a0b34ed2d390b34fbf2ba04c4df6eac96132784248a6eecdb6759bf007009600",
                "94e5b18498e5d2eb1c54f0afc2b246404d936bc7aab75409b7c859a4c6dfdff8",
                "dc751b8caeb0e6a8b659fd98551b77f349c0c8995fae0780a96c3bf92b450ca5",
                "5b47db575242fc8615a3024f8444d2e556f16fdf677ad122556715b480011741",
                "b13c6402afcc00ae23ecebb862b43ad12afce1d90b051aba8dd4aa0256c8e958"
            ],
            "type": "Script",
            "firstPartyCookies": {},
            "firstPartyCookiesSent": {},
            "exampleSites": [
                "colmeksmp.xyz",
                "dipaksa.xyz",
                "www.cewekmontok.top",
                "www.dastanhisexy.cc",
                "www.sukaseksi.com",
                "www.trikjitu.online"
            ]
        },
        {
            "rule": "nbr9\\.xyz\\/fa8b9a43c6\\/60d0732a44\\/",
            "cookies": 0.0000409,
            "fingerprinting": 0,
            "subdomains": [],
            "apis": {},
            "sites": 6,
            "prevalence": 0.0000409,
            "cnames": [],
            "responseHashes": [
                "331e865d2fd4d4a427cc90567c7c41cd756055730d6f5b52dd457283b0a1a77b",
                "79788090cffb0e8f60a0d6c0067f082b991871eca77251740ab41b5884537d22",
                "c3b5472584748db427e4848311772c6ad687207a4fdb807c4627fee95ca523e1",
                "6d3d6be7de1dd092a2b06940c0ffddec80254b3a1084c145b96768b058945259",
                "1355875744272f91f78830a0b1839746ebd82aa9dda00b3ede8545190c263c6b"
            ],
            "type": "Document",
            "firstPartyCookies": {},
            "firstPartyCookiesSent": {},
            "exampleSites": [
                "colmeksmp.xyz",
                "dipaksa.xyz",
                "www.cewekmontok.top",
                "www.dastanhisexy.cc",
                "www.sukaseksi.com",
                "www.trikjitu.online"
            ]
        },
        {
            "rule": "nbr9\\.xyz\\/fa8b9a43c6\\/60d0732a44\\/",
            "cookies": 0.0000136,
            "fingerprinting": 0,
            "subdomains": [],
            "apis": {},
            "sites": 3,
            "prevalence": 0.0000204,
            "cnames": [],
            "responseHashes": [
                "e3b0c44298fc1c149afbf4c8996fb92427ae41e4649b934ca495991b7852b855"
            ],
            "type": "Image",
            "firstPartyCookies": {},
            "firstPartyCookiesSent": {},
            "exampleSites": [
                "colmeksmp.xyz",
                "dipaksa.xyz",
                "www.cewekmontok.top"
            ]
        },
        {
            "rule": "nbr9\\.xyz\\/adult\\/arab\\/04\\.jpg",
            "cookies": 0,
            "fingerprinting": 0,
            "subdomains": [
                "cdn"
            ],
            "apis": {},
            "sites": 2,
            "prevalence": 0.0000136,
            "cnames": [],
            "responseHashes": [
                "eef89df86c523e83dcb06d73e33e3a792a39f9490ba67112b4e29ad8af173545"
            ],
            "type": "Image",
            "firstPartyCookies": {},
            "firstPartyCookiesSent": {},
            "exampleSites": [
                "colmeksmp.xyz",
                "www.cewekmontok.top"
            ]
        },
        {
            "rule": "nbr9\\.xyz\\/adult\\/arab\\/03\\.jpg",
            "cookies": 0,
            "fingerprinting": 0,
            "subdomains": [
                "cdn"
            ],
            "apis": {},
            "sites": 2,
            "prevalence": 0.0000136,
            "cnames": [],
            "responseHashes": [
                "ba1c3f601ee31376099854d7f9ea3739e4add5cbcbe125be20a6b6972b2de748"
            ],
            "type": "Image",
            "firstPartyCookies": {},
            "firstPartyCookiesSent": {},
            "exampleSites": [
                "colmeksmp.xyz",
                "www.sange.link"
            ]
        },
        {
            "rule": "nbr9\\.xyz\\/adult\\/arab\\/06\\.jpg",
            "cookies": 0,
            "fingerprinting": 0,
            "subdomains": [
                "cdn"
            ],
            "apis": {},
            "sites": 3,
            "prevalence": 0.0000204,
            "cnames": [],
            "responseHashes": [
                "a0a5d3aa4724be2bf595637f575dd60c05c355f7f0b4da8026273d2db5741933"
            ],
            "type": "Image",
            "firstPartyCookies": {},
            "firstPartyCookiesSent": {},
            "exampleSites": [
                "colmeksmp.xyz",
                "www.cewekmontok.top",
                "www.sange.link"
            ]
        },
        {
            "rule": "nbr9\\.xyz\\/adult\\/arab\\/01\\.jpg",
            "cookies": 0,
            "fingerprinting": 0,
            "subdomains": [
                "cdn"
            ],
            "apis": {},
            "sites": 3,
            "prevalence": 0.0000204,
            "cnames": [],
            "responseHashes": [
                "56fbead3f385c66af2c84740a17c86ad0187b6ee2216bf159f4264a2a79999d3"
            ],
            "type": "Image",
            "firstPartyCookies": {},
            "firstPartyCookiesSent": {},
            "exampleSites": [
                "colmeksmp.xyz",
                "www.cewekmontok.top",
                "www.sange.link"
            ]
        },
        {
            "rule": "nbr9\\.xyz\\/44572d9388\\/4bd64d7da3\\/",
            "cookies": 0,
            "fingerprinting": 0,
            "subdomains": [],
            "apis": {},
            "sites": 3,
            "prevalence": 0.0000204,
            "cnames": [],
            "responseHashes": [
                "a43c975882fcbb71d4846a2a496a3d5169ed296d3e9a3af3481f5dfefc3aa3eb",
                "e6c9f043eb14be8c048827c686ccc0c3f66d2fc577377cff7b84883e7ce68485"
            ],
            "type": "Script",
            "firstPartyCookies": {},
            "firstPartyCookiesSent": {},
            "exampleSites": [
                "cewekmontok.top",
                "www.sange.link",
                "www.sukaseksi.com"
            ]
        },
        {
            "rule": "nbr9\\.xyz\\/44572d9388\\/4bd64d7da3\\/",
            "cookies": 0.0000204,
            "fingerprinting": 0,
            "subdomains": [],
            "apis": {},
            "sites": 3,
            "prevalence": 0.0000204,
            "cnames": [],
            "responseHashes": [
                "31e3c753817294b36551184ff189c5cd5757f018bba0aea066e18a071c2eaa07",
                "f372c44276fe6d698dc69c1d0c6f92a8f1a66b74f8fb50cdcd0f07e9221bf1d0"
            ],
            "type": "Document",
            "firstPartyCookies": {},
            "firstPartyCookiesSent": {},
            "exampleSites": [
                "cewekmontok.top",
                "www.sange.link",
                "www.sukaseksi.com"
            ]
        },
        {
            "rule": "nbr9\\.xyz\\/adult\\/japanese\\/03\\.jpg",
            "cookies": 0,
            "fingerprinting": 0,
            "subdomains": [
                "cdn"
            ],
            "apis": {},
            "sites": 2,
            "prevalence": 0.0000136,
            "cnames": [],
            "responseHashes": [
                "3fb4d476273616d38561eb8d1430d74c9e44650f6161b4b44ca90b72ad463c0a"
            ],
            "type": "Image",
            "firstPartyCookies": {},
            "firstPartyCookiesSent": {},