{
    "domain": "net.",
    "owner": {},
    "source": [
        "DuckDuckGo-US"
    ],
    "prevalence": 0.000552,
    "sites": 81,
    "subdomains": [
        "d25lqe4mlyaln6.cloudfront",
        "dd7ihopnvjirc.cloudfront",
        "d3l320urli0p1u.cloudfront",
        "www.schamanische-krafttiere.de.cdn.cloudflare"
    ],
    "cnames": [],
    "fingerprinting": 2,
    "resources": [
        {
            "rule": "net\\.\\/script\\.js",
            "cookies": 0,
            "fingerprinting": 2,
            "subdomains": [
                "d25lqe4mlyaln6.cloudfront",
                "dd7ihopnvjirc.cloudfront",
                "d3l320urli0p1u.cloudfront"
            ],
            "apis": {
                "Navigator.prototype.userAgent": 39,
                "Date.prototype.getTimezoneOffset": 40,
                "Navigator.prototype.languages": 39,
                "window.localStorage": 35,
                "PerformanceTiming.prototype.navigationStart": 35,
                "window.innerHeight": 1,
                "window.innerWidth": 1,
                "Navigator.prototype.platform": 1,
                "Navigator.prototype.vendor": 1
            },
            "sites": 43,
            "prevalence": 0.000293,
            "cnames": [],
            "responseHashes": [
                "101ead936a2281d53dcc064b7e2a2ab0d53b92ef3ef7b34b668673007895c860",
                "022d8eb1ef7dce2fc0cd59b0faee1b42b59f200aa31489fa92e1bd7673c5a647",
                "17a0a8b1873f48be574d3890abd00f17c9faba5386e316ed372e929489411ef5",
                "05f722ed7b439d76db8e68132c3c4b1a62e0dac67c586946bbf15fd2437f37e9",
                "03ad587aee70eb94e9879879ece0b66a909872018075d01e2c3fa98c900ca484",
                "6a2b35c9eb703abbc986715f04d2889aa6f504b5e3f22594c7472ce6bc060e81",
                "2980682357c67d564fb6dde38c8df27b89dc9520a0eb84e9840611ac2a11fe53",
                "8750ec2a4ed94eb7e1729dbe60e3c68ed27103f6cdf4968cfe063dc52d090e42",
                "67cd23b0a62251b439e41ee74677d0dd6dbbf05e38fde0198530bfca9624589a",
                "5be55d5d168c24bc9e3a4f94902217009d2e7a7d54e45473c93104f0975ee590",
                "afbc386f1c28abf4c085331d4a7fba2a4a52abd88132431d121203d7a622b120",
                "ccb487b83100a20a4838021cc619b30ca070383baf4214a88e1e66c5140c28a0"
            ],
            "type": "Script",
            "firstPartyCookies": {},
            "firstPartyCookiesSent": {},
            "exampleSites": [
                "www.yekbot.com",
                "yugipedia.com",
                "www.sbsolver.com",
                "www.albumoftheyear.org",
                "m.wiki.pokemoncentral.it",
                "www.comicbookherald.com",
                "mtonews.com",
                "basketball.realgm.com",
                "www.masterduelmeta.com",
                "n4g.com",
                "mediatakeout.com",
                "www.westernjournal.com",
                "ygorganization.com",
                "monkeytype.com",
                "diablo4.life",
                "deltiasgaming.com",
                "thegardenmagazine.com",
                "www.warcraftlogs.com",
                "adoptmeworth.com",
                "www.allmusic.com"
            ]
        },
        {
            "rule": "net\\.\\/template\\/ext\\/040f0507\\/assets\\/css\\/wc-smallscreen\\.css",
            "cookies": 0,
            "fingerprinting": 0,
            "subdomains": [
                "www.schamanische-krafttiere.de.cdn.cloudflare"
            ],
            "apis": {},
            "sites": 2,
            "prevalence": 0.0000136,
            "cnames": [],
            "responseHashes": [],
            "type": "Stylesheet",
            "firstPartyCookies": {},
            "firstPartyCookiesSent": {},
            "exampleSites": [
                "schamanische-krafttiere.de",
                "www.schamanische-krafttiere.de"
            ]
        }
    ],
    "categories": [],
    "performance": {},
    "cookies": 0,
    "topInitiators": [
        {
            "domain": "intergi.com",
            "prevalence": 0.9024390243902439
        },
        {
            "domain": "first party",
            "prevalence": 0.08536585365853659
        },
        {
            "domain": "adlightning.com",
            "prevalence": 0.012195121951219513
        }
    ],
    "types": {
        "Script": 43,
        "Stylesheet": 2
    },
    "nameservers": []
}