{
    "domain": "nextpsh.top",
    "owner": {},
    "source": [
        "DuckDuckGo-US"
    ],
    "prevalence": 0.0000953,
    "sites": 14,
    "subdomains": [
        "js"
    ],
    "cnames": [],
    "fingerprinting": 2,
    "resources": [
        {
            "rule": "nextpsh\\.top\\/ps\\/ps\\.js",
            "cookies": 0.0000613,
            "fingerprinting": 2,
            "subdomains": [
                "js"
            ],
            "apis": {
                "Navigator.prototype.languages": 7,
                "Navigator.prototype.userAgent": 7,
                "window.innerWidth": 7,
                "window.localStorage": 8,
                "Notification.permission": 7
            },
            "sites": 9,
            "prevalence": 0.0000613,
            "cnames": [],
            "responseHashes": [
                "da2bb9742de919dc423fcf3a9d0f9d89fc4fc186cc6344348616919a4faa9603",
                "4d4f7070770b1cdaaf7e74037ec9fdd149e5800eb2a8894efb5bebb67fcc1574",
                "f41597e9109254c277334ce27b4dd5a1b823f2b988b602f3295fc2e8cdfd54a3",
                "a8cae572bd88ae3251302726891e5b054109255efa5ad48775c42d4a61d17ade",
                "bbc313a2e7d4f4f470d6f36413091b4865332c46ddb774d328e8317ca5f3b38d",
                "eb322ff374345c5acc335b80ab0d1036a5138398d86bdd72561793929e11a424",
                "570612a8e4e836cf26fe3eb88aa83e463666ca30004d86d0497126382c545913",
                "200bd08924428f015d8f0557e11aca29f8239ede63d33c14dfc9d9f07e95743f"
            ],
            "type": "Script",
            "firstPartyCookies": {},
            "firstPartyCookiesSent": {},
            "exampleSites": [
                "alumnius.net",
                "bearsofficialsstore.com",
                "de.sexystars.online",
                "escortnear.me",
                "nacktefoto.com",
                "newsblog.pl",
                "pornox.hu",
                "worldcoinsinfo.com",
                "youngporntv.com"
            ]
        },
        {
            "rule": "nextpsh\\.top\\/ps\\/config\\.js",
            "cookies": 0,
            "fingerprinting": 0,
            "subdomains": [
                "js"
            ],
            "apis": {},
            "sites": 8,
            "prevalence": 0.0000544,
            "cnames": [],
            "responseHashes": [
                "9bd55a2b4d4726c08c72d29255063b3b5e1737b538e3266024ee0cd0b10d7c52"
            ],
            "type": "Script",
            "firstPartyCookies": {},
            "firstPartyCookiesSent": {},
            "exampleSites": [
                "alumnius.net",
                "bearsofficialsstore.com",
                "de.sexystars.online",
                "nacktefoto.com",
                "newsblog.pl",
                "pornox.hu",
                "worldcoinsinfo.com",
                "youngporntv.com"
            ]
        }
    ],
    "categories": [],
    "performance": {},
    "cookies": 0.0000953,
    "topInitiators": [
        {
            "domain": "first party",
            "prevalence": 1
        }
    ],
    "types": {
        "Script": 17
    },
    "nameservers": [
        "adaline.ns.cloudflare.com",
        "merlin.ns.cloudflare.com"
    ]
}