{
    "domain": "nexx360.io",
    "owner": {},
    "source": [
        "DuckDuckGo-US"
    ],
    "prevalence": 0.000157,
    "sites": 23,
    "subdomains": [
        "fast",
        "cdn"
    ],
    "cnames": [],
    "fingerprinting": 1,
    "resources": [
        {
            "rule": "nexx360\\.io\\/booster",
            "cookies": 0.0000955,
            "fingerprinting": 0,
            "subdomains": [
                "fast"
            ],
            "apis": {},
            "sites": 14,
            "prevalence": 0.0000955,
            "cnames": [],
            "responseHashes": [
                "e86c7af4d2ef34ed668cc5f9e7aca0abfec5f33768779eed4e5cc87b57033b91",
                "8bd59371a7e3850373c319be59590f9a7a88341e7f4c9a18bb070388e054ca0e",
                "9c8059554c4314f3417fda4618c5d060df5f51e66f65ee7062b4bcc7822fc20c",
                "4f4ee4b1ebdb0db509200f0ef75b8736dc41c6b5f831fbc04edf17593e555ffb",
                "98c6065cf3c72fb74b95ecaa98040bf20179303ec28619629a99e9f1975a1876",
                "3d258e16f5ca358e30624ee8a26fd64c081dfaa2ca8c028a916b2e23fce0e650",
                "e3b0c44298fc1c149afbf4c8996fb92427ae41e4649b934ca495991b7852b855",
                "caa343a61a9db61e1a36fcb2bd71cd308402d17ad7b0ed41492a68fefdcd85e8",
                "c713c087e8735074069946b96b7c188d8198332faab4a3081e2a99dcc40a8481",
                "39ccb3bd45785afe33714546a0b76ba36033aa876c0790d7f4fc47a07f015437",
                "160e2b94e863adb47c25379aef971c8b982a46e6b60925d0305cdd8054b9f908",
                "511427c223442a7a97fc402946dd2b715adeb13632924cf08f63e8cd5b18502e",
                "43993a09c8fac9ba4d2254e68fa6c5c8d22592596277e5fb846d54bc120eda17"
            ],
            "type": "XHR",
            "firstPartyCookies": {},
            "firstPartyCookiesSent": {},
            "exampleSites": [
                "calcuworld.com",
                "es.calcuworld.com",
                "forums.macg.co",
                "forvo.com",
                "randomwordgenerator.com",
                "www.auto-moto.com",
                "www.autonews.fr",
                "www.gamosaurus.com",
                "www.letudiant.fr",
                "www.lifeder.com",
                "www.quizz.biz",
                "www.royallepage.ca",
                "www.rustica.fr",
                "www.systemed.fr"
            ]
        },
        {
            "rule": "nexx360\\.io\\/setuid",
            "cookies": 0.0000478,
            "fingerprinting": 0,
            "subdomains": [
                "fast"
            ],
            "apis": {},
            "sites": 7,
            "prevalence": 0.0000478,
            "cnames": [],
            "responseHashes": [
                "00db37bab8aa057d329b0a9c46d9dfd5b60927e27dc40cf6d9ba8e375883a601",
                "e3b0c44298fc1c149afbf4c8996fb92427ae41e4649b934ca495991b7852b855"
            ],
            "type": "Image",
            "firstPartyCookies": {},
            "firstPartyCookiesSent": {},
            "exampleSites": [
                "calcuworld.com",
                "es.calcuworld.com",
                "forvo.com",
                "www.cinoche.com",
                "www.lifeder.com",
                "www.paruvendu.fr",
                "www.royallepage.ca"
            ]
        },
        {
            "rule": "nexx360\\.io\\/setuid",
            "cookies": 0.0000136,
            "fingerprinting": 0,
            "subdomains": [
                "fast"
            ],
            "apis": {},
            "sites": 2,
            "prevalence": 0.0000136,
            "cnames": [],
            "responseHashes": [],
            "type": "Document",
            "firstPartyCookies": {},
            "firstPartyCookiesSent": {},
            "exampleSites": [
                "calcuworld.com",
                "www.paruvendu.fr"
            ]
        },
        {
            "rule": "nexx360\\.io\\/glxm\\.js",
            "cookies": 0,
            "fingerprinting": 1,
            "subdomains": [
                "cdn"
            ],
            "apis": {
                "Navigator.prototype.userAgent": 3,
                "window.innerWidth": 2
            },
            "sites": 5,
            "prevalence": 0.0000341,
            "cnames": [],
            "responseHashes": [
                "d3fb8111ab6c51e56e9c16048b29d5548f9e703913d06f88fd5c4144ead17d18"
            ],
            "type": "Script",
            "firstPartyCookies": {},
            "firstPartyCookiesSent": {},
            "exampleSites": [
                "hitek.fr",
                "www.generation-nt.com",
                "www.papergeek.fr",
                "www.tomsguide.fr",
                "www.tomshardware.fr"
            ]
        },
        {
            "rule": "nexx360\\.io\\/loader\\.js",
            "cookies": 0,
            "fingerprinting": 1,
            "subdomains": [
                "cdn"
            ],
            "apis": {
                "Screen.prototype.width": 6,
                "window.innerHeight": 6
            },
            "sites": 6,
            "prevalence": 0.0000409,
            "cnames": [],
            "responseHashes": [
                "55d748ace7f729c56c1a59a13bd09fafa95c7b88d92163fa481067ff87558dd4"
            ],
            "type": "Script",
            "firstPartyCookies": {},
            "firstPartyCookiesSent": {},
            "exampleSites": [
                "hitek.fr",
                "www.generation-nt.com",
                "www.papergeek.fr",
                "www.paruvendu.fr",
                "www.tomsguide.fr",
                "www.tomshardware.fr"
            ]
        }
    ],
    "categories": [],
    "performance": {},
    "cookies": 0.000123,
    "topInitiators": [
        {
            "domain": "first party",
            "prevalence": 0.37662337662337664
        },
        {
            "domain": "beop.io",
            "prevalence": 0.15584415584415584
        },
        {
            "domain": "smartadserver.com",
            "prevalence": 0.14285714285714285
        },
        {
            "domain": "onetag-sys.com",
            "prevalence": 0.09090909090909091
        },
        {
            "domain": "ssm.codes",
            "prevalence": 0.07792207792207792
        },
        {
            "domain": "galaxiemedia.fr",
            "prevalence": 0.06493506493506493
        },
        {
            "domain": "stickyadstv.com",
            "prevalence": 0.025974025974025976
        },
        {
            "domain": "adtelligent.com",
            "prevalence": 0.012987012987012988
        },
        {
            "domain": "sentry-cdn.com",
            "prevalence": 0.012987012987012988
        },
        {
            "domain": "tappx.com",
            "prevalence": 0.012987012987012988
        }
    ],
    "types": {
        "XHR": 14,
        "Image": 7,
        "Document": 2,
        "Script": 11
    },
    "nameservers": [
        "rachel.ns.cloudflare.com",
        "elliott.ns.cloudflare.com"
    ]
}