{
    "domain": "ngageics.com",
    "owner": {},
    "source": [
        "DuckDuckGo-US"
    ],
    "prevalence": 0.000108,
    "sites": 16,
    "subdomains": [
        "messenger"
    ],
    "cnames": [],
    "fingerprinting": 1,
    "resources": [
        {
            "rule": "ngageics\\.com\\/ilnksrvr\\.aspx",
            "cookies": 0.0000609,
            "fingerprinting": 1,
            "subdomains": [
                "messenger"
            ],
            "apis": {
                "Navigator.prototype.userAgent": 8,
                "Document.cookie getter": 8,
                "Date.prototype.getTime": 8,
                "Document.cookie setter": 8,
                "window.localStorage": 8,
                "window.innerHeight": 8
            },
            "sites": 10,
            "prevalence": 0.0000677,
            "cnames": [],
            "responseHashes": [
                "af1b0854ff0345d03310a5ec61d2784ad4188967d97cf486708d5550801b91e7",
                "10b92b82b9f8f8f38baa33802b369a761fffa8feffe672130888234b620b7325",
                "e9f7f7471e9beb55ea7e89dc210575ec823719c6e0cbce9c8468da1b22767fb4",
                "17d9138132e514a4a337d4d8e67f0bb5f0fc31af40b1e79f8d36f9e79798f9e7",
                "0447cfa3334b538a13a36e08934b4bfbed70de9adc04a47dce8c18030653b0d3",
                "9b9e755c79d6e0b68137b929a4d372bdbb94f2c3b7d74150f4517a64ae3c8a3e",
                "f25fa568ddae38fbf2dd69b2d5dc1bec18c7358c942ef458bdc9d4835071c69c"
            ],
            "type": "Script",
            "firstPartyCookies": {
                "ngageFirstVisit": {
                    "ttl": 31536001,
                    "length": 13,
                    "prevalence": 0.00005414881447939299,
                    "uniqueness": 1
                },
                "ngageId": {
                    "ttl": 157680002,
                    "length": 36,
                    "prevalence": 0.000047380212669468865,
                    "uniqueness": 1
                }
            },
            "firstPartyCookiesSent": {},
            "exampleSites": [
                "drivinglaws.org",
                "dui.drivinglaws.org",
                "www.alllaw.com",
                "www.criminaldefenselawyer.com",
                "www.drivinglaws.org",
                "www.employmentlawfirms.com",
                "www.lawfirms.com",
                "www.nolo.com",
                "www.realestatelawyers.com",
                "www.soberrecovery.com"
            ]
        },
        {
            "rule": "ngageics\\.com\\/api\\/customscript\\/getscript",
            "cookies": 0,
            "fingerprinting": 0,
            "subdomains": [
                "messenger"
            ],
            "apis": {},
            "sites": 10,
            "prevalence": 0.0000677,
            "cnames": [],
            "responseHashes": [
                "e3b0c44298fc1c149afbf4c8996fb92427ae41e4649b934ca495991b7852b855"
            ],
            "type": "Stylesheet",
            "firstPartyCookies": {},
            "firstPartyCookiesSent": {},
            "exampleSites": [
                "drivinglaws.org",
                "dui.drivinglaws.org",
                "www.alllaw.com",
                "www.criminaldefenselawyer.com",
                "www.drivinglaws.org",
                "www.employmentlawfirms.com",
                "www.lawfirms.com",
                "www.nolo.com",
                "www.realestatelawyers.com",
                "www.soberrecovery.com"
            ]
        },
        {
            "rule": "ngageics\\.com\\/Content\\/Style\\/desktopInvite\\.min\\.css",
            "cookies": 0,
            "fingerprinting": 0,
            "subdomains": [
                "messenger"
            ],
            "apis": {},
            "sites": 10,
            "prevalence": 0.0000677,
            "cnames": [],
            "responseHashes": [
                "c2c4ed053bb4541f690295794b6eced02ddb2168c34651cb8fe48cb5c9372fb7"
            ],
            "type": "Stylesheet",
            "firstPartyCookies": {},
            "firstPartyCookiesSent": {},
            "exampleSites": [
                "drivinglaws.org",
                "dui.drivinglaws.org",
                "www.alllaw.com",
                "www.criminaldefenselawyer.com",
                "www.drivinglaws.org",
                "www.employmentlawfirms.com",
                "www.lawfirms.com",
                "www.nolo.com",
                "www.realestatelawyers.com",
                "www.soberrecovery.com"
            ]
        },
        {
            "rule": "ngageics\\.com\\/Template\\/ngageSideButton\\.css",
            "cookies": 0,
            "fingerprinting": 0,
            "subdomains": [
                "messenger"
            ],
            "apis": {},
            "sites": 10,
            "prevalence": 0.0000677,
            "cnames": [],
            "responseHashes": [
                "d1c42464d77b45b47c7344e463a3886700cfb7ef22e5812e25ab6fbc35a55fab"
            ],
            "type": "Stylesheet",
            "firstPartyCookies": {},
            "firstPartyCookiesSent": {},
            "exampleSites": [
                "drivinglaws.org",
                "dui.drivinglaws.org",
                "www.alllaw.com",
                "www.criminaldefenselawyer.com",
                "www.drivinglaws.org",
                "www.employmentlawfirms.com",
                "www.lawfirms.com",
                "www.nolo.com",
                "www.realestatelawyers.com",
                "www.soberrecovery.com"
            ]
        },
        {
            "rule": "ngageics\\.com\\/Content\\/Fonts\\/proximanova-regular-webfont\\.woff2",
            "cookies": 0.0000609,
            "fingerprinting": 0,
            "subdomains": [
                "messenger"
            ],
            "apis": {},
            "sites": 10,
            "prevalence": 0.0000677,
            "cnames": [],
            "responseHashes": [
                "615ccf34926ba80221c355ad43b5800477336b8e7d2695f4cb4620940b8b6dc0"
            ],
            "type": "Font",
            "firstPartyCookies": {},
            "firstPartyCookiesSent": {},
            "exampleSites": [
                "drivinglaws.org",
                "dui.drivinglaws.org",
                "www.alllaw.com",
                "www.criminaldefenselawyer.com",
                "www.drivinglaws.org",
                "www.employmentlawfirms.com",
                "www.lawfirms.com",
                "www.nolo.com",
                "www.realestatelawyers.com",
                "www.soberrecovery.com"
            ]
        },
        {
            "rule": "ngageics\\.com\\/Content\\/Fonts\\/RobotoSlab-Regular-webfont\\.woff",
            "cookies": 0.0000541,
            "fingerprinting": 0,
            "subdomains": [
                "messenger"
            ],
            "apis": {},
            "sites": 9,
            "prevalence": 0.0000609,
            "cnames": [],
            "responseHashes": [
                "c0c175e8f84d2d0898593f8a7894c17ba240fd457ab9576c838df6e4e38766a8"
            ],
            "type": "Font",
            "firstPartyCookies": {},
            "firstPartyCookiesSent": {},
            "exampleSites": [
                "drivinglaws.org",
                "dui.drivinglaws.org",
                "www.alllaw.com",
                "www.criminaldefenselawyer.com",
                "www.drivinglaws.org",
                "www.employmentlawfirms.com",
                "www.lawfirms.com",
                "www.nolo.com",
                "www.realestatelawyers.com"
            ]
        },
        {
            "rule": "ngageics\\.com\\/ImageRetrievers\\/GeneralImage\\.aspx",
            "cookies": 0,
            "fingerprinting": 0,
            "subdomains": [
                "messenger"
            ],
            "apis": {},
            "sites": 8,
            "prevalence": 0.0000541,
            "cnames": [],