{
    "domain": "nice-team.net",
    "owner": {},
    "source": [
        "DuckDuckGo-US"
    ],
    "prevalence": 0.000224,
    "sites": 33,
    "subdomains": [
        "cdn-bundler",
        "bundler"
    ],
    "cnames": [],
    "fingerprinting": 1,
    "resources": [
        {
            "rule": "nice-team\\.net\\/app\\/js\\/bundler\\.js",
            "cookies": 0,
            "fingerprinting": 0,
            "subdomains": [
                "cdn-bundler"
            ],
            "apis": {},
            "sites": 17,
            "prevalence": 0.000115,
            "cnames": [],
            "responseHashes": [
                "7f546c026b0665be95c57b05c0f898a7344df0b8b4ab5e76ae8fdf76f706f602",
                "b24f780db68dfef416ce7ee9e1404067673322a3ac7e46ccbe43a266f26cf099",
                "35dd767176318667405527543d9514972455d9ae2335e8f593b6a917908fc96d",
                "4724e0170bffcd3ca29854686e0b097ac3ca42fc902b68cf35abe7a39d6e34a2",
                "314dd2e9949a61f10d75cbb0e6e0ddb3ddd4b55a159ef81774a306a0f5f72b90",
                "93ede836d49f083bfb8ce0dd63d682a7c6c2670a18f81fe43b362df2d63dac19",
                "6374939baf3d442541ec55b174de7a10977d56856efd6deef0ed81e3a96bd526",
                "244bab1a2c54fd1d0202f64fe89116cf9bdb5d750ddb808d6777ba8152e1153e",
                "594e8cb136584ea712568eb3bed2d3e01e50cccaab3b3e1b92a1561d8ee218d1",
                "fc16d5107e27a870a4b2cca670ab2385de79783a154c439d331ec37e103fb5af",
                "ee5992d6dacd162a7aebc7687134a802cf486c5eb55f8fc480eec64937889de5",
                "58d6a8ec4a578d0446e7acc4fe73a2fcc86798652da044684d3ccd680450f3de",
                "160f8f5ef6ec7e8d48bb07d519f0b9d3e5cd49c1e4a10ee3ab6d09897d2904cf",
                "3e6439ab70503120e547b52708e5bb5253436a311352dc5b83b8d42b222d870d",
                "d3ef34a27d1a620f67772d1f5d661452fa79f583909a98578b66d3dc3d4e95e3",
                "3ce2c1d2a0310ebd9c8ce4466c02ef1f9d167401d09c40e2a346c8efc7529020"
            ],
            "type": "Script",
            "firstPartyCookies": {},
            "firstPartyCookiesSent": {},
            "exampleSites": [
                "bydash.com",
                "dukecannon.com",
                "evelo.com",
                "gatherroundhomeschool.com",
                "sabrent.com",
                "saris.com",
                "victrola.com",
                "www.davisinstruments.com",
                "www.garagestrength.com",
                "www.hukgear.com",
                "www.marysheirloomseeds.com",
                "www.radioddity.com",
                "www.radpowerbikes.com",
                "www.saxxunderwear.com",
                "www.sunbum.com",
                "www.unihertz.com",
                "zacbrownband.com"
            ]
        },
        {
            "rule": "nice-team\\.net\\/app\\/js\\/bundler-script\\.js",
            "cookies": 0,
            "fingerprinting": 1,
            "subdomains": [
                "cdn-bundler"
            ],
            "apis": {
                "Date.prototype.getTime": 11,
                "Document.cookie getter": 3,
                "window.localStorage": 2
            },
            "sites": 17,
            "prevalence": 0.000115,
            "cnames": [],
            "responseHashes": [
                "9203dd688813ac0ae79ee693b3e363aa03770aad01c527a3a2ad421d428a668e",
                "dec98254d53e12525286cf15e2283254b737ced96f398acb032b50b092b5c0ac",
                "e3b0c44298fc1c149afbf4c8996fb92427ae41e4649b934ca495991b7852b855",
                "f3112fcae5450a90c9d57fcd89391512457e578c6e2e0b6c769b4c767559e0d1",
                "f3d602c3d9c738f3e8f97768438e84d03031a589d51cadef016e1ffb2ca8e224",
                "9890a66edc4bedd27ae2fbe128bf00ffc52c0228ac30a3d2b7c58ce620797c28",
                "f8c16844e242ba3ac22d9947ade39e5c41acf258598557d63e8700082dfdff06",
                "e328add410d6cfb49c15263d6e4f21dd43a9d776f4fe4561b5b3b54008e68930",
                "4ffd63edd02d10337f79e1960e10bf6125de551d55ac28124897c5afcd1a7d58",
                "7b9710445a9bf8b81df7963ce9a5075fd79613e13861321e9d4184f790ac1c3c",
                "86169cfceec0ff901b8b91148bd14a4957e1c2563255dfd33f7355b947335419"
            ],
            "type": "Script",
            "firstPartyCookies": {},
            "firstPartyCookiesSent": {},
            "exampleSites": [
                "bydash.com",
                "dukecannon.com",
                "evelo.com",
                "gatherroundhomeschool.com",
                "sabrent.com",
                "saris.com",
                "victrola.com",
                "www.davisinstruments.com",
                "www.garagestrength.com",
                "www.hukgear.com",
                "www.marysheirloomseeds.com",
                "www.radioddity.com",
                "www.radpowerbikes.com",
                "www.saxxunderwear.com",
                "www.sunbum.com",
                "www.unihertz.com",
                "zacbrownband.com"
            ]
        },
        {
            "rule": "nice-team\\.net\\/app\\/shop\\/status\\/davisinstruments-store\\.myshopify\\.com\\.js",
            "cookies": 0,
            "fingerprinting": 0,
            "subdomains": [
                "bundler"
            ],
            "apis": {},
            "sites": 2,
            "prevalence": 0.0000136,
            "cnames": [],
            "responseHashes": [
                "cceb5e0629cddf7ded2d3fef9bc4103123b4308bcba75ddb337adc06aff7488b"
            ],
            "type": "Script",
            "firstPartyCookies": {},
            "firstPartyCookiesSent": {},
            "exampleSites": [
                "davisinstruments.com",
                "www.davisinstruments.com"
            ]
        },
        {
            "rule": "nice-team\\.net\\/app\\/shop\\/status\\/dane-miller-performance-training\\.myshopify\\.com\\.js",
            "cookies": 0,
            "fingerprinting": 0,
            "subdomains": [
                "bundler"
            ],
            "apis": {},
            "sites": 2,
            "prevalence": 0.0000136,
            "cnames": [],
            "responseHashes": [
                "0350401ad06d5a1abdaef5327bcaf6d16922c4edc010f6bef4e859d44c84e9e7"
            ],
            "type": "Script",
            "firstPartyCookies": {},
            "firstPartyCookiesSent": {},
            "exampleSites": [
                "garagestrength.com",
                "www.garagestrength.com"
            ]
        },
        {
            "rule": "nice-team\\.net\\/app\\/shop\\/status\\/hukgear\\.myshopify\\.com\\.js",
            "cookies": 0,
            "fingerprinting": 0,
            "subdomains": [
                "bundler"
            ],
            "apis": {},
            "sites": 2,
            "prevalence": 0.0000136,
            "cnames": [],
            "responseHashes": [
                "cbb834610d8f75070776fbb66e82f32d6ce8df1c631a4f0f6c8d09c094ef75d6"
            ],
            "type": "Script",
            "firstPartyCookies": {},
            "firstPartyCookiesSent": {},
            "exampleSites": [
                "hukgear.com",
                "www.hukgear.com"
            ]
        },
        {
            "rule": "nice-team\\.net\\/app\\/shop\\/status\\/marys-heirloom-seeds\\.myshopify\\.com\\.js",
            "cookies": 0,
            "fingerprinting": 0,
            "subdomains": [
                "bundler"
            ],
            "apis": {},
            "sites": 2,
            "prevalence": 0.0000136,
            "cnames": [],
            "responseHashes": [
                "e915714342a8da3746a522afe347efc33c5dd86311a19cd0870d78f093bae0de"
            ],
            "type": "Script",
            "firstPartyCookies": {},
            "firstPartyCookiesSent": {},