{
    "domain": "noembed.com",
    "owner": {},
    "source": [
        "DuckDuckGo-US"
    ],
    "prevalence": 0.000553,
    "sites": 81,
    "subdomains": [],
    "cnames": [],
    "fingerprinting": 0,
    "resources": [
        {
            "rule": "noembed\\.com\\/embed",
            "cookies": 0,
            "fingerprinting": 0,
            "subdomains": [],
            "apis": {},
            "sites": 45,
            "prevalence": 0.000307,
            "cnames": [],
            "responseHashes": [
                "3721dc6a68848e08bc07e74e273d9619b05bf7279d5c892f1da05735fba0bf94",
                "761065412612bac6f4ed7cd5162b7d1bc14ba8411e5292de344dcc0d73a73001",
                "28e543ea5776d9a78a3098f432568335584552dcb95623c8b1176be37a7b0516",
                "641f7e4b582edc0c41d39ba1fc619fa5987441239493a66b9b227c8221b17546",
                "c4f282b81ad57f1a1336b853e6160963f4bd4269118f2c39c58d2cc9048e738b",
                "76033a961b4fc468cf8337de2c355e8226f35ddd37e5ccb5268e36529bfda1f0",
                "7b26856cf089df7ffc02beed03f498a38c62ffb82bd75a7ec72f85c9f654122e",
                "91c2ac1650ecc1e719b9c77f6f49ff1e0425d7cb37ce31bc934e64dea0f696b2",
                "b46b3761c6c5129c92a291e9b8d379c5dd276bc7545b647426f030ee146e98fa",
                "eb7d2c4f169b79d0ebb885b2b6dbde2c5e09baf6f623efaebba4454737d8414f",
                "76d30654422aa4505f12d35db663deaa582c2acc14f527d74626494bcfbf9b73",
                "a78a7776747490f5dd7f6f2848862c0da4f1596b9534b284ef5979ebfeef8c19",
                "9aa06e7c83ed23f1de5baaa16c8ae9eb80d229a6f0ba052666e6eb24b5870478",
                "ccafbef00fec0ef8defae924361fe7ebda029dfda2febfca6ba76a4b4682b5fb",
                "dfae791c894bba2dbe4733b94c3069bf634ec57c84594cb6044b4db96afcbd4a",
                "2ed58a012e89569e0684e8c820384935be6a4a8b913c2cef88033fa85ae621a3",
                "a9315126533d0f58dd4e0cc27cd16aec815f6b9074c7a458fc31b9f29dcada48",
                "06063275d576fd809524542b456747ace7b0e7c1c538264d4881e9b664cc36c6",
                "4324cf10e955a6c1a0751df741e98c26c7aa350b71b347f791f874fcf49a41d3",
                "22ccc039f934c0aa8fcf196bb0ff5e3cdae8c8ed40e809f5efdcb281bf34ca74",
                "10f34af24b0b9fdc9dd543f0ebc6959e41b13313621101c1ba11b553545e0de0",
                "06255b806d3205b1aa100a6b2fdf45ac50ddca4e3ba3daca57387e9a59740cde",
                "c5df8a9dbac2672081bf9f0a5bdee9876f6ab8154add80372a98775450b4ffa5",
                "3380926d178a6ae1e56cc6e97c73bc7835dda2d8612eebc639de9e5bd652ceca",
                "92af5e05c323fe552c2358e2344ef6578e5b2f7035a064833fe4fe0363b5391c",
                "28c7ac81b3064be6133dd0d14036f1cfcb7f27ea2468d92159188028715393ed",
                "faee7b6027dad468632831e93a33b2e6ace79815101f1175b0db45be4df934f9",
                "eea54b40692dbccf4f56a332d0a16b54b298bffadbf2cba6be681163559bf7eb",
                "fb84aefae91e9f9436c480f7a941d24802c1f94d15ce62348ea88966294bd9ef",
                "81ae40cc2d44ca280d033822c9445d6cb2efd8f2038d68499e39e32ee0df360a",
                "f7d8cb5e1b4ab2e5def7869a4498402db048ac7a1e74d20b16ea67f9070228b5",
                "f08238d1170d1d409d222b7faf5b4384523022fd59a9cc487c7c3df4dbbed257",
                "a6adb26d6928211bb8207a36d8f74156bc1fa88cbc75503a2fa9b3afb944ae2f",
                "2addec17a422fe1d8942f7d20583e4b98e60dbbbed0bd2d9fb125ff51a349c70",
                "0e4eec1e14b2cc12a7e5cfca952dff7fc3dd80da1ed528584f0205677b4eb77e",
                "588d29a15dae1f62904bae8d1e93a592bdb3bad7ef5b8781dd4db3567848b189",
                "f7046fa70f318b072a04c71da5c3cc193bd44ae03bea2a036fc96241771d78b9",
                "b1300eb3c915e95f6bb121ef83c194549a61177dd1bc55bc7d33c4692d789148",
                "06f2de2a65390c1df9d2ad989808e65fe529b8634574704f2e080fbc1c34e11b",
                "b018d263e98d3a190a8a295cddbc75cd285c7478603a1c1f3ef2eea521a9177e",
                "88ed872a2bb48cbffd0edbf1d2f7ffa564965f71d5a5ecba1347560a98bd6d43",
                "eb3d12c4daf12fcfd2d20c9e1e54e446c5446d58c1d161d83e80770ef810af9b",
                "34e9e25fb834ed6207b5fdbde5cd16ea6be69df3d2d70ad6ec1c498ddc24e869",
                "4b9f87b982f786adc4bd1329d8a95a414763b99c1f6700668d0a0a0babd4592c"
            ],
            "type": "XHR",
            "firstPartyCookies": {},
            "firstPartyCookiesSent": {},
            "exampleSites": [
                "www.jobyaviation.com",
                "www.pokernews.com",
                "www.flosports.tv",
                "www.visitflorida.com",
                "www.sainsmart.com",
                "www.visitestespark.com",
                "www.smartgardener.com",
                "growerssolution.com",
                "help.clickup.com",
                "www.oneupcomponents.com",
                "www.did.ie",
                "community.oneplus.com",
                "republic.com",
                "www.berkeyfilters.com",
                "pixologic.com",
                "www.cj.com",
                "www.discoverlongisland.com",
                "www.groningermuseum.nl",
                "adventurewagon.com",
                "watchdocumentaries.com"
            ]
        },
        {
            "rule": "noembed\\.com\\/embed",
            "cookies": 0,
            "fingerprinting": 0,
            "subdomains": [],
            "apis": {},
            "sites": 9,
            "prevalence": 0.0000614,
            "cnames": [],
            "responseHashes": [
                "f26ba47be125dd725b4890ab4a9b8f645fe71945e0429f22874683ff00eeafdd",
                "eadfd3931ea176d2273f38f208f60088890175fca9614b10ba256fffd52815fb",
                "83e0430441095cba35fdec5c3ae9d0fc523317534562367451d0a62e98a34b7f",
                "141289792aeb22ab5114e6a38f11826b395b4c604fd1f14917276ce9da8ddadd",
                "5b7b7a1a98eb1194365b85d12930a03f9534fe8c3998226045e570d55768b70a",
                "e7b7e4bcb710c8a19e8b002b12b7c3e4c8e665d0d84597c6625dff678831f5a6",
                "ff06c3fc6ac3dbbd4a71924187153002e9deac5058a21abc50f6d23a6b4301d9",
                "1e29413d1698000bd1f33eff76cd136cad226ef1ba2a683f9657a5c3681ae187"
            ],
            "type": "Fetch",
            "firstPartyCookies": {},
            "firstPartyCookiesSent": {},
            "exampleSites": [
                "koinly.io",
                "peakrefuel.com",
                "www.benefits.gov",
                "www.camdenliving.com",
                "www.hydroviv.com",
                "www.matcotools.com",
                "www.utk.edu",
                "www.uwhealth.org",
                "www.vokal.in"
            ]
        },
        {
            "rule": "noembed\\.com\\/embed",
            "cookies": 0,
            "fingerprinting": 0,
            "subdomains": [],
            "apis": {},
            "sites": 23,
            "prevalence": 0.000157,
            "cnames": [],