{
    "domain": "nsaudience.pl",
    "owner": {
        "name": "nazwa.pl sp. z o.o.",
        "displayName": "nazwa.pl"
    },
    "source": [
        "DuckDuckGo-US"
    ],
    "prevalence": 0.000246,
    "sites": 36,
    "subdomains": [
        "atm.api.dmp",
        "gdpr.api.dmp",
        "id",
        "interia.api.dmp",
        "rmf.api.dmp"
    ],
    "cnames": [],
    "fingerprinting": 1,
    "resources": [
        {
            "rule": "nsaudience\\.pl\\/atm\\.js",
            "cookies": 0,
            "fingerprinting": 1,
            "subdomains": [
                "atm.api.dmp"
            ],
            "apis": {
                "Document.cookie getter": 13,
                "Navigator.prototype.userAgent": 4,
                "NavigatorUAData.prototype.getHighEntropyValues": 4,
                "NavigatorUAData.prototype.brands": 4
            },
            "sites": 14,
            "prevalence": 0.0000955,
            "cnames": [],
            "responseHashes": [
                "91bbc8a05c114acefca4749a2871cd48e48415ff5ded415aac00a338ecbf4668",
                "577a4d88d2a929755252b05bbd36acb44ea325b3edf96a0d252e9d6484326104",
                "a51f18d6969a430af425c8864692a5147e8d935144a2ce6eb7596a037eedeeab",
                "6e06e5af41a3a796dc298c4b68e6e02346fe377d296e280b81badedd470311b9",
                "e750cd73bb9341b7059c9517f5bbae7a8ee25c96c9e15faecb841f3de1a41409",
                "1e003a05c7ed7cf3cf4fa27da7f383b70545727f7ee20cc3e94598f57f6ce6f5",
                "08a77b4cf58f3221c2313023ba25c5b10c06dbe9e741c3f2558c7ec6f18273af",
                "c1135c75939e8e152d84caa17e050bee2eaf80637384763cbe522aca7645a03c",
                "934dcf833d7c56ef5a42910a296cc26a87ccf8b09709aa60be9ebff6c78c0a17",
                "958ea68ba3d4504a4ce42049712dd962e254fb9f5828e55aeb804bb117293992",
                "5fa3e256389f1791df1175d0a56357210b814d1d1824b00a17eaa6fe0885da99",
                "ac26708e633337f59496c5176d679bcb17fc544a3ba09bc41ac238e53c18d6e2",
                "593bdd3b08602d501b6b42af710d6bd8683a1ce2dbe20027cf718272b425b7b3"
            ],
            "type": "Script",
            "firstPartyCookies": {},
            "firstPartyCookiesSent": {},
            "exampleSites": [
                "dziennikzachodni.pl",
                "echodnia.eu",
                "gazetakrakowska.pl",
                "gazetawroclawska.pl",
                "i.pl",
                "motofakty.pl",
                "pomorska.pl",
                "sprzedajemy.pl",
                "warszawa.naszemiasto.pl",
                "www.interia.pl",
                "www.pomponik.pl",
                "www.rmf.fm",
                "www.rmf24.pl",
                "wydarzenia.interia.pl"
            ]
        },
        {
            "rule": "nsaudience\\.pl\\/frontend\\/api\\/cookieSync\\.png",
            "cookies": 0.000109,
            "fingerprinting": 0,
            "subdomains": [
                "atm.api.dmp"
            ],
            "apis": {},
            "sites": 16,
            "prevalence": 0.000109,
            "cnames": [],
            "responseHashes": [
                "370dbc0a7e85181d81ecf29999a4782fc0fde9621e538b4d17887e2d1af1522d"
            ],
            "type": "Image",
            "firstPartyCookies": {},
            "firstPartyCookiesSent": {},
            "exampleSites": [
                "paradisi.de",
                "forum.paradisi.de",
                "geissblog.koeln",
                "iphone-tricks.com",
                "iphone-tricks.de",
                "osthessen-news.de",
                "www.buzzfeed.de",
                "www.classicdriver.com",
                "www.deine-tierwelt.de",
                "www.familienleben.ch",
                "www.fastenergy.de",
                "www.fnp.de",
                "www.helles-koepfchen.de",
                "www.serienjunkies.de",
                "www.soester-anzeiger.de",
                "www.swisswebcams.ch"
            ]
        },
        {
            "rule": "nsaudience\\.pl\\/frontend\\/agreement\\/custom\\.js",
            "cookies": 0.0000136,
            "fingerprinting": 0,
            "subdomains": [
                "gdpr.api.dmp"
            ],
            "apis": {},
            "sites": 2,
            "prevalence": 0.0000136,
            "cnames": [],
            "responseHashes": [
                "7ea141c16c36f99a3659992a1c410031d1b06c2231b8ccfcc40b515e1040e860"
            ],
            "type": "Script",
            "firstPartyCookies": {},
            "firstPartyCookiesSent": {
                "lotame_domain_check": 0.00001364424008404852
            },
            "exampleSites": [
                "domiporta.pl",
                "www.domiporta.pl"
            ]
        },
        {
            "rule": "nsaudience\\.pl\\/frontend\\/agreement\\/custom\\.js",
            "cookies": 0.0000136,
            "fingerprinting": 0,
            "subdomains": [
                "gdpr.api.dmp"
            ],
            "apis": {},
            "sites": 2,
            "prevalence": 0.0000136,
            "cnames": [],
            "responseHashes": [
                "7ea141c16c36f99a3659992a1c410031d1b06c2231b8ccfcc40b515e1040e860"
            ],
            "type": "Document",
            "firstPartyCookies": {},
            "firstPartyCookiesSent": {},
            "exampleSites": [
                "goldenline.pl",
                "www.goldenline.pl"
            ]
        },
        {
            "rule": "nsaudience\\.pl\\/getId\\.js",
            "cookies": 0,
            "fingerprinting": 1,
            "subdomains": [
                "id"
            ],
            "apis": {
                "Document.cookie getter": 3,
                "Navigator.prototype.userAgent": 3,
                "NavigatorUAData.prototype.getHighEntropyValues": 3,
                "NavigatorUAData.prototype.brands": 3
            },
            "sites": 3,
            "prevalence": 0.0000205,
            "cnames": [],
            "responseHashes": [
                "2e5d9e8107af6defba77a18e295acf65729b7112be7910658ff8e32dea2c80ed"
            ],
            "type": "Script",
            "firstPartyCookies": {},
            "firstPartyCookiesSent": {},
            "exampleSites": [
                "msze.info",
                "www.ortograf.pl",
                "www.routenplaner-karte.de"
            ]
        },
        {
            "rule": "nsaudience\\.pl\\/frontend\\/api\\/matchMainScript\\.js",
            "cookies": 0.0000273,
            "fingerprinting": 1,
            "subdomains": [
                "interia.api.dmp",
                "rmf.api.dmp"
            ],
            "apis": {
                "Date.prototype.getTime": 3,
                "Navigator.prototype.userAgent": 2,
                "Navigator.prototype.appVersion": 1
            },
            "sites": 4,
            "prevalence": 0.0000273,
            "cnames": [],
            "responseHashes": [
                "ae7f8c6fafee5429f191673285e9afc5babd03f99901a3f0f2de3ffd9cc9e588",
                "7f7feee952fad31689f7b2878cb7979d829d01d39cac3948929d38aec23c82d0"
            ],
            "type": "Script",
            "firstPartyCookies": {},
            "firstPartyCookiesSent": {},
            "exampleSites": [
                "pomponik.pl",
                "www.pomponik.pl",
                "www.rmf24.pl",
                "wydarzenia.interia.pl"
            ]
        },
        {
            "rule": "nsaudience\\.pl\\/frontend\\/api\\/sendData\\.js",
            "cookies": 0.0000205,
            "fingerprinting": 0,
            "subdomains": [
                "interia.api.dmp",
                "rmf.api.dmp"
            ],
            "apis": {},
            "sites": 3,
            "prevalence": 0.0000205,
            "cnames": [],