{
    "domain": "o2u.jp",
    "owner": {},
    "source": [
        "DuckDuckGo-US"
    ],
    "prevalence": 0.00015,
    "sites": 22,
    "subdomains": [
        "a",
        "cdn"
    ],
    "cnames": [],
    "fingerprinting": 1,
    "resources": [
        {
            "rule": "o2u\\.jp\\/",
            "cookies": 0.000137,
            "fingerprinting": 1,
            "subdomains": [
                "a"
            ],
            "apis": {
                "Date.prototype.getTime": 20,
                "Document.cookie setter": 20,
                "Document.cookie getter": 20,
                "Navigator.prototype.userAgent": 20,
                "Navigator.prototype.appVersion": 20
            },
            "sites": 20,
            "prevalence": 0.000137,
            "cnames": [],
            "responseHashes": [
                "63edd55e48e37ef16a0715b8e449de0c453265b3135406efffc5bbcd40729dab",
                "795b707b8f7b979b006038b8f3b52f2b4a1348fc5b4ca6a0dfb81472f1b7ab48",
                "c97b9cc2dc3f48025a436af35a98f9f43ec8d903fc72f7270e867b26e097a9f7",
                "52a1964942f9e87699ad09bfbfe7326ad81b12935a6f1afd2a133a434fb9950d",
                "655c615bd420821d73f1d6fe0b017a7cb6736a284812968e377fc9301e597cbc",
                "b492cbe66977b224f6979a9b2c389a9f7d6a5eb48a2baba3beadccbdfebab359",
                "bd76143830c555d09481c340950a90a82611bd5be7bebec6421557e4a3323977",
                "1d57b83c17020708348bef29f3e06ee34e6945300fa67817d2c6c115b33bea95",
                "19c69c184e50168ce66913eb1ac29c6c7c43f5dc8710240104872c0f96abbb5c",
                "eaa9dc7d3fee91261eceab95aee98229fab6be43ac6bbcf5619ad504d1f59b7b",
                "bfe9121416a0388ada86aed27fca8518202ee3522586a75504e53c1d4ffc6197",
                "117872a66327b13c891e3baa0597a79903e98a6b8e169fe28330f2e317915fa1",
                "2b90ffdcd360da8e00383f292ef26ee4896f2c78c6bd348ad90e6b8a3e3296aa",
                "59e26386c93faead80b40ee65ce8f0608ce749c910a6cc2de338dc33e587281e",
                "5ab07185796639f08369dc7c47583ba5f46cb27a62813d3751faf392c05c7cd5",
                "067f9d6c49a9fe97340a7776f96a9071296be4124cb6706805af0a97f3b60470",
                "b35a2ca9412b841499fedb1b2d23708350932b7dfe5fefc9339ce0a24633bd35",
                "63627a7ec2c0edc20eb24a6eeab1588eab38568bc9ab88b531c9be2208a7731f",
                "744ba151d792db4508febbfc8e7dfabaf97e912e9eb3e4c83b51d6918edfd149"
            ],
            "type": "Script",
            "firstPartyCookies": {
                "_____write_test_": {
                    "ttl": 21,
                    "length": 7,
                    "prevalence": 0.0001365047947309149,
                    "uniqueness": 0.05
                }
            },
            "firstPartyCookiesSent": {},
            "exampleSites": [
                "animeanime.jp",
                "fieasia.net",
                "furunavi.jp",
                "howcollect.jp",
                "kango-oshigoto.jp",
                "network.mobile.rakuten.co.jp",
                "pmall.gpoint.co.jp",
                "sup.andyou.jp",
                "tokusengai.com",
                "www.bepal.net",
                "www.biccamera.com",
                "www.bookoff.co.jp",
                "www.dcm-hc.co.jp",
                "www.e-earphone.jp",
                "www.ehonnavi.net",
                "www.fmworld.net",
                "www.hottomotto.com",
                "www.osohshiki.jp",
                "www.subaru.jp",
                "www.yukoyuko.net"
            ]
        },
        {
            "rule": "o2u\\.jp\\/scripts\\/o2u-treasure\\/2\\.4\\.2\\/o2utreasure\\.min\\.js",
            "cookies": 0.00013,
            "fingerprinting": 1,
            "subdomains": [
                "cdn"
            ],
            "apis": {
                "window.localStorage": 19,
                "Navigator.prototype.userAgent": 18,
                "Document.cookie getter": 19,
                "Document.cookie setter": 19,
                "Date.prototype.getTime": 6
            },
            "sites": 20,
            "prevalence": 0.000137,
            "cnames": [],
            "responseHashes": [
                "44fdebbf587221dd8fe672472a1e992ec5ec816e4a4e15a8d0af481ec8e3a02c"
            ],
            "type": "Script",
            "firstPartyCookies": {
                "_td": {
                    "ttl": 63072009,
                    "length": 36,
                    "prevalence": 0.00012967955499436918,
                    "uniqueness": 1
                },
                "_td_global": {
                    "ttl": 6000,
                    "length": 36,
                    "prevalence": 0.00002047571920963724,
                    "uniqueness": 1
                }
            },
            "firstPartyCookiesSent": {},
            "exampleSites": [
                "animeanime.jp",
                "fieasia.net",
                "furunavi.jp",
                "howcollect.jp",
                "kango-oshigoto.jp",
                "network.mobile.rakuten.co.jp",
                "pmall.gpoint.co.jp",
                "sup.andyou.jp",
                "tokusengai.com",
                "www.bepal.net",
                "www.biccamera.com",
                "www.bookoff.co.jp",
                "www.dcm-hc.co.jp",
                "www.e-earphone.jp",
                "www.ehonnavi.net",
                "www.fmworld.net",
                "www.hottomotto.com",
                "www.osohshiki.jp",
                "www.subaru.jp",
                "www.yukoyuko.net"
            ]
        },
        {
            "rule": "o2u\\.jp\\/nba\\/",
            "cookies": 0,
            "fingerprinting": 0,
            "subdomains": [
                "a"
            ],
            "apis": {},
            "sites": 19,
            "prevalence": 0.00013,
            "cnames": [],
            "responseHashes": [
                "b511909b75b1e809b1a3bcacc22ae9b5421edd4c95e4278cf73b4d7d978eefb3"
            ],
            "type": "XHR",
            "firstPartyCookies": {},
            "firstPartyCookiesSent": {
                "_td_global": 0.0000887281165750947
            },
            "exampleSites": [
                "animeanime.jp",
                "fieasia.net",
                "furunavi.jp",
                "howcollect.jp",
                "kango-oshigoto.jp",
                "network.mobile.rakuten.co.jp",
                "pmall.gpoint.co.jp",
                "sup.andyou.jp",
                "tokusengai.com",
                "www.biccamera.com",
                "www.bookoff.co.jp",
                "www.dcm-hc.co.jp",
                "www.e-earphone.jp",
                "www.ehonnavi.net",
                "www.fmworld.net",
                "www.hottomotto.com",
                "www.osohshiki.jp",
                "www.subaru.jp",
                "www.yukoyuko.net"
            ]
        },
        {
            "rule": "o2u\\.jp\\/pixel\\/",
            "cookies": 0.0000819,
            "fingerprinting": 0,
            "subdomains": [
                "a"
            ],
            "apis": {},
            "sites": 13,
            "prevalence": 0.0000887,
            "cnames": [],
            "responseHashes": [
                "3706866c68bca8fab61afcddb91d9add521a08ef8e1ee65f14b4c5b7148a53e5"
            ],
            "type": "Image",
            "firstPartyCookies": {},
            "firstPartyCookiesSent": {
                "cookies.js": 0.000006825239736545746
            },
            "exampleSites": [
                "fieasia.net",
                "howcollect.jp",
                "pmall.gpoint.co.jp",
                "sup.andyou.jp",
                "tokusengai.com",
                "ure.pia.co.jp",
                "www.bepal.net",
                "www.dcm-hc.co.jp",
                "www.e-earphone.jp",
                "www.ehonnavi.net",
                "www.fmworld.net",
                "www.matsui.co.jp",
                "www.yukoyuko.net"
            ]
        }
    ],