{
    "domain": "ok.ru",
    "owner": {
        "name": "VK Company Ltd.",
        "displayName": "VK"
    },
    "source": [
        "DuckDuckGo-US"
    ],
    "prevalence": 0.000563,
    "sites": 83,
    "subdomains": [
        "connect"
    ],
    "cnames": [],
    "fingerprinting": 1,
    "resources": [
        {
            "rule": "ok\\.ru\\/dk",
            "cookies": 0.000224,
            "fingerprinting": 0,
            "subdomains": [
                "connect"
            ],
            "apis": {},
            "sites": 36,
            "prevalence": 0.000244,
            "cnames": [],
            "responseHashes": [
                "48d1186e375dd91148851d1b190b40e99f821b7258e175c3ac15f7c05673096a",
                "686b3c9f57221e4e8e1e992d8f1607e37f0c9ab67867ce97e8eb67c566d7375a",
                "50c13bcb3c10541bf837a32036a0dc1e08ded34526dfd4ae360c352708f226bc",
                "7cd1e22e00af241c03d7f3042011e9f32e8e69a460289c29790c856436e7f487",
                "bcee39651456e54b59fcbce3bc6096c3bd4967d7c35a2dc8463adb759c4132e4",
                "1ceec8e1180b36a40742677a5e18cb3c7c441cede741dd89342255ac52826d19",
                "ef42ab929a38d1e05e3bbaf213abd5fcb50269cd6e8e99362c74e0d0feb27e17",
                "b5b7965138ffbabe1ca01d528375be268e1214f52e14426831f4df768db78fc7"
            ],
            "type": "Script",
            "firstPartyCookies": {},
            "firstPartyCookiesSent": {
                "_ym_d": 0.000013562540263791409
            },
            "exampleSites": [
                "pic2.me",
                "www.livemaster.ru",
                "hentasis1.top",
                "svpressa.ru",
                "jak.koshachek.com",
                "mcpanacea.ru",
                "trupornolabs.org",
                "aftershock.news",
                "aldebaran.ru",
                "ru.solverbook.com",
                "medportal.ru",
                "vz.ru",
                "sex.zerkiss.ru",
                "www.calend.ru",
                "pronedra.ru",
                "rutxt.ru",
                "colonelcassad.livejournal.com",
                "spy-soft.net",
                "en.vidmo.pro",
                "teksti-pesenok.ru"
            ]
        },
        {
            "rule": "ok\\.ru\\/dk",
            "cookies": 0.0000407,
            "fingerprinting": 0,
            "subdomains": [
                "connect"
            ],
            "apis": {},
            "sites": 6,
            "prevalence": 0.0000407,
            "cnames": [],
            "responseHashes": [
                "618de7d9f46f3f697d827a1b6d84974760d5deda62e4e592adaa3c646602a94c",
                "57413ce83ee1d989e384dfd3a82c6e2d9052a23c4204706bd2d7df11aa4c2d7c",
                "13862f084a72fbe80d353527118c5ce361f7edde5713476ca2e774a04952b03a"
            ],
            "type": "XHR",
            "firstPartyCookies": {},
            "firstPartyCookiesSent": {},
            "exampleSites": [
                "amedia.online",
                "finance.rambler.ru",
                "m.povar.ru",
                "povar.ru",
                "telegram.org.ru",
                "woman.rambler.ru"
            ]
        },
        {
            "rule": "ok\\.ru\\/connect\\.js",
            "cookies": 0,
            "fingerprinting": 0,
            "subdomains": [
                "connect"
            ],
            "apis": {},
            "sites": 13,
            "prevalence": 0.0000882,
            "cnames": [],
            "responseHashes": [
                "3b672a69cf35a1540aeb8228010b2c5874cd5b90a027b115ac0845f70f05ebba"
            ],
            "type": "Script",
            "firstPartyCookies": {},
            "firstPartyCookiesSent": {},
            "exampleSites": [
                "bloknot.ru",
                "fishki.net",
                "gotovim-doma.ru",
                "litnet.com",
                "m.fishki.net",
                "orthochristian.com",
                "sprosivracha.com",
                "www.1tv.ru",
                "www.calend.ru",
                "www.labirint.ru",
                "www.maam.ru",
                "www.ontvtime.ru",
                "www.starhit.ru"
            ]
        },
        {
            "rule": "ok\\.ru\\/dk",
            "cookies": 0.000061,
            "fingerprinting": 0,
            "subdomains": [
                "connect"
            ],
            "apis": {},
            "sites": 9,
            "prevalence": 0.000061,
            "cnames": [],
            "responseHashes": [
                "277401c44ada3c68638f8a8a5b17b7110134e8076294ee80640a868813d8ab18",
                "ca5a3b64e410a7757fc6d2fb8b77ab3c47690470eb966a93d412c1457e0dfd95",
                "befd93d8893028cf17fa6ecea3c00e2fa4da22e427bde3b6b2f68d173e25f939",
                "fff7daf4774ceeccc4ab5aa20974881a06f270c1752c7c13abcfa287e0030f87",
                "1a4192c2eaff87207ad015ae1548e46c4dfa28473aeda503ef9200c47f3bfe10",
                "22365b6978736cffbbe0352ca8515817a9a69dd832d527453ee5aa149fbcf0a8",
                "8e4437a8944e44eaef01707c3262aa33ebb5ad47671a1f07e6f87e9dd3f21572",
                "1d0886178308ecba9c38fc0210a9e0ae7708ae9fe4c2fb717d8ae9dc99c8ba9f"
            ],
            "type": "Document",
            "firstPartyCookies": {},
            "firstPartyCookiesSent": {},
            "exampleSites": [
                "bloknot.ru",
                "gotovim-doma.ru",
                "litnet.com",
                "sprosivracha.com",
                "www.1tv.ru",
                "www.calend.ru",
                "www.maam.ru",
                "www.ontvtime.ru",
                "www.starhit.ru"
            ]
        },
        {
            "rule": "ok\\.ru\\/dk",
            "cookies": 0.0000543,
            "fingerprinting": 0,
            "subdomains": [
                "connect"
            ],
            "apis": {},
            "sites": 8,
            "prevalence": 0.0000543,
            "cnames": [],
            "responseHashes": [
                "618de7d9f46f3f697d827a1b6d84974760d5deda62e4e592adaa3c646602a94c"
            ],
            "type": "Fetch",
            "firstPartyCookies": {},
            "firstPartyCookiesSent": {},
            "exampleSites": [
                "dryingallfoods.com",
                "monochrome-watches.com",
                "onepeterfive.com",
                "redstaryeast.com",
                "seasonsyear.com",
                "www.lekkerensimpel.com",
                "www.telesurenglish.net",
                "www.telesurtv.net"
            ]
        },
        {
            "rule": "ok\\.ru\\/res\\/js\\/lib\\/require-2\\.1\\.11_1ae533d5\\.js",
            "cookies": 0,
            "fingerprinting": 1,
            "subdomains": [],
            "apis": {
                "Navigator.prototype.platform": 5,
                "Date.prototype.getTime": 5
            },
            "sites": 5,
            "prevalence": 0.0000339,
            "cnames": [],
            "responseHashes": [
                "f15499124da99eb1855414911bcad1cefcd6b57a8816f762d11b9e33b9117d92"
            ],
            "type": "Script",
            "firstPartyCookies": {},
            "firstPartyCookiesSent": {},
            "exampleSites": [
                "gnula.nu",
                "repelisflis.com",
                "topnewsshow.com",
                "tvkinoradio.ru",
                "www.peteyvid.com"
            ]
        },
        {
            "rule": "ok\\.ru\\/res\\/js\\/classic_a2b793c6\\.js",
            "cookies": 0,
            "fingerprinting": 1,
            "subdomains": [],
            "apis": {
                "window.localStorage": 5
            },
            "sites": 5,
            "prevalence": 0.0000339,
            "cnames": [],
            "responseHashes": [
                "98ee073f414c42dbeb80d9f563183f2410bf422ce98f23d8e18e3f6c2f1dc35e"
            ],
            "type": "Script",
            "firstPartyCookies": {},
            "firstPartyCookiesSent": {},