{
    "domain": "omegacommerce.com",
    "owner": {},
    "source": [
        "DuckDuckGo-US"
    ],
    "prevalence": 0.000197,
    "sites": 29,
    "subdomains": [
        "search-c",
        "search",
        "search-a",
        "feed"
    ],
    "cnames": [],
    "fingerprinting": 1,
    "resources": [
        {
            "rule": "omegacommerce\\.com\\/instant\\/initjs",
            "cookies": 0.0000679,
            "fingerprinting": 1,
            "subdomains": [
                "search-c",
                "search",
                "search-a"
            ],
            "apis": {
                "Element.prototype.getClientRects": 10,
                "Event.prototype.timeStamp": 2
            },
            "sites": 10,
            "prevalence": 0.0000679,
            "cnames": [],
            "responseHashes": [
                "6683adf203eef7086919ed71ae3c093aa02ae1cce6a2f99c6c6d6ddaf59d7094",
                "26ccc0932f65607dcad6dbdc2e39b1111e83db21bcae0012014df7cb536c94bd",
                "9ad2485560764ab54e341d56eb4bf53eb3656376ca7ae5f0b4cc8e9be5feb4bf",
                "adfe1cc509874b5253f8ccb8983fc012b7adfc370fc0ba4a954887dd8936b659",
                "a38794d14b8c00d846f62bf0f522d8e108a37acb33b8922c036e9ab8b741341f",
                "8192168ac78b6ec85b46fa1645c22a0e771c4f3e5e2c9ce595e168deb1be18dd",
                "792e808828ff2c4349172578c3a14fce54b37e3fdadfd3ff82a1194999e5173d",
                "42317aeb62fc77e9c3101243559cd8695bd032872f855ce96f41ad80fc1498c0",
                "57877ac73f7b98a3d41bd1627ecc03969004afd75e857623d7a98fd7670d5975"
            ],
            "type": "Script",
            "firstPartyCookies": {},
            "firstPartyCookiesSent": {},
            "exampleSites": [
                "blueprintengines.com",
                "fungi.com",
                "goodr.com",
                "humann.com",
                "shop.briggsandstratton.com",
                "www.darkknightarmoury.com",
                "www.gungoddess.com",
                "www.medievalcollectibles.com",
                "www.mucinex.com",
                "www.virgosacrata.com"
            ]
        },
        {
            "rule": "omegacommerce\\.com\\/js\\/init\\.js",
            "cookies": 0.0000271,
            "fingerprinting": 0,
            "subdomains": [
                "feed"
            ],
            "apis": {},
            "sites": 5,
            "prevalence": 0.0000339,
            "cnames": [],
            "responseHashes": [
                "52a56d336b164ac9158a7e831efca8dae2c91463b9882318b38d2754b42c280b",
                "bcf531c6ddb5ef1ac76108f65cb90e9cba1a843bc004ad8f495a56ffc76b1c2d",
                "3c88d7284110d285bf77dc89eac2388dd4096debb94271f819a2721302e16ef9"
            ],
            "type": "Script",
            "firstPartyCookies": {},
            "firstPartyCookiesSent": {},
            "exampleSites": [
                "nothing.tech",
                "theoodie.co.uk",
                "us.nothing.tech",
                "www.jurawatches.co.uk",
                "www.warehouse-lighting.com"
            ]
        }
    ],
    "categories": [],
    "performance": {},
    "cookies": 0.000176,
    "types": {
        "Script": 15
    },
    "nameservers": [
        "ns-853.awsdns-42.net",
        "ns-1195.awsdns-21.org",
        "ns-1920.awsdns-48.co.uk",
        "ns-457.awsdns-57.com"
    ]
}