{
    "domain": "onlinechatcenters.com",
    "owner": {},
    "source": [
        "DuckDuckGo-US"
    ],
    "prevalence": 0.0000614,
    "sites": 9,
    "subdomains": [
        "www"
    ],
    "cnames": [],
    "fingerprinting": 1,
    "resources": [
        {
            "rule": "onlinechatcenters\\.com\\/track\\.a-28229\\.js",
            "cookies": 0.0000136,
            "fingerprinting": 1,
            "subdomains": [
                "www"
            ],
            "apis": {
                "Document.cookie getter": 2,
                "Document.cookie setter": 2
            },
            "sites": 2,
            "prevalence": 0.0000136,
            "cnames": [],
            "responseHashes": [
                "86e5d0c8dd7315cbf54eecee43127cc68e8f7177a4985da8a35290c176ac0c07"
            ],
            "type": "Script",
            "firstPartyCookies": {
                "OCCSESSID": {
                    "ttl": null,
                    "length": 26,
                    "prevalence": 0.00001364424008404852,
                    "uniqueness": 1
                }
            },
            "firstPartyCookiesSent": {},
            "exampleSites": [
                "broshauling.com",
                "brosconcrete.com"
            ]
        },
        {
            "rule": "onlinechatcenters\\.com\\/visitor\\/",
            "cookies": 0,
            "fingerprinting": 0,
            "subdomains": [
                "www"
            ],
            "apis": {},
            "sites": 8,
            "prevalence": 0.0000546,
            "cnames": [],
            "responseHashes": [
                "efa37acb8a80b9b38694daf3591337bdea2aded2b4693204ed7ea3283626e4c4",
                "e7d8b54857d34364978aa804ed614351305b1aa5d28b6f4622fed86552aa2dcf",
                "f097f2291a68a1845f0076f23030c6b574eb0c37e91bf0cd45f792b5f4889de9",
                "d373342c1c8a36b1b260618cc403eec191cc574a49768bd2dd4071c6d5628120",
                "e963161efcb8f22dd0977058cdc4a3db558a1d08997488c64e63bb1d39fecdbb",
                "f611b507f0b06cbe2dad28f6c6f2bd1a2bad9f88551176673ec6203184e4f335",
                "d6f49fce6eacd81478a81ee15a4b39e97208d9f6f07fa2dcc052a527740f8576"
            ],
            "type": "Script",
            "firstPartyCookies": {},
            "firstPartyCookiesSent": {},
            "exampleSites": [
                "broshauling.com",
                "brosconcrete.com",
                "www.206tours.com",
                "www.babbittsonline.com",
                "www.genuinepolarisparts.com",
                "www.hondapartshouse.com",
                "www.lcc.edu",
                "www.yamahapartshouse.com"
            ]
        },
        {
            "rule": "onlinechatcenters\\.com\\/code-29945\\.js",
            "cookies": 0.0000136,
            "fingerprinting": 1,
            "subdomains": [
                "www"
            ],
            "apis": {
                "Document.cookie getter": 2,
                "Document.cookie setter": 2
            },
            "sites": 2,
            "prevalence": 0.0000136,
            "cnames": [],
            "responseHashes": [
                "745ff024b790f15509b3b4b8b913f6abf59287c7cd91ab95302de39deb676909"
            ],
            "type": "Script",
            "firstPartyCookies": {
                "OCCSESSID": {
                    "ttl": null,
                    "length": 26,
                    "prevalence": 0.00001364424008404852,
                    "uniqueness": 1
                }
            },
            "firstPartyCookiesSent": {},
            "exampleSites": [
                "babbittsonline.com",
                "www.babbittsonline.com"
            ]
        },
        {
            "rule": "onlinechatcenters\\.com\\/status-29945",
            "cookies": 0,
            "fingerprinting": 0,
            "subdomains": [
                "www"
            ],
            "apis": {},
            "sites": 2,
            "prevalence": 0.0000136,
            "cnames": [],
            "responseHashes": [
                "5e79585b4747eb6df716261dc98961d0100dd1969834b026543a39cd92713910"
            ],
            "type": "Image",
            "firstPartyCookies": {},
            "firstPartyCookiesSent": {},
            "exampleSites": [
                "babbittsonline.com",
                "www.babbittsonline.com"
            ]
        },
        {
            "rule": "onlinechatcenters\\.com\\/code-29945-69580\\.js",
            "cookies": 0.0000136,
            "fingerprinting": 1,
            "subdomains": [
                "www"
            ],
            "apis": {
                "Document.cookie getter": 2,
                "Document.cookie setter": 2
            },
            "sites": 2,
            "prevalence": 0.0000136,
            "cnames": [],
            "responseHashes": [
                "8b105fb935b150ecec74fa56344e3915434d22c57d2ba0b0d120561270f3863a"
            ],
            "type": "Script",
            "firstPartyCookies": {
                "OCCSESSID": {
                    "ttl": null,
                    "length": 26,
                    "prevalence": 0.00001364424008404852,
                    "uniqueness": 1
                }
            },
            "firstPartyCookiesSent": {},
            "exampleSites": [
                "hondapartshouse.com",
                "www.yamahapartshouse.com"
            ]
        },
        {
            "rule": "onlinechatcenters\\.com\\/status-29945-69580",
            "cookies": 0,
            "fingerprinting": 0,
            "subdomains": [
                "www"
            ],
            "apis": {},
            "sites": 2,
            "prevalence": 0.0000136,
            "cnames": [],
            "responseHashes": [
                "5e79585b4747eb6df716261dc98961d0100dd1969834b026543a39cd92713910"
            ],
            "type": "Image",
            "firstPartyCookies": {},
            "firstPartyCookiesSent": {},
            "exampleSites": [
                "hondapartshouse.com",
                "www.yamahapartshouse.com"
            ]
        }
    ],
    "categories": [],
    "performance": {},
    "cookies": 0.0000614,
    "topInitiators": [
        {
            "domain": "first party",
            "prevalence": 0.5833333333333334
        },
        {
            "domain": "googletagmanager.com",
            "prevalence": 0.3333333333333333
        },
        {
            "domain": "storage.googleapis.com",
            "prevalence": 0.08333333333333333
        }
    ],
    "types": {
        "Script": 14,
        "Image": 4
    },
    "nameservers": [
        "ns-551.awsdns-04.net",
        "ns-259.awsdns-32.com",
        "ns-1211.awsdns-23.org",
        "ns-1944.awsdns-51.co.uk"
    ]
}