{
    "domain": "onthemapmarketing.com",
    "owner": {},
    "source": [
        "DuckDuckGo-US"
    ],
    "prevalence": 0.000244,
    "sites": 36,
    "subdomains": [
        "accessibly"
    ],
    "cnames": [],
    "fingerprinting": 0,
    "resources": [
        {
            "rule": "onthemapmarketing\\.com\\/api\\/shop\\/options",
            "cookies": 0.0000679,
            "fingerprinting": 0,
            "subdomains": [
                "accessibly"
            ],
            "apis": {},
            "sites": 10,
            "prevalence": 0.0000679,
            "cnames": [],
            "responseHashes": [
                "9eab1006fe82643ae7eb08b1331948563b47d54ae52609150475c9f1484a2c0b",
                "b821bc125129446ad9dca64a1836f4a3cbdd11940a4db2b82b28954a70421aff",
                "49158a4a626a763bc67d3099dd5ff6660d79bf5aa021ddd446036ab564640785",
                "8f7253c8ff7026c1c6d9c558ec62137274ce0b3aaeb5ea8b3345f4d6f06dbd02",
                "31dd48ba7183143ed7912b84af71a5e0767e9d7c6804e30bb62313c4476f331b",
                "905576eca13f55ad43fea467ab2f1a0520f21a1144f9a8d05c445107c479ac5a",
                "9b856ce5de105777ff0c649d1c24241b62d017f4c98d823773404ea221cb8c58",
                "84a597687913bc89f372454a730dbdf36f22e9c33d6cf1e989c970720b8c5631",
                "fd80d90d1902220beed3c748f9e4c95e7fe7d8beb6e664b1eb80816b46fcd40c"
            ],
            "type": "XHR",
            "firstPartyCookies": {},
            "firstPartyCookiesSent": {
                "smsbump_form_pages_unique_session6356": 0.000006785825767137603,
                "recentlyViewed": 0.000006785825767137603,
                "IR_gbd": 0.000006785825767137603
            },
            "exampleSites": [
                "1stphorm.com",
                "breazy.com",
                "demoniacult.com",
                "dressbarn.com",
                "mipod.com",
                "rockabilia.com",
                "sexdollgenie.com",
                "ultrapro.com",
                "www.evenflo.com",
                "www.gaiam.com"
            ]
        },
        {
            "rule": "onthemapmarketing\\.com\\/api\\/shop\\/options\\/",
            "cookies": 0.0000611,
            "fingerprinting": 0,
            "subdomains": [
                "accessibly"
            ],
            "apis": {},
            "sites": 9,
            "prevalence": 0.0000611,
            "cnames": [],
            "responseHashes": [
                "b26c8d3f84cf0b594bf6703dacfdaf6833ea94fe9a040e75c3669e569793aa12",
                "c5a497e79c6001f9eb491b49155ca175a233ee369be310749534820ef174ca4a",
                "d5b192f9bfa77991e3914f0c8614cc73b82b6acc1a27b19f536aa554de75b54c",
                "572936cd2bd0b336d092004edbe4e052c96e9d1bfb3bbc324a467ccd8cb402ec",
                "a286e206176805f7396f44954aebecc06d10dd3ef4f936cf05e90c3cdc47712e",
                "cd0a05ce77ff171a781e0f6a9077a575f786c9c3dfbbf343a4bf66437ee4d6a8",
                "d1f40f2bdea1b90f2ba560c5803ff37de362beddb3363d624a02289b119fce6c",
                "8c73500e8a93b029e30b1aa4960c42860d132ef64253cbce67ffb847f7c259d2"
            ],
            "type": "XHR",
            "firstPartyCookies": {},
            "firstPartyCookiesSent": {
                "IR_gbd": 0.000006785825767137603
            },
            "exampleSites": [
                "andyfrisella.com",
                "bicyclewarehouse.com",
                "culturesforhealth.com",
                "daisous.com",
                "rayconglobal.com",
                "scandinaviandesigns.com",
                "strolleria.com",
                "www.costumesupercenter.com",
                "www.jins.com"
            ]
        },
        {
            "rule": "onthemapmarketing\\.com\\/public\\/widget\\/run\\.js",
            "cookies": 0.0000204,
            "fingerprinting": 0,
            "subdomains": [
                "accessibly"
            ],
            "apis": {},
            "sites": 3,
            "prevalence": 0.0000204,
            "cnames": [],
            "responseHashes": [
                "23f7c212266d3c263eaab626fa4de8cfb2c7a7aeb2100ad3e080f35377dda75e"
            ],
            "type": "Script",
            "firstPartyCookies": {},
            "firstPartyCookiesSent": {},
            "exampleSites": [
                "breazy.com",
                "rockabilia.com",
                "www.gaiam.com"
            ]
        },
        {
            "rule": "onthemapmarketing\\.com\\/api\\/shop\\/altTags",
            "cookies": 0.0000407,
            "fingerprinting": 0,
            "subdomains": [
                "accessibly"
            ],
            "apis": {},
            "sites": 6,
            "prevalence": 0.0000407,
            "cnames": [],
            "responseHashes": [],
            "type": "Preflight",
            "firstPartyCookies": {},
            "firstPartyCookiesSent": {},
            "exampleSites": [
                "culturesforhealth.com",
                "demoniacult.com",
                "rockabilia.com",
                "www.costumesupercenter.com",
                "www.evenflo.com",
                "www.jins.com"
            ]
        },
        {
            "rule": "onthemapmarketing\\.com\\/api\\/shop\\/altTags",
            "cookies": 0.0000407,
            "fingerprinting": 0,
            "subdomains": [
                "accessibly"
            ],
            "apis": {},
            "sites": 6,
            "prevalence": 0.0000407,
            "cnames": [],
            "responseHashes": [
                "e2e197a84f1a1bfdf56f47dd9be18a8aeac5088a92b24fc822c79f29a5c6cb64",
                "2e15a5e4c50f9445323ec56a49e5aaabf314d3aef9880b24c23fad729852cfec",
                "9277ae0f938577f3e8dd614de5c9ea77d81ee510e98ad6f869462f7e30d16773",
                "c67a5ecf07827fc19a64fed4876991c8e2bc0d5ddd843f43f00c4fde279d1315"
            ],
            "type": "Fetch",
            "firstPartyCookies": {},
            "firstPartyCookiesSent": {},
            "exampleSites": [
                "culturesforhealth.com",
                "demoniacult.com",
                "rockabilia.com",
                "www.costumesupercenter.com",
                "www.evenflo.com",
                "www.jins.com"
            ]
        }
    ],
    "categories": [],
    "performance": {},
    "cookies": 0.000244,
    "types": {
        "XHR": 19,
        "Script": 3,
        "Preflight": 6,
        "Fetch": 6
    },
    "nameservers": [
        "dora.ns.cloudflare.com",
        "dale.ns.cloudflare.com"
    ]
}