{
    "domain": "otherlevels.com",
    "owner": {
        "name": "OtherLevels Inc",
        "displayName": "OtherLevels"
    },
    "source": [
        "DuckDuckGo-US"
    ],
    "prevalence": 0.0000749,
    "sites": 11,
    "subdomains": [
        "cdn",
        "js-api",
        "js-content",
        "js-tags"
    ],
    "cnames": [],
    "fingerprinting": 2,
    "resources": [
        {
            "rule": "otherlevels\\.com\\/js-sdk\\/otherlevels\\.js",
            "cookies": 0.00000681,
            "fingerprinting": 2,
            "subdomains": [
                "cdn"
            ],
            "apis": {
                "window.localStorage": 7,
                "Navigator.prototype.userAgent": 7,
                "Document.cookie getter": 2,
                "Document.cookie setter": 1,
                "Date.prototype.getTime": 7,
                "Navigator.prototype.language": 7,
                "Date.prototype.getTimezoneOffset": 7,
                "Navigator.prototype.cookieEnabled": 7,
                "window.indexedDB": 7,
                "Notification.permission": 7
            },
            "sites": 7,
            "prevalence": 0.0000476,
            "cnames": [],
            "responseHashes": [
                "fcb91cda8f8c2ba55d6ca071e17275fcf8ac7c96ef28a731af44b3032d668460",
                "69777ee08eeb04308a09ed2344e7e6b8f15d758d4f3632ca584169dc38aa8be3",
                "121668ac6eb5f066d8e27eddbc42b36c98b9b156e733909b75758c514b068fb9",
                "88a645296a214113070bb7d2af9296278e2a1ef4cb1ca43603b3f48086c8485d",
                "b87c47de3b2d1c263a5d97cff29b34a55759f8ad8e5a98068177079cc082b4c3",
                "d103dae9f558a2d2ecb5337d96ec795080f81dc589ebad7db2f9286f75754997"
            ],
            "type": "Script",
            "firstPartyCookies": {
                "ol-OL_Tracking_ID": {
                    "ttl": 1577923205,
                    "length": 32,
                    "prevalence": 0.000006805730425017865,
                    "uniqueness": 1
                },
                "ol-OL_LIB_INSTALL_TIME": {
                    "ttl": 1577923205,
                    "length": 13,
                    "prevalence": 0.000006805730425017865,
                    "uniqueness": 1
                },
                "ol-OL_APP_CLEAN_INSTALL_TIME": {
                    "ttl": 1577923205,
                    "length": 13,
                    "prevalence": 0.000006805730425017865,
                    "uniqueness": 1
                },
                "ol-OL_Session_Id": {
                    "ttl": 913,
                    "length": 36,
                    "prevalence": 0.000006805730425017865,
                    "uniqueness": 1
                }
            },
            "firstPartyCookiesSent": {},
            "exampleSites": [
                "betplay.com.co",
                "tzoker.opap.gr",
                "www.betfred.com",
                "www.lottoland.com",
                "www.michiganlottery.com",
                "www.palottery.state.pa.us",
                "www.yourtown.com.au"
            ]
        },
        {
            "rule": "otherlevels\\.com\\/0\\.8\\/session",
            "cookies": 0,
            "fingerprinting": 0,
            "subdomains": [
                "js-api"
            ],
            "apis": {},
            "sites": 8,
            "prevalence": 0.0000544,
            "cnames": [],
            "responseHashes": [],
            "type": "Preflight",
            "firstPartyCookies": {},
            "firstPartyCookiesSent": {},
            "exampleSites": [
                "betplay.com.co",
                "tzoker.opap.gr",
                "www.betfred.com",
                "www.lottoland.com",
                "www.michiganlottery.com",
                "www.palottery.state.pa.us",
                "www.pinnacle.com",
                "www.yourtown.com.au"
            ]
        },
        {
            "rule": "otherlevels\\.com\\/0\\.8\\/session",
            "cookies": 0,
            "fingerprinting": 0,
            "subdomains": [
                "js-api"
            ],
            "apis": {},
            "sites": 8,
            "prevalence": 0.0000544,
            "cnames": [],
            "responseHashes": [
                "9e067a51888228d1fbef821e1548478a4c39a4886df22e002c0640549a650a4c"
            ],
            "type": "XHR",
            "firstPartyCookies": {},
            "firstPartyCookiesSent": {},
            "exampleSites": [
                "betplay.com.co",
                "tzoker.opap.gr",
                "www.betfred.com",
                "www.lottoland.com",
                "www.michiganlottery.com",
                "www.palottery.state.pa.us",
                "www.pinnacle.com",
                "www.yourtown.com.au"
            ]
        },
        {
            "rule": "otherlevels\\.com\\/0\\.8\\/register_app_event",
            "cookies": 0,
            "fingerprinting": 0,
            "subdomains": [
                "js-api"
            ],
            "apis": {},
            "sites": 5,
            "prevalence": 0.000034,
            "cnames": [],
            "responseHashes": [],
            "type": "Preflight",
            "firstPartyCookies": {},
            "firstPartyCookiesSent": {},
            "exampleSites": [
                "opap.gr",
                "www.betfred.com",
                "www.palottery.state.pa.us",
                "www.pinnacle.com",
                "www.yourtown.com.au"
            ]
        },
        {
            "rule": "otherlevels\\.com\\/0\\.8\\/register_app_event",
            "cookies": 0,
            "fingerprinting": 0,
            "subdomains": [
                "js-api"
            ],
            "apis": {},
            "sites": 5,
            "prevalence": 0.000034,
            "cnames": [],
            "responseHashes": [
                "9e067a51888228d1fbef821e1548478a4c39a4886df22e002c0640549a650a4c"
            ],
            "type": "XHR",
            "firstPartyCookies": {},
            "firstPartyCookiesSent": {},
            "exampleSites": [
                "opap.gr",
                "www.betfred.com",
                "www.palottery.state.pa.us",
                "www.pinnacle.com",
                "www.yourtown.com.au"
            ]
        },
        {
            "rule": "otherlevels\\.com\\/ecfc6f95582628b54d10ac1977b4ca7d\\/@OL@241dabe149c59615e85eb530422e\\/interstitial\\/v2\\/fetch",
            "cookies": 0,
            "fingerprinting": 0,
            "subdomains": [
                "js-content"
            ],
            "apis": {},
            "sites": 2,
            "prevalence": 0.0000136,
            "cnames": [],
            "responseHashes": [
                "2c9fd2abedbbf72aebe8bb7254f54fea2055d87e072c9641b3a6fb7546fa9d57"
            ],
            "type": "XHR",
            "firstPartyCookies": {},
            "firstPartyCookiesSent": {},
            "exampleSites": [
                "michiganlottery.com",
                "www.michiganlottery.com"
            ]
        },
        {
            "rule": "otherlevels\\.com\\/api\\/",
            "cookies": 0,
            "fingerprinting": 0,
            "subdomains": [
                "js-tags"
            ],
            "apis": {},
            "sites": 3,
            "prevalence": 0.0000204,
            "cnames": [],
            "responseHashes": [
                "44136fa355b3678a1146ad16f7e8649e94fb4fc21fe77e8310c060f61caaff8a"
            ],
            "type": "XHR",
            "firstPartyCookies": {},
            "firstPartyCookiesSent": {},
            "exampleSites": [
                "state.pa.us",
                "www.palottery.state.pa.us",
                "www.yourtown.com.au"
            ]
        },
        {
            "rule": "otherlevels\\.com\\/api\\/",
            "cookies": 0,
            "fingerprinting": 0,
            "subdomains": [
                "js-tags"
            ],
            "apis": {},
            "sites": 3,