{
    "domain": "parklogic.com",
    "owner": {},
    "source": [
        "DuckDuckGo-US"
    ],
    "prevalence": 0.000156,
    "sites": 23,
    "subdomains": [
        "parking3",
        "parking"
    ],
    "cnames": [],
    "fingerprinting": 0,
    "resources": [
        {
            "rule": "parklogic\\.com\\/page\\/enhance\\.js",
            "cookies": 0,
            "fingerprinting": 0,
            "subdomains": [
                "parking3",
                "parking"
            ],
            "apis": {},
            "sites": 18,
            "prevalence": 0.000122,
            "cnames": [],
            "responseHashes": [
                "1a31469056b8c3ffa2489fa31f00644c2e1ac1b240df6dbcc2d0e7309e158244",
                "e3b0c44298fc1c149afbf4c8996fb92427ae41e4649b934ca495991b7852b855",
                "87029f59bb49d3aea60ab0f696d5fc2cc80272546ea557c505d05adb978e0f61",
                "2752ce2d47694196c25432d174a73ae9818962f7ef3b29a64b3fb939facbe335",
                "361cf34f3e2a6c16cd18e141d5b4a5f4d439185777a8cd7a6310ef00d22db710",
                "65ad2f90bbad9feb639a4d46b104410e122b776cfbc3809ab94a79cbf5a1dee7",
                "229449e5dd2e2ef77c7f08fb7b26de0b5556e028fdf71feb856214fcfe47402f",
                "d8a188353146037d24f3a8b274e0e2d16d79495451027d31ced21b0c6976a357",
                "a7fb8ef166b9a5d886521a44cc08b4a18034bf1c08df841caf9c9e4cbc51780b",
                "5924d4b231c73f10ece76f7ff2ae2c0f015e3fd84e2fb200ec3785e3f9872f5f"
            ],
            "type": "Script",
            "firstPartyCookies": {},
            "firstPartyCookiesSent": {},
            "exampleSites": [
                "192xnxx.com",
                "doujindesu.info",
                "erothots.com",
                "gorevieww.com",
                "jav.chat",
                "javhd.icu",
                "javhq.live",
                "kuttymovies.lol",
                "lk21.bio",
                "porns.photos",
                "repelisflis.com",
                "shahd4u.online",
                "www.axioma.id",
                "www.bokep.app",
                "www.erothots.com",
                "www.pelisonline.me",
                "www.porn4real.com"
            ]
        },
        {
            "rule": "parklogic\\.com\\/page\\/images\\/pe262\\/hero_nc\\.svg",
            "cookies": 0,
            "fingerprinting": 0,
            "subdomains": [
                "parking3"
            ],
            "apis": {},
            "sites": 14,
            "prevalence": 0.0000948,
            "cnames": [],
            "responseHashes": [
                "878da09a057ec8f1775cdc522e5f7ec44966df547a87a9c29826ba114833c24b"
            ],
            "type": "Image",
            "firstPartyCookies": {},
            "firstPartyCookiesSent": {},
            "exampleSites": [
                "192xnxx.com",
                "gorevieww.com",
                "jav.chat",
                "javhd.icu",
                "javhq.live",
                "kuttymovies.lol",
                "lk21.bio",
                "porns.photos",
                "repelisflis.com",
                "shahd4u.online",
                "www.axioma.id",
                "www.bokep.app",
                "www.pelisonline.me"
            ]
        }
    ],
    "categories": [],
    "performance": {},
    "cookies": 0,
    "topInitiators": [
        {
            "domain": "first party",
            "prevalence": 0.6538461538461539
        },
        {
            "domain": "vanfem.com",
            "prevalence": 0.15384615384615385
        },
        {
            "domain": "clcknads.pro",
            "prevalence": 0.11538461538461539
        },
        {
            "domain": "javhdfree.icu",
            "prevalence": 0.07692307692307693
        }
    ],
    "types": {
        "Script": 18,
        "Image": 14
    },
    "nameservers": [
        "ns1.parklogic.com",
        "ns2.parklogic.com"
    ]
}