{
    "domain": "particularaudience.com",
    "owner": {},
    "source": [
        "DuckDuckGo-US"
    ],
    "prevalence": 0.000163,
    "sites": 24,
    "subdomains": [
        "recs-us-e1a",
        "recs-1a",
        "cdn"
    ],
    "cnames": [],
    "fingerprinting": 2,
    "resources": [
        {
            "rule": "particularaudience\\.com\\/2\\.7\\/Config",
            "cookies": 0,
            "fingerprinting": 0,
            "subdomains": [
                "recs-us-e1a",
                "recs-1a"
            ],
            "apis": {},
            "sites": 19,
            "prevalence": 0.000129,
            "cnames": [],
            "responseHashes": [
                "4dea53fcb37ea09b1d45e58a3ffddab075adb7235e0168d642ffd3459011c5d5",
                "52666a8e468d2155aa0a38a92c196bfaf69f7675f598f6bd888b616616e56f73",
                "304e61e920f489179ed530c03dda4a10e1fcb2ff2ed5172725cd0fed0a35bf18",
                "899eb99e9713deb67f9d955cf8fe0c6fd102979da1828460d41e05f819a9eda8",
                "36e681faece295de6dde3af2843372db599d5d0c075271d1adcbca375a4dc234",
                "29b4834fa1d6a22d853ee969c48ebdadf59dc7c0a34f69666d462d99cde6690e",
                "19da167b8f7e8f2ef6da42d572ad3392b1db37d7e37698530b181f15df7e10de",
                "e86e141f511e6499bbf8f3ebe325cbe9427d0e6bcf32736e6b19cb38ac2bdeaf",
                "e48fd1a40575cfe8c86dd3cb84f58b565fd1088653073be255dea43363ebcdde",
                "b5afd61b1539d9807356fa7d43d2f9121ea923d4443d345023034042cf19df10",
                "441718cc60da8abab71c7313a179d9e256dd67d004e3931ce282b8887f01b9ba",
                "de9636c55ee051f2159e4cbff56b9944449084a5bc9e9dd2d5ebf5077e0bf6c1",
                "62ee839a7b8461f1c35b8391c3423f5ec32b373b668be41e70b9b4b5a5e5f8df",
                "0ed0c5833e36672fb9738d87a2be63cfe5bd2983032bcac74b16cd496207053c",
                "e897ea4dce8b7c9db591363d49b73cadd4e5edfb9255264c4e8159f59d560aae",
                "8cd10040b57b93b23d1fd660e1781737dfaa73d70ce7f982bcd75c93a75c3d80",
                "656a38eba706f4b7c6ce1e8a70a051e21ba0fa4e3b466b1c8a9d0fe1e0ba4c71"
            ],
            "type": "Fetch",
            "firstPartyCookies": {},
            "firstPartyCookiesSent": {
                "IR_gbd": 0.000013621658436914694
            },
            "exampleSites": [
                "creativemarket.com",
                "djcity.com.au",
                "raymourflanigan.com",
                "uk.hornby.com",
                "www.appliancecity.co.uk",
                "www.bikesonline.com",
                "www.digidirect.com.au",
                "www.healthpost.co.nz",
                "www.holabirdsports.com",
                "www.lifepharmacy.co.nz",
                "www.maxaroma.com",
                "www.memoryexpress.com",
                "www.outbackequipment.com.au",
                "www.raymourflanigan.com",
                "www.retravision.com.au",
                "www.sportitude.com.au",
                "www.target.com.au",
                "www.thegoodguys.com.au",
                "www.wickedweasel.com"
            ]
        },
        {
            "rule": "particularaudience\\.com\\/2\\.7\\/PageView",
            "cookies": 0,
            "fingerprinting": 0,
            "subdomains": [
                "recs-us-e1a",
                "recs-1a"
            ],
            "apis": {},
            "sites": 19,
            "prevalence": 0.000129,
            "cnames": [],
            "responseHashes": [
                "ea2c1be4806fcc3a3756eb56a7b7d40d3482a2c19662e3c1b52e26e873315652",
                "e8f7b94b94fbb7d60b20cdb35c654bfc9a0d1c8937d9e18aa9e6c027d342220f",
                "a1dc6d6981e4aab437fdd93c3f58862e94edf98852efa0afaec80b4484972dfd",
                "46e093883d9c41cf216d10363e55ff7db2aaae4cd4781650383a3e48ee67c033",
                "e6b249fb2b852a0be5964d7d679c975fa3b0835858ec05a716d4d9ea558e5769",
                "39e11d56bff22880ada5664a4e66b36b85e236beefe0ffb1ecd48f7b2e064540",
                "4fdb11f49bec9acf56d05c9cc545d21726fee908e82e0a56399f556bc9865d5e",
                "31d2c99b151e1f16aea4744c2d6cf921e2f71083bcdb6262a8ccd7c13634023b",
                "7672903dff3370abbb1aa72ca93007ed6e610c7150432e485ae9b665f90060ab",
                "8aaf7da4d0963540353e285c47f323df938314317a0fe5b1251e1552aca9157d",
                "5ebb88facea7717456e0b104d63d929987fd46302ead4694076566b2bf1e450f",
                "60c57da6c431d830a86e11e4d3fcf54c27ec7d811818216ec0a03557db9cbdec",
                "136b00ad4d6ef0a043a170404b0f7e33274ce1f981df70ae047b864fb44f1539"
            ],
            "type": "Fetch",
            "firstPartyCookies": {},
            "firstPartyCookiesSent": {
                "PAC": 0.0001157840967137749,
                "IR_gbd": 0.000013621658436914694
            },
            "exampleSites": [
                "creativemarket.com",
                "djcity.com.au",
                "raymourflanigan.com",
                "uk.hornby.com",
                "www.appliancecity.co.uk",
                "www.bikesonline.com",
                "www.digidirect.com.au",
                "www.healthpost.co.nz",
                "www.holabirdsports.com",
                "www.lifepharmacy.co.nz",
                "www.maxaroma.com",
                "www.memoryexpress.com",
                "www.outbackequipment.com.au",
                "www.raymourflanigan.com",
                "www.retravision.com.au",
                "www.sportitude.com.au",
                "www.target.com.au",
                "www.thegoodguys.com.au",
                "www.wickedweasel.com"
            ]
        },
        {
            "rule": "particularaudience\\.com\\/2\\.7\\/Sync",
            "cookies": 0,
            "fingerprinting": 0,
            "subdomains": [
                "recs-us-e1a",
                "recs-1a"
            ],
            "apis": {},
            "sites": 10,
            "prevalence": 0.0000681,
            "cnames": [],
            "responseHashes": [],
            "type": "Preflight",
            "firstPartyCookies": {},
            "firstPartyCookiesSent": {},
            "exampleSites": [
                "creativemarket.com",
                "uk.hornby.com",
                "www.digidirect.com.au",
                "www.healthpost.co.nz",
                "www.holabirdsports.com",
                "www.lifepharmacy.co.nz",
                "www.maxaroma.com",
                "www.outbackequipment.com.au",
                "www.retravision.com.au",
                "www.thegoodguys.com.au"
            ]
        },
        {
            "rule": "particularaudience\\.com\\/2\\.7\\/Sync",
            "cookies": 0,
            "fingerprinting": 0,
            "subdomains": [
                "recs-us-e1a",
                "recs-1a"
            ],
            "apis": {},
            "sites": 10,
            "prevalence": 0.0000681,
            "cnames": [],
            "responseHashes": [
                "fe4b878262e7fad102f4bcac39243a09c19b32fb21ce7d6d2d3d72a1ca02efcd",
                "b9e9e68c672b1a50fd4474e982bedaa1ca6f94be1e80641ee0db3ed63ba5b6ae",
                "f5544b7cfedb96aedc8b350a6c53fddc6b10333c4b84d1b936e075327230db8c",
                "b3f88706b91f077028bb0db637846d21ede0af354eb6180b5f1bf4fb8f7e10f9"
            ],
            "type": "Fetch",
            "firstPartyCookies": {},
            "firstPartyCookiesSent": {},
            "exampleSites": [
                "creativemarket.com",
                "uk.hornby.com",
                "www.digidirect.com.au",
                "www.healthpost.co.nz",
                "www.holabirdsports.com",
                "www.lifepharmacy.co.nz",
                "www.maxaroma.com",
                "www.outbackequipment.com.au",
                "www.retravision.com.au",
                "www.thegoodguys.com.au"
            ]
        },
        {
            "rule": "particularaudience\\.com\\/1\\.0\\/LogTrackerMessage",
            "cookies": 0,
            "fingerprinting": 0,