{
    "domain": "pezico.xyz",
    "owner": {},
    "source": [
        "DuckDuckGo-US"
    ],
    "prevalence": 0.0000939,
    "sites": 13,
    "subdomains": [
        "cdn"
    ],
    "cnames": [],
    "fingerprinting": 2,
    "resources": [
        {
            "rule": "pezico\\.xyz\\/sdk\\/push_web\\/",
            "cookies": 0.0000578,
            "fingerprinting": 2,
            "subdomains": [
                "cdn"
            ],
            "apis": {
                "Navigator.prototype.userAgent": 8,
                "Intl.DateTimeFormat.prototype.resolvedOptions": 8,
                "Date.prototype.getTimezoneOffset": 8,
                "Document.cookie getter": 8,
                "Date.prototype.getTime": 8,
                "Document.cookie setter": 8,
                "window.innerHeight": 8,
                "window.innerWidth": 8,
                "window.devicePixelRatio": 8,
                "Navigator.prototype.appName": 8
            },
            "sites": 8,
            "prevalence": 0.0000578,
            "cnames": [],
            "responseHashes": [
                "39c739789a672e8d3ecb05c379200421626c9edb415eb39cd63f7bb2fe7057ba",
                "4e9239d72f92049eab33539400ff72368adf61ff389b40a64f3ed3684a3c7468",
                "04ad68aad18aa107ba941f8ace42de69fbab08b0386f2e7ce08a019c48112649"
            ],
            "type": "Script",
            "firstPartyCookies": {
                "rvt_inlpush_cnt_5445": {
                    "ttl": 86403,
                    "length": 1,
                    "prevalence": 0.00005057803468208093,
                    "uniqueness": 0.14285714285714285
                },
                "rvt_inlpush_max_5445": {
                    "ttl": 86401,
                    "length": 3,
                    "prevalence": 0.00005057803468208093,
                    "uniqueness": 0.14285714285714285
                },
                "rvt_inlpush_shown_5445": {
                    "ttl": 86407,
                    "length": 1,
                    "prevalence": 0.00005057803468208093,
                    "uniqueness": 0.14285714285714285
                },
                "rvt_inlpush_cnt_5766": {
                    "ttl": 86401,
                    "length": 1,
                    "prevalence": 0.0000072254335260115605,
                    "uniqueness": 1
                },
                "rvt_inlpush_max_5766": {
                    "ttl": 86400,
                    "length": 3,
                    "prevalence": 0.0000072254335260115605,
                    "uniqueness": 1
                },
                "rvt_inlpush_shown_5766": {
                    "ttl": 86403,
                    "length": 1,
                    "prevalence": 0.0000072254335260115605,
                    "uniqueness": 1
                }
            },
            "firstPartyCookiesSent": {},
            "exampleSites": [
                "adultvideotop.com",
                "pornvideotop.com",
                "sexfilmstube.com",
                "willyporn.com",
                "www.tubexmotors.com",
                "www.xnxxcomvideos.com",
                "xnxxcomvideos.com",
                "xnxxsexclips.com"
            ]
        }
    ],
    "categories": [],
    "performance": {},
    "cookies": 0.0000939,
    "topInitiators": [
        {
            "domain": "first party",
            "prevalence": 1
        }
    ],
    "types": {
        "Script": 8
    },
    "nameservers": [
        "ray.ns.cloudflare.com",
        "dell.ns.cloudflare.com"
    ]
}