{
    "domain": "playbuzz.com",
    "owner": {
        "name": "Playbuzz LTD",
        "displayName": "Playbuzz"
    },
    "source": [
        "DuckDuckGo-US"
    ],
    "prevalence": 0.000334,
    "sites": 49,
    "subdomains": [
        "stream",
        "mcd-sdk",
        "cdn",
        "embed",
        "vid1"
    ],
    "cnames": [],
    "fingerprinting": 1,
    "resources": [
        {
            "rule": "playbuzz\\.com\\/embed\\/sdk\\.js",
            "cookies": 0.0000681,
            "fingerprinting": 1,
            "subdomains": [
                "stream",
                "mcd-sdk"
            ],
            "apis": {
                "Navigator.prototype.userAgent": 10,
                "window.sessionStorage": 10,
                "Document.cookie getter": 10,
                "Document.cookie setter": 10,
                "Navigator.prototype.connection": 7,
                "Date.prototype.getTime": 3
            },
            "sites": 10,
            "prevalence": 0.0000681,
            "cnames": [],
            "responseHashes": [
                "31e479c8a53d6e9fc456ac69f603261d154c4f4c782442fa1b2ce5df205cb2f6",
                "198fc5ec0e3f2cecf89dca370723a2b53bddfa68a59e234e8da693aa016cf7ff",
                "21f48f96b0a09d1cb7c2b0e645fbbe0ee50ef0f6af8b7cd4d5a0f09ed322aa01",
                "2e35f4915ce1aa1207aa95b1b0cdebecedfef60ee02a2f2db28d93e18d019dda",
                "8e155ad968b5baaa2cf1d12a8b31ef053001538e2618348f7c068db98b037e46",
                "115a03fd233367d783fafcdcf24c628207a09b4843840aa65546b5f1d2a84648",
                "36975ece77ee6363d5097ffaf77be193f342f81983f8d2a36ba891fb02ab4155",
                "40dd65aa6d7b81fd41cf503a94ed19eeaa38ce448fa6ee5b8867f6c92182cea7",
                "8c3be5cea24e751b4b9022afa9e8dc694ad1b58a098dd0dc90ee9dabf195dc16"
            ],
            "type": "Script",
            "firstPartyCookies": {
                "exco-uid": {
                    "ttl": 2592000,
                    "length": 16,
                    "prevalence": 0.00006810829218457347,
                    "uniqueness": 1
                }
            },
            "firstPartyCookiesSent": {},
            "exampleSites": [
                "beyondthetreat.com",
                "cafepharma.com",
                "curiosmos.com",
                "instinctmagazine.com",
                "www.cinconoticias.com",
                "www.droidviews.com",
                "www.golfwrx.com",
                "www.publico.es",
                "www.victoriabuzz.com",
                "www.wordunscrambler.net"
            ]
        },
        {
            "rule": "playbuzz\\.com\\/logos\\/exco\\.svg",
            "cookies": 0,
            "fingerprinting": 0,
            "subdomains": [
                "cdn"
            ],
            "apis": {},
            "sites": 5,
            "prevalence": 0.0000341,
            "cnames": [],
            "responseHashes": [
                "28571b070f1f3e7d68901e4c44a2ed61d1d04d80af680468d62d0f27092eef6b"
            ],
            "type": "Image",
            "firstPartyCookies": {},
            "firstPartyCookiesSent": {},
            "exampleSites": [
                "cartermatt.com",
                "countryfancast.com",
                "ricksfreeautorepairadvice.com",
                "www.publico.es",
                "www.sonomanews.com"
            ]
        },
        {
            "rule": "playbuzz\\.com\\/sdk\\.js",
            "cookies": 0,
            "fingerprinting": 1,
            "subdomains": [
                "embed"
            ],
            "apis": {
                "PerformanceTiming.prototype.navigationStart": 4
            },
            "sites": 6,
            "prevalence": 0.0000409,
            "cnames": [],
            "responseHashes": [
                "cc4ac67ce73afa5c451da91a810141b264e80ad994245f86fdf0e01fdaf0b5ea"
            ],
            "type": "Script",
            "firstPartyCookies": {},
            "firstPartyCookiesSent": {},
            "exampleSites": [
                "rbth.com",
                "fr.rbth.com",
                "jp.rbth.com",
                "www.epicreads.com",
                "www.ineosgrenadiers.com",
                "www.rbth.com"
            ]
        },
        {
            "rule": "playbuzz\\.com\\/video\\/upload\\/w_800,so_1\\/v1689627142\\/gt63ch0jdezejqcnhine\\.webp",
            "cookies": 0,
            "fingerprinting": 0,
            "subdomains": [
                "vid1"
            ],
            "apis": {},
            "sites": 3,
            "prevalence": 0.0000204,
            "cnames": [],
            "responseHashes": [
                "e92d1afd9d04f30e68880de7d65f8558c68ede9db1edc015e72907365c97bab3"
            ],
            "type": "Image",
            "firstPartyCookies": {},
            "firstPartyCookiesSent": {},
            "exampleSites": [
                "chron.com",
                "smallbusiness.chron.com",
                "work.chron.com"
            ]
        },
        {
            "rule": "playbuzz\\.com\\/logos\\/d4dbb2d2-057c-4ad9-ba3c-4ac5a6d223f8_1601477355252\\.png",
            "cookies": 0,
            "fingerprinting": 0,
            "subdomains": [
                "cdn"
            ],
            "apis": {},
            "sites": 2,
            "prevalence": 0.0000136,
            "cnames": [],
            "responseHashes": [
                "2cd4825c32f0ff5ec9a966851aad26c2bc9e5dc73794109d38c0991cb37ba066"
            ],
            "type": "Image",
            "firstPartyCookies": {},
            "firstPartyCookiesSent": {},
            "exampleSites": [
                "chron.com",
                "work.chron.com"
            ]
        },
        {
            "rule": "playbuzz\\.com\\/widget\\/feed\\.js",
            "cookies": 0,
            "fingerprinting": 0,
            "subdomains": [
                "cdn"
            ],
            "apis": {},
            "sites": 2,
            "prevalence": 0.0000136,
            "cnames": [],
            "responseHashes": [
                "a09fd12d5d56c4ad210c4906de667ad4b2723c4e9d4390d8ae5d32b0460ae786"
            ],
            "type": "Script",
            "firstPartyCookies": {},
            "firstPartyCookiesSent": {},
            "exampleSites": [
                "epicreads.com",
                "www.ineosgrenadiers.com"
            ]
        },
        {
            "rule": "playbuzz\\.com\\/logos\\/467ed314-a156-497f-ad12-883e783761af_1608643914213\\.png",
            "cookies": 0,
            "fingerprinting": 0,
            "subdomains": [
                "cdn"
            ],
            "apis": {},
            "sites": 2,
            "prevalence": 0.0000136,
            "cnames": [],
            "responseHashes": [
                "4259bc61529830e7576f1d86562378b03465edd7a181c123489169cdddb784af"
            ],
            "type": "Image",
            "firstPartyCookies": {},
            "firstPartyCookiesSent": {},
            "exampleSites": [
                "lovemoney.com",
                "www.lovemoney.com"
            ]
        },
        {
            "rule": "playbuzz\\.com\\/logos\\/e833dfea-898e-4d67-afa0-11bbb415bbd6_1608645436601\\.png",
            "cookies": 0,
            "fingerprinting": 0,
            "subdomains": [
                "cdn"
            ],
            "apis": {},
            "sites": 2,
            "prevalence": 0.0000136,
            "cnames": [],
            "responseHashes": [
                "e77930df4289f73e752c62b73ee4ccf7e4229edd39d8675ccbd76e03f18219e6"
            ],
            "type": "Image",
            "firstPartyCookies": {},
            "firstPartyCookiesSent": {},
            "exampleSites": [
                "loveproperty.com",
                "www.loveproperty.com"
            ]
        },
        {
            "rule": "playbuzz\\.com\\/player\\/f0bf9d7d-daf9-42ef-8dc5-d815789fdd82",
            "cookies": 0.0000136,
            "fingerprinting": 1,