{
    "domain": "pm-serv.co",
    "owner": {},
    "source": [
        "DuckDuckGo-US"
    ],
    "prevalence": 0.000456,
    "sites": 67,
    "subdomains": [
        "c",
        "l",
        "n"
    ],
    "cnames": [],
    "fingerprinting": 2,
    "resources": [
        {
            "rule": "pm-serv\\.co\\/npfm\\.js",
            "cookies": 0,
            "fingerprinting": 1,
            "subdomains": [
                "c"
            ],
            "apis": {
                "Date.prototype.getTime": 48,
                "Navigator.prototype.userAgent": 48,
                "Document.cookie getter": 40,
                "Navigator.prototype.platform": 48,
                "window.innerWidth": 41
            },
            "sites": 66,
            "prevalence": 0.00045,
            "cnames": [],
            "responseHashes": [
                "1ec1f637f019ac27b8888096b62be7426e15606754e0f93df9557580b196e132",
                "3cdf2863b1cd8c239e6408944d2c5df6550d3788de9ea24e0fa25e881a0652d6",
                "0aa1eb2d334d036eb7d2e8d7abdc094cb383e89720a46b63b86aec44765f2f69",
                "fc0b00c412ca2a348eab401449caaecb1ff92c9eeb52bcada126436f86239d26",
                "1b1e613bf4e0b2339dccb89dd67fca877599ec120fefbe611844aa5abe5d5e5f",
                "cc86e7b442c97e42cd42df02300c9c8e2f5c2c3ffe727b80b6f56701f9a8a47d",
                "1bcdd8ce1fd2439f596705964565a7c1eb0835f0be48c8b4d18b3f5657bb185b",
                "a608ed24a31d0c0b496ae62b7d72a79a63fbe5a6716e2daa8d295ed0bc5d4bb0",
                "47a5401258a89bcd34fac294b1c596499063b5ac55bb240a5981c2c5ee8c6515",
                "143d23b9caf7f0cfda4cbafc0ad9fa660e86305601ffb214ea65000ddf63e909",
                "264d9e6a91a4d7e1382e8ccb273de680a942107e75cd11402b4003ff1f26a16c",
                "7d2380de0ebee0f0f3f97ef925c48ef42ecab69213b49fad9cc21f64b340268c",
                "cd3e3a1a1ea5de2c103f55ae5110f1aa9bfcc9a15bf694024f206ce92281a46d",
                "8d4945b8da171292a86c6b07e27804d5173ad3ee026d53935641033c1635d825",
                "cadfd629d0dacff38cde0a5e7cb8ec3a922ab773f829efe76b9054e9f09052fb",
                "916a7c04ab0dde40715a73118b272a8cdc02e9b74d7489ad9708ed589c982055",
                "2a505938c71aef9ddc9815de3bb6f2801414cab003ad1ed0dd34a2b5df08c9ed",
                "bceca3f15815455c36d6c49d0ed84bbd52c19f0a4de4b803a1271c4ad217decd",
                "9f134d71ffb5fc02d18c574e9c706e4dcf2dcfd20b82db67ebc1529bd1f54e77",
                "18445ce0ae9c4b830168762410f6a21225c651596d3c735487ad5de05f3fdac6",
                "b699e1f2fcb99b4531971b226ec0d200870b016d50b12bd02549a89bb3216b95",
                "7a615f0291122318cb41e4717d962727483a069e160c4367e6b823e6f2b0f4d7",
                "fffd16cb5e1cf6ab3f7911f884ab835a96a2b7093a49eb33f4e2a581192ec0e1",
                "d84fcf90ccf69e1579524a7cd4db29237a4990ff6cf4a66f1fb62bfad06ffc27",
                "afb7fce7c0a3b809898f80ac5b551efda4f47db81d9e7e61aaae0cb205590c12",
                "4d410cdbf5433a76fd77877a58e5ad17bb39495ccafee83835c2b41fff7a1611",
                "276f65285a27b9178f56f39cf26b32595a7aa3490f9a35fe2f13472518cf6fb1",
                "3d7f4fd776f3662f52595363872b2af3e5327e9983d7445d681df121fd9a3ac6",
                "3880c3d5f6ed62718c2f2f3505aadf5aa0af7dbd4464dbf1fc88d21e9c570607",
                "de9ab1db44046bcbb67f405ea66fdd4fe931fcfdd84a4b848742f5544c581b1c",
                "5aafc1ad079f2409ace41c648eb9aacbc3156cb75c7aaf137e6874de118513c2",
                "bc12a12659f506efb0633acec00cce8ab61b15a16f494fa7f441e9eb20929a12",
                "04baf05120096c9a2cd11f6f19e1421d35865397555d2d6758348c187e5e763e",
                "1a5f26983be15e12d9c6ac0acc0aeec6f420ed8e824dd29df5afc0e489555949",
                "358e8ac138af97b3209f9037072178a85c0eadd95d1372a26f3f1a1293b6cfe1",
                "653e1bb439694f19cb6a6750f3b2f97a548bea7c5fe4f8500215ad8c75a2ca9e",
                "2c944cc3b56cf1c5e089643ceb16d7950690e8950543b2145ff5bf663f9e2992",
                "ff6fbcf831cbac85697854198c1ecdeaefac14005e4f84ca235a264465786db5",
                "126b628c8e3bfcb16b6a4da5afe1f055d5be7035d0df18279c9bd5e0a96e74da",
                "2eb4815322dd90dcfafe9c9c7b53b897e92a265f573152c2ee14fda5c42c5efa",
                "05b71474a183e800e4bd422c5e5033c458a92db479b35f1b894c10805cfd1579",
                "2599acd2015b3402809bd3c0209fabc6a338b48a88fc8cdf924fb9aa3c3fffb3",
                "637d91dec0f69cba5adf075dc4dda98083112b710ec7b05e1bca01fa3f0ff5ae",
                "592cd5b23357152a338547bd75a460afde51f00bb710d836c9170bc6af3ba9be",
                "80b5c59483deb4940b989cd01dc3587619fecbe80af783ce5dad0e4ea295736c",
                "c6d109280586b6e4c6f8c0746561393ac8d604b9746f2aa6959bbd1ca0612fd0",
                "04a5a3b9627568aa5a42d63f54889e424eec68518ef2515b2e7a59daa72caa4a",
                "0e58b10f0bce107a404dcaf0aff572712e1655773579e2a398908b0dd1215050",
                "b9c869e94c54ccf086f4bbeb584714936312ec44df65e21561d07ade9221e24d"
            ],
            "type": "Script",
            "firstPartyCookies": {},
            "firstPartyCookiesSent": {},
            "exampleSites": [
                "itstillruns.com",
                "moneycheck.com",
                "www.cleverlysimple.com",
                "militarytimechart.com",
                "www.iwastesomuchtime.com",
                "www.supercars.net",
                "www.mom4real.com",
                "www.taiwannews.com.tw",
                "www.wdwinfo.com",
                "www.themiracleofessentialoils.com",
                "thenorwayguide.com",
                "forebears.io",
                "www.barndominiumlife.com",
                "thinkstudent.co.uk",
                "www.warhistoryonline.com",
                "manly.nl",
                "www.calculator.net",
                "dmvappointments.org",
                "clark.com",
                "www.cuestioneslaborales.es"
            ]
        },
        {
            "rule": "pm-serv\\.co\\/sr\\/2722522032\\/SAFEFRAME\\.html",
            "cookies": 0.000361,
            "fingerprinting": 2,
            "subdomains": [
                "c"
            ],
            "apis": {
                "Date.prototype.getTime": 20,
                "window.innerWidth": 17,
                "window.innerHeight": 16,
                "Screen.prototype.height": 16,
                "Screen.prototype.width": 16,
                "Navigator.prototype.connection": 16,
                "Date.prototype.getTimezoneOffset": 16,
                "Navigator.prototype.userAgent": 12
            },
            "sites": 54,
            "prevalence": 0.000368,
            "cnames": [],