{
    "domain": "pop6serve.com",
    "owner": {},
    "source": [
        "DuckDuckGo-US"
    ],
    "prevalence": 0.0000613,
    "sites": 9,
    "subdomains": [],
    "cnames": [],
    "fingerprinting": 1,
    "resources": [
        {
            "rule": "pop6serve\\.com\\/popsixle\\.php",
            "cookies": 0.000034,
            "fingerprinting": 1,
            "subdomains": [],
            "apis": {
                "Navigator.prototype.userAgent": 2,
                "Document.cookie getter": 2,
                "Date.prototype.getTime": 2,
                "Document.cookie setter": 1
            },
            "sites": 5,
            "prevalence": 0.000034,
            "cnames": [],
            "responseHashes": [
                "e6b927f5bf58a0f9b1fa737127b4a1e4e594195b4be9e9d103b05bcef6645d70",
                "754b8322065bb26bb3b767333f4a5c1fef9ab34c987187b84774745db21744e4",
                "31ac8fce0b66ce80507f575f4729455887a60b4e2f10754186b51081e3ae002e",
                "948e05c765a54f5011090e1d6801f2b31423df36bf2fcc220003159223216a18"
            ],
            "type": "Script",
            "firstPartyCookies": {
                "gtm_p6_ip": {
                    "ttl": 14408,
                    "length": 13,
                    "prevalence": 0.0000068079080660094765,
                    "uniqueness": 1
                },
                "gtm_p6_country_code": {
                    "ttl": 14408,
                    "length": 2,
                    "prevalence": 0.0000068079080660094765,
                    "uniqueness": 1
                },
                "gtm_p6_country": {
                    "ttl": 14408,
                    "length": 64,
                    "prevalence": 0.0000068079080660094765,
                    "uniqueness": 1
                },
                "gtm_p6_st": {
                    "ttl": 14408,
                    "length": 64,
                    "prevalence": 0.0000068079080660094765,
                    "uniqueness": 1
                },
                "gtm_p6_s_id": {
                    "ttl": 8035208,
                    "length": 8,
                    "prevalence": 0.0000068079080660094765,
                    "uniqueness": 1
                },
                "gtm_p6_sh_cart_id": {
                    "ttl": 86409,
                    "length": 32,
                    "prevalence": 0.0000068079080660094765,
                    "uniqueness": 1
                }
            },
            "firstPartyCookiesSent": {
                "checkout_shop": 0.0000068079080660094765
            },
            "exampleSites": [
                "cozyearth.com",
                "pelacase.com",
                "servicecu.org",
                "www.torquedetail.com",
                "www.trumpstore.com"
            ]
        },
        {
            "rule": "pop6serve\\.com\\/pop6_init_ip\\.php",
            "cookies": 0.0000136,
            "fingerprinting": 0,
            "subdomains": [],
            "apis": {},
            "sites": 2,
            "prevalence": 0.0000136,
            "cnames": [],
            "responseHashes": [
                "98a4d3492332a64ec3bbe14b3cb3a2a67e4b839a0acd4fafd37f13abac333ecd"
            ],
            "type": "XHR",
            "firstPartyCookies": {},
            "firstPartyCookiesSent": {},
            "exampleSites": [
                "cozyearth.com",
                "www.torquedetail.com"
            ]
        },
        {
            "rule": "pop6serve\\.com\\/pop6_init_02_02\\.php",
            "cookies": 0.0000136,
            "fingerprinting": 0,
            "subdomains": [],
            "apis": {},
            "sites": 2,
            "prevalence": 0.0000136,
            "cnames": [],
            "responseHashes": [
                "7b7040c3b51fc025bd20925a0b17a327759d7e08f3aab9bfff8a2a8cdf79f284"
            ],
            "type": "XHR",
            "firstPartyCookies": {},
            "firstPartyCookiesSent": {},
            "exampleSites": [
                "cozyearth.com",
                "www.torquedetail.com"
            ]
        },
        {
            "rule": "pop6serve\\.com\\/pop6_sync\\.php",
            "cookies": 0.0000136,
            "fingerprinting": 0,
            "subdomains": [],
            "apis": {},
            "sites": 2,
            "prevalence": 0.0000136,
            "cnames": [],
            "responseHashes": [
                "40d5b8ca6484fab14249087726d7c0039acf7bed49549839ca8259fbb6286102"
            ],
            "type": "XHR",
            "firstPartyCookies": {},
            "firstPartyCookiesSent": {},
            "exampleSites": [
                "cozyearth.com",
                "www.torquedetail.com"
            ]
        },
        {
            "rule": "pop6serve\\.com\\/pop6_init_05\\.php",
            "cookies": 0.0000136,
            "fingerprinting": 0,
            "subdomains": [],
            "apis": {},
            "sites": 2,
            "prevalence": 0.0000136,
            "cnames": [],
            "responseHashes": [
                "e54564e8113f27b874964feaef2b64e045732fd3caccf4cb9e7dc85af2cf37ce"
            ],
            "type": "XHR",
            "firstPartyCookies": {},
            "firstPartyCookiesSent": {},
            "exampleSites": [
                "cozyearth.com",
                "www.torquedetail.com"
            ]
        },
        {
            "rule": "pop6serve\\.com\\/pop6_ping_capi\\.php",
            "cookies": 0.0000136,
            "fingerprinting": 0,
            "subdomains": [],
            "apis": {},
            "sites": 2,
            "prevalence": 0.0000136,
            "cnames": [],
            "responseHashes": [
                "37053bc50e6919aca60dd7a03a1402b4b4ebc80973385163aa26853c532217ab"
            ],
            "type": "XHR",
            "firstPartyCookies": {},
            "firstPartyCookiesSent": {},
            "exampleSites": [
                "cozyearth.com",
                "www.torquedetail.com"
            ]
        }
    ],
    "categories": [],
    "performance": {},
    "cookies": 0.0000613,
    "topInitiators": [
        {
            "domain": "shopify.com",
            "prevalence": 0.7272727272727273
        },
        {
            "domain": "googletagmanager.com",
            "prevalence": 0.15151515151515152
        },
        {
            "domain": "first party",
            "prevalence": 0.12121212121212122
        }
    ],
    "types": {
        "Script": 5,
        "XHR": 10
    },
    "nameservers": [
        "ns-1243.awsdns-27.org",
        "ns-834.awsdns-40.net",
        "ns-2010.awsdns-59.co.uk",
        "ns-486.awsdns-60.com"
    ]
}