{
    "domain": "protoawegw.com",
    "owner": {},
    "source": [
        "DuckDuckGo-US"
    ],
    "prevalence": 0.000232,
    "sites": 34,
    "subdomains": [
        "api-protected"
    ],
    "cnames": [],
    "fingerprinting": 0,
    "resources": [
        {
            "rule": "protoawegw\\.com\\/v2\\/player\\/performer\\/get",
            "cookies": 0,
            "fingerprinting": 0,
            "subdomains": [
                "api-protected"
            ],
            "apis": {},
            "sites": 23,
            "prevalence": 0.000157,
            "cnames": [],
            "responseHashes": [
                "19e8c2b1a70efa0250d636dd01ba0e767072b4d5e0e29967dce1463f44204f8b",
                "8390597e9ec8c812685375268682e3bd8a6e08774541abd87024d7a69084fdb6",
                "997130856efb0c8e814135cf4a05b43766debddc4e3c24cb52ed845b5a382d34",
                "db0b4535022bc7967e6fe8242710ac6871da1db2b7a70ea6f9621591cc449938",
                "1ebdd7708a8a9447a001eded83cd1c8ade8edf8eecada589738699ad648821f2",
                "02957b2d73f90d58ed6fa6b9ba4e2d0bef2492e67b173f94de1e6a71c71e2eb0",
                "96bbec825dbee26ce42fe4248dbd32d9119a34b7ecdb82ab435d6a533ec5ce53",
                "ffcedc6c41c40be6d5f3689fb0cc4f4b1b249c63b0fdc461793f6a6a89e30d29",
                "1d2c3890f3b158e6f8a95bacb40c091688818171f293e6cf7c1c86acc3591869",
                "49fdf68517c55e6886a377f3a0a63459ce1213ad45a4ab65e755d8f31c93b69d",
                "27ce19b1ce8b29e6eb5c0b51946a4c5123a61b7c9359fd5fae1f276ef170fe8f",
                "9601046cdff1d04e1db6e7d73c38eaff34aa4deb5a59bda70c1d67e05a001eab",
                "4319a69be45518f2549b654d18858215ae1b82cca85692d8476975df1e8ade01",
                "46140286d89cfaa19fecf38269e4d3d4804234c39c31195fe7a8a1cd8d587922",
                "4ff75c48693c98d74561eb858a3c6d3b165e489dea32a1fe933fbf2db573e802",
                "638b359cb3a4355decbbf580ec090e5d00a68f03917834960bc620e105dba8c2",
                "073cb680ec02879e042821bf048361faff0a47c77071c63b9faf5c566ff10b6c",
                "32f1960649152ad136bca7a421c7c30b8a7e8957acf41d9763bbdbb3c146ee66",
                "0a278033b64678a9680e5dfe65d64f3cc282ecce83d58367419d79d6486b03df",
                "29d529e517e575af066030aed457ad60aa71c6b1a7647de54ce19d8ff93c5abc",
                "546779877cee90050353c6d392801f311e00c9f59cf4d5a67c6421729a5ebfe9",
                "43dfbe68e1c8540ef579f8ba774b9a3c300bfc50f637c45423f51a00c94f8946"
            ],
            "type": "Fetch",
            "firstPartyCookies": {},
            "firstPartyCookiesSent": {},
            "exampleSites": [
                "www.nudespree.com",
                "camseek.tv",
                "escortnear.me",
                "www.famousboard.com",
                "www.pornflix.to",
                "www.crazywebcams.com",
                "celeb-stalker.com",
                "www.specialteensx.com",
                "eroteve.com",
                "hotsexporn.com",
                "lewdzone.com",
                "pt.eporner.com",
                "odir.org",
                "urlgalleries.net",
                "www.shemalewiki.com",
                "www.newzealandgirls.co.nz",
                "www.aiporn.pics",
                "camstreams.tv",
                "nudespree.com",
                "theporngod.com"
            ]
        }
    ],
    "categories": [],
    "performance": {},
    "cookies": 0,
    "topInitiators": [
        {
            "domain": "ptwmstcnt.com",
            "prevalence": 1
        }
    ],
    "types": {
        "Fetch": 23
    },
    "nameservers": [
        "ns2.eurodns.com",
        "ns4.eurodns.com",
        "ns3.eurodns.com",
        "ns1.eurodns.com"
    ]
}