{
    "domain": "provesrc.com",
    "owner": {},
    "source": [
        "DuckDuckGo-US"
    ],
    "prevalence": 0.0000681,
    "sites": 10,
    "subdomains": [
        "cdn",
        "client-api"
    ],
    "cnames": [],
    "fingerprinting": 1,
    "resources": [
        {
            "rule": "provesrc\\.com\\/provesrc\\.js",
            "cookies": 0.0000545,
            "fingerprinting": 1,
            "subdomains": [
                "cdn"
            ],
            "apis": {
                "Document.cookie getter": 8,
                "window.localStorage": 8,
                "Date.prototype.getTime": 8,
                "window.sessionStorage": 8,
                "Navigator.prototype.userAgent": 8,
                "Document.cookie setter": 8
            },
            "sites": 8,
            "prevalence": 0.0000545,
            "cnames": [],
            "responseHashes": [
                "aa1bfeaad210fe26579a5b66119538f11f523c3d7d8775f4ac41d47a7db05cd1"
            ],
            "type": "Script",
            "firstPartyCookies": {
                "psuid": {
                    "ttl": 197228496,
                    "length": 36,
                    "prevalence": 0.000054490716144236924,
                    "uniqueness": 1
                },
                "ps5bc7e650b319260a6c162244": {
                    "ttl": 491727,
                    "length": 19,
                    "prevalence": 0.0000068113395180296156,
                    "uniqueness": 1
                },
                "ps6323848f4751dd064a6923aa": {
                    "ttl": 1073476,
                    "length": 19,
                    "prevalence": 0.0000068113395180296156,
                    "uniqueness": 1
                },
                "ps616909d5582d604070f77f6f": {
                    "ttl": 1056483,
                    "length": 18,
                    "prevalence": 0.0000068113395180296156,
                    "uniqueness": 1
                },
                "ps64c325482a06e36848ddb6a3": {
                    "ttl": 2234852,
                    "length": 19,
                    "prevalence": 0.0000068113395180296156,
                    "uniqueness": 1
                },
                "ps6149b60e4f01ee542bf0358c": {
                    "ttl": 1873917,
                    "length": 18,
                    "prevalence": 0.0000068113395180296156,
                    "uniqueness": 1
                },
                "ps5d12681df5056e361c173782": {
                    "ttl": 577333,
                    "length": 18,
                    "prevalence": 0.0000068113395180296156,
                    "uniqueness": 1
                },
                "ps-goals": {
                    "ttl": null,
                    "length": 138,
                    "prevalence": 0.000013622679036059231,
                    "uniqueness": 1
                },
                "ps5c7d24ed6d66d14f8e4f9e14": {
                    "ttl": 1060801,
                    "length": 18,
                    "prevalence": 0.0000068113395180296156,
                    "uniqueness": 1
                },
                "ps5c3e9a3cd0676260229c0e98": {
                    "ttl": 1186896,
                    "length": 19,
                    "prevalence": 0.0000068113395180296156,
                    "uniqueness": 1
                }
            },
            "firstPartyCookiesSent": {},
            "exampleSites": [
                "cptsdfoundation.org",
                "novicedefense.com",
                "stoneandtileshoppe.com",
                "www.cleanwaterstore.com",
                "www.lowesprotectionplus.com",
                "www.sellyourmac.com",
                "www.springwellwater.com",
                "www.talktomira.com"
            ]
        },
        {
            "rule": "provesrc\\.com\\/account\\/configuration",
            "cookies": 0.0000409,
            "fingerprinting": 0,
            "subdomains": [
                "client-api"
            ],
            "apis": {},
            "sites": 6,
            "prevalence": 0.0000409,
            "cnames": [],
            "responseHashes": [
                "6f679b52dced592c19c272a18c068a2bafa5ad6d44f63afd962cc9b7c3bf9b86",
                "ae19f258db47afdd87490e2fd176ccef9ad65d1749445de424d93e3f2f588577",
                "8b15184d4b8a6e3bbb7d852ca0e60edf756c1ea1ec9e2cd0bccef178ac6b6fe0",
                "abfd10485153f33ecda53866c853d158522b11a3613300d517af9e728f9d08b5",
                "850822b2e252d17be9136a82173dce1bb200d2a37f9754b8fa13a76736e2bb4b"
            ],
            "type": "Fetch",
            "firstPartyCookies": {},
            "firstPartyCookiesSent": {},
            "exampleSites": [
                "cptsdfoundation.org",
                "www.cleanwaterstore.com",
                "www.lowesprotectionplus.com",
                "www.sellyourmac.com",
                "www.springwellwater.com",
                "www.talktomira.com"
            ]
        },
        {
            "rule": "provesrc\\.com\\/account\\/configuration",
            "cookies": 0,
            "fingerprinting": 0,
            "subdomains": [
                "client-api"
            ],
            "apis": {},
            "sites": 8,
            "prevalence": 0.0000545,
            "cnames": [],
            "responseHashes": [],
            "type": "Preflight",
            "firstPartyCookies": {},
            "firstPartyCookiesSent": {},
            "exampleSites": [
                "cptsdfoundation.org",
                "novicedefense.com",
                "stoneandtileshoppe.com",
                "www.cleanwaterstore.com",
                "www.lowesprotectionplus.com",
                "www.sellyourmac.com",
                "www.springwellwater.com",
                "www.talktomira.com"
            ]
        },
        {
            "rule": "provesrc\\.com\\/account\\/configuration",
            "cookies": 0.0000136,
            "fingerprinting": 0,
            "subdomains": [
                "client-api"
            ],
            "apis": {},
            "sites": 2,
            "prevalence": 0.0000136,
            "cnames": [],
            "responseHashes": [
                "e2e3cb794e528c0b340dcdfd2f62ae2d477a37923d482c2b7d01d4d441e487a0"
            ],
            "type": "XHR",
            "firstPartyCookies": {},
            "firstPartyCookiesSent": {},
            "exampleSites": [
                "novicedefense.com",
                "stoneandtileshoppe.com"
            ]
        },
        {
            "rule": "provesrc\\.com\\/notifications\\/get",
            "cookies": 0,
            "fingerprinting": 0,
            "subdomains": [
                "client-api"
            ],
            "apis": {},
            "sites": 4,
            "prevalence": 0.0000272,
            "cnames": [],
            "responseHashes": [],
            "type": "Preflight",
            "firstPartyCookies": {},
            "firstPartyCookiesSent": {},
            "exampleSites": [
                "stoneandtileshoppe.com",
                "www.lowesprotectionplus.com",
                "www.sellyourmac.com",
                "www.springwellwater.com"
            ]
        },
        {
            "rule": "provesrc\\.com\\/notifications\\/get",
            "cookies": 0,
            "fingerprinting": 0,
            "subdomains": [
                "client-api"
            ],
            "apis": {},
            "sites": 3,
            "prevalence": 0.0000204,
            "cnames": [],
            "responseHashes": [
                "b6b982be26a124055b04b86c0426b8a9934bad1b552a8df859e6490ee0dc8b54",
                "d410944c1849ad208065207dda048519fce8e1b50c3d4d0cc7723a1dc292f1c6"
            ],
            "type": "Fetch",
            "firstPartyCookies": {},
            "firstPartyCookiesSent": {},