{
    "domain": "prscripts.com",
    "owner": {},
    "source": [
        "DuckDuckGo-US"
    ],
    "prevalence": 0.00017,
    "sites": 25,
    "subdomains": [],
    "cnames": [],
    "fingerprinting": 1,
    "resources": [
        {
            "rule": "prscripts\\.com\\/pub\\.js",
            "cookies": 0.0000749,
            "fingerprinting": 1,
            "subdomains": [],
            "apis": {
                "Navigator.prototype.userAgent": 6,
                "Navigator.prototype.mimeTypes": 6,
                "Date.prototype.getTime": 6,
                "window.localStorage": 6,
                "Document.cookie getter": 3,
                "Screen.prototype.height": 3,
                "Screen.prototype.width": 3
            },
            "sites": 11,
            "prevalence": 0.0000749,
            "cnames": [],
            "responseHashes": [
                "7d47894a6368a43c9be52c7eadc2876ec1d344595dba2a786198d421ccc32708",
                "62d7ac12fdd569a97eac7a95c4d7b4fd3a81c5d38c5277e3383ae299609064f5",
                "e38a1dc9a62bffa56493b68571f09805d538e2445f9b35cfb8d35c8d23f1a983",
                "8990357183ebe06d1e10d1ebe3dc74f009cffa79e85e8c0e2bf304292c652ac7",
                "5e8e6f49cb9042927eed3ca09d4f04772c42c0a09e857705df0c7174a0b29101",
                "d2af922d220849ed1b1745aad42bc27a3aaff72b9e82461905859a56e4b984a8",
                "11c4249a72869c233d75971f8be5b646c9a9a3ca043b272da37b015796de02f6",
                "78b901df7a108e38e5f364ba4519ce286d99704714882b829466c13010c394f3",
                "a5f374919484ae847288ac03a44c449b2e25a87d8cb67c094bcda46f72189c1d",
                "96d1ab477085eaa9a154c09b567d6118edf2af24d2b69455b67f16a9d391812f"
            ],
            "type": "Script",
            "firstPartyCookies": {},
            "firstPartyCookiesSent": {},
            "exampleSites": [
                "chatropolis.com",
                "momboyxxx.net",
                "nude-leaks.com",
                "omoms.net",
                "pornotuga.pt",
                "the-fappening.com",
                "www.aneroticstory.com",
                "www.cholotube.com.pe",
                "www.eroticiracconti.it",
                "www.redtube.fm",
                "www.videospornodetv.com"
            ]
        },
        {
            "rule": "prscripts\\.com\\/d\\/",
            "cookies": 0,
            "fingerprinting": 1,
            "subdomains": [],
            "apis": {
                "Document.cookie getter": 1,
                "Navigator.prototype.userAgent": 1,
                "Navigator.prototype.mimeTypes": 1,
                "Screen.prototype.height": 1,
                "Screen.prototype.width": 1
            },
            "sites": 3,
            "prevalence": 0.0000204,
            "cnames": [],
            "responseHashes": [
                "96c2e8598c6258f84932b1b2b61de1b75b03b008f1a15591176fb9c0fd1cbb86",
                "48b97852fc8cc78e9ee1d97eeb895e732ac3ed93dddf1c2dd67e28442cd35f89"
            ],
            "type": "Script",
            "firstPartyCookies": {},
            "firstPartyCookiesSent": {},
            "exampleSites": [
                "colegialasreales.com",
                "javluna1.com",
                "redgifs.info"
            ]
        }
    ],
    "categories": [],
    "performance": {},
    "cookies": 0.000129,
    "types": {
        "Script": 14
    },
    "nameservers": [
        "brad.ns.cloudflare.com",
        "erin.ns.cloudflare.com"
    ]
}