{
    "domain": "pzz.io",
    "owner": {
        "name": "Kizitos Holding B.V.",
        "displayName": "Kizitos Holding"
    },
    "source": [
        "DuckDuckGo-US"
    ],
    "prevalence": 0.000225,
    "sites": 33,
    "subdomains": [],
    "cnames": [],
    "fingerprinting": 1,
    "resources": [
        {
            "rule": "pzz\\.io\\/pzz\\.js",
            "cookies": 0.000123,
            "fingerprinting": 1,
            "subdomains": [],
            "apis": {
                "Document.cookie getter": 18,
                "window.localStorage": 18,
                "Document.cookie setter": 18
            },
            "sites": 18,
            "prevalence": 0.000123,
            "cnames": [],
            "responseHashes": [
                "6761800a0a26d86ba337724897f4c6dd2298b79037a159c50db08ca552212cb7",
                "f7d446d666ce4444cbff5791285cb3b45f46bd7c0d1f872ff3c7969d041f1412",
                "a6d9ace201495dd63e68f02615b0ce24ef79217de564d1544d6819cab86db2ed",
                "bad8e837b2f4dd0f7d7de035a6bb6660c77facf9825b4079565991f000ba2d74",
                "91af009f755f02e1644bde3ccc18c1ad1c62fe4fb2081d6b1cb49759df209e31",
                "4f1aa91f749bba60dd22487d8009df26c09e402bb28691e88fa368ed7a9b162c",
                "89a4eb591c0e0f83244348942d0f5834b24320156bcfaf1fcd7d42041924945b",
                "215a6e87be00fd7254472a3a1a3d033c9c4e10babc28d5c6d65074cf1d857bca",
                "cff2324984376418368494601e0f46cc9454ac57e39888c4a6f962f25bd0f792",
                "4afe81973ea37e81f405dec69569275443592072193e4d05309debb99e1b7c79",
                "93226cc36c3d7bb6e6b9fe5b65efad461e0927807deae9d4fa3c828075a9f11c",
                "4dedbd09e1bc8a336a952f04345c808e720aa56a40b684967274f8cb4c78cfae",
                "a3f9c44254a992608f981f2d5d2fd23ea432bd88f458f386c70af3a796bf85e4",
                "354f8318b13492587a92238b01b24cc0658a656836ef6ee0d7c04ee6f6b9449a",
                "946170cacd571495da057c13d9c442836e9ad402f38d31dd1cac75dc44000210",
                "b1cdc88419a79778dfc4c7744f5d44a0b1fad5296f5483857d529ead401b1e8e"
            ],
            "type": "Script",
            "firstPartyCookies": {
                "pzz_session_id": {
                    "ttl": 31536000,
                    "length": 36,
                    "prevalence": 0.0001225924210641022,
                    "uniqueness": 1
                }
            },
            "firstPartyCookiesSent": {},
            "exampleSites": [
                "dirksdotter.com",
                "familieoverdekook.nl",
                "forum.viva.nl",
                "girlswhomagazine.nl",
                "porno.startpagina.nl",
                "sexverhalen.startpagina.nl",
                "www.bartsboekje.com",
                "www.culinea.nl",
                "www.huisvlijt.com",
                "www.kinderliedjes.info",
                "www.leefnugezonder.be",
                "www.mamaliefde.nl",
                "www.mamsatwork.nl",
                "www.moestuinplanner.nl",
                "www.nederlandinbedrijf.nl",
                "www.oudersenzo.nl",
                "www.wellnessspots.com",
                "www.wereldreis.net"
            ]
        },
        {
            "rule": "pzz\\.io\\/pzz\\.words\\.js",
            "cookies": 0,
            "fingerprinting": 0,
            "subdomains": [],
            "apis": {},
            "sites": 6,
            "prevalence": 0.0000409,
            "cnames": [],
            "responseHashes": [
                "19e55706d3f17c72f3850c9ed3a8ed5fb6274f51d7d7a2688d1740dd29dec2cb"
            ],
            "type": "Script",
            "firstPartyCookies": {},
            "firstPartyCookiesSent": {},
            "exampleSites": [
                "dirksdotter.com",
                "familieoverdekook.nl",
                "www.huisvlijt.com",
                "www.kinderliedjes.info",
                "www.mamaliefde.nl",
                "www.moestuinplanner.nl"
            ]
        }
    ],
    "categories": [],
    "performance": {},
    "cookies": 0.000225,
    "types": {
        "Script": 24
    },
    "nameservers": [
        "ns-cloud-d3.googledomains.com",
        "ns-cloud-d4.googledomains.com",
        "ns-cloud-d2.googledomains.com",
        "ns-cloud-d1.googledomains.com"
    ]
}