{
    "domain": "qualified.com",
    "owner": {},
    "source": [
        "DuckDuckGo-US"
    ],
    "prevalence": 0.000347,
    "sites": 51,
    "subdomains": [
        "js",
        "ws"
    ],
    "cnames": [],
    "fingerprinting": 2,
    "resources": [
        {
            "rule": "qualified\\.com\\/qualified\\.js",
            "cookies": 0.000163,
            "fingerprinting": 2,
            "subdomains": [
                "js"
            ],
            "apis": {
                "Navigator.prototype.userAgent": 27,
                "PerformanceTiming.prototype.navigationStart": 26,
                "Intl.DateTimeFormat.prototype.resolvedOptions": 28,
                "Document.cookie getter": 25,
                "Document.cookie setter": 24,
                "window.localStorage": 27,
                "Date.prototype.getTime": 28
            },
            "sites": 31,
            "prevalence": 0.000211,
            "cnames": [],
            "responseHashes": [
                "e76fa67733cbc8efdadab27270468549b90e519b272402bf3244302df2a692ba",
                "e94c3120c1861ec9343074752f4792b145823d44d22616f6aa1f11eeb9d5d0dc",
                "8a739f724fac33adaca76c83260f8f5b09e5d9b5d6434e1e8fe686c051c55148",
                "3e3832a93b4bdab2c93c54b8acadfef56319d37705530e9caed07ad801bce22c",
                "70a04ceb9afa7a027a957d9c11ca63662d1f536b73a22a8716907573699b62a6",
                "87844d54f113cbff6617075ebbfb55744e846ef8d092c17e19acae87868f714d",
                "fe7743afa7157c3633a1c3a115ca3accfa3f51f0964f78b7f131a99dd8c9f42b",
                "13c11f04a505e7a1d57b0a566624e82b7b3f5b828c4d64563f761491a45c9b4f",
                "36497ec832b71a4bc84955531fe9680b7c09771c350afa32751593a52d34c6e0",
                "0ab4b23c7188b85b65845bbee726331087f64b6cdf4d663cadad991ad5ff5d93",
                "fb1141a02efce613ee117c35cbdc4095af07ff34fc3b3ed540a46591affaf8fa",
                "1f373a4b02abde0b2bb5ae581c6374c78cb9a4bca2ff383a5ab5e0205e67774e",
                "6e5e1410541b026b416cf04ea0ca2270677d613028b4ea64373cad1978dd4252",
                "4730f704ce835fc81f1a4976fb43a1537c904e9ee55976078da1be7f7ec88f03",
                "41c0d377c4a434508ea657b952e2283f83569f90da98f21b7585bf8cc32a2fb3",
                "4de98fbd2671d7b48124618a7a0d2037e6e8847deb049c070d6359fee42334b6",
                "95ee96c1c8c1d97e568c19bc03c88cab46d86983dbde4efb58732c13bd93e8a5",
                "987b1cb36b33232d8632168ef12395753c55949840b9fb5e0e7ad3f70c92bf72",
                "33d26abdcb96d7b882697cef6ef0e4faaa465e8db4525d5fdcc2f7efe3006ccf",
                "f2953d0a4c0ae2d30cc4e71d45e4d4ccb2afde652c72a930739ad60928b777f9",
                "2afd51d2bf9230a46413389f7d1c0aa7247fdb74313e11cbbecd1b2941840360",
                "b1f017cb047d4374df2926e5e2554571938d3619165fc57e55938c728eefabf7",
                "fffd3dd8570c5612c94fff6aba6043772edea39d01f96293b2feb4e76f87439f",
                "2fb403ca92450614700ac86e3249e49867e20cd4aa725ea528fde8d13141be5a",
                "bd9f99e6be8e0bc73e4fbdfbf1fdbca3d8983965693beafed36ab7947da61701",
                "2614f8d84f3101db93c7ef3e8c6cff7e3e9c1755cbbb01ae7508f93c08b3d70e"
            ],
            "type": "Script",
            "firstPartyCookies": {
                "__q_state_kVsi41Wf6jpT71mB": {
                    "ttl": 315360001,
                    "length": 99,
                    "prevalence": 0.000006805962022731913,
                    "uniqueness": 1
                },
                "__q_state_Q2nN3hknkeUxhVKm": {
                    "ttl": 315360006,
                    "length": 103,
                    "prevalence": 0.000006805962022731913,
                    "uniqueness": 1
                },
                "__q_state_2qYJ2dzsqrwWZnjR": {
                    "ttl": 315360006,
                    "length": 102,
                    "prevalence": 0.000006805962022731913,
                    "uniqueness": 1
                },
                "__q_state_8Q5gZzYPjZ1nTCQs": {
                    "ttl": 315360003,
                    "length": 106,
                    "prevalence": 0.000006805962022731913,
                    "uniqueness": 1
                },
                "__q_state_SKqQ8nnADD22cAnc": {
                    "ttl": 315360003,
                    "length": 100,
                    "prevalence": 0.000013611924045463826,
                    "uniqueness": 1
                },
                "__q_state_7SPkB37RaEWMPQDQ": {
                    "ttl": 315360002,
                    "length": 102,
                    "prevalence": 0.000006805962022731913,
                    "uniqueness": 1
                },
                "__q_state_mdpGqx2V2oJXA51Q": {
                    "ttl": 315360002,
                    "length": 110,
                    "prevalence": 0.000006805962022731913,
                    "uniqueness": 1
                },
                "__q_state_L7VQ8cN31TRnP5Jw": {
                    "ttl": 315360001,
                    "length": 100,
                    "prevalence": 0.000006805962022731913,
                    "uniqueness": 1
                },
                "__q_state_LbVXn1ec37MJMdaY": {
                    "ttl": 315360002,
                    "length": 110,
                    "prevalence": 0.000006805962022731913,
                    "uniqueness": 1
                },
                "__q_state_rBwsq6b6C9SwcRe6": {
                    "ttl": 315360002,
                    "length": 100,
                    "prevalence": 0.000006805962022731913,
                    "uniqueness": 1
                },
                "__q_state_5dKaepxMpCC7Nc4y": {
                    "ttl": 315360022,
                    "length": 112,
                    "prevalence": 0.000006805962022731913,
                    "uniqueness": 1
                },
                "__q_state_CWQA3q9CaEKHNF2t": {
                    "ttl": 315360002,
                    "length": 104,
                    "prevalence": 0.000006805962022731913,
                    "uniqueness": 1
                },
                "__q_state_hr8EzwuCqQsgoarF": {
                    "ttl": 315360000,
                    "length": 104,
                    "prevalence": 0.000006805962022731913,
                    "uniqueness": 1
                },
                "__q_state_ajAThxcaogd4A5og": {
                    "ttl": 315360003,
                    "length": 104,
                    "prevalence": 0.000006805962022731913,
                    "uniqueness": 1
                },
                "__q_state_w3xYYhgyKv4ngYra": {
                    "ttl": 315360003,
                    "length": 98,
                    "prevalence": 0.000006805962022731913,
                    "uniqueness": 1
                },
                "__q_state_ZmUVticjuuprF56R": {
                    "ttl": 315360004,
                    "length": 104,
                    "prevalence": 0.000006805962022731913,
                    "uniqueness": 1
                },
                "__q_state_ZQoyHXFTqngPcfcB": {
                    "ttl": 315360001,
                    "length": 107,
                    "prevalence": 0.000006805962022731913,
                    "uniqueness": 1
                },
                "__q_state_9u7uiM39FyWVMWQF": {
                    "ttl": 315360003,
                    "length": 106,
                    "prevalence": 0.000006805962022731913,
                    "uniqueness": 1
                },
                "__q_state_gENo5PdgCpoQrHDm": {
                    "ttl": 315360001,
                    "length": 100,
                    "prevalence": 0.000006805962022731913,
                    "uniqueness": 1
                },
                "__q_state_QxcexEM9kCrYjFfD": {
                    "ttl": 315360005,
                    "length": 100,
                    "prevalence": 0.000006805962022731913,
                    "uniqueness": 1
                },