{
    "domain": "r-ad.ne.jp",
    "owner": {},
    "source": [
        "DuckDuckGo-US"
    ],
    "prevalence": 0.000157,
    "sites": 23,
    "subdomains": [
        "tm",
        "s9",
        "cs"
    ],
    "cnames": [],
    "fingerprinting": 1,
    "resources": [
        {
            "rule": "r-ad\\.ne\\.jp\\/58\\/default\\.js",
            "cookies": 0.0000136,
            "fingerprinting": 1,
            "subdomains": [
                "tm"
            ],
            "apis": {
                "Document.cookie getter": 2,
                "Document.cookie setter": 2
            },
            "sites": 2,
            "prevalence": 0.0000136,
            "cnames": [],
            "responseHashes": [
                "4116d7e75a7abfd08641abce33e08772cafae999001f3f13771428108ed01eb7"
            ],
            "type": "Script",
            "firstPartyCookies": {
                "r_ad_token1": {
                    "ttl": 15555606,
                    "length": 20,
                    "prevalence": 0.000013615816132018953,
                    "uniqueness": 1
                },
                "r_ad_token2": {
                    "ttl": 15555606,
                    "length": 20,
                    "prevalence": 0.000013615816132018953,
                    "uniqueness": 1
                }
            },
            "firstPartyCookiesSent": {},
            "exampleSites": [
                "hotpepper.jp",
                "beauty.hotpepper.jp"
            ]
        },
        {
            "rule": "r-ad\\.ne\\.jp\\/cv",
            "cookies": 0.000102,
            "fingerprinting": 0,
            "subdomains": [
                "tm"
            ],
            "apis": {},
            "sites": 15,
            "prevalence": 0.000102,
            "cnames": [],
            "responseHashes": [
                "c829d2c7d5e96279222acfc8f08b6e6c16ff910c44d5fa78e0e37646d80b63e0",
                "cb753a682bc0a6d1d47a21c949056827405d30a847fe13e68ff5b882589b84b5",
                "8f162c3aa98d78cb5b0a027f3ca2ee7f06d4604f52df51b17e74f9422f896471",
                "ef05e0aac208ba04155d88559b708649e765bdc65fca976e4abd8f33d3b663ed",
                "a52d1bb8ea0ee9a6780e7af3a7f4d48adf830ca5607b39b329f24ec6c4e3e400",
                "3cf1582fa87560486fa16facf2acfea05b51a571aef37af1e8a7e3ec527b6562",
                "5d459d45fcef387bc67f58294fdbb0525be79c2ae18ece9cfd43dff0f6259a68",
                "484e35f5486398e30db68c9abbacdab5f10e7d85d32fc551882268b90e31e923",
                "7baf62d6507148d4e096c1fbb39339c902c7d4a283535bae9f7adc30c2d651ee",
                "e02f7b36bfcd7ca358d7dd9cf791298411b3e58e71c6aef8315534fd682de5d0",
                "88b36d3c724dc32d1a12adae678934a2931173869191f4e698923dd2c74f8a5f",
                "425873fa0d961cfa11dc555e80d13f133a42fbbbf56ef5cbc4193bddf2f9d2d2",
                "c76a80917ba073ee112f3ac563a94ff5cb09c103691ff2cdf509579707c8c50f",
                "e01def276811a4016915d06ac55e585c1dc5015323c89a0d0acc1986b731c159"
            ],
            "type": "Script",
            "firstPartyCookies": {},
            "firstPartyCookiesSent": {},
            "exampleSites": [
                "hotpepper.jp",
                "beauty.hotpepper.jp",
                "job.rikunabi.com",
                "next.rikunabi.com",
                "shingakunet.com",
                "suumo.jp",
                "www.carsensor.net",
                "www.hotpepper.jp",
                "www.jalan.net",
                "www.matsui.co.jp",
                "www.sogo-seibu.jp",
                "www.takarakuji-official.jp",
                "www.topvalu.net",
                "www.workman.co.jp",
                "zexy.net"
            ]
        },
        {
            "rule": "r-ad\\.ne\\.jp\\/json",
            "cookies": 0.000034,
            "fingerprinting": 0,
            "subdomains": [
                "s9"
            ],
            "apis": {},
            "sites": 5,
            "prevalence": 0.000034,
            "cnames": [],
            "responseHashes": [
                "baca2991017dc5c8c81366e96062330a503f47989dca641e75d05c67a2adb5f7",
                "4f53cda18c2baa0c0354bb5f9a3ecbe5ed12ab4d8e11ba873c2f11161202b945",
                "9371e665b665393901d43f76ac604f386ae662a0693d95df6a1048ef32e25147"
            ],
            "type": "XHR",
            "firstPartyCookies": {},
            "firstPartyCookiesSent": {
                "r_ad_token1": 0.000013615816132018953,
                "r_ad_token2": 0.000013615816132018953
            },
            "exampleSites": [
                "hotpepper.jp",
                "beauty.hotpepper.jp",
                "job.rikunabi.com",
                "shingakunet.com",
                "www.jalan.net"
            ]
        },
        {
            "rule": "r-ad\\.ne\\.jp\\/ics",
            "cookies": 0.00000681,
            "fingerprinting": 0,
            "subdomains": [
                "cs"
            ],
            "apis": {},
            "sites": 5,
            "prevalence": 0.000034,
            "cnames": [],
            "responseHashes": [
                "b9d08ee8f9e79a4cd1c0a166b2805371f8ac6d02f603d5aacf3cb5a9592105a3",
                "05751f1dcf754275fba17052b7292d88577c9dfa2431fb6b3d1f585bd3ce4923"
            ],
            "type": "Script",
            "firstPartyCookies": {},
            "firstPartyCookiesSent": {},
            "exampleSites": [
                "rikunabi.com",
                "next.rikunabi.com",
                "suumo.jp",
                "www.carsensor.net",
                "zexy.net"
            ]
        },
        {
            "rule": "r-ad\\.ne\\.jp\\/1\\/default\\.js",
            "cookies": 0.0000136,
            "fingerprinting": 1,
            "subdomains": [
                "tm"
            ],
            "apis": {
                "Document.cookie getter": 2,
                "Document.cookie setter": 2
            },
            "sites": 2,
            "prevalence": 0.0000136,
            "cnames": [],
            "responseHashes": [
                "bc22c08981ada33b9b73358840f772ffc910aed7819356044d74cc3b67ce6643"
            ],
            "type": "Script",
            "firstPartyCookies": {
                "r_ad_token1": {
                    "ttl": 15555606,
                    "length": 20,
                    "prevalence": 0.000013615816132018953,
                    "uniqueness": 1
                },
                "r_ad_token2": {
                    "ttl": 15555606,
                    "length": 20,
                    "prevalence": 0.000013615816132018953,
                    "uniqueness": 1
                }
            },
            "firstPartyCookiesSent": {},
            "exampleSites": [
                "carsensor.net",
                "www.carsensor.net"
            ]
        },
        {
            "rule": "r-ad\\.ne\\.jp\\/45\\/default\\.js",
            "cookies": 0.0000136,
            "fingerprinting": 1,
            "subdomains": [
                "tm"
            ],
            "apis": {
                "Document.cookie getter": 2,
                "Document.cookie setter": 2
            },
            "sites": 2,
            "prevalence": 0.0000136,
            "cnames": [],
            "responseHashes": [
                "4d38eb753eeb9fc2669759f68315844318620ba486daf9622f0a2fc656da39b4"
            ],
            "type": "Script",
            "firstPartyCookies": {
                "r_ad_token1": {
                    "ttl": 15555606,
                    "length": 20,
                    "prevalence": 0.000013615816132018953,
                    "uniqueness": 1
                },
                "r_ad_token2": {
                    "ttl": 15555606,
                    "length": 20,
                    "prevalence": 0.000013615816132018953,
                    "uniqueness": 1
                }
            },
            "firstPartyCookiesSent": {},