{
    "domain": "reallifeforyouandme.com",
    "owner": {},
    "source": [
        "DuckDuckGo-US"
    ],
    "prevalence": 0.000293,
    "sites": 43,
    "subdomains": [],
    "cnames": [],
    "fingerprinting": 0,
    "resources": [
        {
            "rule": "reallifeforyouandme\\.com\\/services\\/",
            "cookies": 0,
            "fingerprinting": 0,
            "subdomains": [],
            "apis": {},
            "sites": 43,
            "prevalence": 0.000293,
            "cnames": [],
            "responseHashes": [
                "382b9b7fbdec2d7f50187aacb7e56c67ce3d7a5b1a9792abd57ff2a92ea72a4e",
                "23a9f4a7add8e028db8a853eb6547d214d5b7ed44525a821e7ecdd460ccee4d3",
                "7c3a0b4a7041369ff3e1bdebb9cb30e264ec7c41f762254b8683bec092ab47fb",
                "d8178ea8a5433d6e75f0edcc815e499c35bccecb0174698ac54aa951d8acb277",
                "eaf38e1abd1be2f62290bb0cf040ba9a9489ecf4e6d5fafd80898dc8047bb5e4",
                "e93cb28b7bc303f0db6e054c15e29edc41b13f79107c4df12695065c50f51075",
                "1500e24270b6f479722fc3d0b7290a06a5dbd90d02173f4f9970fa9e9ca62305",
                "afeee53b51d1cd9d059083a6cca2c4ce7c9d189d311f2e4f00b4d6a2734766fe",
                "75816795f0cfeaa2e2201686b5fb9be11d5bd9096e05735f9648a60ccb16ef24",
                "474ebcbca529eb672a504606121008607c06a028d1dd60cf0c6dbfd972ea3e71",
                "439b962c9af27e2ab74da0714f93163e09e02978b1d57c9a17d8cdad736424f4",
                "94ffac4c62c28df85b13d1eac5ac92832c2c1038986dad510ac1f2a07611f75c",
                "e1ed401217400ac84e739ab2ffcac418db43bb644b236aeb698732dcc03a3f43",
                "7dbe229284e554ca2025c4cdcf78dd062000effb85bcb2fc2731a7c163b50e51",
                "8ee8b0dbadccfec1589a006e58a962115ea7c7327dc6b1f2ef433198aadd661d",
                "cee2e8687cfe014e32c1d6306ba281fa983aa6277333cd9914cc3f8128f3d91e",
                "a4647a6ed2e933136687199bdc954cc33555aa99acb51e5681cbbbbeefff39fe",
                "e4b5ac1074f86e6bb0956aea6dc699121b8d43e70dc40b72c714a2389d25e0a5",
                "3fe9bd011259e2d0821a150df97ee3507bb475aa7db6801e8b909b3b9dfa6290",
                "1d065b557f9c65fd78457dd184765f8af4546a0b53ece02c28601c5bee60c03d",
                "773902044249e6cb471a5a478ceb4aecc48ecd1793304a5b5dc4729f29dd679e",
                "012f0343c933eb1b3b6c876286bc19458e5902e960ff7f6b948bc79dd5485da0",
                "9ead2d9d89ca47fb19e2a33268bcb475bd5ebfcdeff6d79d535db57df5a2cc12",
                "7ef9eafe91fdae375a02ec24f991f1f546f0cf983daaa781b7b8f7b8d42ad53b",
                "88ec1675618a089d331594d77101423dc6eaf41c05ca2ed09fa21658b56695cc",
                "198d237f8476a958d9e0b30c8e9302d1e16670646d5c9654a922e12657af9fbd",
                "be07ce7834035da02b638f20ec772d046bbc41225c7364a747425413148ab0f6",
                "daade565b296ea6758f158f212c240e62470a4d2483361c0e4421c0017b2be0c",
                "702f6f42b4023aae372afa3e4b4e0a6bcde730c6c35347c43923a32bd87c7e59",
                "22774a65eafbd9d77997c60daf2ec0a6057cf47ab36416f3e1ce1afc65773768",
                "add038f4431ae6c9ee4d7f5fbec887cb568c0d704fa77bb84b4a21ca33c5c4e5",
                "37dfea7691cad7c1a0adff768562e277c4d5bdc94f1e7e47b94348d8ec303c85",
                "baf5c3d408979dcf76f0de5fd336a2ee493d0e3f78bc914157d9beedbc85406d",
                "f4ac61aa8ebce0afa07f4939b13cbe93640fe91aeeccb395e083b8725a7cb5b8",
                "4956b6e85e4d432adf9a1fa1116c7d1567e1480b9ca95d80f2fb69421af96c81",
                "cd5bc529a067be9e565f964ccd6203364fabe6e017cda32606b319e5a2b29c8a",
                "3bea3d987354743fd342fc32892a86215fbadc81b98ca96fb9b288794d5a0bb4",
                "b1c79c4814bb6dcfaa65ad38233b99642df9d272b202e297de17a916924c281d",
                "7dfc6e4e6af783a267782337d6adb4b50dda2d0c055afef19920b0fb625ba265",
                "5f949cdbf43c43ad93402359c8ac7e8820be56d0fe7f8afb9f88fe32da9920f8",
                "d85f7a5ea8fb9063cb1af18c2077685fb541ec30d1cee4d42092c96bba6ad448",
                "d87d87ddd83a2af27672147b7db9c829ea46ce86af28cea6da5ea6da8d1794c0"
            ],
            "type": "Script",
            "firstPartyCookies": {},
            "firstPartyCookiesSent": {},
            "exampleSites": [
                "24rollika.ru",
                "kinosalo.me",
                "rus.hotmovies.cc",
                "pornoakt.co",
                "ru.pornsearch.fun",
                "www.faporn.pro",
                "porno-podborki.xyz",
                "www.perdos.la",
                "me.giperporno.com",
                "gruppovoe-porevo.top",
                "homeporno.biz",
                "sisyastye.top",
                "gay-porevo.in",
                "bdsm-porevo.top",
                "pornougar.net",
                "zrelochki.top",
                "erokomiksi.com",
                "pornomamki.online",
                "porno-castingi.top",
                "djki.art"
            ]
        }
    ],
    "categories": [],
    "performance": {},
    "cookies": 0,
    "topInitiators": [
        {
            "domain": "first party",
            "prevalence": 0.9302325581395349
        },
        {
            "domain": "giperporno.net",
            "prevalence": 0.023255813953488372
        },
        {
            "domain": "pornodomka.com",
            "prevalence": 0.023255813953488372
        },
        {
            "domain": "porno-nd.com",
            "prevalence": 0.023255813953488372
        }
    ],
    "types": {
        "Script": 43
    },
    "nameservers": [
        "dns1.registrar-servers.com",
        "dns2.registrar-servers.com"
    ]
}