{
    "domain": "responsivevoice.org",
    "owner": {
        "name": "ExitReality",
        "displayName": "ExitReality"
    },
    "source": [
        "DuckDuckGo-US"
    ],
    "prevalence": 0.000235,
    "sites": 35,
    "subdomains": [
        "code"
    ],
    "cnames": [],
    "fingerprinting": 1,
    "resources": [
        {
            "rule": "responsivevoice\\.org\\/responsivevoice\\.js",
            "cookies": 0,
            "fingerprinting": 1,
            "subdomains": [
                "code"
            ],
            "apis": {
                "Navigator.prototype.userAgent": 15,
                "speechSynthesis.__proto__.getVoices": 14,
                "Navigator.prototype.languages": 14
            },
            "sites": 18,
            "prevalence": 0.000121,
            "cnames": [],
            "responseHashes": [
                "2c6f3378d41b81bba52646032242510ff25ebaea88bd56978aa5e54371bba72a",
                "f9e9d862078be4e254688b46ce6ccfc87bef46bfcfa2f05477eb7755487c390e",
                "0564a57e7e25f7aaf04e4f1e7ae80112ea1875af049c7a6301920fb163f743e0",
                "053812ce641f4623f3d17b7817bb7216678cb2c68f0c480899a2098937f5d28f",
                "7e680ca1793540cb37ece1b130474b77c42cbb530be223fd6d92fcd07e3277fb",
                "9240ffa48a0793a624221e13063c5c91d2e3d0098aeb15843f8204f90d74807b",
                "25a2ae0791c50b340e88a895afbb5fe4df1ed76b3779f776d46fd609b5e7dc26",
                "913e1b919adf6a17d1713bc24ea93730cdb74908d40a31d9e9e9ff361b60cbaf",
                "9ef6ab9a7e264c833dde789b5d28c19bc6a6e7d9ed9bcc09e53b2e3ee01b85b1",
                "96c7593cacc86fbd3f46ac3a26f2fff0b217e03326722a0de4d44e622df37cce",
                "4defe5c6b88ff13e5030fdb0554992079f51546581f9b4dacedb8a2da6a6cdee",
                "edc497892ff062acf1e15de396b23b03263c3a65d5cda9623b0e34518bc19477",
                "fc635484162826bf9181b42901e0a591e16154466334651a2fc8e02f0609e956"
            ],
            "type": "Script",
            "firstPartyCookies": {},
            "firstPartyCookiesSent": {},
            "exampleSites": [
                "altibbi.com",
                "code.wvlegislature.gov",
                "southpointcasino.com",
                "thetexan.news",
                "www.activenews.ro",
                "www.buenamusica.com",
                "www.cfrcalatori.ro",
                "www.eutimes.net",
                "www.ministrymagazine.org",
                "www.playfactile.com",
                "www.pymnts.com",
                "www.romajidesu.com",
                "www.tests.com",
                "www.ufrgs.br",
                "www.unfpa.org",
                "www.way.com",
                "www.wikizero.com",
                "www.wiseradvisor.com"
            ]
        },
        {
            "rule": "responsivevoice\\.org\\/1\\.8\\.3\\/responsivevoice\\.js",
            "cookies": 0,
            "fingerprinting": 1,
            "subdomains": [
                "code"
            ],
            "apis": {
                "speechSynthesis.__proto__.getVoices": 9,
                "Navigator.prototype.languages": 10,
                "Navigator.prototype.userAgent": 7
            },
            "sites": 10,
            "prevalence": 0.0000672,
            "cnames": [],
            "responseHashes": [
                "9de8cc6115ff7aaf9dee3dabc25c5f8785982c9f07e982236fae3101c5051fc2",
                "0564a57e7e25f7aaf04e4f1e7ae80112ea1875af049c7a6301920fb163f743e0",
                "9240ffa48a0793a624221e13063c5c91d2e3d0098aeb15843f8204f90d74807b",
                "25a2ae0791c50b340e88a895afbb5fe4df1ed76b3779f776d46fd609b5e7dc26"
            ],
            "type": "Script",
            "firstPartyCookies": {},
            "firstPartyCookiesSent": {},
            "exampleSites": [
                "kamuktas.com",
                "ling-app.com",
                "thetexan.news",
                "www.cleverjourney.com",
                "www.enago.com",
                "www.eutimes.net",
                "www.multibhashi.com",
                "www.sexverhalen.com",
                "www.timesleader.com",
                "www.way.com"
            ]
        },
        {
            "rule": "responsivevoice\\.org\\/wp-content\\/uploads\\/2014\\/08\\/95x15\\.png",
            "cookies": 0,
            "fingerprinting": 0,
            "subdomains": [],
            "apis": {},
            "sites": 2,
            "prevalence": 0.0000134,
            "cnames": [],
            "responseHashes": [
                "14d21589f9f1d9546a6b7f5a8e1690e809621283b869b3b164d9bbe9dd9dd129"
            ],
            "type": "Image",
            "firstPartyCookies": {},
            "firstPartyCookiesSent": {},
            "exampleSites": [
                "romajidesu.com",
                "www.romajidesu.com"
            ]
        }
    ],
    "categories": [],
    "performance": {},
    "cookies": 0,
    "topInitiators": [
        {
            "domain": "first party",
            "prevalence": 0.9487179487179487
        },
        {
            "domain": "truabilities.com",
            "prevalence": 0.05128205128205128
        }
    ],
    "types": {
        "Script": 28,
        "Image": 2
    },
    "nameservers": [
        "lila.ns.cloudflare.com",
        "kanye.ns.cloudflare.com"
    ]
}