{
    "domain": "ringpublishing.com",
    "owner": {},
    "source": [
        "DuckDuckGo-US"
    ],
    "prevalence": 0.000171,
    "sites": 25,
    "subdomains": [
        "cmp",
        "embed.videos",
        "recommendations-ringier-romania.aureus",
        "recommendations-onet.aureus"
    ],
    "cnames": [],
    "fingerprinting": 1,
    "resources": [
        {
            "rule": "ringpublishing\\.com\\/1746213\\/get-config",
            "cookies": 0.000136,
            "fingerprinting": 0,
            "subdomains": [
                "cmp"
            ],
            "apis": {},
            "sites": 21,
            "prevalence": 0.000143,
            "cnames": [],
            "responseHashes": [
                "8a03905ef07dd1d1c4a8807382278b63c43778a6ac35e1277c747464c76f752e",
                "c66c5daeaaef1b1d3989b936cc91b109cf7c87cf6615254653596a4c04262dcc",
                "3bbe93908e26ac78978e712bb714042a67c5a596331f7c5a9962bdb4bfb53c2b",
                "176e23da3190e70c2d175446a3fc146675568cf6e9ca764d326265204ae6afc8",
                "1668564c2105e212ca1b0e7a9cc7566a1dea97e86940eb61c3e7e1867035de5c",
                "3eaa8b7cb4cb1b7d79b478a7b3bdaf9a006be821885fdf6cb4dd1305bd0c1c66",
                "caf88cdf0d2841ce01d82b94ef47c315dfd406210f59e04568cb53edd1fd8ff0",
                "824d4f33302ffd53a6a7d175488ab521117b51b414e69dbc3ed72bedd3b88433",
                "0790ac613e2e1d12e9dcdd8aae1bdb6f15ad0241df435b23438664abe17a3dfb",
                "2138352da2ba47027c5b1395971bcb4d22cc03644401c5aeaf5d3c8bb708a9af",
                "eba0b16a6a9ffceb5ffc54026c2087d14dff7776e492c6f6f3c7aa2124ff6603",
                "d6797774e8305bb81ba6defb4cfd8833bbdd799fce1d1c6dd1853215da21db3a"
            ],
            "type": "Fetch",
            "firstPartyCookies": {},
            "firstPartyCookiesSent": {},
            "exampleSites": [
                "www.auto-swiat.pl",
                "login.sympatia.onet.pl",
                "www.fakt.pl",
                "plejada.pl",
                "kobieta.onet.pl",
                "www.komputerswiat.pl",
                "www.newsweek.pl",
                "zapytaj.onet.pl",
                "www.onet.pl",
                "www.skapiec.pl",
                "businessinsider.com.pl",
                "sympatia.onet.pl",
                "jakdojade.pl",
                "poczta.onet.pl",
                "przegladsportowy.onet.pl",
                "pogoda.onet.pl",
                "podroze.onet.pl",
                "forum.pclab.pl",
                "kultura.onet.pl",
                "wiadomosci.onet.pl"
            ]
        },
        {
            "rule": "ringpublishing\\.com\\/scripts\\/embedCreator\\.js",
            "cookies": 0.0000136,
            "fingerprinting": 1,
            "subdomains": [
                "embed.videos"
            ],
            "apis": {
                "Navigator.prototype.userAgent": 2,
                "Date.prototype.getTime": 2,
                "Navigator.prototype.product": 1
            },
            "sites": 2,
            "prevalence": 0.0000136,
            "cnames": [],
            "responseHashes": [
                "705fcb702e323883c74655b9cb99f365680f23d6c8b6e4089e169d27dee768a8"
            ],
            "type": "Script",
            "firstPartyCookies": {},
            "firstPartyCookiesSent": {},
            "exampleSites": [
                "businessinsider.com.pl",
                "www.fakt.pl"
            ]
        },
        {
            "rule": "ringpublishing\\.com\\/8756215\\/get-config",
            "cookies": 0.0000136,
            "fingerprinting": 0,
            "subdomains": [
                "cmp"
            ],
            "apis": {},
            "sites": 2,
            "prevalence": 0.0000136,
            "cnames": [],
            "responseHashes": [
                "175397ae42ec0440cbe19db95ff9a13cfa6e713e7aed4c7fb273c3b1df75d2b0"
            ],
            "type": "Fetch",
            "firstPartyCookies": {},
            "firstPartyCookiesSent": {},
            "exampleSites": [
                "gratka.pl",
                "www.morizon.pl"
            ]
        },
        {
            "rule": "ringpublishing\\.com\\/v1\\/recommend",
            "cookies": 0.0000205,
            "fingerprinting": 0,
            "subdomains": [
                "recommendations-ringier-romania.aureus",
                "recommendations-onet.aureus"
            ],
            "apis": {},
            "sites": 3,
            "prevalence": 0.0000205,
            "cnames": [],
            "responseHashes": [
                "233370834815011f783039f51022bd70c376c7941878ea3d60ead3b2cd47101f",
                "7a00865382436bb7cd596191acb09924afc03663c248497df361f17a765b5b48"
            ],
            "type": "Fetch",
            "firstPartyCookies": {},
            "firstPartyCookiesSent": {},
            "exampleSites": [
                "libertatea.ro",
                "www.libertatea.ro",
                "www.onet.pl"
            ]
        },
        {
            "rule": "ringpublishing\\.com\\/v1\\/recommend",
            "cookies": 0.0000136,
            "fingerprinting": 0,
            "subdomains": [
                "recommendations-ringier-romania.aureus",
                "recommendations-onet.aureus"
            ],
            "apis": {},
            "sites": 2,
            "prevalence": 0.0000136,
            "cnames": [],
            "responseHashes": [],
            "type": "Preflight",
            "firstPartyCookies": {},
            "firstPartyCookiesSent": {},
            "exampleSites": [
                "libertatea.ro",
                "www.onet.pl"
            ]
        }
    ],
    "categories": [],
    "performance": {},
    "cookies": 0.000164,
    "topInitiators": [
        {
            "domain": "first party",
            "prevalence": 0.5952380952380952
        },
        {
            "domain": "onet.pl",
            "prevalence": 0.30952380952380953
        },
        {
            "domain": "pulsembed.eu",
            "prevalence": 0.047619047619047616
        },
        {
            "domain": "ocdn.eu",
            "prevalence": 0.047619047619047616
        }
    ],
    "types": {
        "Fetch": 26,
        "Script": 2,
        "Preflight": 2
    },
    "nameservers": [
        "ns50.ringpublishing.net",
        "ns49.ringpublishing.net",
        "ns52.ringpublishing.net",
        "ns51.ringpublishing.net"
    ]
}