{
    "domain": "rss2json.com",
    "owner": {},
    "source": [
        "DuckDuckGo-US"
    ],
    "prevalence": 0.00015,
    "sites": 22,
    "subdomains": [
        "api"
    ],
    "cnames": [],
    "fingerprinting": 0,
    "resources": [
        {
            "rule": "rss2json\\.com\\/v1\\/api\\.json",
            "cookies": 0,
            "fingerprinting": 0,
            "subdomains": [
                "api"
            ],
            "apis": {},
            "sites": 13,
            "prevalence": 0.0000886,
            "cnames": [],
            "responseHashes": [
                "77cae6a070f58c1572b362bbef99074fdc010fe652a4148a00f239faa6d0fffd",
                "df09c2dee96bf96ab88cc527855380493eab8327ffb7d6f842409c23c5af9f7a",
                "699072a5f7b015eb7c4287abae0e7b8b89c304e16388bd01a993d472c5fd59ac",
                "60ee8e2c8902c5dce8b565b997b054f1d554bf4b83669e60415da0e2e82b1901",
                "3ad0ef38ea96ce095532cf016b8ce150853e9ad434e7752391a2c834361b38dd",
                "14d41c6e879425c20734fbdcf78d105deb413d0d57fb692fe3739de743c06841",
                "abe6e02c836f65a778a61456af927122737e96ba2ea7bab053576f69dcecda51",
                "05c953a1b536167457bb1aed82d863702102d6b10c88df17f04660e115a6491b",
                "6e9329cff05c8108ef90bd11cd79c8150887934ea43dbb6ace532592cb819d4d",
                "729716b4911112a94c02c9d0c5ff9f5bfa6b406885a03158021103b3eba0b6f4",
                "e1c74e9a37eb153c2efe3b68085660dc652ce839b7e71eb64f33a9acdc2c1ebb"
            ],
            "type": "XHR",
            "firstPartyCookies": {},
            "firstPartyCookiesSent": {},
            "exampleSites": [
                "almarsguides.com",
                "forum.corsair.com",
                "learn.adafruit.com",
                "plainenglish.io",
                "vintagemachinery.org",
                "www.almarsguides.com",
                "www.bristol.ac.uk",
                "www.dau.edu",
                "www.matrixgames.com",
                "www.siouxfalls.org",
                "www.slcc.edu",
                "www.upmchealthplan.com",
                "www.vintagemachinery.org"
            ]
        },
        {
            "rule": "rss2json\\.com\\/v1\\/api\\.json",
            "cookies": 0,
            "fingerprinting": 0,
            "subdomains": [
                "api"
            ],
            "apis": {},
            "sites": 2,
            "prevalence": 0.0000136,
            "cnames": [],
            "responseHashes": [
                "43410a776f14af56d7731ab422a4780709f68436ae06a57a573009a1b13c6f5a"
            ],
            "type": "Fetch",
            "firstPartyCookies": {},
            "firstPartyCookiesSent": {},
            "exampleSites": [
                "pastorvlad.org",
                "www.gunowners.org"
            ]
        },
        {
            "rule": "rss2json\\.com\\/v1\\/api\\.json",
            "cookies": 0,
            "fingerprinting": 0,
            "subdomains": [
                "api"
            ],
            "apis": {},
            "sites": 3,
            "prevalence": 0.0000204,
            "cnames": [],
            "responseHashes": [
                "e3b0c44298fc1c149afbf4c8996fb92427ae41e4649b934ca495991b7852b855",
                "b3f690ceb59ae02f71b4d776efcc1fcb2db0f56dcbd9e3e1cede9a5153531924"
            ],
            "type": "Script",
            "firstPartyCookies": {},
            "firstPartyCookiesSent": {},
            "exampleSites": [
                "cervantesvirtual.com",
                "www.chihealth.com",
                "www.mysticstamp.com"
            ]
        }
    ],
    "categories": [],
    "performance": {},
    "cookies": 0,
    "topInitiators": [
        {
            "domain": "first party",
            "prevalence": 0.5365853658536586
        },
        {
            "domain": "ajax.googleapis.com",
            "prevalence": 0.2682926829268293
        },
        {
            "domain": "cloudflare.com",
            "prevalence": 0.0975609756097561
        },
        {
            "domain": "invisioncic.com",
            "prevalence": 0.07317073170731707
        },
        {
            "domain": "jquery.com",
            "prevalence": 0.024390243902439025
        }
    ],
    "types": {
        "XHR": 13,
        "Fetch": 2,
        "Script": 3
    },
    "nameservers": [
        "ben.ns.cloudflare.com",
        "dawn.ns.cloudflare.com"
    ]
}