{
    "domain": "rtbbnr.com",
    "owner": {},
    "source": [
        "DuckDuckGo-US"
    ],
    "prevalence": 0.00015,
    "sites": 22,
    "subdomains": [],
    "cnames": [],
    "fingerprinting": 0,
    "resources": [
        {
            "rule": "rtbbnr\\.com\\/get\\/",
            "cookies": 0,
            "fingerprinting": 0,
            "subdomains": [],
            "apis": {},
            "sites": 22,
            "prevalence": 0.00015,
            "cnames": [],
            "responseHashes": [
                "6a98d6129e4255612c3f5270ea7b903b265cc2f69e6e9709f394ed43bdb9ba38",
                "e2e13c4886aa4fa8b89e3f0d17be80b2b103debe4e6b80391dbf008e1a55a8ac",
                "da224155ea0148f02f691549343e7cd3f82ec027eaa13d2b09fdc3a04a22e7cf",
                "cc0c2d46ab1ada89a5efe8bb51cde0b5ef73e1beeea010d8be4a7dd1907960c8",
                "9973ca5020ce759eb4e5690736e18e24cc40b1ad4c41309007609b26bb403a1f",
                "c2b704650c9a59db3fc54c554fcec1231974d35930e8b9d5deb625387f7876c3",
                "5de8440a8c5290a4b1405acb44ab42bfa32375e6dcbb5fbd29f1fed3b434eab4",
                "237b48d90927ec63d7a7c9129035f80ac2925915a7cf8a0adbcb81c9cadcdef8",
                "09fda603720f2a4dd9f7d326aa91359ddcf5562f02d8b89ce1cf3b21e1c20a32",
                "6f7fa111eecd157175fcfab0d190e9315bcb3997c81018802093b9f3dfcc9502",
                "f84cc5ab7a17ca914a7bf621224d4c65650f2cbaf2ccd07cecda1fd93c545b6d",
                "2de431c16591a803f4ec7e6ca010ed8f500e52a8d4f573b18826fc1849d9f840",
                "7746b28915c5d29c64c4a9b3b5dd81c55a7668257ee13eab83518c16464ab976",
                "daffccd87c1d4744c2c4b9a28ee45d9b9ba3d24d6858fb2091c7e4a0029fb4cd",
                "48181b1e1c35869841515cd9eccf04151ad6f0a67f1dfa03808abcb2f5be2f6c",
                "b02088a7368e038e4544da8ff12af8bdafeb3ea97857f090c5e3be4bb8037957",
                "836adb60a17cbc61a70a7327c4b714f3bdfc76ac26698e27d2e757d326472cb5",
                "81c93cc2241a1e80be266a54f11a2624444512a3deabb43d568fe6775f070c17",
                "db67e1311c20def3ae5a870730acecce83e4cb15fbd53889e5393a2a485a39bb",
                "589a33add3bb22ecac6c5e1737faa42cad168f8a87859f9afd65610db21a5566",
                "916f7ebe0cf2035abe6a3090f811bf9a344fb7eed3781ad501f7cd622a306e43"
            ],
            "type": "Document",
            "firstPartyCookies": {},
            "firstPartyCookiesSent": {},
            "exampleSites": [
                "thothub.online",
                "xxxhot.pro",
                "teenagepornx.com",
                "hiijav.com",
                "adultfuckhub.com",
                "hiijav.net",
                "arcjav.com",
                "www.freesexvideos.pro",
                "extremeporn.xyz",
                "xxx-porn-hub.com",
                "www.sexxxx.pro",
                "milfpornhub.site",
                "girlsgames4fun.com",
                "area-porno.net",
                "ojuporno.com",
                "italianvidxxx.com",
                "thotshub.tv",
                "porn-hab.com",
                "sexvideo.click",
                "momxmature.com"
            ]
        }
    ],
    "categories": [],
    "performance": {},
    "cookies": 0,
    "topInitiators": [
        {
            "domain": "tubecorp.com",
            "prevalence": 1
        }
    ],
    "types": {
        "Document": 22
    },
    "nameservers": [
        "ns3.digitalocean.com",
        "ns2.digitalocean.com",
        "ns1.digitalocean.com"
    ]
}