{
    "domain": "rusexclips.com",
    "owner": {},
    "source": [
        "DuckDuckGo-US"
    ],
    "prevalence": 0.00013,
    "sites": 18,
    "subdomains": [
        "code"
    ],
    "cnames": [],
    "fingerprinting": 1,
    "resources": [
        {
            "rule": "rusexclips\\.com\\/bens\\/vinos5\\.js",
            "cookies": 0,
            "fingerprinting": 1,
            "subdomains": [
                "code"
            ],
            "apis": {
                "Document.cookie getter": 10,
                "window.localStorage": 10,
                "Navigator.prototype.userAgent": 10,
                "Screen.prototype.width": 10
            },
            "sites": 11,
            "prevalence": 0.0000795,
            "cnames": [],
            "responseHashes": [
                "f71c6d84d5a9a43fcb2282ee36878563799372f7e30a738a0b61b56fc34c5921"
            ],
            "type": "Script",
            "firstPartyCookies": {},
            "firstPartyCookiesSent": {},
            "exampleSites": [
                "anal-porn.pro",
                "animeporno.club",
                "chastnoeporno.su",
                "gaybomba.top",
                "gayporno24.com",
                "gayzona.top",
                "porno24.tv",
                "pornoanime.club",
                "pornobaza24.com",
                "pornodomashka.com",
                "pornopodborka.pro"
            ]
        },
        {
            "rule": "rusexclips\\.com\\/bens\\/vinos\\.js",
            "cookies": 0.0000795,
            "fingerprinting": 1,
            "subdomains": [
                "code"
            ],
            "apis": {
                "window.localStorage": 10
            },
            "sites": 11,
            "prevalence": 0.0000795,
            "cnames": [],
            "responseHashes": [
                "c2f99921e4419017ed48efdd02e359c758ec23c56244b3b1f11b35a864af1252",
                "945f3e98c810e2b811e481310cfcddca7e190b3d33157c14184004cf42fc63df",
                "bee00cdba840e58db07d9be92ee247837a8f74d9aafb74daaf8f53d83e2f9ca8",
                "df9e17fa10bd9380063d5bc7933364d2161eb0adb6b5a3b1578037fc45a7f526",
                "003c7ea47ece7374fc571bda68f3df937a83337b7db908483cefba79edb9da62",
                "2323e6f57b1b4c27b2eb037fc4af57fa4c8db0c04703f1f2da0a21e0599ba08b",
                "f5145c326ea54d81fc90c9f995565a8b856c30f3dee2757b2ae251d4c9fb80d7",
                "e8b05f205e4c4b01dd59d33964318f58de755d7b01f79555c19ae5241c934c03",
                "911ddec2f496f87ee9795421b8361376f94261b59b10c612001bd9c5109ddd69",
                "eaa11e6d8e235c88cf98018ce30af21ac02d884d6567eed664462d68e3847f6c"
            ],
            "type": "Script",
            "firstPartyCookies": {},
            "firstPartyCookiesSent": {},
            "exampleSites": [
                "anal-porn.pro",
                "animeporno.club",
                "chastnoeporno.su",
                "gaybomba.top",
                "gayporno24.com",
                "gayzona.top",
                "porno24.tv",
                "pornoanime.club",
                "pornobaza24.com",
                "pornodomashka.com",
                "pornopodborka.pro"
            ]
        },
        {
            "rule": "rusexclips\\.com\\/files\\/audio\\.mp3",
            "cookies": 0,
            "fingerprinting": 0,
            "subdomains": [
                "code"
            ],
            "apis": {},
            "sites": 11,
            "prevalence": 0.0000795,
            "cnames": [],
            "responseHashes": [],
            "type": "XHR",
            "firstPartyCookies": {},
            "firstPartyCookiesSent": {},
            "exampleSites": [
                "anal-porn.pro",
                "animeporno.club",
                "chastnoeporno.su",
                "gaybomba.top",
                "gayporno24.com",
                "gayzona.top",
                "porno24.tv",
                "pornoanime.club",
                "pornobaza24.com",
                "pornodomashka.com",
                "pornopodborka.pro"
            ]
        },
        {
            "rule": "rusexclips\\.com\\/content\\/58144\\/3332664\\.gif",
            "cookies": 0,
            "fingerprinting": 0,
            "subdomains": [
                "code"
            ],
            "apis": {},
            "sites": 5,
            "prevalence": 0.0000361,
            "cnames": [],
            "responseHashes": [
                "73f7fe2cc8994fc2d7048f0ff35be3c1d558e658b25408b7aa8a6d38278f85db"
            ],
            "type": "Image",
            "firstPartyCookies": {},
            "firstPartyCookiesSent": {},
            "exampleSites": [
                "anal-porn.pro",
                "gayzona.top",
                "porno24.tv",
                "pornobaza24.com",
                "pornodomashka.com"
            ]
        },
        {
            "rule": "rusexclips\\.com\\/content\\/58144\\/3332664_2\\.jpg",
            "cookies": 0,
            "fingerprinting": 0,
            "subdomains": [
                "code"
            ],
            "apis": {},
            "sites": 5,
            "prevalence": 0.0000361,
            "cnames": [],
            "responseHashes": [
                "260f9a68be28c341f5181459263bc46133eebfcafac221776bca3005f66de731"
            ],
            "type": "Image",
            "firstPartyCookies": {},
            "firstPartyCookiesSent": {},
            "exampleSites": [
                "anal-porn.pro",
                "gayzona.top",
                "porno24.tv",
                "pornobaza24.com",
                "pornodomashka.com"
            ]
        },
        {
            "rule": "rusexclips\\.com\\/files\\/inpage\\/number\\.png",
            "cookies": 0,
            "fingerprinting": 0,
            "subdomains": [
                "code"
            ],
            "apis": {},
            "sites": 11,
            "prevalence": 0.0000795,
            "cnames": [],
            "responseHashes": [
                "a5332ad98c114f7b90ba7f401ff3a16753bd81355abb06b42d5ef76ae9d15f7f"
            ],
            "type": "Image",
            "firstPartyCookies": {},
            "firstPartyCookiesSent": {},
            "exampleSites": [
                "anal-porn.pro",
                "animeporno.club",
                "chastnoeporno.su",
                "gaybomba.top",
                "gayporno24.com",
                "gayzona.top",
                "porno24.tv",
                "pornoanime.club",
                "pornobaza24.com",
                "pornodomashka.com",
                "pornopodborka.pro"
            ]
        },
        {
            "rule": "rusexclips\\.com\\/files\\/inpage\\/sprite\\.svg",
            "cookies": 0,
            "fingerprinting": 0,
            "subdomains": [
                "code"
            ],
            "apis": {},
            "sites": 11,
            "prevalence": 0.0000795,
            "cnames": [],
            "responseHashes": [
                "13dbf87dd28bf5ef81ffa7ca883bb2b10ccca4544534a758f55d69808089b7e0"
            ],
            "type": "Image",
            "firstPartyCookies": {},
            "firstPartyCookiesSent": {},
            "exampleSites": [
                "anal-porn.pro",
                "animeporno.club",
                "chastnoeporno.su",
                "gaybomba.top",
                "gayporno24.com",
                "gayzona.top",
                "porno24.tv",
                "pornoanime.club",
                "pornobaza24.com",
                "pornodomashka.com",
                "pornopodborka.pro"
            ]
        },
        {
            "rule": "rusexclips\\.com\\/content\\/58143\\/3332663\\.gif",
            "cookies": 0,
            "fingerprinting": 0,
            "subdomains": [
                "code"
            ],
            "apis": {},
            "sites": 2,
            "prevalence": 0.0000145,
            "cnames": [],