{
    "domain": "rusexclips.com",
    "owner": {},
    "source": [
        "DuckDuckGo-US"
    ],
    "prevalence": 0.000115,
    "sites": 17,
    "subdomains": [
        "code"
    ],
    "cnames": [],
    "fingerprinting": 1,
    "resources": [
        {
            "rule": "rusexclips\\.com\\/bens\\/vinos5\\.js",
            "cookies": 0,
            "fingerprinting": 1,
            "subdomains": [
                "code"
            ],
            "apis": {
                "Document.cookie getter": 8,
                "window.localStorage": 8,
                "Navigator.prototype.userAgent": 9,
                "Screen.prototype.width": 9
            },
            "sites": 9,
            "prevalence": 0.000061,
            "cnames": [],
            "responseHashes": [
                "f231c71a9ad05eaca3c26a9a973206dace58408f0dbc4366577ecc225caa3f15"
            ],
            "type": "Script",
            "firstPartyCookies": {},
            "firstPartyCookiesSent": {},
            "exampleSites": [
                "anal-porn.pro",
                "animeporno.link",
                "chastnoeporno.su",
                "gaybomba.club",
                "mamashki.top",
                "porno-anime.com",
                "porno-aziatka.club",
                "pornobaza24.com",
                "pornopodborka.pro"
            ]
        },
        {
            "rule": "rusexclips\\.com\\/bens\\/vinos\\.js",
            "cookies": 0.000061,
            "fingerprinting": 1,
            "subdomains": [
                "code"
            ],
            "apis": {
                "window.localStorage": 9
            },
            "sites": 9,
            "prevalence": 0.000061,
            "cnames": [],
            "responseHashes": [
                "d1d714072c76069acb380a147669b44ab5fe78d2aa631353c13184259d09ad0b",
                "5e4b4d78808d1bf9ed6c9e98297ccaae7b0a738ffd94c63847da4f7e2216078d",
                "65f0a6ca3b062898bebf09edf803aa9be63093b5adacfc29cd2f61e405866440",
                "b63c8091cfb89e29d4f422fa46c32e001f83001629097b5266044c95d9d16ad2",
                "1550d66212e3cc5eb21ad44a44acd015f130420a7dc629259ce7acd32cc6c242",
                "07255d5aa4a5e946f90cc5ffda292d691a872d65eb9bcc1bb71d4255d98e8fea",
                "bfb08fc009cc1b0b3cb54697e25bb057fc9d7b95a23b04f99927b9a1245054e1",
                "47372ba45f7a04aa528d943dd31f98fd4941c1138cfee22d78dd68e56f6c1975"
            ],
            "type": "Script",
            "firstPartyCookies": {},
            "firstPartyCookiesSent": {},
            "exampleSites": [
                "anal-porn.pro",
                "animeporno.link",
                "chastnoeporno.su",
                "gaybomba.club",
                "mamashki.top",
                "porno-anime.com",
                "porno-aziatka.club",
                "pornobaza24.com",
                "pornopodborka.pro"
            ]
        },
        {
            "rule": "rusexclips\\.com\\/files\\/audio\\.mp3",
            "cookies": 0,
            "fingerprinting": 0,
            "subdomains": [
                "code"
            ],
            "apis": {},
            "sites": 9,
            "prevalence": 0.000061,
            "cnames": [],
            "responseHashes": [],
            "type": "XHR",
            "firstPartyCookies": {},
            "firstPartyCookiesSent": {},
            "exampleSites": [
                "anal-porn.pro",
                "animeporno.link",
                "chastnoeporno.su",
                "gaybomba.club",
                "mamashki.top",
                "porno-anime.com",
                "porno-aziatka.club",
                "pornobaza24.com",
                "pornopodborka.pro"
            ]
        },
        {
            "rule": "rusexclips\\.com\\/content\\/57959\\/3332479\\.gif",
            "cookies": 0,
            "fingerprinting": 0,
            "subdomains": [
                "code"
            ],
            "apis": {},
            "sites": 5,
            "prevalence": 0.0000339,
            "cnames": [],
            "responseHashes": [
                "73f7fe2cc8994fc2d7048f0ff35be3c1d558e658b25408b7aa8a6d38278f85db"
            ],
            "type": "Image",
            "firstPartyCookies": {},
            "firstPartyCookiesSent": {},
            "exampleSites": [
                "anal-porn.pro",
                "gaybomba.club",
                "mamashki.top",
                "porno-aziatka.club",
                "pornobaza24.com"
            ]
        },
        {
            "rule": "rusexclips\\.com\\/content\\/57959\\/3332479_2\\.jpg",
            "cookies": 0,
            "fingerprinting": 0,
            "subdomains": [
                "code"
            ],
            "apis": {},
            "sites": 5,
            "prevalence": 0.0000339,
            "cnames": [],
            "responseHashes": [
                "260f9a68be28c341f5181459263bc46133eebfcafac221776bca3005f66de731"
            ],
            "type": "Image",
            "firstPartyCookies": {},
            "firstPartyCookiesSent": {},
            "exampleSites": [
                "anal-porn.pro",
                "gaybomba.club",
                "mamashki.top",
                "porno-aziatka.club",
                "pornobaza24.com"
            ]
        },
        {
            "rule": "rusexclips\\.com\\/files\\/inpage\\/number\\.png",
            "cookies": 0,
            "fingerprinting": 0,
            "subdomains": [
                "code"
            ],
            "apis": {},
            "sites": 9,
            "prevalence": 0.000061,
            "cnames": [],
            "responseHashes": [
                "a5332ad98c114f7b90ba7f401ff3a16753bd81355abb06b42d5ef76ae9d15f7f"
            ],
            "type": "Image",
            "firstPartyCookies": {},
            "firstPartyCookiesSent": {},
            "exampleSites": [
                "anal-porn.pro",
                "animeporno.link",
                "chastnoeporno.su",
                "gaybomba.club",
                "mamashki.top",
                "porno-anime.com",
                "porno-aziatka.club",
                "pornobaza24.com",
                "pornopodborka.pro"
            ]
        },
        {
            "rule": "rusexclips\\.com\\/files\\/inpage\\/sprite\\.svg",
            "cookies": 0,
            "fingerprinting": 0,
            "subdomains": [
                "code"
            ],
            "apis": {},
            "sites": 9,
            "prevalence": 0.000061,
            "cnames": [],
            "responseHashes": [
                "13dbf87dd28bf5ef81ffa7ca883bb2b10ccca4544534a758f55d69808089b7e0"
            ],
            "type": "Image",
            "firstPartyCookies": {},
            "firstPartyCookiesSent": {},
            "exampleSites": [
                "anal-porn.pro",
                "animeporno.link",
                "chastnoeporno.su",
                "gaybomba.club",
                "mamashki.top",
                "porno-anime.com",
                "porno-aziatka.club",
                "pornobaza24.com",
                "pornopodborka.pro"
            ]
        },
        {
            "rule": "rusexclips\\.com\\/content\\/57958\\/3332478\\.gif",
            "cookies": 0,
            "fingerprinting": 0,
            "subdomains": [
                "code"
            ],
            "apis": {},
            "sites": 2,
            "prevalence": 0.0000136,
            "cnames": [],
            "responseHashes": [
                "73f7fe2cc8994fc2d7048f0ff35be3c1d558e658b25408b7aa8a6d38278f85db"
            ],
            "type": "Image",
            "firstPartyCookies": {},
            "firstPartyCookiesSent": {},
            "exampleSites": [
                "animeporno.link",
                "pornopodborka.pro"
            ]
        },
        {
            "rule": "rusexclips\\.com\\/content\\/57958\\/3332478_2\\.jpg",
            "cookies": 0,
            "fingerprinting": 0,