{
    "domain": "satismeter.com",
    "owner": {
        "name": "SatisMeter",
        "displayName": "SatisMeter"
    },
    "source": [
        "DuckDuckGo-US"
    ],
    "prevalence": 0.0000882,
    "sites": 13,
    "subdomains": [
        "app"
    ],
    "cnames": [],
    "fingerprinting": 2,
    "resources": [
        {
            "rule": "satismeter\\.com\\/satismeter\\.js",
            "cookies": 0.0000136,
            "fingerprinting": 2,
            "subdomains": [
                "app"
            ],
            "apis": {
                "Document.cookie getter": 4,
                "Navigator.prototype.platform": 4,
                "Navigator.prototype.product": 4,
                "Navigator.prototype.userAgent": 4,
                "Date.prototype.getTime": 2,
                "Document.cookie setter": 2
            },
            "sites": 4,
            "prevalence": 0.0000271,
            "cnames": [],
            "responseHashes": [
                "51893607fbc0a44b5eeeb19de446f2922abe6dc7ddca3132f1508cab8509c4eb"
            ],
            "type": "Script",
            "firstPartyCookies": {
                "sm_anonymous_id": {
                    "ttl": 31535999,
                    "length": 36,
                    "prevalence": 0.000013572664653388076,
                    "uniqueness": 1
                }
            },
            "firstPartyCookiesSent": {},
            "exampleSites": [
                "ckbk.com",
                "app.ckbk.com",
                "docs.gradle.org",
                "gradle.org"
            ]
        },
        {
            "rule": "satismeter\\.com\\/api\\/widget",
            "cookies": 0,
            "fingerprinting": 0,
            "subdomains": [
                "app"
            ],
            "apis": {},
            "sites": 8,
            "prevalence": 0.0000543,
            "cnames": [],
            "responseHashes": [
                "5dd1b75e2b7dd32de80a2831972f05dc833dc43eed5e196bf077d95a86eb7214",
                "6e93ebdf53fdb1a21af375bed538fa6145e51885221806df82e3ca10f0f14492",
                "ffc2afc910abda52be51576c9470a49c54aa0e3ea7903ca2b4a399ee14391774",
                "1ac510addfd33e02b466f43589ec7b2ddb7d247f4a846f3ae6a3e36ac7a9b984",
                "a34388f0ce4f30b863fe840811a27b2cd6185e894f7df5cc28caf66c686f9352",
                "ea73edac90559ef13e096853221a8445e6ac80e84b2ca246eee8ebcf506fed2c",
                "114cf5eac31d2b466757305c73f0f42ccd30a79ed1665e28e2ad498d1421d154"
            ],
            "type": "XHR",
            "firstPartyCookies": {},
            "firstPartyCookiesSent": {},
            "exampleSites": [
                "ckbk.com",
                "app.ckbk.com",
                "docs.gradle.org",
                "gradle.org",
                "openclassrooms.com",
                "www.movoto.com",
                "www.pickswise.com",
                "www.quiverquant.com"
            ]
        },
        {
            "rule": "satismeter\\.com\\/js",
            "cookies": 0.0000136,
            "fingerprinting": 2,
            "subdomains": [
                "app"
            ],
            "apis": {
                "Document.cookie getter": 4,
                "Navigator.prototype.platform": 4,
                "Navigator.prototype.product": 4,
                "Navigator.prototype.userAgent": 4,
                "Date.prototype.getTime": 2,
                "Document.cookie setter": 2
            },
            "sites": 4,
            "prevalence": 0.0000271,
            "cnames": [],
            "responseHashes": [
                "51893607fbc0a44b5eeeb19de446f2922abe6dc7ddca3132f1508cab8509c4eb"
            ],
            "type": "Script",
            "firstPartyCookies": {
                "sm_anonymous_id": {
                    "ttl": 31536001,
                    "length": 36,
                    "prevalence": 0.000013572664653388076,
                    "uniqueness": 1
                }
            },
            "firstPartyCookiesSent": {},
            "exampleSites": [
                "openclassrooms.com",
                "www.movoto.com",
                "www.pickswise.com",
                "www.quiverquant.com"
            ]
        }
    ],
    "categories": [],
    "performance": {},
    "cookies": 0.0000475,
    "types": {
        "Script": 8,
        "XHR": 8
    },
    "nameservers": [
        "ns-448.awsdns-56.com",
        "ns-887.awsdns-46.net",
        "ns-1113.awsdns-11.org",
        "ns-1788.awsdns-31.co.uk"
    ]
}