{
    "domain": "sda.fyi",
    "owner": {},
    "source": [
        "DuckDuckGo-US"
    ],
    "prevalence": 0.00237,
    "sites": 350,
    "subdomains": [],
    "cnames": [],
    "fingerprinting": 0,
    "resources": [
        {
            "rule": "sda\\.fyi\\/update",
            "cookies": 0.00125,
            "fingerprinting": 0,
            "subdomains": [],
            "apis": {},
            "sites": 185,
            "prevalence": 0.00125,
            "cnames": [],
            "responseHashes": [
                "44136fa355b3678a1146ad16f7e8649e94fb4fc21fe77e8310c060f61caaff8a",
                "c0088106f02de5f3c55e63c8c6d7b2c037d89c6d5bca2d66d2b3e9757661a811",
                "53c610e36c6230d7bd5007331b6d41a2be42415a4dbd3d4adb5af3a5c2352c49",
                "a9d38ca64650a322257481df8b848e8000a08728ea3da4e5d7a5c92eea0f034b",
                "10404d33b95791ad27e3b846442853a230247847390c6e3af76ee46475b2064f",
                "d64461f8e2dfd7918788f7c17c9c825fa0bf5119db18e94127fe6144c4df3edb",
                "88328c1dc071d1768ecf2db358beebbb3419fd627c0ddec44a8530f67209844a",
                "c186266ecbf284bd62b8975fc16606f0452bdcb931064078c40fd04f855b5044",
                "6bc27ebd8466fec55fcc618e65581ca4443fa229d2601654b7aad326bb14a0d0",
                "d6ed010caa8f74f8cb7e030b99a3884bd8788e379bdb0a6d9cee3a46c9a5ef28",
                "855e1cb54b4045a61b76002fc3650b79f544bd276f34c8c2b10e3ffd7bddf15a",
                "aaa067988cdf37b1e9a99bf1dc48e4afb41cb2e12e74049d5bdb88ee12fada1f",
                "69786420a419025b3c4c85fe29421424e2ab6a2461c32d5c085e9a23535ad06a",
                "4892c52d27644f34cb52c772446be085d2020f40414ac32d4f5f362ca6a8ce9c",
                "225ab395fb12fa9304a509f73604b97924662f6f226f55a020caaa400f5fcb90",
                "24ed9de7fc2666d7d8a7fd86bcc3244533763d74754752ee00cbed383ac00abb",
                "fa14ae9d55f8dc43ef78dc4ffd7d27505cc5b37afd642283de597d5d9564b86c",
                "e4b1b6e7197e734ff3de4bb6ffed6f3e1f19d84867b36c3b4df7d310d066a8ad",
                "2de6887f077daca7af328cc76dcb72a327281964902eccde12c2a1d85e8b223e",
                "baf14a31581ea12eca25e703182dd90d18fab7cfc9478f1c8db43728717906f6",
                "61349841b630b826ed6aa35eebad60941443b84e7c478d1acf28b21d64cceba3",
                "6cac7de8690a09703a1f917e5baca47955cdeba3bd9b0bf0bd9160da897c8398",
                "b91ffed02e7b91e37ed92213fb53c3cd918a636e912116ca124008334e10a835",
                "99b1e9d4d08cd73049dea8abace497247ebf754640afc16a54b4767efce4f5c0",
                "f0803604bec96afb77fe4baa5769414fad30990b83a05c2a44418de71a2d9de1",
                "6e80a719e45f7d446ead3a163df4f45e7c699519ebaf81af40452cc2840b3b97",
                "3a522d9ab79c44827966505d7f396abbd3820ed3701c85f86f333c7ef463aa27",
                "6928e0a20ec52a0706a87d5078be5fe89b83ad03f11c00a96e3ad22b6e2b75ae",
                "a55d219320ae4eed38110afd5b9c8699403531230c1acee79eaefcc01e546c1a",
                "942424b570c3833c91d49d2f2e532efb57eddbc7b22eccba49ab89973d9f15a4",
                "147862f16229b8e7335d5649bbc487ad8b1dd03d1d1430a8dde5a8c07558c887",
                "aa55a20ec987d7c0b9707d6c605ce048ac46fa4bfe2aa4454c75124c86830c0a",
                "aee63a63d99d2214ab1adb444060e4d7c8ded6ef094953891e6698dfc380b21b",
                "d21dcfc04c7d5f975b8a1449a0002593a5bdc3f5a34905979532ac2c51c37568",
                "cc9fed44e9f7628938b5e9425643790a49ff1eb5077b17782e05c21e1fa95102",
                "1f0bee0540dec78c3b05d431d829882e5faa2db31258c97182120a128158a365",
                "2be8626749f437b6aff33fc04aea79621f21ef6c427b48dbba89f30507a47bbe",
                "8da9aaebb9cabc7b20d1643a72c9f726b0b066e96d0df279b6d26a4ab10fc881",
                "2f80bd3b756ab2137f830b6c275c4df46b269a54b9a42153002544f462d76980"
            ],
            "type": "XHR",
            "firstPartyCookies": {},
            "firstPartyCookiesSent": {},
            "exampleSites": [
                "furiousgrill.com",
                "eatingrichly.com",
                "www.networkstraining.com",
                "www.shoulder-pain-explained.com",
                "animalpath.org",
                "primewikis.com",
                "realitytvupdates.com",
                "www.spreadsheetclass.com",
                "www.wildtattooart.com",
                "hurrythefoodup.com",
                "streamsentials.com",
                "www.mousehacking.com",
                "spanishsabores.com",
                "soreyfitness.com",
                "huehomelighting.com",
                "soundproofliving.com",
                "themoneyninja.com",
                "carwiki.de",
                "www.traveltomtom.net",
                "bisonbrew.com"
            ]
        }
    ],
    "categories": [],
    "performance": {},
    "cookies": 0.00237,
    "types": {
        "XHR": 185
    },
    "nameservers": [
        "ruth.ns.cloudflare.com",
        "peyton.ns.cloudflare.com"
    ]
}