{
    "domain": "searchunify.com",
    "owner": {},
    "source": [
        "DuckDuckGo-US"
    ],
    "prevalence": 0.0000614,
    "sites": 9,
    "subdomains": [
        "al241907p",
        "fn152111p",
        "ql072012p",
        "databricks",
        "bc281020p"
    ],
    "cnames": [
        {
            "original": "searchunify.broadcom.com",
            "resolved": "bc281020p.searchunify.com"
        }
    ],
    "fingerprinting": 1,
    "resources": [
        {
            "rule": "searchunify\\.com\\/resources\\/Allow\\/an\\.js",
            "cookies": 0.0000341,
            "fingerprinting": 1,
            "subdomains": [
                "al241907p",
                "fn152111p",
                "ql072012p",
                "databricks",
                "bc281020p"
            ],
            "apis": {
                "Document.cookie getter": 5,
                "Date.prototype.getTime": 5,
                "Document.cookie setter": 4
            },
            "sites": 6,
            "prevalence": 0.0000409,
            "cnames": [
                {
                    "original": "searchunify.broadcom.com",
                    "resolved": "bc281020p.searchunify.com"
                }
            ],
            "responseHashes": [
                "a7e6a1ec2606d48a2975fd87e223b1c3d150d63dde16e228b006d5dadec75702",
                "6a286e944626b5c482baf3522ebcb21f445b646dd096da8a2ec1fcaec1151c39",
                "52a54acee0968f32595a9cb60d1ea63e851576850b6f624bc7a23549f7388753",
                "0ce01d36df9fe8416990c2024810b7292e81c17707a973c02ca298d5685b38f3",
                "3d871202977d066cfe721a6c28042e2255ad2a6526af3653e40d9e0018f7a534"
            ],
            "type": "Script",
            "firstPartyCookies": {
                "_gz_sid": {
                    "ttl": 3600,
                    "length": 16,
                    "prevalence": 0.00002727880300612409,
                    "uniqueness": 1
                },
                "smartFacets": {
                    "ttl": 3600,
                    "length": 4,
                    "prevalence": 0.00002727880300612409,
                    "uniqueness": 0.25
                },
                "_gz_taid": {
                    "ttl": 31536001,
                    "length": 16,
                    "prevalence": 0.00002727880300612409,
                    "uniqueness": 1
                }
            },
            "firstPartyCookiesSent": {},
            "exampleSites": [
                "alteryx.com",
                "community.alteryx.com",
                "community.fortinet.com",
                "community.qlik.com",
                "docs.databricks.com",
                "knowledge.broadcom.com"
            ]
        },
        {
            "rule": "searchunify\\.com\\/resources\\/search_clients_custom\\/a7f8ff43-b37c-11e9-ad2e-06908fe445c6\\/searchbox\\.js",
            "cookies": 0,
            "fingerprinting": 1,
            "subdomains": [
                "al241907p"
            ],
            "apis": {
                "Navigator.prototype.userAgent": 2,
                "window.localStorage": 2
            },
            "sites": 2,
            "prevalence": 0.0000136,
            "cnames": [],
            "responseHashes": [
                "9dbe18fa541df30873ef0a4d3ea9bf324563d49eb19b7681974e20759d4f76b8"
            ],
            "type": "Script",
            "firstPartyCookies": {},
            "firstPartyCookiesSent": {},
            "exampleSites": [
                "alteryx.com",
                "community.alteryx.com"
            ]
        },
        {
            "rule": "searchunify\\.com\\/resources\\/search_clients_custom\\/a7f8ff43-b37c-11e9-ad2e-06908fe445c6\\/searchbox\\.css",
            "cookies": 0,
            "fingerprinting": 0,
            "subdomains": [
                "al241907p"
            ],
            "apis": {},
            "sites": 2,
            "prevalence": 0.0000136,
            "cnames": [],
            "responseHashes": [
                "5e215fb21951e0eea743c407fb6723a679a67cf5ce3c04fdba6f96077a637f6e"
            ],
            "type": "Stylesheet",
            "firstPartyCookies": {},
            "firstPartyCookiesSent": {},
            "exampleSites": [
                "alteryx.com",
                "community.alteryx.com"
            ]
        },
        {
            "rule": "searchunify\\.com\\/analytics\\/track\\.png",
            "cookies": 0.0000409,
            "fingerprinting": 0,
            "subdomains": [
                "al241907p",
                "fn152111p",
                "ql072012p",
                "databricks",
                "bc281020p"
            ],
            "apis": {},
            "sites": 6,
            "prevalence": 0.0000409,
            "cnames": [
                {
                    "original": "searchunify.broadcom.com",
                    "resolved": "bc281020p.searchunify.com"
                }
            ],
            "responseHashes": [
                "601b885eb9a7cdc51db278d06b08baf39aea91417d192ccf3cb7d6943d5dbf54"
            ],
            "type": "Image",
            "firstPartyCookies": {},
            "firstPartyCookiesSent": {
                "_gz_sid": 0.00002727880300612409,
                "_gz_taid": 0.00002727880300612409
            },
            "exampleSites": [
                "alteryx.com",
                "community.alteryx.com",
                "community.fortinet.com",
                "community.qlik.com",
                "docs.databricks.com",
                "knowledge.broadcom.com"
            ]
        },
        {
            "rule": "searchunify\\.com\\/resources\\/search_clients_custom\\/8021d0dd-1517-11ec-b3e2-0242ac12000d\\/searchbox\\.js",
            "cookies": 0,
            "fingerprinting": 1,
            "subdomains": [
                "fn152111p"
            ],
            "apis": {
                "Navigator.prototype.userAgent": 1,
                "window.localStorage": 1,
                "Event.prototype.timeStamp": 1
            },
            "sites": 2,
            "prevalence": 0.0000136,
            "cnames": [],
            "responseHashes": [
                "532484f4de5cc4b9b2b98017fa86d1fd09fdce49ffa3d63dfa00b20686a4b49f"
            ],
            "type": "Script",
            "firstPartyCookies": {},
            "firstPartyCookiesSent": {},
            "exampleSites": [
                "fortinet.com",
                "community.fortinet.com"
            ]
        },
        {
            "rule": "searchunify\\.com\\/resources\\/search_clients_custom\\/8021d0dd-1517-11ec-b3e2-0242ac12000d\\/searchbox\\.css",
            "cookies": 0,
            "fingerprinting": 0,
            "subdomains": [
                "fn152111p"
            ],
            "apis": {},
            "sites": 2,
            "prevalence": 0.0000136,
            "cnames": [],
            "responseHashes": [
                "c9d1bc99d0df3f5637b94c720abd34dd07119c85145e8fc67257d1709d566327"
            ],
            "type": "Stylesheet",
            "firstPartyCookies": {},
            "firstPartyCookiesSent": {},
            "exampleSites": [
                "fortinet.com",
                "community.fortinet.com"
            ]
        },
        {
            "rule": "searchunify\\.com\\/resources\\/search_clients_custom\\/cb43fd48-5178-11eb-8a9b-0242ac120002\\/searchbox\\.css",
            "cookies": 0,
            "fingerprinting": 0,
            "subdomains": [
                "ql072012p"
            ],
            "apis": {},
            "sites": 2,
            "prevalence": 0.0000136,
            "cnames": [],
            "responseHashes": [
                "3eb4df3c5c012204c75f7427315eb6b1db6b7d0d2a868a01a4826d0354e35c08"
            ],
            "type": "Stylesheet",
            "firstPartyCookies": {},
            "firstPartyCookiesSent": {},