{
    "domain": "secureaddisplay.com",
    "owner": {},
    "source": [
        "DuckDuckGo-US"
    ],
    "prevalence": 0.000291,
    "sites": 42,
    "subdomains": [],
    "cnames": [],
    "fingerprinting": 1,
    "resources": [
        {
            "rule": "secureaddisplay\\.com\\/au\\/bmd\\/",
            "cookies": 0.00009,
            "fingerprinting": 0,
            "subdomains": [],
            "apis": {},
            "sites": 13,
            "prevalence": 0.00009,
            "cnames": [],
            "responseHashes": [
                "e35ef19c3a66137e22a16051e97a33339d991929ef58abe2ad987b7f614bacf3",
                "cdf82f28a9581c04107346d54392f3707de97279e7e9b2b513e0c59c9347aea3",
                "d6612d686f457a2f14d656e81c624fdd485fcad45e0dc1d81099563baca782e8",
                "6461ff62a95177b52400ae234a6e7bc46581358a83f0633a50ef61c8df192081",
                "cafef74e74a2c2c31c4667269f04913beeff928c900026d962520f3b2408dac8",
                "b49b3570a9b9877ca80e38e16b7c20d6939e9d45e13d7718359fee114a419d53",
                "e2e421bafe3655409952b020c8b0a96eaff727d5b6d57571c311d8eda78f197c",
                "e3a722ff9fb88346fd49c8cd84809d0b2e9bd611bda5506002e9d2c3c999280f",
                "f8c522a3128c18c324e271c6d48c0d6e0be1aa84a75e4ca01833dd97efe861aa",
                "696123658a681fe92c7f65048f03c5385fe50bfb40cc35feffc59f93901cbc8f",
                "2ce5c4e8b02ba36f7b6217efe57c1c27c5e4532fa698a913b943f1be54235f8a",
                "1cf91db21be2318144c57e95e35fcc1ab6b2778ea82a892602240d6b7383c531"
            ],
            "type": "Script",
            "firstPartyCookies": {},
            "firstPartyCookiesSent": {},
            "exampleSites": [
                "americanpregnancy.org",
                "catholicexchange.com",
                "catholicstand.com",
                "ipwithease.com",
                "onepeterfive.com",
                "the-american-catholic.com",
                "www.aciprensa.com",
                "www.americamagazine.org",
                "www.catholic365.com",
                "www.catholicworldreport.com",
                "www.crisismagazine.com",
                "www.ncregister.com",
                "www.newadvent.org"
            ]
        },
        {
            "rule": "secureaddisplay\\.com\\/ctp\\/js\\/",
            "cookies": 0,
            "fingerprinting": 1,
            "subdomains": [],
            "apis": {
                "Document.cookie getter": 2
            },
            "sites": 2,
            "prevalence": 0.0000138,
            "cnames": [],
            "responseHashes": [
                "4e5cba58585d90a7a232d1d50e71c5fde1f7cff4295e13ba0f1f6d95a8b3242d"
            ],
            "type": "Script",
            "firstPartyCookies": {},
            "firstPartyCookiesSent": {},
            "exampleSites": [
                "ascensionpress.com",
                "cruxnow.com"
            ]
        },
        {
            "rule": "secureaddisplay\\.com\\/au\\/",
            "cookies": 0.0000761,
            "fingerprinting": 0,
            "subdomains": [],
            "apis": {},
            "sites": 12,
            "prevalence": 0.0000831,
            "cnames": [],
            "responseHashes": [
                "d657ac252f26cd4be9a4b99127b251b32ce5bd2571cafbe2509661fce179a166",
                "bcc5fe7dccf16f65d1aabf8468ca61aa82ef18d91e74bab97896ef666511c9bf",
                "a5ef50de51896db9b664dddfd5dd380f82d1406e3e34df5846aeeeacebde84fe",
                "2a54489b048591b44d3476feabee6f09d6b76c4ff578a2e939e4a386317536cf",
                "cf67232ff98476e1180767325c8a4d175bb8744831612c0ea3df64c43fedb50b",
                "a9778ee323d229c1332557c67115acb6d1f040404a6aa13faa8ca73c21f56a76",
                "db0f679d89293d3366192b5b65f033a67bad857fe589fbb1ed839175c2682246",
                "cf60892f696d8a530c88bc08a4ad83d58373cb1c11466ef4eabc6576da562236",
                "18870d265c65c84c0e0822473bd9217f4fc5bdc8ae3b4c8a3afaea796aaa7065",
                "659feb9d3d0a8119aa1c81561ef920dbb8b1b25aa530318da4215ad152074971"
            ],
            "type": "Script",
            "firstPartyCookies": {},
            "firstPartyCookiesSent": {},
            "exampleSites": [
                "canon212.com",
                "catholicreadings.org",
                "catholicstand.com",
                "mycatholic.life",
                "the-american-catholic.com",
                "ucatholic.com",
                "uscatholic.org",
                "www.aciprensa.com",
                "www.catholic365.com",
                "www.catholicnewsagency.com",
                "www.catholicworldreport.com",
                "www.ourcatholicprayers.com"
            ]
        },
        {
            "rule": "secureaddisplay\\.com\\/get\\/au\\/",
            "cookies": 0,
            "fingerprinting": 0,
            "subdomains": [],
            "apis": {},
            "sites": 9,
            "prevalence": 0.0000623,
            "cnames": [],
            "responseHashes": [
                "d316a7dddf8964b7e59ec71035fefd2ec4f16cfc12735eaad20a2d6625fd4548",
                "0914e48adae412f60e97bef95ebcffee44cf9a5cf8473afa7a5c5846db478636",
                "6c0cafa1f0beaf84fcb7042caa476c691be6e3f0b9d372e6f5be7a1d21766c3a",
                "a74c52ddeaa9becd57ba04167e538e48c7f88e5d8522e359a1fbe6a7c6b2156f",
                "8b91b627cd912c7b8071f2823a855ab7d6bf2bb024355760d0a562458979a01f",
                "5e5227f5034639c192b00f5574ddfcf800a9e4ae0fd1d092ccf1f5b895617e9c",
                "409cff1248ba832a2ff5d0d7e3d47e0da990ebd0bc4092ec2fa0b30c32ad4f31",
                "521ad732ea7dbce92120c7859d7bc314ad09ec2dd4dc5f91b56a862c114e0fe8"
            ],
            "type": "Script",
            "firstPartyCookies": {},
            "firstPartyCookiesSent": {},
            "exampleSites": [
                "canon212.com",
                "catholicreadings.org",
                "catholicstand.com",
                "mycatholic.life",
                "the-american-catholic.com",
                "uscatholic.org",
                "www.aciprensa.com",
                "www.catholicworldreport.com",
                "www.ourcatholicprayers.com"
            ]
        },
        {
            "rule": "secureaddisplay\\.com\\/cksync\\/set\\/",
            "cookies": 0.0000623,
            "fingerprinting": 0,
            "subdomains": [],
            "apis": {},
            "sites": 9,
            "prevalence": 0.0000623,
            "cnames": [],
            "responseHashes": [
                "83a111f061d448b42dfc2bc2958cd5f1ac2b4f1c65da9824934d7203e964f6c0"
            ],
            "type": "Script",
            "firstPartyCookies": {},
            "firstPartyCookiesSent": {},
            "exampleSites": [
                "canon212.com",
                "catholicreadings.org",
                "catholicstand.com",
                "mycatholic.life",
                "the-american-catholic.com",
                "uscatholic.org",
                "www.aciprensa.com",
                "www.catholicworldreport.com",
                "www.ourcatholicprayers.com"
            ]
        },
        {
            "rule": "secureaddisplay\\.com\\/i\\/view\\/js\\/",
            "cookies": 0,
            "fingerprinting": 0,
            "subdomains": [],
            "apis": {},
            "sites": 4,
            "prevalence": 0.0000277,
            "cnames": [],
            "responseHashes": [
                "e3b0c44298fc1c149afbf4c8996fb92427ae41e4649b934ca495991b7852b855"
            ],
            "type": "Document",
            "firstPartyCookies": {},
            "firstPartyCookiesSent": {},
            "exampleSites": [
                "catholicreadings.org",
                "catholicstand.com",
                "the-american-catholic.com",
                "www.aciprensa.com"
            ]
        },
        {
            "rule": "secureaddisplay\\.com\\/ctp\\/js\\/lp\\/",
            "cookies": 0,