{
    "domain": "serieslife.online",
    "owner": {},
    "source": [
        "DuckDuckGo-US"
    ],
    "prevalence": 0.0000677,
    "sites": 10,
    "subdomains": [],
    "cnames": [],
    "fingerprinting": 0,
    "resources": [
        {
            "rule": "serieslife\\.online\\/frndnp\\.php",
            "cookies": 0,
            "fingerprinting": 0,
            "subdomains": [],
            "apis": {},
            "sites": 8,
            "prevalence": 0.0000542,
            "cnames": [],
            "responseHashes": [
                "f3ec41193b875e4d7a5aa2937a19d96876394e3514c9e13d879682c134e9022d",
                "1f7b6748f079eeebe5895203de4ba7b33c8be09557fbaef02d8a8e42cba0b44e",
                "61031086c9c00f99712e55879b68b9212ec156792a8f6afb260352bad62be117",
                "e588cda9f32e3b80ca86a4d6c1c26107f84483477e450219bdeb8aad2932848b",
                "579520033b4caba90abb535ac1057daa28d869a2229596be8a071376a04f52d5",
                "77a6d89f34793e7c3e207f37592797da4f2db8315d1eb74c12f29719a1d55779",
                "9b8fbef8cccc2b57cc820837e45ff99ec9e116cf8ca1ac63ebfeb78650993a97"
            ],
            "type": "Script",
            "firstPartyCookies": {},
            "firstPartyCookiesSent": {},
            "exampleSites": [
                "kinozal.tv",
                "ogrom.ru",
                "onlinemultfilmy.ru",
                "rutor.info",
                "w140.zona.plus",
                "www.cyberforum.ru",
                "www.fast-torrent.ru",
                "www.rutor.info"
            ]
        }
    ],
    "categories": [],
    "performance": {},
    "cookies": 0,
    "topInitiators": [
        {
            "domain": "vak345.com",
            "prevalence": 1
        }
    ],
    "types": {
        "Script": 8
    },
    "nameservers": [
        "cloe.ns.cloudflare.com",
        "george.ns.cloudflare.com"
    ]
}