{
    "domain": "servingcdn.net",
    "owner": {},
    "source": [
        "DuckDuckGo-US"
    ],
    "prevalence": 0.000157,
    "sites": 23,
    "subdomains": [],
    "cnames": [],
    "fingerprinting": 1,
    "resources": [
        {
            "rule": "servingcdn\\.net\\/",
            "cookies": 0,
            "fingerprinting": 1,
            "subdomains": [],
            "apis": {
                "window.localStorage": 16,
                "Navigator.prototype.userAgent": 2,
                "Navigator.prototype.platform": 2
            },
            "sites": 16,
            "prevalence": 0.000109,
            "cnames": [],
            "responseHashes": [
                "487de2f28487ee2323771ba3b59770b51238786f35b84afe9cd0f57a7764352c",
                "e2656c79139c0fc21b4ef3cf0bc67ebe47464c8da9250c2afd7dfef2813f7c6a",
                "af6e31c3b239d22ee787c2264e8443dee1e90aff2b737a92bd2b2d29ee8100fb",
                "767272e43733bdf258f2d3b894e62160a1b5f5e357af018f9596c5b2c0f6d63d",
                "0a22a5daa3ca07f388fe7f41f1335e14eee9faed8c593a358283c999b0d7bddb",
                "f052f7d004e4af8022fa150c132ec9477985854e4b7cf317a4f2c87c1abaf2bd",
                "869605ceb55f33d5e90c63da6da3c0b3511a0b0d2a42a30a177eab7d6309c9aa",
                "3077b098eb7612874dd27984cf651c7eccfdde5f58c7123ef682c6c440648b79",
                "df35cf5f85ff039467d473d6770df8d771efbf811a6197ab590a969d95e1f90f",
                "f008eb9bb4dd826aeb377ba79a7b63a1e017ee5eba17ad089feb4fb101561d12",
                "147bfb30c42b793fc8d0c83783db63708970a354805aba3cb25e30dc436157dc",
                "204a8fa6bfe07d71c24828e17494cbadfc6bdf4cae7501ee606994c22752a911",
                "40fdf4d71eec777423f57b181809aa33d000785d6adfae797322228e433b38d3",
                "0568d4086e1cda30a9b3669bcebfbcc7cd8602d4a5b33c797cd9fabeb44ca3df",
                "fefb74349a6cf6ce760ececd07480b7c1877dc4acaebf73a766d0241bddbc449"
            ],
            "type": "Script",
            "firstPartyCookies": {},
            "firstPartyCookiesSent": {},
            "exampleSites": [
                "economipedia.com",
                "es.justexw.com",
                "exitoina.perfil.com",
                "hombre.perfil.com",
                "horoscoponegro.com",
                "poemas.yavendras.com",
                "www.a24.com",
                "www.alertadigital.com",
                "www.demilked.com",
                "www.efe.com",
                "www.futubandera.cl",
                "www.misterpoll.com",
                "www.perfil.com",
                "www.rosario3.com",
                "www.songstraducidas.com",
                "www.techweekmag.com"
            ]
        }
    ],
    "categories": [],
    "performance": {},
    "cookies": 0,
    "types": {
        "Script": 16
    },
    "nameservers": [
        "ns-219.awsdns-27.com",
        "ns-647.awsdns-16.net",
        "ns-1605.awsdns-08.co.uk",
        "ns-1294.awsdns-33.org"
    ]
}