{
    "domain": "setupad.net",
    "owner": {},
    "source": [
        "DuckDuckGo-US"
    ],
    "prevalence": 0.000669,
    "sites": 98,
    "subdomains": [
        "prebid-stag"
    ],
    "cnames": [],
    "fingerprinting": 0,
    "resources": [
        {
            "rule": "setupad\\.net\\/cookie_sync",
            "cookies": 0,
            "fingerprinting": 0,
            "subdomains": [
                "prebid-stag"
            ],
            "apis": {},
            "sites": 70,
            "prevalence": 0.000478,
            "cnames": [],
            "responseHashes": [
                "12d0f12dc6f4adf51675f6d29ec56a681aaf525d94ea2cc471de96a64f1908b7",
                "5bf0c7d5575c5d6d081844c10fb04ae2c8b7b1e80b41b77290f4dd129311d307",
                "51d30a33bf426912e29d50e1c0611466221c81b7ae0c4bbaa651686f5d34971d",
                "c4f9e57126240a465beee3b29fcb0bc051859067cddaac4091fe53cf952a7be4",
                "57ce2b08ef8da65d0f5627d6e41c7725efd32d3e377dea3c91025a375ae93fdf",
                "3b341c71d8f25189a828ad06ffc48dd6fe4c19c05f4879c64aa62af2cdcd7419",
                "4e2abecf0aa2d13600731134b954c5630fdf53d49daf4d18203e9e88612d5454",
                "0d87844c9226179ba3929b7be38277e1a92c468dff360067bc451f062cfc5b42",
                "12a50f9111be3d47b1d2a83e48051df21b5dd5f4f1a6c692396b874a76fd4a53",
                "acd2b7392851ac3c558c98b96902ad65c0c081066a34630e833f3f20c16b2bd7",
                "e835aff0b539d486f4108780a2757c426ee5e7e9e013c745bfcf28aff36ca6c0",
                "be038188cb8dce26d14376e53ec0ec8b14e14cc7bc4e6e37e2801df145f81280",
                "e34ce276f004e6e9ff3a2311f7c7b973d95853319c214b23871990b79ef3c408",
                "cababc5dc4755b6a2b3de47664173b51961ec4100676ca515ee8f48ff05f250c",
                "7ed5ed40d7ae8555a3be6417fbee257f8bd0952722d7afb372073aee5fae5a04",
                "f07c914949aea0f6d0e79928157d731e836d85f0c0240a1d59d2b90a68d4f334",
                "b40cb37702767be32ed0e2fa042470c5bc3af78f57f1c427546d4805e6ddba67",
                "347f7c20d642bd2501bb72b9befb6a81a39c1ebeb9ccdcd855c48745f4b00d6e",
                "9a0d11baa242635e9c047a6b14260056fe39138ffea2631afef122b2fbb5848b",
                "fe24b5fae342bc373dee2b87eb3b900964cc00659bc0ddad4171f5843306e4f4",
                "fe0d9b0c47e56700062e1e6cfcaa084f5bfd85a7901721f9c8ce651b60c59a6a",
                "0f939690384a57add634b95efa085a214dfedb8a5b93794657effa89fa177de9",
                "f05e79e534f6bdbac944b59d549bb78a01fdf13a6ba13773b393f740b05a2375",
                "dec95680f73067754eebd0d510ac28c1167102c8131282c47f920d919382767e",
                "d3802cdb0b884fc535e802b867a0d534b38317c35b0f817eb92f77809686b843",
                "1bbb1c52e813b5cf9f9e23bbc184bdf7350d7c1f0fad05c82aa75c3b520a490c",
                "f2674dd9cbc6dd7ddcab91df0424ab33572e35e1c46ac5eb8181a74c8afcb552",
                "de5c9583fadd877f0ec313822b9f14d6518dd0ce1c1d2862a980980fb3f1ddcb",
                "c6d73dd9e767850b31fa3c8065126b3e7460f052a08e62e7f70acab0c23a8cb5",
                "7b59b58d9ad541976adcf850ca57736942d576f0855c0532c15aeca36bf34233",
                "da546944ea4ba4f304967b93140af1ed834a27ac320a7550b7f67bd53fc0a308",
                "8cabb8fe7a938352ca5f42f878e7c41c3028d721916cd656f10b282d42fef102",
                "87a9b0c0dc3a6cf4a5805c8cc2e6cdf383f2fa349d34742a777c3b3763436203"
            ],
            "type": "XHR",
            "firstPartyCookies": {},
            "firstPartyCookiesSent": {},
            "exampleSites": [
                "www.ghlinks.com.gh",
                "thenationonlineng.net",
                "www.significados.com.br",
                "gaming-fans.com",
                "www.sohu.com",
                "ezgif.com",
                "justuseapp.com",
                "www.respublika.lt",
                "www.misterpoll.com",
                "www.todamateria.com.br",
                "python.tutorialink.com",
                "www.greatbritishchefs.com",
                "tofubud.com",
                "javascript.tutorialink.com",
                "www.investorvillage.com",
                "tellygupshup.com",
                "www.polovniautomobili.com",
                "booksrelease.com",
                "www.averagesalarysurvey.com",
                "thelandofcolor.com"
            ]
        },
        {
            "rule": "setupad\\.net\\/openrtb2\\/auction",
            "cookies": 0,
            "fingerprinting": 0,
            "subdomains": [
                "prebid-stag"
            ],
            "apis": {},
            "sites": 70,
            "prevalence": 0.000478,
            "cnames": [],