{
    "domain": "sezzle.com",
    "owner": {},
    "source": [
        "DuckDuckGo-US"
    ],
    "prevalence": 0.000967,
    "sites": 142,
    "subdomains": [
        "widget",
        "media",
        "checkout-sdk"
    ],
    "cnames": [],
    "fingerprinting": 1,
    "resources": [
        {
            "rule": "sezzle\\.com\\/v1\\/javascript\\/price-widget",
            "cookies": 0,
            "fingerprinting": 1,
            "subdomains": [
                "widget"
            ],
            "apis": {
                "Document.cookie getter": 42,
                "window.innerWidth": 1
            },
            "sites": 63,
            "prevalence": 0.000429,
            "cnames": [],
            "responseHashes": [
                "8609924ab1f19e5d8b778fca14acd796882896afbb19513ce0318f957f458eeb",
                "332bf9ee82309cc44ac7791438e3050667805569c5e1f63326cf485c600ed78b",
                "1877b4a5d212694a09b898dd78099e8e7d094ed020eea0249104bb787ebad6d4",
                "789f51343864038d7de035197ced2a0c824b9acc487a7f5aef56941cc78a7349",
                "082939ce7e1f344ad27b298411e3eb9c50993d4a81f18edd3cb861eb855bbdbd",
                "3c918eb6e6896f180b1063cbe4b4be8ade0396217e48e9ee07df5001b2cc3e09",
                "8fa14da03efdf883cc68839aa675874a3049f68c45a02443ebd75522d870ee3a",
                "6bf129efc5fc3cea00780a1ac434609dbe8261f87f089f02e60524b0683d1094",
                "94c0f8e146c24af34d242f390367850ed6d85c1b8268287f997bbe2fd8c58de5",
                "a7d70f488e43917ffa1d80e33594387eb892e9ce8eaf5f0ea8bd3a0f47cbe192",
                "8ab825e608fb3927242e240bf8761c40d0308615aa05cfab9575a1576040bb52",
                "e22058b742ed30adc00c388ce3507e78693892b8ee2e40e524deafe5c4fd0735",
                "988730c50469021208ae7db6d9112e118936e1084ecd88227a31d53a1f81b559",
                "334f040c1e3bd37bf1335b9906b957119c76f1c94493598179e1365e1e5864ae",
                "2c5545bb3dbac7fbf459bdbf81fca88854dee926d6e59e390e64f9718a073e21",
                "2115c21cbec9436834c7d994c9934ec9fb9606cceebdd14cdb6590947ce3315c",
                "bef4f8bd6fe561f7e2f77c77f1ba536918d408f6616ec3740e753e27e9bba7ee",
                "b50c8da4a4aea693a22688c7a3153d9a34ba6082588eab63957507287d82ee11",
                "cf14c0545ba8a49e669cd126a059cd228a7e22d12ed99453de877f5c6144cf23",
                "0cd040b5f7d5b902f2e7be029a747a210eff3215703f97d062369a11cce4e8a2",
                "3d56764ea6c4a52283c32954501fe3c3e76b0e7dfceb71216ebd5dd837521fe6",
                "eaab97ddbceaec256fbce6b69eb3946aef7328cb8b286a765b23f3072c887e43",
                "da68ef04ece2b01eb92f0e6193de4b52d38be0db974551e11cfd609ba3ec5c15",
                "c9574b5d8ae2d931d742eabe2ffb88aa98eff435a911e436119d8d45f459835c",
                "bd6c0d0fade3a651f9448fe9b0ad2a9f8e587906d4873f9914c0ed9b22c2fae2",
                "e9f5daf7d849bfd117c0f254113d4660dc58b1930e556673ee8328e4fb9f4b30",
                "abf0200d8dae1e97a4391b1bb460fb320a328ba898a3c013ac97796ed510da9a",
                "4681c993be3b29187a3a5faecda27be76c3e59678d503e108a7673061538738a",
                "d34f50b43c52a59f9747fda1a6ab5a1ee272e0803a6143889b49d750719368ba",
                "63f19c5c027b72a79ec8734459b8e85bd1176056128780501967209285466da7",
                "82e07f5d3edbebe8c499fce015c1d29d499d034cea3348153d9db803aecaa1f0",
                "136504a5dc07cc68b4bc57c875f6486217e84e8e4c0b7180f7ec9ec7978a4aaf",
                "71abe0c044759b646d142341de3db90a07392e3c50e27f9898586417cd1d801a",
                "a2630a13841c29e62ff7a852e317d93e7aed9150df26f6b22b99898f361f70d3",
                "bc3214e628b3dbe67e6e62a69aa73562d472ff16f18e5c20ff449b622814fbd6",
                "ec1ea222e8ff10536ca6009424e7b1a41121cd31125fb915b309497b20cb37c5",
                "22b1ed740730ca4bd6f8c0370d35d40f6f6295d3f7d07f47fa65bcf2f9ec6824",
                "cb80f7c07e136c02c505eaf88ceaa603baf50c87264af01ff9c7a137bd735d1e",
                "e51b21e94e1fec73ff3b5bbcceff2aff013a2c7897f369bd887023fd247f7e4a",
                "cf59c810092903210df824a2eac22bd9debbe941f379f0060bee472ea4d60924",
                "d2cfb46edd772f4e4a198521c746907733133fa1736fd447fea85795e64c9b26",
                "fff922b2ee24f18c16b8c6902eb017f1f3132a99116e3b1ab45f75746d6511ff",
                "f8f9e79b1b9d64f2911111d988d7b2c2b793c369bbd917f071c715627ba8f1ce",
                "0683b52ec2bcd596a0b511c4a5fe546fa2ffce741be8772698269ead9b84676b",
                "0b5413fee4502b19416df99170e19153081b3effac8c9c63e8b2ec5732aa7f60",
                "faa113a1b05933543014845a5933cb1d14fd9a9d387b9e0a7971b0998ac792c2",
                "7da0142b28f58f9b5919f2ea07ab545acdefc4239fc15b4c9a4639052196e75f",
                "7468f06f7655b6b7a6883c451fc82b2d0e82d976f7a2bcceec57913849734944",
                "6b14b79557f179cc5264e29f0b68086b62917c6be7add88192f6cef773ba1231",
                "615b2c843fbd69e57cdac5211da8d078031ebf4b5ed62fd9a4b3b002adcba0f9",
                "cc0a6570f32129530931c822d21a1db5e8b9b714630328c3e0edf6574ee7d0d1",
                "e9bb9ead977872f2a426c52583824d08d3448a39bb12e125a8034155d4633eaf",
                "2f692883ad54449e82540fbd4b08aca51f5dcfae850f0e1e533b2c2b7712ae39",
                "ffc1d376db4c95dcb2431749824b902f87ae34a1f939dd1fffd88e0e508c248b",
                "b659f6f6061a0b498f360de7e3837a7cbd950ee85cffddeb46723267a774801f",
                "f7b1ee4032bee27ed401442c44a670bedbc3a390eaa5a61f7183f13fb0a07ecb",
                "8c493c022ebe2e8638245dd8e81da802b699e6987ac1a6fd09ff9519aab8a26c",
                "55c8712257f7ab1065b707006145c5f66b01e25f2fa36c1ee336a1e67f37d181",
                "6074d867f42df666d700aa3f71145c59453ff2c36bc29ca7168db5d031f25073"
            ],
            "type": "Script",
            "firstPartyCookies": {},
            "firstPartyCookiesSent": {},
            "exampleSites": [
                "hensonshaving.com",
                "losangelesapparel.net",
                "botach.com",
                "byrna.com",
                "1791gunleather.com",
                "www.blade-city.com",
                "www.egardwatches.com",
                "steelsupplements.com",
                "bladeops.com",
                "www.armysurplusworld.com",
                "shootingsurplus.com",
                "www.clouddefensive.com",
                "www.at3tactical.com",
                "zaffiriprecision.com",
                "rogerssportinggoods.com",
                "collectorsautosupply.com",
                "www.revealcellcam.com",
                "dev-pleasures.myshopify.com",
                "www.ima-usa.com",
                "www.shopgreendealer.com"
            ]
        },
        {
            "rule": "sezzle\\.com\\/v1\\/event\\/log",
            "cookies": 0,
            "fingerprinting": 0,
            "subdomains": [
                "widget"
            ],
            "apis": {},
            "sites": 78,
            "prevalence": 0.000531,
            "cnames": [],
            "responseHashes": [],
            "type": "Preflight",
            "firstPartyCookies": {},
            "firstPartyCookiesSent": {},