{
    "domain": "sharethru.com",
    "owner": {},
    "source": [
        "DuckDuckGo-US"
    ],
    "prevalence": 0.000143,
    "sites": 21,
    "subdomains": [
        "s.update"
    ],
    "cnames": [],
    "fingerprinting": 3,
    "resources": [
        {
            "rule": "sharethru\\.com\\/2\\/673815\\/analytics\\.js",
            "cookies": 0,
            "fingerprinting": 0,
            "subdomains": [
                "s.update"
            ],
            "apis": {},
            "sites": 21,
            "prevalence": 0.000143,
            "cnames": [],
            "responseHashes": [
                "381ee2f8a50157a615216ce3bfc354967fc381034cbbfad94c6b2596ace38db7",
                "f25196827dbf37bda75004ab3e4a223d26b199a7ef7e16c33c3cc77b0a139655",
                "67875ceb45056aa0870e316a3de879497ab856482a8bc81753177b6fc61b9c7f",
                "8d20f1b861e3a57e3a6bf0f40a2e46c3e648cdbe45d62206c8fbbbdbf0ca9afa",
                "99c7ffafb56b0b29a03bca463494826d8ce594b90d11a88d5fb65424fa92c04d",
                "e4197715528d0a9cd7cac17b598b96d0b6ed8e14491c7b4b386380efbebaa4ab",
                "f7ae1d8030472552132b4bbe9815f6c4246139492a0cfe920f8dc3c5b2808239",
                "310e73db639d311061514fd199cf7579f7bf5dd29062efbb02fea81f4891b389",
                "d982260d5c363e9196949e8b08ee0c67a94379350bf8d293233c0ab91ab8e82d",
                "c54722a7a19e0e7e3bc3eeef8e0c15d38ad8ea906e7acffabc15f58f9f041ac0",
                "e878055472c67999bb845aac44aa5804a10ec976e8140d51388ad4fbd6646aec",
                "84c4c519a27d9fdb6c9fdf803023cc02ee932146e6bede0380937ae2b4abbbdd",
                "6dca63aee1d314d37d1398276a17350b2974180c6a7dd2cb178e052f7c2765c0",
                "199b75e3cd6a2c43a6095b23aeb60c581740b104666f5ade830a1a92151893f9"
            ],
            "type": "Script",
            "firstPartyCookies": {},
            "firstPartyCookiesSent": {
                "lotame_domain_check": 0.000013611924045463826
            },
            "exampleSites": [
                "www.tahoedailytribune.com",
                "www.silverrecyclers.com",
                "alexandracooks.com",
                "bootspy.com",
                "www.theperfectloaf.com",
                "leaguefeed.net",
                "pickuptrucktalk.com",
                "www.rotowire.com",
                "www.sawinery.net",
                "mapfan.com",
                "www.greatgrubdelicioustreats.com",
                "www.gameclubz.com",
                "www.cookinwithmima.com",
                "oldhousesunder50k.com",
                "www.bakefromscratch.com",
                "convertwizard.com",
                "umamigirl.com",
                "flabfix.com",
                "www.superwatches.com",
                "simply-delicious-food.com"
            ]
        },
        {
            "rule": "sharethru\\.com\\/2\\/2\\.96\\.0\\/main\\.js",
            "cookies": 0,
            "fingerprinting": 3,
            "subdomains": [
                "s.update"
            ],
            "apis": {
                "Navigator.prototype.vendor": 6,
                "Navigator.prototype.userAgent": 6,
                "window.innerWidth": 5,
                "window.innerHeight": 5,
                "Navigator.prototype.webdriver": 4,
                "Performance.prototype.memory": 4,
                "window.devicePixelRatio": 4,
                "window.name": 5,
                "console.memory": 4,
                "window.localStorage": 4,
                "Navigator.prototype.appCodeName": 5,
                "Navigator.prototype.languages": 5,
                "Navigator.prototype.onLine": 5,
                "Navigator.prototype.mediaDevices": 4,
                "Navigator.prototype.hardwareConcurrency": 5,
                "Navigator.prototype.deviceMemory": 4,
                "Navigator.prototype.plugins": 4,
                "Screen.prototype.availWidth": 5,
                "Screen.prototype.availHeight": 5,
                "Screen.prototype.width": 5,
                "Screen.prototype.height": 5,
                "Screen.prototype.colorDepth": 5,
                "Screen.prototype.pixelDepth": 5,
                "Screen.prototype.availLeft": 4,
                "Screen.prototype.availTop": 4,
                "Screen.prototype.orientation": 4,
                "window.screenX": 4,
                "window.screenY": 4,
                "window.screenLeft": 4,
                "window.screenTop": 4,
                "Navigator.prototype.platform": 5,
                "Navigator.prototype.maxTouchPoints": 5,
                "BarProp.prototype.visible": 4,
                "window.outerHeight": 4,
                "window.outerWidth": 4,
                "Navigator.prototype.connection": 5,
                "Date.prototype.getTime": 5,
                "Date.prototype.getTimezoneOffset": 5,
                "Intl.DateTimeFormat.prototype.resolvedOptions": 5,
                "Navigator.prototype.permissions": 2,
                "speechSynthesis.__proto__.getVoices": 2,
                "Notification.permission": 1,
                "OfflineAudioContext.prototype.constructor": 1,
                "AudioBuffer.prototype.getChannelData": 1,
                "Navigator.prototype.getBattery": 1,
                "URL.createObjectURL": 1,
                "NavigatorUAData.prototype.brands": 1,
                "NavigatorUAData.prototype.platform": 1,
                "NavigatorUAData.prototype.getHighEntropyValues": 1,
                "PerformanceTiming.prototype.navigationStart": 1
            },
            "sites": 16,
            "prevalence": 0.000109,
            "cnames": [],
            "responseHashes": [
                "2ece6bd89b2087c1b8fd2a9cafddcef7af5671be5992f0cd99525f7ce3a326f5"
            ],
            "type": "Script",
            "firstPartyCookies": {},
            "firstPartyCookiesSent": {},
            "exampleSites": [
                "alexandracooks.com",
                "bootspy.com",
                "convertwizard.com",
                "flabfix.com",
                "mapfan.com",
                "oldhousesunder50k.com",
                "pickuptrucktalk.com",
                "simply-delicious-food.com",
                "www.bakefromscratch.com",
                "www.gameclubz.com",
                "www.greatgrubdelicioustreats.com",
                "www.rotowire.com",
                "www.silverrecyclers.com",
                "www.superwatches.com",
                "www.tahoedailytribune.com",
                "www.theperfectloaf.com"
            ]
        },
        {
            "rule": "sharethru\\.com\\/2\\/2\\.96\\.0\\/673815\\/AhK-lbQHBBHDsiqJ\\/postback",
            "cookies": 0,
            "fingerprinting": 0,
            "subdomains": [
                "s.update"
            ],
            "apis": {},
            "sites": 2,
            "prevalence": 0.0000136,
            "cnames": [],
            "responseHashes": [],
            "type": "XHR",
            "firstPartyCookies": {},
            "firstPartyCookiesSent": {},
            "exampleSites": [
                "bakefromscratch.com",
                "www.bakefromscratch.com"
            ]
        },
        {
            "rule": "sharethru\\.com\\/2\\/2\\.96\\.0\\/673815\\/AhLTg20NBaFgFQT4\\/postback",
            "cookies": 0,
            "fingerprinting": 0,
            "subdomains": [
                "s.update"
            ],
            "apis": {},
            "sites": 2,
            "prevalence": 0.0000136,
            "cnames": [],
            "responseHashes": [],
            "type": "XHR",
            "firstPartyCookies": {},
            "firstPartyCookiesSent": {},
            "exampleSites": [
                "greatgrubdelicioustreats.com",
                "www.greatgrubdelicioustreats.com"
            ]
        },
        {
            "rule": "sharethru\\.com\\/2\\/2\\.96\\.0\\/673815\\/AhJnEdwIBA_h5Jhq\\/postback",
            "cookies": 0,
            "fingerprinting": 0,