{
    "domain": "shogakukan-web-api.net",
    "owner": {},
    "source": [
        "DuckDuckGo-US"
    ],
    "prevalence": 0.000115,
    "sites": 17,
    "subdomains": [],
    "cnames": [],
    "fingerprinting": 0,
    "resources": [
        {
            "rule": "shogakukan-web-api\\.net\\/rest\\/get-common-footer\\/site",
            "cookies": 0,
            "fingerprinting": 0,
            "subdomains": [],
            "apis": {},
            "sites": 9,
            "prevalence": 0.0000611,
            "cnames": [],
            "responseHashes": [
                "23761780152ca96f68844c733ef23e79a4bc60017d8deb7a908bea1ec4d39edb",
                "4480269edd12a5c695cc57d737bd0ad54df2bf7e54ee3447fc7990e78c8b9f13",
                "3c7459ec1f935c8ed26c189ad1c0628835480786a5be073f96a88d6c33c73115",
                "7a18a884e074a805f421a6cdfa61c560d6a9aa04c88d8f4a616c8d961124c45a",
                "11a76f0b6746c241b632074a6bb91d979b07c70183dbe549d368c360158628b7",
                "21c21d410928127e5ed4329fe48ba3c1ba21556176f8a706a5b189b6f8d5c437",
                "1dec704b1a4dcbc779242bb20daed2cbbbdf9a8e664ff1914e6d645cf5f44523",
                "ce1797569325dcd47a0f2629a9f952a1d0a3bffc869986859a35dc33fadb239b"
            ],
            "type": "Script",
            "firstPartyCookies": {},
            "firstPartyCookiesSent": {},
            "exampleSites": [
                "cancam.jp",
                "domani.shogakukan.co.jp",
                "hugkum.sho.jp",
                "intojapanwaraku.com",
                "kufura.jp",
                "menjoy-digital.jp",
                "oggi.jp",
                "serai.jp",
                "www.news-postseven.com"
            ]
        }
    ],
    "categories": [],
    "performance": {},
    "cookies": 0,
    "types": {
        "Script": 9
    },
    "nameservers": [
        "ns-407.awsdns-50.com",
        "ns-838.awsdns-40.net",
        "ns-1088.awsdns-08.org",
        "ns-1778.awsdns-30.co.uk"
    ]
}