{
    "domain": "shopiapps.in",
    "owner": {},
    "source": [
        "DuckDuckGo-US"
    ],
    "prevalence": 0.000218,
    "sites": 32,
    "subdomains": [],
    "cnames": [],
    "fingerprinting": 1,
    "resources": [
        {
            "rule": "shopiapps\\.in\\/compare_product\\/cmp_widget\\/sp_cmp_js\\.php",
            "cookies": 0,
            "fingerprinting": 1,
            "subdomains": [],
            "apis": {
                "Document.cookie getter": 9
            },
            "sites": 10,
            "prevalence": 0.0000683,
            "cnames": [],
            "responseHashes": [
                "1ae699a7a121273ab5714f20ac0e02d6378811c454dc5cb95a3c337c87307bf1",
                "28db8cb86edd4b5849f8a3d1dade801346bc5956b49c46df72055b87224a82f2",
                "0bc63ced3c2cd429e42e65a267b442bdaf212df7b82e8f7569d7b3ec9e6d8fe5",
                "abb46bc5bcbb6b41bcea1c1f7a3bb335a7042b703ef22918c02f2d1498a33ddc",
                "23b32c9c6b7d9cea299ccf12bc325c561ade4d303fefb8bf7f6ec9fb3351e9ba",
                "c14452d329b56329c9cec225b7c784e4b89d17398a1559055573c37742b26875",
                "ac48b6d76dd47e8fa3a68e0c251c271c882e2a40b68ab78e39516a07481756e8",
                "57ecda16413bb7cea516d8baa692a008a7f240d49af8f450d7c85890cf3578ca",
                "70a04f9fd8ece58393107546c0459d6e38b415f6d689a387b0a4eaff19897918"
            ],
            "type": "Script",
            "firstPartyCookies": {},
            "firstPartyCookiesSent": {},
            "exampleSites": [
                "addictedtoaudio.com.au",
                "mikesbikes.com",
                "onlineoutboards.com",
                "us.targus.com",
                "www.briggs-riley.com",
                "www.deeringbanjos.com",
                "www.gladiatorgarageworks.com",
                "www.jlab.com",
                "www.luggagepros.com",
                "www.thinktankphoto.com"
            ]
        },
        {
            "rule": "shopiapps\\.in\\/compare_product\\/cmp_widget\\/sp_cmp_css\\.php",
            "cookies": 0,
            "fingerprinting": 0,
            "subdomains": [],
            "apis": {},
            "sites": 19,
            "prevalence": 0.00013,
            "cnames": [],
            "responseHashes": [
                "d713314c9ab8d3bcbb39414038bdf454185f63ca306e16656ba8b63332d7949e",
                "0d182ce8caed2c596e481aa9018f421efa9f34cabf21f36503b128f4bc90beed",
                "49132903d82355209cb5270f25723e1c0f12a9c208cc7936a7f8daa7a7595738",
                "35142a95e7e132df10a6631393fc428dc543fe705004097681620140983e8aeb",
                "8146456d86b56275874097fd72495e304fee31901087e60ca95397479afc9089",
                "159e8bbddfe6f05ed18c5d80701e58156d6206acdd245a23f81205169fddc3c9",
                "3db67bcbabb846a1965590140a180dc18df68bc44a925eebadf1f5ef8bbff75d",
                "7b23acd84135f61ea2f3872265ee00423b6480295f1d046fc55262e60ad51c3f",
                "44ed8c6470258a5db691daddb2162e9feaaa52373ce762e497a258d622ad8b9b",
                "da3fa4fd07d0428d8062423ced4c72751249f347ce988e49fa58cbac4080e5e1",
                "ac3e3ccd5fcd7fbcb017dbb36b77e9553b6efc3ad2beb22ee206da1364ec8bf3",
                "23eafa22113afaccbcb814bc61d61b7c2ac9f14aedd3b7cdf54814e3268c072d",
                "04f2ccf27e9a20c29c8beebf4e41b719de37c874e09868fda328350216fe1b07",
                "75681f2fe16cb186d89fc6be069498417ae1d94917924362dd2275c3d9797b5e",
                "8d6f01baa19ffda4191d422a6332b539da15dab38307d3465ee85e7c2a01f711",
                "32bf8f7b293c066690228fe5e4cec888f9e544f310d551bf5bf93c0984d4a178"
            ],
            "type": "Stylesheet",
            "firstPartyCookies": {},
            "firstPartyCookiesSent": {},
            "exampleSites": [
                "addictedtoaudio.com.au",
                "luminox.com",
                "mikesbikes.com",
                "onlineoutboards.com",
                "us.targus.com",
                "www.ankerjapan.com",
                "www.briggs-riley.com",
                "www.deeringbanjos.com",
                "www.gladiatorgarageworks.com",
                "www.jlab.com",
                "www.lorextechnology.com",
                "www.lorex.com",
                "www.luggagepros.com",
                "www.luglife.com",
                "www.mzwallace.com",
                "www.recteq.com",
                "www.thehonestkitchen.com",
                "www.thinktankphoto.com",
                "www.truecable.com"
            ]
        },
        {
            "rule": "shopiapps\\.in\\/compare_product\\/cmp_widget\\/sp_cmp_init\\.js",
            "cookies": 0,
            "fingerprinting": 0,
            "subdomains": [],
            "apis": {},
            "sites": 10,
            "prevalence": 0.0000683,
            "cnames": [],
            "responseHashes": [
                "666e5ece5e998dc016cccb573787b1a8bc0523f54917370e72516326792086b5"
            ],
            "type": "Script",
            "firstPartyCookies": {},
            "firstPartyCookiesSent": {},
            "exampleSites": [
                "emotiva.com",
                "luminox.com",
                "www.ankerjapan.com",
                "www.lorextechnology.com",
                "www.lorex.com",
                "www.luglife.com",
                "www.mzwallace.com",
                "www.recteq.com",
                "www.thehonestkitchen.com",
                "www.truecable.com"
            ]
        },
        {
            "rule": "shopiapps\\.in\\/compare_product\\/cmp_widget\\/sp_product_compare\\.js",
            "cookies": 0,
            "fingerprinting": 1,
            "subdomains": [],
            "apis": {
                "Document.cookie getter": 8
            },
            "sites": 10,
            "prevalence": 0.0000683,
            "cnames": [],
            "responseHashes": [
                "b3f18e9ed2d8b2165f635d120f28361a854f954b36d22421e130c9ccd11eead2",
                "06ef79e9e28b92bb607ca612d1b0e308acb764da7c8f4841e13bad5c21f410b2"
            ],
            "type": "Script",
            "firstPartyCookies": {},
            "firstPartyCookiesSent": {},
            "exampleSites": [
                "emotiva.com",
                "luminox.com",
                "www.ankerjapan.com",
                "www.lorextechnology.com",
                "www.lorex.com",
                "www.luglife.com",
                "www.mzwallace.com",
                "www.recteq.com",
                "www.thehonestkitchen.com",
                "www.truecable.com"
            ]
        },
        {
            "rule": "shopiapps\\.in\\/compare_product\\/cmp_widget\\/slide\\.css",
            "cookies": 0,
            "fingerprinting": 0,
            "subdomains": [],
            "apis": {},
            "sites": 9,
            "prevalence": 0.0000614,
            "cnames": [],
            "responseHashes": [
                "b185f8c7bf15885b4d58775d67fb509d7179037e5e59b5fafcbf335cce548e2c"
            ],
            "type": "Stylesheet",
            "firstPartyCookies": {},
            "firstPartyCookiesSent": {},
            "exampleSites": [
                "luminox.com",
                "www.ankerjapan.com",
                "www.lorextechnology.com",
                "www.lorex.com",
                "www.luglife.com",
                "www.mzwallace.com",
                "www.recteq.com",
                "www.thehonestkitchen.com",
                "www.truecable.com"
            ]
        },
        {
            "rule": "shopiapps\\.in\\/compare_product\\/com_inc\\.php",
            "cookies": 0.0000137,
            "fingerprinting": 0,
            "subdomains": [],
            "apis": {},
            "sites": 2,
            "prevalence": 0.0000137,
            "cnames": [],
            "responseHashes": [
                "e3b0c44298fc1c149afbf4c8996fb92427ae41e4649b934ca495991b7852b855"
            ],
            "type": "Script",
            "firstPartyCookies": {},