{
    "domain": "shopiapps.in",
    "owner": {},
    "source": [
        "DuckDuckGo-US"
    ],
    "prevalence": 0.000204,
    "sites": 30,
    "subdomains": [
        "whatschat"
    ],
    "cnames": [],
    "fingerprinting": 1,
    "resources": [
        {
            "rule": "shopiapps\\.in\\/compare_product\\/cmp_widget\\/sp_cmp_js\\.php",
            "cookies": 0,
            "fingerprinting": 1,
            "subdomains": [],
            "apis": {
                "Document.cookie getter": 5
            },
            "sites": 5,
            "prevalence": 0.0000339,
            "cnames": [],
            "responseHashes": [
                "25d6b1824f9f3e09ca1e9edaf0c4c8d70eda935ac84b897ffaeb30f3eb43540f",
                "3786a66a5aa0b6da08e9ca45d2b34773cf8e2307f833f5ae807a587cd9befa9b",
                "ed4ea43e04194473b447582f5b8df31567f63f52d20994ea755cfcbe0ab51f00",
                "53b5903b31cee156f52fe614f9fd0779b5f1be1fe8c3cbc46cdf929ea0350606"
            ],
            "type": "Script",
            "firstPartyCookies": {},
            "firstPartyCookiesSent": {},
            "exampleSites": [
                "addictedtoaudio.com.au",
                "mikesbikes.com",
                "onlineoutboards.com",
                "www.briggs-riley.com",
                "www.jlab.com"
            ]
        },
        {
            "rule": "shopiapps\\.in\\/compare_product\\/cmp_widget\\/sp_cmp_css\\.php",
            "cookies": 0,
            "fingerprinting": 0,
            "subdomains": [],
            "apis": {},
            "sites": 13,
            "prevalence": 0.0000882,
            "cnames": [],
            "responseHashes": [
                "96c5e23c0bf392ec76137b51ba2563f00ad8c4249f3d7aeb1425cea0dddc2cf0",
                "c5ef3ed4cacdf00d780c19f2628804e1c345447fc74f952654d4fcc330adeda7",
                "b3a24cafb86166b9a8b528980b7b96db963ae049a68a824c34353a936211587c",
                "e078c1e60379975c1f55175d5b3115ebe8ac4c793db49c717b644c2a2a57dc03",
                "329c7d67186f8c1b049715023ac439e8281d268492be861d7cf84a07b62dfe22",
                "47e031f6387c532863f43f714454cde966b7f00134a039baa0d3ae4826120a2b",
                "ddf817e0320e6f5d3c05855c038946ee5af49a1c035674b778465e4343d2e118",
                "c459cb23956a97175b189db5a07540fa7b8eeab7e07e543bca4cd11fbf6bfccf",
                "7aff9941d41a2cede2927783c556bb4d39d7b8ee6d128a2a57aa73b05642f104",
                "ea243ccfea287309e9afc79d73a4348ade794c0bb2ae87a80aa84677f2a10014",
                "33c6d0f9c8c74fac4c61eba5301e24c203a179c4d2d7ce61fceb7577152318ac",
                "ad3ac229bcff2e16bcef7a672c528fa71756ef5a8e7de9d0251f862d6682b4c3"
            ],
            "type": "Stylesheet",
            "firstPartyCookies": {},
            "firstPartyCookiesSent": {},
            "exampleSites": [
                "addictedtoaudio.com.au",
                "emotiva.com",
                "luminox.com",
                "mikesbikes.com",
                "onlineoutboards.com",
                "www.ankerjapan.com",
                "www.briggs-riley.com",
                "www.jlab.com",
                "www.lorex.com",
                "www.luglife.com",
                "www.recteq.com",
                "www.thehonestkitchen.com",
                "www.truecable.com"
            ]
        },
        {
            "rule": "shopiapps\\.in\\/compare_product\\/cmp_widget\\/sp_cmp_init\\.js",
            "cookies": 0,
            "fingerprinting": 0,
            "subdomains": [],
            "apis": {},
            "sites": 8,
            "prevalence": 0.0000543,
            "cnames": [],
            "responseHashes": [
                "666e5ece5e998dc016cccb573787b1a8bc0523f54917370e72516326792086b5"
            ],
            "type": "Script",
            "firstPartyCookies": {},
            "firstPartyCookiesSent": {},
            "exampleSites": [
                "emotiva.com",
                "luminox.com",
                "www.ankerjapan.com",
                "www.lorex.com",
                "www.luglife.com",
                "www.recteq.com",
                "www.thehonestkitchen.com",
                "www.truecable.com"
            ]
        },
        {
            "rule": "shopiapps\\.in\\/compare_product\\/cmp_widget\\/sp_product_compare\\.js",
            "cookies": 0,
            "fingerprinting": 1,
            "subdomains": [],
            "apis": {
                "Document.cookie getter": 8
            },
            "sites": 8,
            "prevalence": 0.0000543,
            "cnames": [],
            "responseHashes": [
                "74ece1cb620d0f2215df6067bd54f9bffb1f88822871b161dd79ee4944e72eb9"
            ],
            "type": "Script",
            "firstPartyCookies": {},
            "firstPartyCookiesSent": {},
            "exampleSites": [
                "emotiva.com",
                "luminox.com",
                "www.ankerjapan.com",
                "www.lorex.com",
                "www.luglife.com",
                "www.recteq.com",
                "www.thehonestkitchen.com",
                "www.truecable.com"
            ]
        },
        {
            "rule": "shopiapps\\.in\\/compare_product\\/cmp_widget\\/slide\\.css",
            "cookies": 0,
            "fingerprinting": 0,
            "subdomains": [],
            "apis": {},
            "sites": 8,
            "prevalence": 0.0000543,
            "cnames": [],
            "responseHashes": [
                "b185f8c7bf15885b4d58775d67fb509d7179037e5e59b5fafcbf335cce548e2c"
            ],
            "type": "Stylesheet",
            "firstPartyCookies": {},
            "firstPartyCookiesSent": {},
            "exampleSites": [
                "emotiva.com",
                "luminox.com",
                "www.ankerjapan.com",
                "www.lorex.com",
                "www.luglife.com",
                "www.recteq.com",
                "www.thehonestkitchen.com",
                "www.truecable.com"
            ]
        },
        {
            "rule": "shopiapps\\.in\\/compare_product\\/settings\\/anker_japan_official_site_myshopify_com\\.json",
            "cookies": 0,
            "fingerprinting": 0,
            "subdomains": [],
            "apis": {},
            "sites": 2,
            "prevalence": 0.0000136,
            "cnames": [],
            "responseHashes": [
                "408bcce47459aecf3843b6e72e56c3e1932e0576c767ced891e0f61b02e4d52c"
            ],
            "type": "XHR",
            "firstPartyCookies": {},
            "firstPartyCookiesSent": {},
            "exampleSites": [
                "ankerjapan.com",
                "www.ankerjapan.com"
            ]
        },
        {
            "rule": "shopiapps\\.in\\/compare_product\\/language\\/anker_japan_official_site_myshopify_com\\.json",
            "cookies": 0,
            "fingerprinting": 0,
            "subdomains": [],
            "apis": {},
            "sites": 2,
            "prevalence": 0.0000136,
            "cnames": [],
            "responseHashes": [
                "7338e1ace002cd09dd1bff13307f10292742c4e2dde5ac300b734e7815867420"
            ],
            "type": "XHR",
            "firstPartyCookies": {},
            "firstPartyCookiesSent": {},
            "exampleSites": [
                "ankerjapan.com",
                "www.ankerjapan.com"
            ]
        },
        {
            "rule": "shopiapps\\.in\\/script\\/sp-whatsapp-app\\.js",
            "cookies": 0,
            "fingerprinting": 1,
            "subdomains": [
                "whatschat"
            ],
            "apis": {
                "Navigator.prototype.userAgent": 2
            },
            "sites": 2,
            "prevalence": 0.0000136,
            "cnames": [],
            "responseHashes": [
                "f2ffd9ece1a2a16f52b534cbdc48fe686877e4d8864f6415da3cefb11e2454cc"
            ],
            "type": "Script",
            "firstPartyCookies": {},