{
    "domain": "site24x7rum.com",
    "owner": {
        "name": "ZOHO Corporation",
        "displayName": "ZOHO"
    },
    "source": [
        "DuckDuckGo-US"
    ],
    "prevalence": 0.000456,
    "sites": 67,
    "subdomains": [
        "static",
        "col"
    ],
    "cnames": [],
    "fingerprinting": 2,
    "resources": [
        {
            "rule": "site24x7rum\\.com\\/beacon\\/site24x7rum-min\\.js",
            "cookies": 0.000197,
            "fingerprinting": 2,
            "subdomains": [
                "static"
            ],
            "apis": {
                "Navigator.prototype.userAgent": 29,
                "PerformanceTiming.prototype.navigationStart": 29,
                "Date.prototype.getTime": 29,
                "Document.cookie getter": 29,
                "Document.cookie setter": 29,
                "Screen.prototype.height": 29,
                "Screen.prototype.width": 29,
                "Navigator.prototype.connection": 29,
                "Navigator.prototype.deviceMemory": 28
            },
            "sites": 48,
            "prevalence": 0.000327,
            "cnames": [],
            "responseHashes": [
                "01ba4719c80b6fe911b091a7c05124b64eeece964e09c058ef8f9805daca546b",
                "2c2b426da0e10480b1b337cbaac0a072078f282121c4c8a337ecd49f2bbfc744",
                "4439f2bbaf486cd1aed29c02d90b6a07caf9777d1ff7532e4560d8f00b53bac4",
                "e5f3bf719022fc1bc6aba0ede64a12cd9be4b4d8bf344214880b4e55b478da05",
                "e5583a2f14f22134069d8d96dc5c6672a1bec50443bec7b132bcc0b355961c73",
                "99c6e3fa3bcc029e71c37bf188981590047c2cd858c55302be2f074b725e4c9d",
                "60a8fea2c0273f6f973c49ebf35f032ec40bed00f45fbb8f241ea690fe246068",
                "eb5eff73001d5f90143859be9522f99bcb337627fecb2201d09347d550daa022",
                "bd435605ba68b33096575ff970a9a0a446957063c4a751978ad11db9e2109da5",
                "51a87a36e67a48fd0a0caed24d06882030f9987a49c916eb14e803cda7b74d0f",
                "c9f40e9947924a41731f1b3f150a5c970ee6d96ce1b1c3a740c4065da17144ec",
                "e65b42c7d298977e2f8d32d3e045a0d678e62f0656c0aa7bfe922e973285ae48",
                "ada443b4e8dcf6837f61913f2cf5f3fe8d7c5f09ba789d94e7469053bff1b6a0",
                "998cab8432da97dc7fe35255692b407fd1ff60e613fc9ffea2aae4a33602b2a4",
                "6c1c37916c9f57265b92bdb48cee841437d929cc005cfc617b3c89b65e9e9605",
                "13960c4c0097273edea2d20e143d0ffc1f716df1821bd8cde1ab58b54a01636f",
                "b7d7f94d49a4e610b1d94caf2719313ffe6ac399cba760d4059a02031b5926a2",
                "0b6596abfaab52f3ba760a196cc5c83db4429d4b28d7951e32e6502a269d421e",
                "830810d2b8e921636a32b0dd9b3d886bbb22798fc8a0fa40da0b66269f6f1480",
                "1cf3dd9a785b8ac3fe4e18d0aede4c91f5a51b4fb2184b37f32c83080ff504ca",
                "aeee3edb1af8bf056746382f57dd27cf02f3f5feaf08e723f20c7015a5e031fc",
                "0b4f308a4ba924c8174abef75fc923663d3cfaac19c66d1359cf98a2fe6b995e",
                "7fc0afc9c504eb82f453d56e1120019e536aa498efe17b13d0a6383a11460710",
                "6fd7da2a63049735b0cf0b5bcbcf366048675002313c43068e9b1c3e3c68d1d0",
                "82ec3a81d4db82d735494973b4265476ee26a5f136ce6299e6a8ceed2167c2bd",
                "c8c92e7c51537d3461aa6f2283b060db5142cddf9edc8fd4bbfc23bd86942aa2",
                "72afa552189c27ae01b78036f90f5cf36e9a076f2f3471cfec3ac29a2fa46a55",
                "8bcb677477d36077d6051ca672b027cd5fa13f76a492d7f4ffe689fdfddd8233",
                "35e9eb5f4160bf9e3fcfd54148535bec7fd70b02f242a356fab840c8d134caaf"
            ],
            "type": "Script",
            "firstPartyCookies": {
                "site24x7rumID": {
                    "ttl": 63072004,
                    "length": 44,
                    "prevalence": 0.00019736618232551808,
                    "uniqueness": 1
                }
            },
            "firstPartyCookiesSent": {},
            "exampleSites": [
                "andersonmanufacturing.com",
                "www.genetec.com",
                "ksiegarnia.pwn.pl",
                "www.dreeshomes.com",
                "www.cambridgeenglish.org",
                "morelectricheating.com",
                "www.rainbowresource.com",
                "www.indochino.com",
                "resilienteducator.com",
                "www.ncsasports.org",
                "www.signaturehardware.com",
                "www.lcbo.com",
                "www.viceroyhotelsandresorts.com",
                "www.ajio.com",
                "www.fontshop.com",
                "abrwholesalers.com",
                "www.professionalplastics.com",
                "unistrutstore.com",
                "legislature.maine.gov",
                "www.zipair.net"
            ]
        },
        {
            "rule": "site24x7rum\\.com\\/rum\\/data",
            "cookies": 0.000211,
            "fingerprinting": 0,
            "subdomains": [
                "col"
            ],
            "apis": {},
            "sites": 31,
            "prevalence": 0.000211,
            "cnames": [],
            "responseHashes": [
                "e3b0c44298fc1c149afbf4c8996fb92427ae41e4649b934ca495991b7852b855"
            ],
            "type": "Ping",
            "firstPartyCookies": {},
            "firstPartyCookiesSent": {},
            "exampleSites": [
                "abrwholesalers.com",
                "www.viceroyhotelsandresorts.com",
                "www.cardbenefits.citi.com",
                "www.loewshotels.com",
                "www.cambridgeenglish.org",
                "www.paulayoung.com",
                "www.signaturehardware.com",
                "unistrutstore.com",
                "yitty.fabletics.com",
                "myaccount.swgas.com",
                "www.fonts.com",
                "www.linotype.com",
                "www.twahotel.com",
                "www.savagex.com",
                "www.fontshop.com",
                "www.buyersproducts.com",
                "www.hydraulic-supply.com",
                "www.hafele.com",
                "grassdoor.com",
                "www.cambridgeinternational.org"
            ]
        },
        {
            "rule": "site24x7rum\\.com\\/rum\\/resource",
            "cookies": 0.0000136,
            "fingerprinting": 0,
            "subdomains": [
                "col"
            ],
            "apis": {},
            "sites": 2,
            "prevalence": 0.0000136,
            "cnames": [],
            "responseHashes": [
                "d371490817f54924439cd86d57c2a049bd3382bf43a1a73346f454a7cacd6b73"
            ],
            "type": "XHR",
            "firstPartyCookies": {},
            "firstPartyCookiesSent": {},
            "exampleSites": [
                "hydraulic-supply.com",
                "www.professionalplastics.com"
            ]
        }
    ],
    "categories": [],
    "performance": {},
    "cookies": 0.000272,
    "topInitiators": [
        {
            "domain": "first party",
            "prevalence": 0.6385542168674698
        },
        {
            "domain": "googletagmanager.com",
            "prevalence": 0.26506024096385544
        },
        {
            "domain": "sentry-cdn.com",
            "prevalence": 0.03614457831325301
        },
        {
            "domain": "ensighten.com",
            "prevalence": 0.024096385542168676
        },
        {
            "domain": "bolt.com",
            "prevalence": 0.024096385542168676
        },
        {
            "domain": "droiw9gfb309t.cloudfront.net",
            "prevalence": 0.012048192771084338
        }
    ],
    "types": {
        "Script": 48,
        "Ping": 31,
        "XHR": 2
    },
    "nameservers": [
        "ns-796.awsdns-35.net",
        "ns-1705.awsdns-21.co.uk",
        "ns-118.awsdns-14.com",
        "ns-1420.awsdns-49.org"
    ]
}