{
    "domain": "site24x7rum.com",
    "owner": {
        "name": "ZOHO Corporation",
        "displayName": "ZOHO"
    },
    "source": [
        "DuckDuckGo-US"
    ],
    "prevalence": 0.000381,
    "sites": 56,
    "subdomains": [
        "static",
        "col"
    ],
    "cnames": [],
    "fingerprinting": 2,
    "resources": [
        {
            "rule": "site24x7rum\\.com\\/beacon\\/site24x7rum-min\\.js",
            "cookies": 0.000116,
            "fingerprinting": 2,
            "subdomains": [
                "static"
            ],
            "apis": {
                "Navigator.prototype.userAgent": 17,
                "PerformanceTiming.prototype.navigationStart": 17,
                "Date.prototype.getTime": 17,
                "Document.cookie getter": 17,
                "Document.cookie setter": 17,
                "Screen.prototype.height": 17,
                "Screen.prototype.width": 17,
                "Navigator.prototype.connection": 17,
                "Navigator.prototype.deviceMemory": 17
            },
            "sites": 32,
            "prevalence": 0.000218,
            "cnames": [],
            "responseHashes": [
                "01ba4719c80b6fe911b091a7c05124b64eeece964e09c058ef8f9805daca546b",
                "250648773846ce90c7c2db706816763be77d06972b5d221d217ec8a9cfeef064",
                "b2a3d4da06549400f42a6bd14ec25ee63e1f9cb0089310d6244fd48f8705f35c",
                "b239910e62db6547a3cb6d4a9f360e1c450d65881f21c6654d3793b569ddc5a6",
                "a0aa1bbde809ba337e8e677fc8f0d0ca4105be070d5a57238554fc9e2d9db6a7",
                "47271abcd9407cd01f93c7038b32a33d0098225d7e52de19e233e44222c5d41c",
                "937699f5005c73b7f634a9f2f6b4e3b7cbff25880d136ffb4f66cb9429ba2c61",
                "fe924659cfc5d7fa13abca89c614b73cd7e89ab36df427c9904b410f252be591",
                "06f0bea1443bb35d23cac2562c3b584c093b4932ca46e37599f384de591b330a",
                "675d61c9b37ed725f7ccf46dc40271ea1eef533f956a4ea1de4975bd89cc02fa",
                "8cac166d34df2c64ef56fc189a74badcb9b6d0cab27c70900b64d5fbbb3a7025",
                "8e6cab37896d46d6a4608418dd2fcfdd1dbd0d5aec72ec23768cf1c8356bdd40",
                "7184e7a6fafc3133a03633c8f7e2c75fe1b8339ce45e8e0690fd9371bb3ea0a1",
                "0e43082d5a30e9e015dafb1f7dadbac873956e91b67229f8755e2c48406ce3f6",
                "d2667976c6dc9eb1896632a78f5c180e39503111a8c0693c3dc40e921fd858b4",
                "761df59e87c904dfaa229691752b8383e0e49d9bb6665baa7bda16125626091e"
            ],
            "type": "Script",
            "firstPartyCookies": {
                "site24x7rumID": {
                    "ttl": 63072003,
                    "length": 43,
                    "prevalence": 0.0001157344371221611,
                    "uniqueness": 1
                }
            },
            "firstPartyCookiesSent": {},
            "exampleSites": [
                "www.hafele.com",
                "fizz.ca",
                "folk-media.com",
                "www.vive.com",
                "deweyspizza.com",
                "belcy.jp",
                "www.lcbo.com",
                "andersonmanufacturing.com",
                "i.thechive.com",
                "www.greensboro-nc.gov",
                "www.myfonts.com",
                "ksiegarnia.pwn.pl",
                "legislature.maine.gov",
                "www.maynoothuniversity.ie",
                "www.rainbowresource.com",
                "www.zipair.net",
                "hometheaterhifi.com",
                "www.ajio.com",
                "www.eccouncil.org",
                "www.cambridgeenglish.org"
            ]
        },
        {
            "rule": "site24x7rum\\.com\\/rum\\/data",
            "cookies": 0.000123,
            "fingerprinting": 0,
            "subdomains": [
                "col"
            ],
            "apis": {},
            "sites": 18,
            "prevalence": 0.000123,
            "cnames": [],
            "responseHashes": [
                "e3b0c44298fc1c149afbf4c8996fb92427ae41e4649b934ca495991b7852b855"
            ],
            "type": "Ping",
            "firstPartyCookies": {},
            "firstPartyCookiesSent": {},
            "exampleSites": [
                "andersonmanufacturing.com",
                "legislature.maine.gov",
                "ocr.org.uk",
                "www.buyersproducts.com",
                "www.cambridgeenglish.org",
                "www.cambridgeinternational.org",
                "www.eccouncil.org",
                "www.hafele.com",
                "www.indochino.com",
                "www.lcbo.com",
                "www.loewshotels.com",
                "www.maynoothuniversity.ie",
                "www.myfonts.com",
                "www.ocr.org.uk",
                "www.professionalplastics.com",
                "www.savagex.com",
                "www.vive.com",
                "www.zipair.net"
            ]
        },
        {
            "rule": "site24x7rum\\.com\\/rum\\/trace",
            "cookies": 0,
            "fingerprinting": 0,
            "subdomains": [
                "col"
            ],
            "apis": {},
            "sites": 2,
            "prevalence": 0.0000136,
            "cnames": [],
            "responseHashes": [
                "e3b0c44298fc1c149afbf4c8996fb92427ae41e4649b934ca495991b7852b855"
            ],
            "type": "Ping",
            "firstPartyCookies": {},
            "firstPartyCookiesSent": {},
            "exampleSites": [
                "cambridgeenglish.org",
                "www.myfonts.com"
            ]
        },
        {
            "rule": "site24x7rum\\.com\\/js\\/rum-beacon-min\\.js",
            "cookies": 0,
            "fingerprinting": 0,
            "subdomains": [
                "static"
            ],
            "apis": {},
            "sites": 2,
            "prevalence": 0.0000136,
            "cnames": [],
            "responseHashes": [
                "63ed8f04797c9b2472b41a38b441c93d66a1e392af136cdd1b4da03d20ca32a4"
            ],
            "type": "Script",
            "firstPartyCookies": {},
            "firstPartyCookiesSent": {},
            "exampleSites": [
                "maynoothuniversity.ie",
                "www.maynoothuniversity.ie"
            ]
        }
    ],
    "categories": [],
    "performance": {},
    "cookies": 0.000197,
    "topInitiators": [
        {
            "domain": "first party",
            "prevalence": 0.7746478873239436
        },
        {
            "domain": "googletagmanager.com",
            "prevalence": 0.19718309859154928
        },
        {
            "domain": "facebook.net",
            "prevalence": 0.014084507042253521
        },
        {
            "domain": "twitter.com",
            "prevalence": 0.014084507042253521
        }
    ],
    "types": {
        "Script": 34,
        "Ping": 20
    },
    "nameservers": [
        "ns-118.awsdns-14.com",
        "ns-1420.awsdns-49.org",
        "ns-796.awsdns-35.net",
        "ns-1705.awsdns-21.co.uk"
    ]
}