{
    "domain": "sitkainsights.com",
    "owner": {},
    "source": [
        "DuckDuckGo-US"
    ],
    "prevalence": 0.0000885,
    "sites": 13,
    "subdomains": [
        "dashboard"
    ],
    "cnames": [],
    "fingerprinting": 0,
    "resources": [
        {
            "rule": "sitkainsights\\.com\\/feedback\\/embed\\/",
            "cookies": 0,
            "fingerprinting": 0,
            "subdomains": [
                "dashboard"
            ],
            "apis": {},
            "sites": 5,
            "prevalence": 0.000034,
            "cnames": [],
            "responseHashes": [
                "112ee246c1c505e3d492cd3ec54bd86905d2d43da54561bd2340e63b33949d03",
                "b8eab2cfbe9d76df18c0ceb0c30b5b53e027b25d1c92d49753c2492da177c32a",
                "a25edd3f10e1101e00387cb28fed99cdf336214628cbf83b565ae2740159158b",
                "b8d6808266c784a3ae5d621106b791d1f5fb32c016e57e1d0a694e4e3f4e997c"
            ],
            "type": "Script",
            "firstPartyCookies": {},
            "firstPartyCookiesSent": {},
            "exampleSites": [
                "cityoftacoma.org",
                "www.ifm.org",
                "www.metroparkstacoma.org",
                "www.mytpu.org",
                "www.thefair.com"
            ]
        },
        {
            "rule": "sitkainsights\\.com\\/feedback\\/embedload\\/",
            "cookies": 0,
            "fingerprinting": 0,
            "subdomains": [
                "dashboard"
            ],
            "apis": {},
            "sites": 7,
            "prevalence": 0.0000476,
            "cnames": [],
            "responseHashes": [
                "150df26ea0d5580398bf4c16e879c77196c0ae6d0c65fa12750cb6ff50309906",
                "7eb5631e0bcb537a31174aea6d0e555784d187d5ce97e3ee3282ca3646251eb3",
                "6a0cf43296af62de6cba4ecde44120cb1b807267e2382a0f3fa44d9f8497232e",
                "b1410a5847333b60689c950df38142deaa280aa64eab18a8d52eb99f4d07f525",
                "574a3258a1ab5826c2e749994097a50d0eabefff37a5e673ddf403623f701b92",
                "b49794aae4e3afb9760f19410c4023314ecf8bb88b20345c44eda7c082a8ea4f"
            ],
            "type": "Script",
            "firstPartyCookies": {},
            "firstPartyCookiesSent": {},
            "exampleSites": [
                "cityoftacoma.org",
                "www.ifm.org",
                "www.metroparkstacoma.org",
                "www.missionfed.com",
                "www.multicare.org",
                "www.mytpu.org",
                "www.thefair.com"
            ]
        },
        {
            "rule": "sitkainsights\\.com\\/feedback\\/embed",
            "cookies": 0,
            "fingerprinting": 0,
            "subdomains": [
                "dashboard"
            ],
            "apis": {},
            "sites": 3,
            "prevalence": 0.0000204,
            "cnames": [],
            "responseHashes": [
                "2931b8f1f49ad5261302d3c21b13c5f2e1c9806ba12540cc271d460f7dc2e3f2",
                "435e0e99e6c94fc063074152a2239594aef72f49aa00678a155c82c647c7e189"
            ],
            "type": "Script",
            "firstPartyCookies": {},
            "firstPartyCookiesSent": {},
            "exampleSites": [
                "missionfed.com",
                "www.missionfed.com",
                "www.multicare.org"
            ]
        }
    ],
    "categories": [],
    "performance": {},
    "cookies": 0,
    "topInitiators": [
        {
            "domain": "first party",
            "prevalence": 0.6470588235294118
        },
        {
            "domain": "gearlabnw.net",
            "prevalence": 0.23529411764705882
        },
        {
            "domain": "googletagmanager.com",
            "prevalence": 0.11764705882352941
        }
    ],
    "types": {
        "Script": 15
    },
    "nameservers": [
        "emily.ns.cloudflare.com",
        "clark.ns.cloudflare.com"
    ]
}