{
    "domain": "skydive-club.com",
    "owner": {},
    "source": [
        "DuckDuckGo-US"
    ],
    "prevalence": 0.000109,
    "sites": 16,
    "subdomains": [],
    "cnames": [],
    "fingerprinting": 1,
    "resources": [
        {
            "rule": "skydive-club\\.com\\/",
            "cookies": 0.0000613,
            "fingerprinting": 1,
            "subdomains": [],
            "apis": {
                "Notification.permission": 8
            },
            "sites": 9,
            "prevalence": 0.0000613,
            "cnames": [],
            "responseHashes": [
                "d343e754e8455a0b1798cc7b2e687603f25c86e6cee1af2abe10c647402814ce",
                "3db0751a66ae60de66150c9a7e406fca34b06caa292b3bf1056ec13b3928f4d7",
                "069df333bd6ca7635e5a7b93dc01cf9bc9e31fdea4d2a1806349cad0c7c13063",
                "9e209a3d10bfd5a90d801226a570cf100f2a50c2a2e6ad7d9a649b5053783c5e",
                "b8b51b66109b0e16626e7154cd75a40ed06bdfe5eb9c9d712daaaa20a5a443b6",
                "a767d74b940f8abaecd0045504eef0aa30f5ff0b0a92a4c059f91c23ca9de3ee",
                "255d04f37590b8514c6faf9a9aea3af780e653ac261a82eff65b6df96098cf14",
                "f0a3b19866a7a6247147674dc925a6c02c94a3a0f22996ccb903cc71be0fc25c"
            ],
            "type": "Script",
            "firstPartyCookies": {},
            "firstPartyCookiesSent": {},
            "exampleSites": [
                "advantekservice.com",
                "belleshell.com",
                "cheesecakecaffe.com",
                "seabras-marisqueira.com",
                "theurbanbaker.com",
                "www.erniegraves.com",
                "www.provenway.org",
                "www.transitionsrehab.com",
                "www.wgkoreman-esq.net"
            ]
        }
    ],
    "categories": [],
    "performance": {},
    "cookies": 0.000109,
    "topInitiators": [
        {
            "domain": "first party",
            "prevalence": 1
        }
    ],
    "types": {
        "Script": 9
    },
    "nameservers": [
        "ns2.namebrightdns.com",
        "ns1.namebrightdns.com"
    ]
}