{
    "domain": "sofinpushpile.com",
    "owner": {},
    "source": [
        "DuckDuckGo-US"
    ],
    "prevalence": 0.0000545,
    "sites": 8,
    "subdomains": [],
    "cnames": [],
    "fingerprinting": 2,
    "resources": [
        {
            "rule": "sofinpushpile\\.com\\/lv\\/esnk\\/1859593\\/code\\.js",
            "cookies": 0,
            "fingerprinting": 0,
            "subdomains": [],
            "apis": {},
            "sites": 7,
            "prevalence": 0.0000477,
            "cnames": [],
            "responseHashes": [
                "da62078f0e27097cdded8ed3be58c0f234a10e40c1964e3ca3d8f1e5d9bd30a2"
            ],
            "type": "Script",
            "firstPartyCookies": {},
            "firstPartyCookiesSent": {},
            "exampleSites": [
                "bokep5xx.com",
                "situsbokep654.com",
                "xbokep1.online",
                "xbokepindo123.net"
            ]
        },
        {
            "rule": "sofinpushpile\\.com\\/lv\\/esnk\\/1859593\\/code\\.js",
            "cookies": 0,
            "fingerprinting": 0,
            "subdomains": [],
            "apis": {},
            "sites": 7,
            "prevalence": 0.0000477,
            "cnames": [],
            "responseHashes": [
                "e3b0c44298fc1c149afbf4c8996fb92427ae41e4649b934ca495991b7852b855"
            ],
            "type": "Other",
            "firstPartyCookies": {},
            "firstPartyCookiesSent": {},
            "exampleSites": [
                "bokep5xx.com",
                "situsbokep654.com",
                "xbokep1.online",
                "xbokepindo123.net"
            ]
        },
        {
            "rule": "sofinpushpile\\.com\\/get\\/1859593",
            "cookies": 0.0000477,
            "fingerprinting": 0,
            "subdomains": [],
            "apis": {},
            "sites": 7,
            "prevalence": 0.0000477,
            "cnames": [],
            "responseHashes": [
                "8cfc946f667ac5cc066c591651e477f0ffc2847f4174dceb999a4a5c9837b642",
                "3e9c2dece38756b946c340cc9223420bd588142cb6c05d2289edb49e1cbf4bf9",
                "4a3e64370f1f32124fa62940b7536c3c2f4e6b20b0f450410918521d444bc4c7",
                "40b366cf57ff9cfdfd068c3ae1fad5824f26267f623218069a2dbf1bf0767f14",
                "7dda7c783cdb04c59a821935e08ade0e39ed4a900160d21494932b9050600cf6",
                "b0934fdea9059dedff2dfe844e6ea94d13d6b40a3fbefd1dd2fa50fefcd1e30f"
            ],
            "type": "Script",
            "firstPartyCookies": {},
            "firstPartyCookiesSent": {},
            "exampleSites": [
                "bokep5xx.com",
                "situsbokep654.com",
                "xbokep1.online",
                "xbokepindo123.net"
            ]
        },
        {
            "rule": "sofinpushpile\\.com\\/chicken\\.gif",
            "cookies": 0,
            "fingerprinting": 0,
            "subdomains": [],
            "apis": {},
            "sites": 7,
            "prevalence": 0.0000477,
            "cnames": [],
            "responseHashes": [
                "0fd9847719cee6f95c1c5f685e7af46acc4f7f5c40941dd960fc02dc0fe14779"
            ],
            "type": "Image",
            "firstPartyCookies": {},
            "firstPartyCookiesSent": {},
            "exampleSites": [
                "bokep5xx.com",
                "situsbokep654.com",
                "xbokep1.online",
                "xbokepindo123.net"
            ]
        },
        {
            "rule": "sofinpushpile\\.com\\/whob\\.gif",
            "cookies": 0,
            "fingerprinting": 0,
            "subdomains": [],
            "apis": {},
            "sites": 4,
            "prevalence": 0.0000272,
            "cnames": [],
            "responseHashes": [
                "0fd9847719cee6f95c1c5f685e7af46acc4f7f5c40941dd960fc02dc0fe14779"
            ],
            "type": "Image",
            "firstPartyCookies": {},
            "firstPartyCookiesSent": {},
            "exampleSites": [
                "bokep5xx.com",
                "situsbokep654.com",
                "xbokep1.online",
                "xbokepindo123.net"
            ]
        }
    ],
    "categories": [],
    "performance": {},
    "cookies": 0.0000477,
    "topInitiators": [
        {
            "domain": "first party",
            "prevalence": 0.9310344827586207
        },
        {
            "domain": "awmhouse.com",
            "prevalence": 0.06896551724137931
        }
    ],
    "types": {
        "Script": 14,
        "Other": 7,
        "Image": 11
    },
    "nameservers": [
        "ns-1527.awsdns-62.org",
        "ns-564.awsdns-06.net",
        "ns-408.awsdns-51.com",
        "ns-1946.awsdns-51.co.uk"
    ]
}