{
    "domain": "srvtrck.com",
    "owner": {},
    "source": [
        "DuckDuckGo-US"
    ],
    "prevalence": 0.000171,
    "sites": 26,
    "subdomains": [
        "js",
        "hades",
        "i",
        "search"
    ],
    "cnames": [],
    "fingerprinting": 1,
    "resources": [
        {
            "rule": "srvtrck\\.com\\/v1\\/js",
            "cookies": 0.0000328,
            "fingerprinting": 1,
            "subdomains": [
                "js"
            ],
            "apis": {
                "Document.cookie getter": 6,
                "Date.prototype.getTime": 5,
                "Document.cookie setter": 5
            },
            "sites": 15,
            "prevalence": 0.0000984,
            "cnames": [],
            "responseHashes": [
                "57490fe980fb0b4dd71e08a47836a0fd096106f2a7297c34c09b89824e4afa50",
                "bca017295308fab815edd1d69511155484a41581bf5d98d0a9d88f02c3d249d7",
                "7c18e573f85cfe735c77807bb71e011088008e9252c6a1a2603bdfbc871d9b27",
                "70dbeafa8bd45c8eb5d38e4686946a9d15814ed202494e6f4c7b3b01838438b2",
                "f7c31c9c68630eaa2aa01ae2eb827d183239ea3d908caf16f68cfbaa51e2eb97",
                "0fd61b218008432fb18907cfd21d3539838b664b71fcdbe6d6492808a66571a4",
                "45cb4244d7da86240bd4422572dad6e329fd84052e8b91a300002ccda4219a41",
                "e3b0c44298fc1c149afbf4c8996fb92427ae41e4649b934ca495991b7852b855"
            ],
            "type": "Script",
            "firstPartyCookies": {
                "vidyk": {
                    "ttl": 31536002,
                    "length": 1,
                    "prevalence": 0.000032805600572129675,
                    "uniqueness": 0.2
                },
                "svidyk": {
                    "ttl": 1802,
                    "length": 1,
                    "prevalence": 0.000032805600572129675,
                    "uniqueness": 0.2
                }
            },
            "firstPartyCookiesSent": {},
            "exampleSites": [
                "linternaute.com",
                "avis-deces.linternaute.com",
                "bricolage.linternaute.com",
                "extreme.pcgameshardware.de",
                "forums.commentcamarche.net",
                "www.buffed.de",
                "www.commentcamarche.net",
                "www.couponbirds.com",
                "www.erfahrungen.com",
                "www.igorslab.de",
                "www.linternaute.com",
                "www.linternaute.fr",
                "www.noz.de",
                "www.shz.de",
                "www.svz.de"
            ]
        },
        {
            "rule": "srvtrck\\.com\\/v2\\/uuid\\.html",
            "cookies": 0,
            "fingerprinting": 0,
            "subdomains": [
                "hades"
            ],
            "apis": {},
            "sites": 7,
            "prevalence": 0.0000459,
            "cnames": [],
            "responseHashes": [
                "cd45713beee6c2428f11ad6444c6e2a6bbe1bfad330e68002052e9832a5dcc03"
            ],
            "type": "Document",
            "firstPartyCookies": {},
            "firstPartyCookiesSent": {},
            "exampleSites": [
                "linternaute.com",
                "forums.commentcamarche.net",
                "www.buffed.de",
                "www.commentcamarche.net",
                "www.couponbirds.com",
                "www.erfahrungen.com",
                "www.igorslab.de"
            ]
        },
        {
            "rule": "srvtrck\\.com\\/v1\\/i",
            "cookies": 0.0000394,
            "fingerprinting": 0,
            "subdomains": [
                "i"
            ],
            "apis": {},
            "sites": 8,
            "prevalence": 0.0000525,
            "cnames": [],
            "responseHashes": [
                "370dbc0a7e85181d81ecf29999a4782fc0fde9621e538b4d17887e2d1af1522d"
            ],
            "type": "Image",
            "firstPartyCookies": {},
            "firstPartyCookiesSent": {},
            "exampleSites": [
                "linternaute.com",
                "extreme.pcgameshardware.de",
                "forums.commentcamarche.net",
                "www.buffed.de",
                "www.commentcamarche.net",
                "www.couponbirds.com",
                "www.erfahrungen.com",
                "www.igorslab.de"
            ]
        },
        {
            "rule": "srvtrck\\.com\\/static\\/json2\\.js",
            "cookies": 0,
            "fingerprinting": 0,
            "subdomains": [
                "hades"
            ],
            "apis": {},
            "sites": 6,
            "prevalence": 0.0000394,
            "cnames": [],
            "responseHashes": [
                "caba961cf71d7213df26fc8d5f11212204b5968f62698056ce768dada4656676"
            ],
            "type": "Script",
            "firstPartyCookies": {},
            "firstPartyCookiesSent": {},
            "exampleSites": [
                "linternaute.com",
                "forums.commentcamarche.net",
                "www.buffed.de",
                "www.couponbirds.com",
                "www.erfahrungen.com",
                "www.igorslab.de"
            ]
        },
        {
            "rule": "srvtrck\\.com\\/static\\/hades-server2\\.js",
            "cookies": 0,
            "fingerprinting": 1,
            "subdomains": [
                "hades"
            ],
            "apis": {
                "window.localStorage": 5,
                "Document.cookie getter": 5
            },
            "sites": 6,
            "prevalence": 0.0000394,
            "cnames": [],
            "responseHashes": [
                "e3e8ec7865f2d8dffcd47b65e40efda889633cc02962596a6bf3d1be6d19a6dd"
            ],
            "type": "Script",
            "firstPartyCookies": {},
            "firstPartyCookiesSent": {},
            "exampleSites": [
                "linternaute.com",
                "forums.commentcamarche.net",
                "www.buffed.de",
                "www.couponbirds.com",
                "www.erfahrungen.com",
                "www.igorslab.de"
            ]
        },
        {
            "rule": "srvtrck\\.com\\/v1\\/profile",
            "cookies": 0,
            "fingerprinting": 0,
            "subdomains": [
                "hades"
            ],
            "apis": {},
            "sites": 6,
            "prevalence": 0.0000394,
            "cnames": [],
            "responseHashes": [
                "7b9a45f9b8bdd8badbd1e899bd91f396c8014f7e7c9fa6a5eb838086cbc5300b"
            ],
            "type": "Image",
            "firstPartyCookies": {},
            "firstPartyCookiesSent": {},
            "exampleSites": [
                "linternaute.com",
                "forums.commentcamarche.net",
                "www.buffed.de",
                "www.couponbirds.com",
                "www.erfahrungen.com",
                "www.igorslab.de"
            ]
        },
        {
            "rule": "srvtrck\\.com\\/v2\\/page\\/link",
            "cookies": 0.0000131,
            "fingerprinting": 0,
            "subdomains": [
                "search"
            ],
            "apis": {},
            "sites": 2,
            "prevalence": 0.0000131,
            "cnames": [],
            "responseHashes": [
                "44136fa355b3678a1146ad16f7e8649e94fb4fc21fe77e8310c060f61caaff8a"
            ],
            "type": "XHR",
            "firstPartyCookies": {},
            "firstPartyCookiesSent": {},
            "exampleSites": [
                "igorslab.de",
                "www.igorslab.de"
            ]
        }
    ],
    "categories": [],
    "performance": {},
    "cookies": 0.0000525,
    "topInitiators": [
        {
            "domain": "first party",
            "prevalence": 0.5384615384615384
        },
        {
            "domain": "googletagmanager.com",
            "prevalence": 0.34615384615384615
        },
        {
            "domain": "ccmbg.com",