{
    "domain": "tarteaucitron.io",
    "owner": {},
    "source": [
        "DuckDuckGo-US"
    ],
    "prevalence": 0.000142,
    "sites": 21,
    "subdomains": [
        "cdn"
    ],
    "cnames": [],
    "fingerprinting": 1,
    "resources": [
        {
            "rule": "tarteaucitron\\.io\\/load\\.js",
            "cookies": 0.0000609,
            "fingerprinting": 1,
            "subdomains": [],
            "apis": {
                "Document.cookie getter": 9,
                "Navigator.prototype.doNotTrack": 9,
                "Date.prototype.getTime": 9,
                "Document.cookie setter": 9
            },
            "sites": 10,
            "prevalence": 0.0000677,
            "cnames": [],
            "responseHashes": [
                "a05e053d9386e53ae1c10a40fdfbd6cfaece1088a162727beecaba2f344a9ac2",
                "594546c991d37b5bae49d78e12d7ff8a4cf342d71bd5feb3bfefd8ae6a559388",
                "cb1ef5cc95352c948044ac5e5ed2ed6b7d32cc6b1e137b74b21d7ea835631a11",
                "5305ed9198801a754fc0e93c212d6921d85c42c8444c06531c6a8f4343cc2edc",
                "3939fa7374dbd25abadae10f463415099a9c252d2dd916ed75d67e6cb7519605",
                "1b50fb9f4d4f1ec38b2eb68da2511361b717fe35ac1a056efac1db971be20a43",
                "cc3eca14625d1de54a2be66308061956e5c31728ad66e0d74b1e45654be3b20f",
                "70a04c8d4b25733f5904d63bdef335d10ed66fd48e7e39e6c69c58791112fd47",
                "a5ed1611f960ee5c02d231e4a5a62850f4db6f8807c01e8466dd7951093cb234"
            ],
            "type": "Script",
            "firstPartyCookies": {
                "tarteaucitroncatalogue": {
                    "ttl": 31536004,
                    "length": 5,
                    "prevalence": 0.000013537203619848248,
                    "uniqueness": 0.5
                },
                "tarteaucitron": {
                    "ttl": 31536002,
                    "length": 13,
                    "prevalence": 0.00003384300904962062,
                    "uniqueness": 0.8
                },
                "tarteaucitrongallica": {
                    "ttl": 31536006,
                    "length": 5,
                    "prevalence": 0.000006768601809924124,
                    "uniqueness": 1
                },
                "tarteaucitronbnf": {
                    "ttl": 31536009,
                    "length": 5,
                    "prevalence": 0.000006768601809924124,
                    "uniqueness": 1
                }
            },
            "firstPartyCookiesSent": {},
            "exampleSites": [
                "bnf.fr",
                "catalogue.bnf.fr",
                "en.mediamass.net",
                "gallica.bnf.fr",
                "metropole.toulouse.fr",
                "www.bnf.fr",
                "www.culture.gouv.fr",
                "www.francecompetences.fr",
                "www.info-retraite.fr",
                "www.trixhentai.com"
            ]
        },
        {
            "rule": "tarteaucitron\\.io\\/css\\/tarteaucitron\\.css",
            "cookies": 0,
            "fingerprinting": 0,
            "subdomains": [
                "cdn"
            ],
            "apis": {},
            "sites": 8,
            "prevalence": 0.0000541,
            "cnames": [],
            "responseHashes": [
                "70abfb15fe599e14ce4cc6c7ee8fff5d4c34fd5b9053a69e46952e4627e578c3"
            ],
            "type": "Stylesheet",
            "firstPartyCookies": {},
            "firstPartyCookiesSent": {},
            "exampleSites": [
                "bnf.fr",
                "catalogue.bnf.fr",
                "en.mediamass.net",
                "gallica.bnf.fr",
                "metropole.toulouse.fr",
                "www.bnf.fr",
                "www.info-retraite.fr",
                "www.trixhentai.com"
            ]
        },
        {
            "rule": "tarteaucitron\\.io\\/lang\\/tarteaucitron\\.en\\.js",
            "cookies": 0,
            "fingerprinting": 0,
            "subdomains": [
                "cdn"
            ],
            "apis": {},
            "sites": 6,
            "prevalence": 0.0000406,
            "cnames": [],
            "responseHashes": [
                "ab51aabb779c3fa0da54afcf05165e3a578815bc9582e0daec4053a5152ae3db"
            ],
            "type": "Script",
            "firstPartyCookies": {},
            "firstPartyCookiesSent": {},
            "exampleSites": [
                "bnf.fr",
                "catalogue.bnf.fr",
                "en.mediamass.net",
                "gallica.bnf.fr",
                "www.bnf.fr",
                "www.info-retraite.fr"
            ]
        },
        {
            "rule": "tarteaucitron\\.io\\/tarteaucitron\\.services\\.js",
            "cookies": 0,
            "fingerprinting": 1,
            "subdomains": [
                "cdn"
            ],
            "apis": {
                "Document.cookie getter": 1
            },
            "sites": 8,
            "prevalence": 0.0000541,
            "cnames": [],
            "responseHashes": [
                "9eb131252f42929e6e4f443f0fccdff1aad196bc2ddf7cfeaf6c0872541dc47f"
            ],
            "type": "Script",
            "firstPartyCookies": {},
            "firstPartyCookiesSent": {},
            "exampleSites": [
                "bnf.fr",
                "catalogue.bnf.fr",
                "en.mediamass.net",
                "gallica.bnf.fr",
                "metropole.toulouse.fr",
                "www.bnf.fr",
                "www.info-retraite.fr",
                "www.trixhentai.com"
            ]
        },
        {
            "rule": "tarteaucitron\\.io\\/log\\/",
            "cookies": 0,
            "fingerprinting": 0,
            "subdomains": [],
            "apis": {},
            "sites": 10,
            "prevalence": 0.0000677,
            "cnames": [],
            "responseHashes": [
                "ac554a4ea8b34bbb80db013e14be195ebc986f82f24e5b18b0ea9032ef561f57"
            ],
            "type": "Image",
            "firstPartyCookies": {},
            "firstPartyCookiesSent": {
                "tarteaucitron": 0.000040611610859544745
            },
            "exampleSites": [
                "bnf.fr",
                "catalogue.bnf.fr",
                "en.mediamass.net",
                "gallica.bnf.fr",
                "metropole.toulouse.fr",
                "www.annuaire-therapeutes.com",
                "www.bnf.fr",
                "www.culture.gouv.fr",
                "www.immobilier.notaires.fr",
                "www.info-retraite.fr"
            ]
        },
        {
            "rule": "tarteaucitron\\.io\\/lang\\/tarteaucitron\\.fr\\.js",
            "cookies": 0,
            "fingerprinting": 0,
            "subdomains": [
                "cdn"
            ],
            "apis": {},
            "sites": 3,
            "prevalence": 0.0000203,
            "cnames": [],
            "responseHashes": [
                "90f73e7878e0a0269af49364f1bade56a093413f242f2391b807227000947077"
            ],
            "type": "Script",
            "firstPartyCookies": {},
            "firstPartyCookiesSent": {},
            "exampleSites": [
                "bnf.fr",
                "metropole.toulouse.fr",
                "www.trixhentai.com"
            ]
        },
        {
            "rule": "tarteaucitron\\.io\\/load\\.js",
            "cookies": 0.0000135,
            "fingerprinting": 1,
            "subdomains": [],
            "apis": {
                "Document.cookie getter": 2,
                "Navigator.prototype.doNotTrack": 2,
                "Date.prototype.getTime": 2,
                "Document.cookie setter": 2
            },
            "sites": 2,
            "prevalence": 0.0000135,
            "cnames": [],
            "responseHashes": [
                "e3b0c44298fc1c149afbf4c8996fb92427ae41e4649b934ca495991b7852b855"
            ],
            "type": "Fetch",