{
    "domain": "taxel.jp",
    "owner": {
        "name": "GMO AD Marketing Inc.",
        "displayName": "GMO AD Marketing"
    },
    "source": [
        "DuckDuckGo-US"
    ],
    "prevalence": 0.000272,
    "sites": 40,
    "subdomains": [
        "widgets",
        "images",
        "cdn"
    ],
    "cnames": [],
    "fingerprinting": 2,
    "resources": [
        {
            "rule": "taxel\\.jp\\/rw\\.js",
            "cookies": 0.0000408,
            "fingerprinting": 2,
            "subdomains": [],
            "apis": {
                "window.innerHeight": 8,
                "Navigator.prototype.userAgent": 6,
                "Document.cookie getter": 6,
                "Document.cookie setter": 6,
                "Date.prototype.getTime": 6,
                "window.devicePixelRatio": 4,
                "window.localStorage": 4,
                "Navigator.prototype.platform": 4
            },
            "sites": 9,
            "prevalence": 0.0000613,
            "cnames": [],
            "responseHashes": [
                "50818f17347947ab08e1ed26f7e3e69c22fce3188a620614225e57c581878ed4",
                "344ea36847cc5fb83f80203288a69b3d8cc504ac7ffe786073343ca880b1f5ac",
                "3ad52f2c1a0f34d08dadef6dcf1ce91877c4ab8f304b64ba029e80ba7f5e7715",
                "56317fbe6069333371c10fcf5982d06714dd15f0f0e5fc01ccb3504d5ad57444",
                "6d395c1ea43a9e96d78f22bd1a3d6c0d0166bcb07c2c6c6fb1ce791cf7718b79",
                "b9b53ff217f6212c7220d7211d8dd9be825bc54916598b91ea2cc281703da641",
                "95ea809a9ce66d79f76246b5596209bdd9deeed73daa427c78b4d80c12c87a22"
            ],
            "type": "Script",
            "firstPartyCookies": {
                "GMORW_UID": {
                    "ttl": 15555605,
                    "length": 34,
                    "prevalence": 0.00004083577213639148,
                    "uniqueness": 1
                },
                "GMORW_SID_605": {
                    "ttl": 1805,
                    "length": 46,
                    "prevalence": 0.000006805962022731913,
                    "uniqueness": 1
                },
                "GMORW_SID_219": {
                    "ttl": 1804,
                    "length": 46,
                    "prevalence": 0.000006805962022731913,
                    "uniqueness": 1
                },
                "TAXEL_LEAD_ARTICLE_IDS": {
                    "ttl": 3612,
                    "length": 35,
                    "prevalence": 0.000027223848090927652,
                    "uniqueness": 1
                },
                "GMORW_SID_722": {
                    "ttl": 1812,
                    "length": 46,
                    "prevalence": 0.000006805962022731913,
                    "uniqueness": 1
                },
                "GMORW_SID_360": {
                    "ttl": 1804,
                    "length": 46,
                    "prevalence": 0.000006805962022731913,
                    "uniqueness": 1
                },
                "GMORW_SID_196": {
                    "ttl": 1816,
                    "length": 46,
                    "prevalence": 0.000006805962022731913,
                    "uniqueness": 1
                }
            },
            "firstPartyCookiesSent": {},
            "exampleSites": [
                "aumo.jp",
                "bp-guide.jp",
                "kufura.jp",
                "lovegreen.net",
                "matome.response.jp",
                "taptrip.jp",
                "www.at-s.com",
                "www.mwed.jp",
                "www.wowkorea.jp"
            ]
        },
        {
            "rule": "taxel\\.jp\\/article\\.json",
            "cookies": 0.000177,
            "fingerprinting": 0,
            "subdomains": [
                "widgets"
            ],
            "apis": {},
            "sites": 26,
            "prevalence": 0.000177,
            "cnames": [],
            "responseHashes": [
                "1cd5c4a621493f691a6df8441887b5c2ff8b7c6d6cff8a239527db61d167eec2",
                "b0c57ebc789dee62e4758ca8ba01fa28c2f2cb8d88bdcbd6fa2348ace5e3edee",
                "c6ff3b63ba3f9c1917e69c1bf19c9f2accaf2460926cb60848ac513f6dd415f8",
                "f82ebb88f2609a9033c356c2da9f04f8e093eec7575a5a07dfcbcf996f5edb94",
                "be53b8012ed82f77e796b6e6c50218d31bfdf3e93ae4a08f8e05ac05917894b4",
                "73e2c4213d8feead4e790b0f8e6d0998bc321eeaa8737a2bd0914e23ad1a3247",
                "3725cadda3af6a91a4efb1e100a36f8e3d8ec5e80f609a6ad3f615dd25180e01",
                "564ee0d8bcbb9452ff1a03a11678bfaa32d1726017c1c40c4c1611fe871c4350",
                "40f9ded6e7d2310bdcd33c6a38d37a84b7b57960c545df09c72388942189a9d9",
                "a08da8c160a26719bfc31b1e22c923679a68a5d99aff091cc0449db4b13e0ee8",
                "17cc665721a973ef1a0fc33e01aa072fd578a2a381338e847b1e756353a48f23",
                "2185de74be61201e8348f0684c4bb634379f89c9199013073602fd4547e4d599",
                "17a7c04fab2f2eab934f78f7bf81bc8beb6e3d768a8979e9f8e355b29e11133d",
                "64a19a694dd202d2cb58340c8978e081660158f2ed3b3a42a21ef1e8a1e9e965",
                "d59c8c8a5fc526d0b4faada55d7ddcc357052be9befb8998603fe5b6e053c884",
                "e2d62d5e6582e9c27d083c2fa1016287a9cfbe5f6d4aa0097fbd265a54313c0d",
                "2856b1d21dc80469a8b3ce08b39e44190f82baf4ba5c0b15285c552a037dd975",
                "2700663fb15852010729674a714dfede8465f712c06f8a0971c51f11df1d5354",
                "78ac0e7ea85bf996c99e471e0c016c6b6c57973cc7d251879a41acaa8530b0fb",
                "b4110150fae8071c55954cffae4382d543774ada7e5b3d8e7952748ed7748d1e",
                "074411a12542213d16c8ee86134fcfc07c038f0a53e3436f2c0ab3832d1816d2",
                "1e84e33cc4e538273e1ae469baba3e5e9038b8a838b05a47b29712c23a6de68b",
                "156f4efcae8e6c057d9e5fbfee79e798f3f28963cfc8a9b5f8952b5f1cb47e90",
                "081a7375e6d0bdc775b0b11566800f22c1e2aae545a78df4a9b4a39d5cf13e08"
            ],
            "type": "Script",
            "firstPartyCookies": {},
            "firstPartyCookiesSent": {
                "GMORW_UID": 0.00017695501259102974,
                "lotame_domain_check": 0.000013611924045463826
            },
            "exampleSites": [
                "sugoren.com",
                "shufuse.com",
                "pouchs.jp",
                "nekochan.jp",
                "www.wowkorea.jp",
                "spicomi.net",
                "psnews.jp",
                "lovegreen.net",
                "greensnap.jp",
                "horti.jp",
                "kuruma-news.jp",
                "www.jprime.jp",
                "kufura.jp",
                "cojicaji.jp",
                "seikatsu-hyakka.com",
                "botanica-media.jp",
                "taptrip.jp",
                "tocana.jp",
                "www.gentosha.jp",
                "yourmystar.jp"
            ]
        },
        {
            "rule": "taxel\\.jp\\/images\\/default\\/00\\/taxel\\.png",
            "cookies": 0,
            "fingerprinting": 0,
            "subdomains": [
                "images"
            ],
            "apis": {},
            "sites": 18,
            "prevalence": 0.000123,
            "cnames": [],
            "responseHashes": [
                "70e4c898bcf65a75381e5dd4d19423f4075cb172c4e3a40f978706b7de094108"
            ],
            "type": "Image",
            "firstPartyCookies": {},
            "firstPartyCookiesSent": {},