{
    "domain": "tctm.co",
    "owner": {
        "name": "Call Tracking Metrics LLC",
        "displayName": "Call Tracking Metrics"
    },
    "source": [
        "DuckDuckGo-US"
    ],
    "prevalence": 0.00045,
    "sites": 66,
    "subdomains": [
        "329405",
        "87629",
        "359924",
        "211698",
        "348045",
        "169665",
        "75487",
        "167549",
        "53665",
        "175895",
        "21292",
        "80749",
        "49035",
        "74056",
        "199766",
        "25739",
        "235793",
        "38169",
        "83981",
        "222228",
        "311298",
        "370497",
        "70244",
        "74005",
        "272834",
        "180937",
        "309741",
        "113335",
        "248082",
        "249090",
        "163505"
    ],
    "cnames": [],
    "fingerprinting": 1,
    "resources": [
        {
            "rule": "tctm\\.co\\/t\\.js",
            "cookies": 0.000232,
            "fingerprinting": 1,
            "subdomains": [
                "329405",
                "87629",
                "359924",
                "211698",
                "348045",
                "169665",
                "75487",
                "167549",
                "53665",
                "175895",
                "21292",
                "80749",
                "49035",
                "74056",
                "199766",
                "25739",
                "235793",
                "38169",
                "83981",
                "222228",
                "311298",
                "370497",
                "70244",
                "74005",
                "272834",
                "180937",
                "309741",
                "113335",
                "248082",
                "249090",
                "163505"
            ],
            "apis": {
                "Document.cookie getter": 24,
                "Navigator.prototype.userAgent": 25,
                "window.localStorage": 25,
                "Date.prototype.getTime": 24,
                "Document.cookie setter": 24
            },
            "sites": 34,
            "prevalence": 0.000232,
            "cnames": [],
            "responseHashes": [
                "54cc6ccdb3ee2b088589e8e66eb6e6214445ef1e6e027c60835911fb53820356",
                "5e5d7e72c6be2f43951cf3954408dfc554634b364a2d0dc94c84b5838f6e07a8",
                "047ac4ea1baed0f2a72b6aaa45d730dc747cd5e66444379928fe63e43184764e",
                "01ba4719c80b6fe911b091a7c05124b64eeece964e09c058ef8f9805daca546b",
                "ac98f2ce44bb70d928dee4d2538f4093e83ecc108bdb1d4078834edeffc7d971",
                "ae5ec8770b214692cbac23b24ff925572f21a03099b42208b98c78b6b7afa755",
                "dcc1873b4c641b22d9217ed315452f94e9d3af47bbf059a18fd7529d4dddf333",
                "b23361d546d8aa8bd59d8abb2e9c627174ac7849466c5ff89254f2b0013e290e",
                "fa69dfffd4a849481e5452a9124e8319844eab496f98390cec3a610ea17c0178",
                "a94c40ef56e334b9e60235599fc8d70150d05126fe84824a85246b0db6277c28",
                "d131e5969d765e77ef4d08041813d3f3beed069e154f4d7f74880152fddac394",
                "984b8cfdf1e798754bba7b05ae9ef725098ea6da7159efb8bde684df5025ae42",
                "c333b04e17e8fdd3667970992514884f43e1334c5cbdf792af9b8d29ab6cefa6",
                "be42a0e4f5891a05000f6a4b12a5c65f9d8a84509139e501f81b228c92810a7a",
                "c77027cdfe84bf2a00027ca7e636db17362905fc8a37df6ed17d2a09f35a60fc",
                "e73048558b7f31a690f5861a4a08d5e50a1b5e09bf6fbce217ad4e93d2fe1213",
                "fb7058cd0c9106212bded15ebd3cade03e1ae86a4cd6fccf6338c84bd55044eb",
                "f5200cea286c419e52b9c8d02099dc6ccd4114d3074407248e5a83128d9349eb",
                "38ef9edcf710fafc343e49dda235bdf173842407e4c878bab1608c08f1e8cdf1",
                "469f3e7aedf951149dcdb14912fe18352de3fb57eac2ec4534caebb3425d8058",
                "759d495f681317941bac3c9c4cb5204cc34b1303abc498be23ebd0db014af384",
                "ae02da68b99fd58b1e45b81086ac582b0d6a8501122c5bcbd4af3265ebbcd056",
                "dc57a69469a284e1580375c75cc707729e702048f75f850a194c8c944869b0a0",
                "48e4d1a9c72c46ed0e05517636d4de034965d87d84f6fd4da026cfe6867b0e49",
                "0dc9754e3f5102c1e8f9c52c39316a3c60700037dd89289c57f70c4e73995c72"
            ],
            "type": "Script",
            "firstPartyCookies": {
                "__ctmid": {
                    "ttl": 2592001,
                    "length": 24,
                    "prevalence": 0.00016381358014579407,
                    "uniqueness": 1
                }
            },
            "firstPartyCookiesSent": {},
            "exampleSites": [
                "www.pbinstitute.com",
                "areterecovery.com",
                "vertavahealth.com",
                "www.chop.edu",
                "www.windowfilm.co.uk",
                "www.rehabcenter.net",
                "applianceswarehouse.com.au",
                "www.californiapsychics.com",
                "www.dijkmanmuziek.nl",
                "www.banyantreatmentcenter.com",
                "lavendla.se",
                "www.pandadoc.com",
                "butcombe.com",
                "delphihealthgroup.com",
                "www.nextiva.com",
                "www.bridgestorecovery.com",
                "www.gaywaysltd.co.uk",
                "www.lightingcompany.co.uk",
                "share.upmc.com",
                "www.sharp.com"
            ]
        },
        {
            "rule": "tctm\\.co\\/p\\.js",
            "cookies": 0.000102,
            "fingerprinting": 0,
            "subdomains": [
                "87629",
                "359924",
                "348045",
                "75487",
                "167549",
                "53665",
                "175895",
                "80749",
                "311298",
                "370497",
                "74005",
                "309741"
            ],
            "apis": {},
            "sites": 15,
            "prevalence": 0.000102,
            "cnames": [],
            "responseHashes": [
                "ae945dfe5493a261fa622368084995e98fc81319e2524f8c27f1b572cf12aff7",
                "368d2cb9dae3e46bf90771097a1913f111fdbd4a82f99806ed79d63fe2acb117",
                "2502934a3a1642bdd58f83a1afb975ad043660144c13b2db8dd329772ca6fccb",
                "053d4e86d835fda06de3ed31beb0d4d7ed85adc0e1e96185ac195c230a31fa47",
                "8659d572da6243f1bff01ee266171e549a66e3f3c734b7e9df663f7a7d8e00a5",
                "76a3b1284ead1efb430b37e2a26c8e1da2924238e6fe80b53fafce269f4d8b22",
                "5bb30398043abec020034069a81a3ad5c3642671b4182352bc4650f26a4b53f3",
                "5f899539542849c87416ab81756baed4942fbe0d8bfa6ae24b12af905b393663",
                "338e95bc1b04d26d305dba4dd2044bb1455de3308e80134b4c70f47e7f1a5f2d",
                "5712950e756f24fa94fdcfb5df1327d272f722e3cc04f2c1d1574983d099e5ac",
                "6a9049e4a1879a0843da437156ae6ff992c6a1c4637992551e1d41612809a1be",
                "0f8c433f8a6d788c4ff2cdc2b85734b52a30acd4c532484261bd8937c5b4cf3b",
                "860588eed92fcecc28aa9db8e321b119cf56f8974eea9702371ae9e084dcc14e"
            ],
            "type": "Script",
            "firstPartyCookies": {},
            "firstPartyCookiesSent": {
                "__ctmid": 0.00009555792175171321
            },