{
    "domain": "thunderhead.com",
    "owner": {
        "name": "Thunderhead.com Limited",
        "displayName": "Thunderhead.com"
    },
    "source": [
        "DuckDuckGo-US"
    ],
    "prevalence": 0.000244,
    "sites": 36,
    "subdomains": [
        "na5",
        "na5.cdn",
        "ap1.cdn",
        "eu2.cdn",
        "ap1",
        "eu2"
    ],
    "cnames": [],
    "fingerprinting": 1,
    "resources": [
        {
            "rule": "thunderhead\\.com\\/one\\/rt\\/web\\/v1\\/ONE-G8V3SQCVEX-2062",
            "cookies": 0.0000271,
            "fingerprinting": 0,
            "subdomains": [
                "na5"
            ],
            "apis": {},
            "sites": 4,
            "prevalence": 0.0000271,
            "cnames": [],
            "responseHashes": [
                "1af2752bfc5711625912ab05ea96742b5d9e896bc7583ee8e2fab50a05e63606",
                "ede5d85bee68c626e4d47fadec53b752d6b69c7352e44b691d8e544c78e7f7b2",
                "4c96c9f802a2358f9f578af3f36b01132acd5cc5e6dbd56ebc726aa855954220"
            ],
            "type": "XHR",
            "firstPartyCookies": {},
            "firstPartyCookiesSent": {},
            "exampleSites": [
                "att.com",
                "forums.att.com",
                "www.att.com",
                "www.att.net"
            ]
        },
        {
            "rule": "thunderhead\\.com\\/one\\/rt\\/js\\/one-tag\\.js",
            "cookies": 0.0000339,
            "fingerprinting": 1,
            "subdomains": [
                "na5",
                "na5.cdn",
                "ap1.cdn",
                "eu2.cdn",
                "ap1",
                "eu2"
            ],
            "apis": {
                "Document.cookie getter": 6,
                "window.localStorage": 6,
                "Date.prototype.getTime": 6,
                "window.sessionStorage": 3,
                "Document.cookie setter": 5,
                "Navigator.prototype.userAgent": 1
            },
            "sites": 17,
            "prevalence": 0.000115,
            "cnames": [],
            "responseHashes": [
                "f5a93e4ad8e1e404ead2c98e8ee62ba9fd907e010b653c9e75b90c81d4a47934",
                "209809419acc6c223d8250e4e12ee659c4ad368809c7f925d067f085c58a6e8a",
                "12efba1a5319ee6ba18ef319ad5525555241d23f7f6332c93382d4aafc95390e",
                "85a5f6b7dc067c0a810951792ff6e155ef596c2685e48e06ef7b989327633ded",
                "32a29c529b8044922eb0dbe1136e731f2ca0252310dcb9d8f18a2692eda02600",
                "b230e06f48b1164e6742632e220bf91589fa3e0d8c4d3b0976198d380a129449",
                "e871c58bf14b6a0274ec1ac27924382fc2c8a8d6f2529721caf6560cd789e511",
                "f821ca0ef15c450d50a9e01e4b0e287fccc31d8e9bd631fda16153232699e697",
                "f770a34d4488e114fb6f48532f3acef275821e2ef7a63820e6ea8a831b802fba",
                "8cebce58c73c2ca7a7f7b90cb1fcf144e2067d6240cdf7fbfe7f881b7ae5b015",
                "6aa9a8ae49f33fec9c635e69129b0bcc3c7fbddff262f9729fd00fc5ed1e5458",
                "ac9d5ede3cd586666bbba369a6368810d4c27f744fb4b0d9c3c683deed398eda",
                "50b0a00a43aa5c73859c4f3d9b8aafdd966864c5507d1b43d8c8304a3d9c6441",
                "7aa2d386523c4e2e59bfe7c3aa9161fda04386d67fd4d90a9eea913cf858534e"
            ],
            "type": "Script",
            "firstPartyCookies": {
                "_one_NjMxNTEz": {
                    "ttl": 62985603,
                    "length": 36,
                    "prevalence": 0.000013571651534275207,
                    "uniqueness": 1
                },
                "_one_ODAwNg": {
                    "ttl": 62985601,
                    "length": 36,
                    "prevalence": 0.000006785825767137603,
                    "uniqueness": 1
                },
                "_one_MTgwNTMy": {
                    "ttl": 62985601,
                    "length": 36,
                    "prevalence": 0.000006785825767137603,
                    "uniqueness": 1
                },
                "_one_ODAwMg": {
                    "ttl": 62985605,
                    "length": 36,
                    "prevalence": 0.000006785825767137603,
                    "uniqueness": 1
                }
            },
            "firstPartyCookiesSent": {},
            "exampleSites": [
                "auburntigers.com",
                "denverpioneers.com",
                "luxuryescapes.com",
                "store.ubi.com",
                "umassathletics.com",
                "www.arsenal.com",
                "www.bajajfinserv.in",
                "www.bge.com",
                "www.bosch-home.com",
                "www.budgetdirect.com.au",
                "www.budgetthuis.nl",
                "www.crowdstrike.com",
                "www.infomoney.com.br",
                "www.invesco.com",
                "www.my.telstra.com.au",
                "www.telstra.com.au",
                "www.thermador.com"
            ]
        },
        {
            "rule": "thunderhead\\.com\\/one\\/rt\\/web\\/v1\\/ONE-CRJ9JHZCGA-1874",
            "cookies": 0.0000136,
            "fingerprinting": 0,
            "subdomains": [
                "eu2"
            ],
            "apis": {},
            "sites": 2,
            "prevalence": 0.0000136,
            "cnames": [],
            "responseHashes": [
                "8985595c320719fe223016089ce2583c347df75934abe3d8b750012b24092435"
            ],
            "type": "XHR",
            "firstPartyCookies": {},
            "firstPartyCookiesSent": {
                "gpv_pn": 0.000006785825767137603,
                "pgv_pt": 0.000006785825767137603
            },
            "exampleSites": [
                "bosch-home.com",
                "www.thermador.com"
            ]
        },
        {
            "rule": "thunderhead\\.com\\/one\\/rt\\/web\\/v1\\/ONE-WNLDKAOQ41-1776",
            "cookies": 0.0000136,
            "fingerprinting": 0,
            "subdomains": [
                "ap1"
            ],
            "apis": {},
            "sites": 2,
            "prevalence": 0.0000136,
            "cnames": [],
            "responseHashes": [
                "8e5bce182b40d0c64cee8780301f63c476d14d6394bf24b2111d18d1dc310082"
            ],
            "type": "XHR",
            "firstPartyCookies": {},
            "firstPartyCookiesSent": {},
            "exampleSites": [
                "budgetdirect.com.au",
                "www.budgetdirect.com.au"
            ]
        },
        {
            "rule": "thunderhead\\.com\\/one\\/rt\\/web\\/v1\\/ONE-WNLDKAOQ41-1776\\/error",
            "cookies": 0,
            "fingerprinting": 0,
            "subdomains": [
                "ap1"
            ],
            "apis": {},
            "sites": 2,
            "prevalence": 0.0000136,
            "cnames": [],
            "responseHashes": [
                "7fff1569ea68ef52782ba25b0cf3934627f7a4fc1e8e22f4652de959c5f97978"
            ],
            "type": "Image",
            "firstPartyCookies": {},
            "firstPartyCookiesSent": {
                "_one_ODAwNg": 0.000013571651534275207
            },
            "exampleSites": [
                "budgetdirect.com.au",
                "www.budgetdirect.com.au"
            ]
        },
        {
            "rule": "thunderhead\\.com\\/one\\/rt\\/web\\/v1\\/ONE-5MLXTGGMUC-1258",
            "cookies": 0.0000136,
            "fingerprinting": 0,
            "subdomains": [
                "na5"
            ],
            "apis": {},
            "sites": 2,
            "prevalence": 0.0000136,
            "cnames": [],
            "responseHashes": [
                "28a1f55571d206b63260d098b0f9e227656ae683158b7926283e8ff02964cce4"
            ],
            "type": "XHR",
            "firstPartyCookies": {},
            "firstPartyCookiesSent": {},