{
    "domain": "timeanddate.com",
    "owner": {
        "name": "Time and Date AS",
        "displayName": "Time and Date"
    },
    "source": [
        "DuckDuckGo-US"
    ],
    "prevalence": 0.0000885,
    "sites": 13,
    "subdomains": [
        "freesecure",
        "free"
    ],
    "cnames": [],
    "fingerprinting": 1,
    "resources": [
        {
            "rule": "timeanddate\\.com\\/ts\\.php",
            "cookies": 0,
            "fingerprinting": 0,
            "subdomains": [
                "freesecure",
                "free"
            ],
            "apis": {},
            "sites": 9,
            "prevalence": 0.0000613,
            "cnames": [],
            "responseHashes": [
                "aba0b98683aedda004d328fe31aa2a7785840c69d18e27c6b8b657b78fcca14b",
                "b2055ad88dcbc2a48b2d2e7a09a83628526ec9fcae275816612fc7481c4ca1ff",
                "a6674d501bcc3ac217cdad1c04711b78cb9c2d7d1a79604407543df4a6c51186",
                "f86a1255f578a49ade9503f9ab3040b879fd8359ed5975125076c24077ab82da",
                "e45730ef46b1132e056cc88199909f6c5976f87668b6be867ad80ccc7938de9b",
                "fb9c842441f7481f2a78ed6d21555db24bda20c576789e2b7197a9d95ec310e0",
                "c2457ae5215d2c018273bd1f4d02105b148d421bff1c2417a0aece3cfbe48690",
                "022a1e82976caed46e5ab7fe3517108c59e8c0368b387f57148060ee278328d8"
            ],
            "type": "XHR",
            "firstPartyCookies": {},
            "firstPartyCookiesSent": {},
            "exampleSites": [
                "whitepages.co.com",
                "www.dccconcepts.com",
                "www.diablofans.com",
                "www.dwtonline.com",
                "www.futebol365.pt",
                "www.gimolimpo.com",
                "www.landenkompas.nl",
                "www.rolexforums.com",
                "www.visitingvienna.com"
            ]
        },
        {
            "rule": "timeanddate\\.com\\/clock\\/i5h84ef3\\/n136\\/tluk\\/fcfff\\/tct\\/pct\\/ahl\\/ftb\\/tt0\\/tm1\\/th1\\/tb1",
            "cookies": 0.00000681,
            "fingerprinting": 1,
            "subdomains": [
                "freesecure"
            ],
            "apis": {
                "Document.cookie getter": 1,
                "Document.cookie setter": 1,
                "Date.prototype.getTime": 2
            },
            "sites": 2,
            "prevalence": 0.0000136,
            "cnames": [],
            "responseHashes": [
                "fda8e3c345e4b71b7ae03eced3eed09c54eda54b7c36b1b451b98e26789ec902"
            ],
            "type": "Document",
            "firstPartyCookies": {
                "tads": {
                    "ttl": null,
                    "length": 18,
                    "prevalence": 0.000006806795905031584,
                    "uniqueness": 1
                }
            },
            "firstPartyCookiesSent": {},
            "exampleSites": [
                "dccconcepts.com",
                "www.dccconcepts.com"
            ]
        },
        {
            "rule": "timeanddate\\.com\\/clock\\/i30ssgv3\\/n194\\/tlnl14\\/fs10\\/tct\\/pct\\/ahl\\/tt0\\/tw0\\/tb2",
            "cookies": 0.00000681,
            "fingerprinting": 1,
            "subdomains": [
                "free"
            ],
            "apis": {
                "Date.prototype.getTime": 2,
                "Document.cookie setter": 1
            },
            "sites": 2,
            "prevalence": 0.0000136,
            "cnames": [],
            "responseHashes": [
                "3260e27da76aa359407f8fb7c54bf0dc0f3b0658f4388d1e07b9e680c705d85a"
            ],
            "type": "Document",
            "firstPartyCookies": {
                "tads": {
                    "ttl": null,
                    "length": 18,
                    "prevalence": 0.000006806795905031584,
                    "uniqueness": 1
                }
            },
            "firstPartyCookiesSent": {},
            "exampleSites": [
                "dwtonline.com",
                "www.dwtonline.com"
            ]
        },
        {
            "rule": "timeanddate\\.com\\/clock\\/i3bydz9o\\/n133\\/fs12\\/fcccc\\/tct\\/pct\\/th1",
            "cookies": 0.00000681,
            "fingerprinting": 1,
            "subdomains": [
                "free"
            ],
            "apis": {
                "Date.prototype.getTime": 2,
                "Document.cookie getter": 1,
                "Document.cookie setter": 1
            },
            "sites": 2,
            "prevalence": 0.0000136,
            "cnames": [],
            "responseHashes": [
                "cf9888aace106835e6f01f2109a2fbe9feea97b25519c936ece04fe2daf80b17"
            ],
            "type": "Document",
            "firstPartyCookies": {
                "tads": {
                    "ttl": null,
                    "length": 17,
                    "prevalence": 0.000006806795905031584,
                    "uniqueness": 1
                }
            },
            "firstPartyCookiesSent": {},
            "exampleSites": [
                "futebol365.pt",
                "www.futebol365.pt"
            ]
        },
        {
            "rule": "timeanddate\\.com\\/clock\\/i79rlz0h\\/n152\\/szw110\\/szh110\\/hoc000\\/hbw6\\/cf100\\/hnce1ead6\\/fav0\\/fiv0\\/mqc000\\/mqs3\\/mql25\\/mqw12\\/mqd96\\/mhc000\\/mhs3\\/mhl20\\/mhw6\\/mhd96\\/mmc000\\/mms3\\/mml10\\/mmw2\\/mmd96\\/hhw16\\/hmw16\\/hmr4\\/hsc000\\/hss3\\/hsl90",
            "cookies": 0,
            "fingerprinting": 1,
            "subdomains": [
                "freesecure"
            ],
            "apis": {
                "Date.prototype.getTime": 2
            },
            "sites": 2,
            "prevalence": 0.0000136,
            "cnames": [],
            "responseHashes": [
                "0b292b986873205cb5c01827859de5b4e015944d4d7a652b0924a549b609e283"
            ],
            "type": "Document",
            "firstPartyCookies": {},
            "firstPartyCookiesSent": {},
            "exampleSites": [
                "rolexforums.com",
                "www.rolexforums.com"
            ]
        }
    ],
    "categories": [],
    "performance": {},
    "cookies": 0.0000476,
    "types": {
        "XHR": 9,
        "Document": 8
    },
    "nameservers": [
        "dns1.p08.nsone.net",
        "dns2.p08.nsone.net",
        "dns3.p08.nsone.net",
        "dns4.p08.nsone.net",
        "ns11.constellix.com",
        "ns41.constellix.net",
        "ns21.constellix.com",
        "ns31.constellix.com"
    ]
}