{
    "domain": "trackwilltrk.com",
    "owner": {},
    "source": [
        "DuckDuckGo-US"
    ],
    "prevalence": 0.000873,
    "sites": 128,
    "subdomains": [
        "r"
    ],
    "cnames": [],
    "fingerprinting": 0,
    "resources": [
        {
            "rule": "trackwilltrk\\.com\\/s1\\/9fe072ee-2487-446c-90b9-574fe7bbfcf6",
            "cookies": 0.000198,
            "fingerprinting": 0,
            "subdomains": [
                "r"
            ],
            "apis": {},
            "sites": 29,
            "prevalence": 0.000198,
            "cnames": [],
            "responseHashes": [
                "2d8fc8053d41532fcbef5861811f98d6aff28371e688834553a385b492e26c24",
                "274aac62ff6384aeb2788dbc3dabfc650559e7dbf88817a604f0b3f23b9e7854",
                "d5c722ec5260e4f3ad9dbee56bfff37a20f89e3b065d344936ace49362801ffb",
                "9b721e2bd89b45b7476fc81bc4a43ccf84a2f10b0ee12c42275f56149e6a32c2",
                "c6249634cad60effe8e85a097632ac3b1d0dfc3afbfce530fba5033d0c9e99b5",
                "12be0da3f267dc6c7901bc2683eab7ccc597426bcf54fd6455572bb2e15da730",
                "6140c602d8f832adf00c906416973ad431ee55bdf2f90abc18e391df79903aa8",
                "29bd640d171c3c8f331da53b1a54a2aecdaf72e11211bd3f800b920680edc2a5",
                "9b1eeef02806cb453fb9c858598c45253ee934ed7d2c45817d0203bae75af6a2",
                "bf2aef03e39fbf9d6758a102f6ea9feefa5181df6e12b0a74641b449d90bf58a",
                "4da06ae7ee52804eb8c4aac5a086519f1d0ec066ca8cfb5cf69a416434caea9f",
                "8c065622c35cfcdea4a137a70b4bf1b674f90acca82bad01d74e3a5290b09723",
                "366400b53c506e9d9eefd11defde31f8a88d4178c7cfb914ce2955e3ffc0ef46",
                "888c76dfdcc9a32331096640c9081d02caf1bd71d58e1d3434f03a3d8d8506d1",
                "943b8a743b556fc1d40ad529d1be8f88f11ba04c10849d6e35a16bb67c0b5ddb",
                "7f9910d2667fb39c9d60b79ffe91ae80d9c7299f0ca59d2c618fceca25fee887",
                "20658c20bd1b883a13bd5bf6ca11541e81723c44f8ee684339f96718369533fe",
                "8d76c233d20c86c85e274cd3521efb47e17b583ffa2eb6ed70758af91b850df6",
                "1ff56dec72dc1197a8ffe355f8a8e8447c9bbd8e7c529b59c0543684cd4e1472",
                "689d9ed3c54e563367b676423eec9234d61d06f6d4dfc0419a7277702e46d9df",
                "5a62757cdc830b57955b2869e3eda55116ff2b9baaeb17e51b9f068f5240f666",
                "7f730a03de9c501b15457616911b228378bf2cca7de0a8cf1e12a266c319d606",
                "80fa21acb9fc25642ddede70dad9eb9670bb5c6139e4874b3da4fef6f9d6e9d7",
                "506f8ec0ec4bf03c728723d76fba7a651e4751ee2dac2c8c60aa43857c51717f",
                "360a4d681e60f5b41e20a4d12162727467d346ada8657aa8b175fd4bdbd55228",
                "bcf5fd4644438424ea345829b8b8c1c89ce8a442b3d17b3e0a0721bf151e540a",
                "df2c47d7f5abd381e5a77172b7d5d99bd648452fe81b6a1b9a36da717dce4710"
            ],
            "type": "Document",
            "firstPartyCookies": {},
            "firstPartyCookiesSent": {},
            "exampleSites": [
                "tempatbokep.com",
                "vn.avhd.mobi",
                "xjepangjav.net",
                "www2.tongsis.pro",
                "gallerycantik62.blogspot.com",
                "85tube.com",
                "sexjepunporn.com",
                "bokepmontok.com",
                "viralabg.tv",
                "avgle.com",
                "www2.kabarpelosok.com",
                "xtubejav.com",
                "kasurbokep.com",
                "bokepindohot.net",
                "pintubokep.com",
                "javx.cc",
                "www.xsemok.com",
                "ww2.chinababe.net",
                "www.orgazmax.com",
                "kamarbokep.xyz"
            ]
        },
        {
            "rule": "trackwilltrk\\.com\\/s1\\/464c2795-28ff-4530-898a-a8023bbc8770",
            "cookies": 0.0000614,
            "fingerprinting": 0,
            "subdomains": [
                "r"
            ],
            "apis": {},
            "sites": 9,
            "prevalence": 0.0000614,
            "cnames": [],
            "responseHashes": [
                "839a49035bf22463a3b2af5e0566522d0793c6b448c3bea32ccefa4f716d346d",
                "b68950f0113191f0fa7cf562f7ae1d89d1a9d77bbc21a773e825c38c5a5f37d4",
                "0bd36ef8891c25b0e0900be8d45d4334d09296e3fceac5b9ec1fc6f5bb859e76",
                "6aa6467e494701f9167c2d29d048f4c1c0750abf0347e5467995904ddde1db8a",
                "832cb1a6d6d6e90a4274cab50c7341fc3eaed63442f68aba1d2a1129840a2aa8",
                "9b65b02b3ebb155b533b90c41203c6db0d364bfb71ba3cbd8096d4c00cb04a58",
                "ae0c7ef00ae010e6d6ef99cc5456048c1678d2b44554ba370a01887bb11c1cd0",
                "e072dcce5d6cd082c272f4c75239c8571a0eb97a47d542ded1c50106b3ac821c"
            ],
            "type": "Document",
            "firstPartyCookies": {},
            "firstPartyCookiesSent": {
                "_ym_d": 0.00004093272025214556
            },
            "exampleSites": [
                "eporner.com",
                "www.blackshemalevideo.com",
                "www.icetranny.com",
                "www.lbtube.com",
                "www.shemaleporntube.tv",
                "www.shemaletube.tv",
                "www.trannytube.net",
                "www.veryladyboy.com",
                "www.youtrannytube.com"
            ]
        },
        {
            "rule": "trackwilltrk\\.com\\/s1\\/6fa81972-0158-4526-b360-789bd8f83de6",
            "cookies": 0.0000136,
            "fingerprinting": 0,
            "subdomains": [
                "r"
            ],
            "apis": {},
            "sites": 2,
            "prevalence": 0.0000136,
            "cnames": [],
            "responseHashes": [
                "eed6099eb8a3f4be68d21672a0f06f8b9e982161189d4121bef21026b642f2ad"
            ],
            "type": "Document",
            "firstPartyCookies": {},
            "firstPartyCookiesSent": {},
            "exampleSites": [
                "javrave.club",
                "javraveclub.com"
            ]
        },
        {
            "rule": "trackwilltrk\\.com\\/s1\\/3a58b5ca-ffae-4220-b008-aab72664b31f",
            "cookies": 0.0000136,
            "fingerprinting": 0,
            "subdomains": [
                "r"
            ],
            "apis": {},
            "sites": 2,
            "prevalence": 0.0000136,
            "cnames": [],
            "responseHashes": [
                "94c325b0e65b05a16f15369a442ff57b9559791b61b156bb15e57e98b40bb76e"
            ],
            "type": "Document",
            "firstPartyCookies": {},
            "firstPartyCookiesSent": {},
            "exampleSites": [
                "javrave.club",
                "javraveclub.com"
            ]
        },
        {
            "rule": "trackwilltrk\\.com\\/s1\\/78a8f7ad-fba9-4758-9084-6835105b2d8b",
            "cookies": 0.0000136,
            "fingerprinting": 0,
            "subdomains": [
                "r"
            ],
            "apis": {},
            "sites": 2,
            "prevalence": 0.0000136,
            "cnames": [],
            "responseHashes": [
                "aa72b479a474f27f61f11a7a5266497892111d3880a93e0d5f2704edf8e76e99"
            ],
            "type": "Document",
            "firstPartyCookies": {},
            "firstPartyCookiesSent": {},
            "exampleSites": [
                "javrave.club",
                "javraveclub.com"
            ]
        },
        {
            "rule": "trackwilltrk\\.com\\/s1\\/dea55d98-fac0-4ecd-b21d-0dad4e6fee96",
            "cookies": 0.0000136,
            "fingerprinting": 0,
            "subdomains": [
                "r"
            ],
            "apis": {},
            "sites": 2,
            "prevalence": 0.0000136,
            "cnames": [],
            "responseHashes": [
                "8ecc7bab9805fddc615243a564b6cf3fc3447450c35e27f4455288eed7a13ab9"
            ],
            "type": "Document",