{
    "domain": "traffichaus.com",
    "owner": {},
    "source": [
        "DuckDuckGo-US"
    ],
    "prevalence": 0.000312,
    "sites": 46,
    "subdomains": [
        "syndication",
        "cdn1ht",
        "cdn1"
    ],
    "cnames": [],
    "fingerprinting": 2,
    "resources": [
        {
            "rule": "traffichaus\\.com\\/adserve\\/index\\.php",
            "cookies": 0.000129,
            "fingerprinting": 0,
            "subdomains": [
                "syndication"
            ],
            "apis": {},
            "sites": 19,
            "prevalence": 0.000129,
            "cnames": [],
            "responseHashes": [
                "61993b7b60a70bb3bf472efeb57c6bb707c29141637bed83e2b20c54dbf4c771",
                "f6ae82876cb6b013d603477212b5dea23bf5b0a38d819d9ba71927dfffde9c3b",
                "4e663013acbec6322e52aaa08a426bb48d39db169fc4a7e909b8ac449476490c",
                "ccca9408505a477b7e5100bafa10338c7f9ec35eea2e74d17ac180394f5aa2ad",
                "ac0ccf991717162ae422a4207f34618c3553b4816f33d2083be4f87187bc2142",
                "ad597036016488b89c1007e52d338901c8f86d11a10b42e066b572439feb5c0b",
                "2ae89c22b04242b50c60741865163991c1e1c049cb356ab7d2a7a1eb89334196",
                "22dbfd5c089c1d37f71bb66cc4504304dfe09b19ed25e42e5f04bdb6db780892",
                "b2c7ec6024c34f494059a85a3444dd25756017f42e22f8228ebc81b15f230650",
                "fe9bc37ec32a613f516e43d762384ea616a8d9f2b8fd9871e9408de6678f6411",
                "e506190d07ed53a7737a0b127a5922230467777289bbf3a9b2b63f50884c7a41",
                "584da77589ed56c5774e4f39b0a9d4cd879322a48f625b9dd6fd00f783ef80b6",
                "1b88fc23ff69e891fc8da2dec0989b46444487e66d023a5d49249d4c2606ee52",
                "c0efd8907b5a901ea5f3da2322d0c86d7a53ce91d6e0179be583d7c459bb212d",
                "3ba2144429d1bdcba65f884a7cd35066eba074b07b839598384042b0d23390f6",
                "98ffeb55e1cc31571e5b5f4f3124238912e3b5b9292dbfaeaa037bc65248be4b",
                "2f61e66c65df39d919c1b74c9155e269ae9d2ed0e05a2ace05f9a70fdc574765",
                "521d3520af77553c692e950a1e713371ca4e86d365c37c0a17d08cd260d3438f"
            ],
            "type": "Document",
            "firstPartyCookies": {},
            "firstPartyCookiesSent": {},
            "exampleSites": [
                "bdsmx.tube",
                "de.eporner.com",
                "gropingtube.com",
                "hentaitube.video",
                "m.spankbang.com",
                "ojuporno.com",
                "pornmaki.com",
                "shockingmovies.com",
                "txxx.com",
                "upornia.com",
                "www.bunnylust.com",
                "www.cherrynudes.com",
                "www.curvyerotic.com",
                "www.foxhq.com",
                "www.hottystop.com",
                "www.primecurves.com",
                "www.puatraining.com",
                "www.realgfporn.com",
                "www.vrpornseek.com"
            ]
        },
        {
            "rule": "traffichaus\\.com\\/uploads\\/101013\\/300x250__62a954c269235\\.gif",
            "cookies": 0,
            "fingerprinting": 0,
            "subdomains": [
                "cdn1ht"
            ],
            "apis": {},
            "sites": 4,
            "prevalence": 0.0000271,
            "cnames": [],
            "responseHashes": [
                "a55ea6f84d5f50aac5299a1e2e642f274e681ca576603ade4cf4a6af5588f54e"
            ],
            "type": "Image",
            "firstPartyCookies": {},
            "firstPartyCookiesSent": {},
            "exampleSites": [
                "bdsmx.tube",
                "gropingtube.com",
                "hentaitube.video",
                "shockingmovies.com"
            ]
        },
        {
            "rule": "traffichaus\\.com\\/uploads\\/101013\\/300x250__62a9567a06056\\.jpg",
            "cookies": 0,
            "fingerprinting": 0,
            "subdomains": [
                "cdn1ht"
            ],
            "apis": {},
            "sites": 5,
            "prevalence": 0.0000339,
            "cnames": [],
            "responseHashes": [
                "a456204f4757e8b751b34724d84064838697ae59a7689fe8230e605dd8c39699"
            ],
            "type": "Image",
            "firstPartyCookies": {},
            "firstPartyCookiesSent": {},
            "exampleSites": [
                "bdsmx.tube",
                "gropingtube.com",
                "hentaitube.video",
                "pornmaki.com",
                "shockingmovies.com"
            ]
        },
        {
            "rule": "traffichaus\\.com\\/scripts\\/thPopV3\\.js",
            "cookies": 0.0000136,
            "fingerprinting": 3,
            "subdomains": [
                "cdn1"
            ],
            "apis": {
                "Navigator.prototype.userAgent": 11,
                "Navigator.prototype.mimeTypes": 11,
                "window.innerWidth": 11,
                "window.innerHeight": 11,
                "window.screenX": 11,
                "window.screenLeft": 11,
                "window.screenY": 11,
                "window.screenTop": 11,
                "Date.prototype.getTime": 8,
                "Document.cookie getter": 8,
                "window.sessionStorage": 8,
                "window.localStorage": 8,
                "Document.cookie setter": 2
            },
            "sites": 14,
            "prevalence": 0.0000949,
            "cnames": [],
            "responseHashes": [
                "17be0e8b53db1fded45aa2845112755a5bc08f0f135f781c326f09b7da105b46"
            ],
            "type": "Script",
            "firstPartyCookies": {
                "thBB_172020": {
                    "ttl": 43200,
                    "length": 3,
                    "prevalence": 0.000006777914842277922,
                    "uniqueness": 1
                },
                "thBB_47547": {
                    "ttl": 43200,
                    "length": 3,
                    "prevalence": 0.000006777914842277922,
                    "uniqueness": 1
                }
            },
            "firstPartyCookiesSent": {},
            "exampleSites": [
                "camleaked.com",
                "contentleaks.co",
                "fansleaks.me",
                "freshleaks.co",
                "futurica.co",
                "gropingtube.com",
                "hentaitube.video",
                "pornmaki.com",
                "shockingmovies.com",
                "www.badjojo.com",
                "www.foxhq.com",
                "www.hottystop.com",
                "www.realgfporn.com",
                "www.vrpornseek.com"
            ]
        },
        {
            "rule": "traffichaus\\.com\\/adserve\\/index\\.php",
            "cookies": 0.0000203,
            "fingerprinting": 0,
            "subdomains": [
                "syndication"
            ],
            "apis": {},
            "sites": 3,
            "prevalence": 0.0000203,
            "cnames": [],
            "responseHashes": [
                "88287e33c6d0bfffeeb15dfd21ffa9937ad66af016e3df09f6599eda911233ff",
                "e105758873b99f21898d5bb501ac92e76a90ab09e9869edb6679fe972aef5033"
            ],
            "type": "XHR",
            "firstPartyCookies": {},
            "firstPartyCookiesSent": {},
            "exampleSites": [
                "camleaked.com",
                "tubesafari.com",
                "www.realgfporn.com"
            ]
        },
        {
            "rule": "traffichaus\\.com\\/scripts\\/vfloat\\.js",
            "cookies": 0,
            "fingerprinting": 1,
            "subdomains": [
                "cdn1"
            ],
            "apis": {
                "window.sessionStorage": 6,
                "Document.cookie getter": 1,
                "Date.prototype.getTime": 1,
                "window.innerWidth": 1,
                "window.innerHeight": 1
            },
            "sites": 7,