{
    "domain": "trmads.eu",
    "owner": {},
    "source": [
        "DuckDuckGo-US"
    ],
    "prevalence": 0.0000613,
    "sites": 9,
    "subdomains": [],
    "cnames": [],
    "fingerprinting": 1,
    "resources": [
        {
            "rule": "trmads\\.eu\\/get",
            "cookies": 0,
            "fingerprinting": 1,
            "subdomains": [],
            "apis": {
                "Navigator.prototype.appVersion": 1,
                "window.devicePixelRatio": 1,
                "Date.prototype.getTime": 1
            },
            "sites": 9,
            "prevalence": 0.0000613,
            "cnames": [],
            "responseHashes": [
                "bb1c01ad1a0fd11f7253820d08dcbe3d3eac026272760cb75c185935752f62d7",
                "da56f199ebd76095a5671946a9f918d408f225acd93c9fdf2e2d40c7f451b385",
                "a3120949fc001b0686d0623c21132f5de9507be1dd8ccfa61b3080162bcdaa84",
                "511a16521ae9a6b84fe7f54c643e2fa849e2ad9a59f1e50cb78e305f642caa35",
                "4f77c9ca3b4c094735353c6244222e7705bd9fb09df8660d1fe21c1b96bafeda",
                "aa4d0e19b7c30c33aa1da6b72c54e172238227d1e72221ccc5696b0ba7f0f830",
                "d50eb46197144357fc401e2173b2c1d2b5efe76e45c2b3f90d8f039f004dcba5",
                "427cd122b5440ec17a5448f23516013f4570c45d696a9067cfc2ee88817e0b19"
            ],
            "type": "Script",
            "firstPartyCookies": {},
            "firstPartyCookiesSent": {},
            "exampleSites": [
                "abendzeitung-muenchen.de",
                "www.abendzeitung-muenchen.de",
                "www.berliner-kurier.de",
                "www.berliner-woche.de",
                "www.berliner-zeitung.de",
                "www.lr-online.de",
                "www.moz.de",
                "www.suedostschweiz.ch",
                "www.swp.de"
            ]
        },
        {
            "rule": "trmads\\.eu\\/get",
            "cookies": 0,
            "fingerprinting": 0,
            "subdomains": [],
            "apis": {},
            "sites": 8,
            "prevalence": 0.0000544,
            "cnames": [],
            "responseHashes": [
                "147073f6ea925adf3b856226e209293be4410a74137d6b58bb53e891ecb60f38",
                "c389a7e1a1ad75ce61048de0e88b79a30b07f8190f37cf75bcc06a856d349734"
            ],
            "type": "Stylesheet",
            "firstPartyCookies": {},
            "firstPartyCookiesSent": {},
            "exampleSites": [
                "abendzeitung-muenchen.de",
                "www.berliner-kurier.de",
                "www.berliner-zeitung.de",
                "www.lr-online.de",
                "www.moz.de",
                "www.suedkurier.de",
                "www.suedostschweiz.ch",
                "www.swp.de"
            ]
        }
    ],
    "categories": [],
    "performance": {},
    "cookies": 0,
    "topInitiators": [
        {
            "domain": "first party",
            "prevalence": 0.5416666666666666
        },
        {
            "domain": "googletagmanager.com",
            "prevalence": 0.375
        },
        {
            "domain": "doubleclick.net",
            "prevalence": 0.08333333333333333
        }
    ],
    "types": {
        "Script": 9,
        "Stylesheet": 8
    },
    "nameservers": [
        "daisy.ns.cloudflare.com",
        "merlin.ns.cloudflare.com"
    ]
}