{
    "domain": "trovo-tag.com",
    "owner": {},
    "source": [
        "DuckDuckGo-US"
    ],
    "prevalence": 0.000157,
    "sites": 23,
    "subdomains": [
        "tag"
    ],
    "cnames": [],
    "fingerprinting": 0,
    "resources": [
        {
            "rule": "trovo-tag\\.com\\/193f0456",
            "cookies": 0,
            "fingerprinting": 0,
            "subdomains": [
                "tag"
            ],
            "apis": {},
            "sites": 10,
            "prevalence": 0.0000681,
            "cnames": [],
            "responseHashes": [
                "153287a448d6de43309d6e91a8f47e9b6c4119fd886dcfe5313249ae2a8cfec3",
                "263844cb59ba23ad868c22b70265f8f33ab0c3f99787db15ab55f1273e860196",
                "00608723628ded3d01ca90aab438502e77b40687e76daf728839f8acf44e1fad",
                "7718a3174d64f83f2af84ec507fc04d0c6958ae5d061499ff056dc94102239e8",
                "06e7792cdeaf49fbfbd36433b2a11b9420c37981048d247365a54b83ebc4cf50",
                "b9a9603a6ee9f264bd58d2538ba1c838fa1bce804cf4174d88aba16338f2d496",
                "255d5495414b3236d7dce19630b51db379353464678bd392b4d296815a966a94",
                "9b2dada072c436d25ce4f7a06d5aba3cfde00f0a1e83137551cf98448722da04",
                "b4dc6ffc635d86068eda33c777a5c92121cddcb3ef756f5adb0bc6d7df39d892"
            ],
            "type": "Document",
            "firstPartyCookies": {},
            "firstPartyCookiesSent": {},
            "exampleSites": [
                "theepochtimes.com",
                "m.theepochtimes.com",
                "www.banyanbotanicals.com",
                "www.eotechinc.com",
                "www.ipqualityscore.com",
                "www.renewalbyandersen.com",
                "www.ryzesuperfoods.com",
                "www.theepochtimes.com",
                "www.whitesfarmsupply.com",
                "www.woodlandscenter.org"
            ]
        },
        {
            "rule": "trovo-tag\\.com\\/156803f7",
            "cookies": 0,
            "fingerprinting": 0,
            "subdomains": [
                "tag"
            ],
            "apis": {},
            "sites": 2,
            "prevalence": 0.0000136,
            "cnames": [],
            "responseHashes": [
                "f901e780a9b79a0bd6f495d695b3efefbf268234f0243234d21dedddaf00a693"
            ],
            "type": "Document",
            "firstPartyCookies": {},
            "firstPartyCookiesSent": {},
            "exampleSites": [
                "aimultiple.com",
                "research.aimultiple.com"
            ]
        },
        {
            "rule": "trovo-tag\\.com\\/8a89b37a9df2a0d162de8b42cd18d544vm",
            "cookies": 0,
            "fingerprinting": 0,
            "subdomains": [
                "tag"
            ],
            "apis": {},
            "sites": 2,
            "prevalence": 0.0000136,
            "cnames": [],
            "responseHashes": [
                "96ad919967ecbdbe5300d59ed8641b5f5def8576fa9a770a04ac66437b507128"
            ],
            "type": "Document",
            "firstPartyCookies": {},
            "firstPartyCookiesSent": {},
            "exampleSites": [
                "phoenixnewtimes.com",
                "www.phoenixnewtimes.com"
            ]
        },
        {
            "rule": "trovo-tag\\.com\\/d67cd66902cca41ff1ef3536418e5c23vm",
            "cookies": 0,
            "fingerprinting": 0,
            "subdomains": [
                "tag"
            ],
            "apis": {},
            "sites": 2,
            "prevalence": 0.0000136,
            "cnames": [],
            "responseHashes": [
                "ddd78f87f50acfda60346eab6f89ff52c410ff6f5204371a5294e51da1d7711a"
            ],
            "type": "Document",
            "firstPartyCookies": {},
            "firstPartyCookiesSent": {},
            "exampleSites": [
                "westword.com",
                "www.westword.com"
            ]
        }
    ],
    "categories": [],
    "performance": {},
    "cookies": 0,
    "topInitiators": [
        {
            "domain": "clickcertain.com",
            "prevalence": 0.6956521739130435
        },
        {
            "domain": "first party",
            "prevalence": 0.2608695652173913
        },
        {
            "domain": "googletagmanager.com",
            "prevalence": 0.043478260869565216
        }
    ],
    "types": {
        "Document": 16
    },
    "nameservers": [
        "ns-1077.awsdns-06.org",
        "ns-67.awsdns-08.com",
        "ns-1576.awsdns-05.co.uk",
        "ns-987.awsdns-59.net"
    ]
}