{
    "domain": "ucoz.net",
    "owner": {
        "name": "Compubyte Limited",
        "displayName": "Compubyte"
    },
    "source": [
        "DuckDuckGo-US"
    ],
    "prevalence": 0.000109,
    "sites": 16,
    "subdomains": [
        "s74",
        "sys000",
        "s38",
        "s66",
        "s93",
        "s65",
        "s53",
        "s35"
    ],
    "cnames": [],
    "fingerprinting": 1,
    "resources": [
        {
            "rule": "ucoz\\.net\\/cgi\\/uutils\\.fcg",
            "cookies": 0.0000137,
            "fingerprinting": 1,
            "subdomains": [
                "s74",
                "sys000",
                "s38",
                "s66",
                "s93",
                "s65",
                "s53",
                "s35"
            ],
            "apis": {
                "Date.prototype.getTime": 2,
                "Document.cookie setter": 2
            },
            "sites": 9,
            "prevalence": 0.0000614,
            "cnames": [],
            "responseHashes": [
                "62961a6732fc6a0747bec86f80096d5ca4cd2c0a70aa8203b7f95d1695c91773",
                "e3b0c44298fc1c149afbf4c8996fb92427ae41e4649b934ca495991b7852b855",
                "e23d0816fe00e568b031bcad2db8bba40ca39f84315ff0e63cfe77c7ac897504"
            ],
            "type": "Script",
            "firstPartyCookies": {
                "7ayaznaluSoc": {
                    "ttl": -31535999,
                    "length": 1,
                    "prevalence": 0.000006825565839408087,
                    "uniqueness": 1
                },
                "7ayaznaluSoc101": {
                    "ttl": -31535999,
                    "length": 1,
                    "prevalence": 0.000006825565839408087,
                    "uniqueness": 1
                },
                "7ayaznaluSoc102": {
                    "ttl": -31535999,
                    "length": 1,
                    "prevalence": 0.000006825565839408087,
                    "uniqueness": 1
                },
                "7ayaznaluSoc107": {
                    "ttl": -31535999,
                    "length": 1,
                    "prevalence": 0.000006825565839408087,
                    "uniqueness": 1
                },
                "7ayaznaluSoc109": {
                    "ttl": -31535999,
                    "length": 1,
                    "prevalence": 0.000006825565839408087,
                    "uniqueness": 1
                },
                "0umoritetuSoc": {
                    "ttl": -31535998,
                    "length": 1,
                    "prevalence": 0.000006825565839408087,
                    "uniqueness": 1
                },
                "0umoritetuSoc101": {
                    "ttl": -31535998,
                    "length": 1,
                    "prevalence": 0.000006825565839408087,
                    "uniqueness": 1
                },
                "0umoritetuSoc102": {
                    "ttl": -31535998,
                    "length": 1,
                    "prevalence": 0.000006825565839408087,
                    "uniqueness": 1
                },
                "0umoritetuSoc107": {
                    "ttl": -31535998,
                    "length": 1,
                    "prevalence": 0.000006825565839408087,
                    "uniqueness": 1
                },
                "0umoritetuSoc109": {
                    "ttl": -31535998,
                    "length": 1,
                    "prevalence": 0.000006825565839408087,
                    "uniqueness": 1
                }
            },
            "firstPartyCookiesSent": {},
            "exampleSites": [
                "aptracker.ru",
                "ayaznal.ru",
                "getfilm.at.ua",
                "kino-epta.pro",
                "kino-yopta.online",
                "mechanics-games.com",
                "mechanics-repack.com",
                "privetpeople.ru",
                "relasko.ru"
            ]
        },
        {
            "rule": "ucoz\\.net\\/bnr\\/wrappers\\/wrapper_video\\.css",
            "cookies": 0,
            "fingerprinting": 0,
            "subdomains": [
                "s38"
            ],
            "apis": {},
            "sites": 2,
            "prevalence": 0.0000137,
            "cnames": [],
            "responseHashes": [],
            "type": "Stylesheet",
            "firstPartyCookies": {},
            "firstPartyCookiesSent": {},
            "exampleSites": [
                "at.ua",
                "getfilm.at.ua"
            ]
        }
    ],
    "categories": [],
    "performance": {},
    "cookies": 0.0000478,
    "types": {
        "Script": 9,
        "Stylesheet": 2
    },
    "nameservers": [
        "ns1.ucoz.net",
        "ns3.ucoz.net",
        "ns2.ucoz.net"
    ]
}