{
    "domain": "ui-avatars.com",
    "owner": {},
    "source": [
        "DuckDuckGo-US"
    ],
    "prevalence": 0.000123,
    "sites": 18,
    "subdomains": [],
    "cnames": [],
    "fingerprinting": 0,
    "resources": [
        {
            "rule": "ui-avatars\\.com\\/api\\/",
            "cookies": 0.00000681,
            "fingerprinting": 0,
            "subdomains": [],
            "apis": {},
            "sites": 16,
            "prevalence": 0.000109,
            "cnames": [],
            "responseHashes": [
                "206849f254ca8422fc8cdf76886d320d6e3ddec85779e4c68b0219c2aaf54b67",
                "04764f9834a47256ea11227afcf66e27357d1f34dfbe54f021f50308a5c23ea4",
                "30fc18b1bcb2eb3a78b17162bbb869acdf5c7b4bbe3e1b3b422f50d9504f6b62",
                "2b87df4e0d2490081878b0c581a9f6ee434f8a9b3fd700fae708d1b843a8d0e9",
                "a78f1ed439497d9a68de5376163e6760763ba65b0cd4c629da75ca212ff7354d",
                "9968cb4a0e1cf781742c7ec24592086cca23279f3dbf77751f6cb0dde6e84eee",
                "53d8b9686873b26b2a8b0616ccd3590dcab8fc1f0ccf9fb01d7a661e25f0bd67",
                "f11e9c42610bd22e3f4d0ec587653c2d8d0ba3e1b95a91e6b51824d354d4d505",
                "5b45b2305c4dc7a568d1d5587190552f1fa537487a8d8ce0719fe46c11dd4726",
                "e8acfcd2be5617feda5686aa134f2c2672f00cf4d74d04846310ee05383340d4",
                "a717fb06cfe7a773ed4e7133cd8d2fe9a9e0edf43f6a39b3c89a48c86a0fdd17",
                "551d8651a113ef97ff315e40202d03866b2101e804bb0b5b4e7d500fd509c9c6",
                "f7da71a437b3e7d3f60b559071b1075f10f10f71db384014d3d3a97370d2ded1",
                "f46653a536d1c3530d5acacb95f7c3c874a36597666200585b6f90ac6c7f56e6",
                "e3b0c44298fc1c149afbf4c8996fb92427ae41e4649b934ca495991b7852b855"
            ],
            "type": "Image",
            "firstPartyCookies": {},
            "firstPartyCookiesSent": {},
            "exampleSites": [
                "bochillvirallterupdate.blogspot.com",
                "koleksiibokepindoo.blogspot.com",
                "leaklinks.com",
                "pastehouse.com",
                "pharmaboluk.com",
                "preggophilia.com",
                "sinfulsite.com",
                "summerstar.com.au",
                "unremot.com",
                "www.aimsindustrial.com.au",
                "www.datingsitesreviews.com",
                "www.gurufocus.com",
                "www.leaklinks.com",
                "www.midlandbrick.com.au",
                "www.readm.org",
                "yocket.com"
            ]
        }
    ],
    "categories": [],
    "performance": {},
    "cookies": 0.0000204,
    "types": {
        "Image": 16
    },
    "nameservers": [
        "will.ns.cloudflare.com",
        "leah.ns.cloudflare.com"
    ]
}