{
    "domain": "ulmoyc.com",
    "owner": {},
    "source": [
        "DuckDuckGo-US"
    ],
    "prevalence": 0.000116,
    "sites": 17,
    "subdomains": [],
    "cnames": [],
    "fingerprinting": 2,
    "resources": [
        {
            "rule": "ulmoyc\\.com\\/v1\\/sdk\\.js",
            "cookies": 0,
            "fingerprinting": 2,
            "subdomains": [],
            "apis": {
                "window.localStorage": 16,
                "Document.cookie getter": 16,
                "Navigator.prototype.permissions": 16,
                "Navigator.prototype.userAgent": 16
            },
            "sites": 16,
            "prevalence": 0.000109,
            "cnames": [],
            "responseHashes": [
                "56def95203abaa5546a20ea96cf2052408a1c1a6cbd6510bc13c18238ccd886d",
                "a9d3d27407bb684aaeb2ae6fbe199adb2021885e157c51b5f7c47e1949b6fd9e",
                "fe8ad5257359b789889885639cd0ec4128a9179b26285d4c4ae8c189a776f988",
                "6a0320ac3d141aa571b479e945d0defab0057b96039e707de62d5f9c714c10e3",
                "a9c3bd418046876a757928ee59e1f003a80f582d7ad96ee9aa4c11fe526655dd",
                "6af8845fd9406ea0d384a87858dcceecb646f98d932c229d9444a1a4ae8b98d1",
                "d10ab2a70391f1eb1245f3e07c7b5aaccd1e3050375abafc02330ea3fdecf451",
                "37798b2bfd40007dfb6f9e94a9656b1c31ea3d35f27f74a4b0822e150b768a4e",
                "9fe5832ef541bbf118cce0bde74943bc7110dd33aa398cdfeaf0b13dd5f83482"
            ],
            "type": "Script",
            "firstPartyCookies": {},
            "firstPartyCookiesSent": {},
            "exampleSites": [
                "chinesesexmovie.net",
                "de.abcdef.wiki",
                "de.frwiki.wiki",
                "es.abcdef.wiki",
                "familystrokesvid.com",
                "fr.abcdef.wiki",
                "gayvidsclub.com",
                "it.abcdef.wiki",
                "japanesebussex.com",
                "kino.firenews.video",
                "nl.abcdef.wiki",
                "nl.frwiki.wiki",
                "nulled.org",
                "ru.abcdef.wiki",
                "scriptmafia.org",
                "xnxxstepmom.com"
            ]
        },
        {
            "rule": "ulmoyc\\.com\\/fp\\.js",
            "cookies": 0.000109,
            "fingerprinting": 1,
            "subdomains": [],
            "apis": {
                "window.localStorage": 16,
                "Date.prototype.getTime": 16,
                "Document.cookie setter": 16
            },
            "sites": 16,
            "prevalence": 0.000109,
            "cnames": [],
            "responseHashes": [
                "029b3fbcd181727ae2277af26c0e18d4b085bde620fd3737be20d2a45fe9d6b2",
                "5a7a389d6cd4234ca1be3eec14530807766d9facf6fc1e779eea87506900a3e2",
                "5e2a31161ace2063220f20d80655ebcceaeb85cfea9ff7aa02442989b8803b34",
                "e8a52c5e477e8bd193b92b8ea36be58c066251dfe8458079b9a998e02e9e9b0b",
                "1537c4bc6ada66bef6266fa3cea2cb5808b92993944ea1a0b91f49f162865111",
                "485ad3dea49a03be8594ffedc8dd1bfaedfa96989cffcf2f48b213eec4522580",
                "ee417250076bb5b048e3808cce560b8532f56c6489fa0fea76fff6944fd6b07a",
                "3d08a56bdcd561b9d0cd5733bdf51fabf0c0f50932c80ef5880ea4fb35fd670b",
                "7a3978318de70f53f4e4121eaf58a1bf4b073af1ec1869c59c4d9800777c287f",
                "8fd85d2322b15fffdae642d91bf39872ebb0af9935e93a8ea286374f26953ed9",
                "806a379e913a829dbab307aa0b88a2ecfb15f52c0ae32f417820a3d3ce839016",
                "670c4dd4e2298d81ed83ad2c7168db4b63844fa0fae90bf893af912d93fa1fb4",
                "1535bc74fa128d6eb228bf045c644f669090f23f177136e658707f691f4ca880",
                "3c3b8ea25225e3166f01cbdde6144f8701e5e4822322f5a42871ecc6ea061c38"
            ],
            "type": "Script",
            "firstPartyCookies": {
                "ufp2": {
                    "ttl": 604803,
                    "length": 40,
                    "prevalence": 0.00010920383578473194,
                    "uniqueness": 0.9375
                }
            },
            "firstPartyCookiesSent": {},
            "exampleSites": [
                "chinesesexmovie.net",
                "de.abcdef.wiki",
                "de.frwiki.wiki",
                "es.abcdef.wiki",
                "familystrokesvid.com",
                "fr.abcdef.wiki",
                "gayvidsclub.com",
                "it.abcdef.wiki",
                "japanesebussex.com",
                "kino.firenews.video",
                "nl.abcdef.wiki",
                "nl.frwiki.wiki",
                "nulled.org",
                "ru.abcdef.wiki",
                "scriptmafia.org",
                "xnxxstepmom.com"
            ]
        }
    ],
    "categories": [],
    "performance": {},
    "cookies": 0.000109,
    "types": {
        "Script": 32
    },
    "nameservers": [
        "brit.ns.cloudflare.com",
        "lex.ns.cloudflare.com"
    ]
}