{
    "domain": "uplift-platform.com",
    "owner": {
        "name": "Uplift Canada Services ULC",
        "displayName": "Uplift"
    },
    "source": [
        "DuckDuckGo-US"
    ],
    "prevalence": 0.000237,
    "sites": 35,
    "subdomains": [
        "cdn",
        "www"
    ],
    "cnames": [],
    "fingerprinting": 2,
    "resources": [
        {
            "rule": "uplift-platform\\.com\\/a\\/up\\.js",
            "cookies": 0.000142,
            "fingerprinting": 2,
            "subdomains": [
                "cdn"
            ],
            "apis": {
                "Document.cookie getter": 20,
                "Navigator.prototype.appName": 20,
                "Navigator.prototype.platform": 20,
                "Navigator.prototype.userAgent": 20,
                "Date.prototype.getTime": 20,
                "Document.cookie setter": 20,
                "Screen.prototype.width": 20,
                "Screen.prototype.height": 20,
                "Screen.prototype.colorDepth": 20,
                "Navigator.prototype.javaEnabled": 20,
                "Navigator.prototype.language": 20,
                "window.localStorage": 19,
                "window.sessionStorage": 18,
                "window.innerWidth": 4,
                "window.innerHeight": 4,
                "Event.prototype.timeStamp": 1
            },
            "sites": 21,
            "prevalence": 0.000142,
            "cnames": [],
            "responseHashes": [
                "7ae20fc995f885d5542831aab19e789158069b133112b225168f95575b6a37cc",
                "3e1b7887e24a83d94da1eca0238b7503f858a878c41d9698231b878fed8d1b05",
                "0847f290a7d13b326c31d1c5081256f9cef369567305f02470a417ecc45cbff0",
                "518305f26fb407150538d38a06777267a6a86781a13dbfe4847191c36c249f6c",
                "0fe06b47b5505e881f615ac9318052083cb845bef01b2a25687541a68af4af74",
                "677190e2917948ec70ee8fd5ef0f5138cc29e064d444ff45cf638453c2c9f604",
                "722c5a4737a68893d35406a0fea7c74fc9019f7d43ae86f14cde39d9640e32f1",
                "eb89e7ce0ee728a8ba0fbe7ff9b424f3364b784d5b4ebd80ee1a2da7cf50af70",
                "a01c85e9c9a0b991890c9fe0c4b7d2c9a9ac958f96c8f6c8cba09bfa26c802a6",
                "44502d83987147d4dc8d7e654cf9ad574f25d29b90afe476572aef74ba2575dc",
                "dd190b289825910640c1e3afdc71c758e2c92caa1c241253675f8502aafcd257",
                "b66d0e43f20b1ce74e22e429e45419125d410b19d6eb32496a7bf4c17e1bca57",
                "10742fe74a34bd1d9311a483c07382ee0031b45c79026328104ebf321f4f5404",
                "623a848514f1ea24f6e8498b3b54183c98981923f74ca5030adfc3cb2ee73515",
                "7d0510d07c07c65733f7f5f04d4783707884adae05deaa474469ec3a02f42f5b",
                "45190f13e1dcd036bbcdd958f61b81a8f74f39f8b1444988c4fc85e4e38bf411",
                "2464fc24788794e8eb436470defc0e7722e63285d75b2b0d7a774f690b6ce15f"
            ],
            "type": "Script",
            "firstPartyCookies": {
                "_up": {
                    "ttl": 63072003,
                    "length": 24,
                    "prevalence": 0.00013550961779512302,
                    "uniqueness": 1
                }
            },
            "firstPartyCookiesSent": {},
            "exampleSites": [
                "www.budget.com",
                "www.virginvoyages.com",
                "www.flyfrontier.com",
                "flights.volaris.com",
                "www.aeromexico.com",
                "www.carnival.com",
                "aeromexico.com",
                "www.7springs.com",
                "suncountry.com",
                "www.volaris.com",
                "www.redtag.ca",
                "www.voeazul.com.br",
                "www.flybreeze.com",
                "www.aavacations.com",
                "www.spirit.com",
                "www.long-mcquade.com",
                "www.goldennugget.com",
                "booking.flyfrontier.com",
                "flights.flyfrontier.com",
                "www.selloffvacations.com"
            ]
        },
        {
            "rule": "uplift-platform\\.com\\/c",
            "cookies": 0.000142,
            "fingerprinting": 0,
            "subdomains": [
                "www"
            ],
            "apis": {},
            "sites": 21,
            "prevalence": 0.000142,
            "cnames": [],
            "responseHashes": [
                "7fff1569ea68ef52782ba25b0cf3934627f7a4fc1e8e22f4652de959c5f97978"
            ],
            "type": "Image",
            "firstPartyCookies": {},
            "firstPartyCookiesSent": {
                "lotame_domain_check": 0.000006775480889756151,
                "_schn": 0.000006775480889756151,
                "IR_gbd": 0.000006775480889756151,
                "s_v1": 0.000006775480889756151
            },
            "exampleSites": [
                "www.selloffvacations.com",
                "www.spirit.com",
                "www.budget.com",
                "booking.flyfrontier.com",
                "www.goldennugget.com",
                "www.flyfrontier.com",
                "flights.volaris.com",
                "www.volaris.com",
                "www.long-mcquade.com",
                "mobile.southwest.com",
                "aeromexico.com",
                "suncountry.com",
                "www.virginvoyages.com",
                "www.aeromexico.com",
                "www.carnival.com",
                "www.aavacations.com",
                "www.voeazul.com.br",
                "www.redtag.ca",
                "flights.flyfrontier.com",
                "www.cruises.com"
            ]
        },
        {
            "rule": "uplift-platform\\.com\\/c",
            "cookies": 0.0000271,
            "fingerprinting": 0,
            "subdomains": [
                "www"
            ],
            "apis": {},
            "sites": 4,
            "prevalence": 0.0000271,
            "cnames": [],
            "responseHashes": [
                "7fff1569ea68ef52782ba25b0cf3934627f7a4fc1e8e22f4652de959c5f97978"
            ],
            "type": "XHR",
            "firstPartyCookies": {},
            "firstPartyCookiesSent": {},
            "exampleSites": [
                "aavacations.com",
                "www.aavacations.com",
                "www.redtag.ca",
                "www.spirit.com"
            ]
        }
    ],
    "categories": [],
    "performance": {},
    "cookies": 0.000237,
    "topInitiators": [
        {
            "domain": "first party",
            "prevalence": 0.6231884057971014
        },
        {
            "domain": "airtrfx.com",
            "prevalence": 0.11594202898550725
        },
        {
            "domain": "googletagmanager.com",
            "prevalence": 0.08695652173913043
        },
        {
            "domain": "uplift.com",
            "prevalence": 0.07246376811594203
        },
        {
            "domain": "fullstory.com",
            "prevalence": 0.043478260869565216
        },
        {
            "domain": "optimizely.com",
            "prevalence": 0.028985507246376812
        },
        {
            "domain": "tiqcdn.com",
            "prevalence": 0.028985507246376812
        }
    ],
    "types": {
        "Script": 21,
        "Image": 21,
        "XHR": 4
    },
    "nameservers": [
        "ns-1108.awsdns-10.org",
        "ns-288.awsdns-36.com",
        "ns-794.awsdns-35.net",
        "ns-1603.awsdns-08.co.uk"
    ]
}