{
    "domain": "userlike.com",
    "owner": {},
    "source": [
        "DuckDuckGo-US"
    ],
    "prevalence": 0.000264,
    "sites": 39,
    "subdomains": [
        "api",
        "userlike-cdn-operators"
    ],
    "cnames": [],
    "fingerprinting": 0,
    "resources": [
        {
            "rule": "userlike\\.com\\/api\\/um\\/chat\\/button\\/check\\/",
            "cookies": 0,
            "fingerprinting": 0,
            "subdomains": [
                "api"
            ],
            "apis": {},
            "sites": 23,
            "prevalence": 0.000156,
            "cnames": [],
            "responseHashes": [
                "ad74e035f77b8a22f50304405801cf66c134e4775350efe631751ac02f488d60",
                "a0604b6ed9b02456e495b5f73c679ad95c7cdae12fbe52a210a4aa4913feacf7",
                "24c4888b44dfd7effb3c8cf9edff97225e6b02ea92866b13b5b74bab55ab2b7e",
                "1dad812b666eee52d06ce60d1a87bdf7ec663d816e756b35d21fe29a9a82b41b",
                "bfe5ce60f2a7a7e56eb4cdf75c4edb9472e4e964060bbea6ca331059aadec8ce",
                "2dce70f93ea0a90d50f2742f61e46e30c4e5179c7f474b9084f099cbe31ebe34",
                "caf3550be032bd464da60e784865480ead8af93bc81c13df0adc372f622b8f0d",
                "3bebc0a5bf8724e01a44fa1f58b55101ee73e2a7f2e3367d14f4b7d4c34df446",
                "0943992082029947881995e11938f08069d5d5802f9af0cf1433aab222f61ff7",
                "e164b20fce5e9339f16cfb3422d666d11f12139325a56a85d716f03cbf346fac",
                "545122d6b15b6c2bc1ec95fc1a9445ae4ce68ca10e2f8e4e4e54b1fcd0d1b00a",
                "bab6952dc09cf7083cfef72d055f491f64c2fd198bd0f79b5fa35376529b1c43",
                "bf99a420b619369e7e181d0abfe4846964ab419e8ac75b799477896fd92dbf96",
                "75f22f6930aadd26e7293010d30eab3937b67a811f30d600e2dfd95eabe6b8db",
                "e6a77a58c877133dafacb80a628cefa86844f992b8951489d02c3254f3383139",
                "1bf083dde6db9e25f8ff3653e8a33a15b40ba7a6e2cc4c02d73c624679eb4cb7",
                "6d70c75fbd04e287007836b1c625582fc11b13a24738a6fda89d1ca2a30cc0b7",
                "6b7f40c57b87f6d49194ae146d0523f9157bef5d4a4a2bcd5430b6e8fbb9de75",
                "4c077d5367ea545220b4cc7486b8dba026617eabb8cc32e377ed6f281f5620e8",
                "976a6c61c6ee2913e23bc2ec2e9888bd2e16d385c8c30d926127e6187b1721c1"
            ],
            "type": "Fetch",
            "firstPartyCookies": {},
            "firstPartyCookiesSent": {},
            "exampleSites": [
                "www.stadtwerke-konstanz.de",
                "www.mercedes-benz.fr",
                "www.boker.de",
                "www.mercedes-benz.co.uk",
                "www.mercedes-benz.it",
                "www.campingshop-24.de",
                "www.veja-store.com",
                "afbshop.de",
                "www.offgridtec.com",
                "www.propain-bikes.com",
                "www.wempe.com",
                "www.landrover.de",
                "www.landefeld.de",
                "www.apotheke.de",
                "www.wertgarantie.de",
                "www.baustoffshop.de",
                "www.mercedes-benz.es",
                "www.mercedes-benz.de",
                "www.transa.ch",
                "www.peek-und-cloppenburg.de"
            ]
        },
        {
            "rule": "userlike\\.com\\/e5e81c5f714c89fd1554334dcae47b1e7cf840ed51cb5f91fe146c2403d81ef3_320x320\\.jpg",
            "cookies": 0,
            "fingerprinting": 0,
            "subdomains": [
                "userlike-cdn-operators"
            ],
            "apis": {},
            "sites": 2,
            "prevalence": 0.0000135,
            "cnames": [],
            "responseHashes": [],
            "type": "Image",
            "firstPartyCookies": {},
            "firstPartyCookiesSent": {},
            "exampleSites": [
                "afbshop.de",
                "www.afbshop.de"
            ]
        },
        {
            "rule": "userlike\\.com\\/7760c373c02b2c89efa466ac7a834c25ecc769592ffaa930edc869f0e169bc06_320x320\\.jpg",
            "cookies": 0,
            "fingerprinting": 0,
            "subdomains": [
                "userlike-cdn-operators"
            ],
            "apis": {},
            "sites": 2,
            "prevalence": 0.0000135,
            "cnames": [],
            "responseHashes": [
                "7989a16dffabb4d095a1bec382578bb452d0f8127469fa53c9c59c377fe629ea"
            ],
            "type": "Image",
            "firstPartyCookies": {},
            "firstPartyCookiesSent": {},
            "exampleSites": [
                "mercedes-benz.es",
                "www.mercedes-benz.es"
            ]
        },
        {
            "rule": "userlike\\.com\\/89361fd117f11a4426bc3a04037093b2eca844034ca92ed3826ba9b401711055_320x320\\.jpg",
            "cookies": 0,
            "fingerprinting": 0,
            "subdomains": [
                "userlike-cdn-operators"
            ],
            "apis": {},
            "sites": 2,
            "prevalence": 0.0000135,
            "cnames": [],
            "responseHashes": [
                "77634bec9cf989d50ee4ce4f21f55b88ef506252dccef3681359ce0e5ebf3306"
            ],
            "type": "Image",
            "firstPartyCookies": {},
            "firstPartyCookiesSent": {},
            "exampleSites": [
                "mercedes-benz.fr",
                "www.mercedes-benz.fr"
            ]
        },
        {
            "rule": "userlike\\.com\\/0066c2acb343ce01700084fbbb4e45d7761474dceee1f9018be084e451f68d49_320x320\\.jpg",
            "cookies": 0,
            "fingerprinting": 0,
            "subdomains": [
                "userlike-cdn-operators"
            ],
            "apis": {},
            "sites": 2,
            "prevalence": 0.0000135,
            "cnames": [],
            "responseHashes": [
                "7c83fb189ba15fc06e7f09aa1ac9992b69379166e0e71c7f5aac6d2fc52edbc9"
            ],
            "type": "Image",
            "firstPartyCookies": {},
            "firstPartyCookiesSent": {},
            "exampleSites": [
                "offgridtec.com",
                "www.offgridtec.com"
            ]
        },
        {
            "rule": "userlike\\.com\\/7379748e409c07b9e14e4c58ab1f4d5dca3c15e3b181b21dce69cc22a888149f_320x320\\.jpg",
            "cookies": 0,
            "fingerprinting": 0,
            "subdomains": [
                "userlike-cdn-operators"
            ],
            "apis": {},
            "sites": 2,
            "prevalence": 0.0000135,
            "cnames": [],
            "responseHashes": [
                "54443f4aaa57346bdf040c8938c9fd88d396c354f2534eb0a51fe7c7c4213a77"
            ],
            "type": "Image",
            "firstPartyCookies": {},
            "firstPartyCookiesSent": {},
            "exampleSites": [
                "propain-bikes.com",
                "www.propain-bikes.com"
            ]
        }
    ],
    "categories": [],
    "performance": {},
    "cookies": 0,
    "topInitiators": [
        {
            "domain": "b-cdn.net",
            "prevalence": 1
        }
    ],
    "types": {
        "Fetch": 23,
        "Image": 10
    },
    "nameservers": [
        "a.myradns.net",
        "b.myradns.net",
        "c.myradns.net"
    ]
}