{
    "domain": "userlike.com",
    "owner": {},
    "source": [
        "DuckDuckGo-US"
    ],
    "prevalence": 0.000149,
    "sites": 22,
    "subdomains": [
        "api"
    ],
    "cnames": [],
    "fingerprinting": 0,
    "resources": [
        {
            "rule": "userlike\\.com\\/api\\/um\\/chat\\/button\\/check\\/",
            "cookies": 0,
            "fingerprinting": 0,
            "subdomains": [
                "api"
            ],
            "apis": {},
            "sites": 15,
            "prevalence": 0.000102,
            "cnames": [],
            "responseHashes": [
                "249e47e519782ebe86a997eac7cb8fa314745aae6db799bf8c049eb1f22c0408",
                "bd0428d0207713178c3c4403ba24529e56e3ec7f08042c7d6178419f4cfdadf1",
                "bdb2c81a4c0ac8f1d0d4409cc674bfc7d789a9f89ddc8102e27c8d786a9e44e4",
                "70f54d37bad96dbae769e158c6ebeebe8680d50795151f2c9ab5c9895edb9d6f",
                "ea10c1f713e3e81db90706cfdc391a6ce4f677b277b0c6cb8cafca345a7c1b83",
                "90c8f76a184b885a44fee3c8762143429aff455dfc765db5c08b09c11a8a324d",
                "68280c2065014e4316109afefc9f55a7b38d7ac5c7a43019c55eeda1eb5875b3",
                "e4d6d91076ee18312e1f40ca3455ca6e1a3598b9c44e27973ceabc619224dd75",
                "8a38b8400400d5101025094c0c14252fe8af431274096287ab18ba12fd5ce193",
                "54665773c7197253dacf0ac1a907b3967990ebec5d11361d96773ec95bd150ec",
                "4bae9a4405dfb9fa9f04d06659e50abfa07166a5a2288b2926a6379ff2c6a20e"
            ],
            "type": "Script",
            "firstPartyCookies": {},
            "firstPartyCookiesSent": {},
            "exampleSites": [
                "silkeschaefer.com",
                "www.babyone.de",
                "www.baustoffshop.de",
                "www.berlitz.com",
                "www.boker.de",
                "www.campingshop-24.de",
                "www.cgn.ch",
                "www.engelbert-strauss.de",
                "www.hark.de",
                "www.kibek.de",
                "www.offgridtec.com",
                "www.thenaturalsapphirecompany.com",
                "www.veja-store.com",
                "www.wertgarantie.de",
                "www.winetourism.com"
            ]
        }
    ],
    "categories": [],
    "performance": {},
    "cookies": 0,
    "types": {
        "Script": 15
    },
    "nameservers": [
        "ns-52.awsdns-06.com",
        "ns-955.awsdns-55.net",
        "ns-1558.awsdns-02.co.uk",
        "ns-1138.awsdns-14.org"
    ]
}