{
    "domain": "userlike.com",
    "owner": {},
    "source": [
        "DuckDuckGo-US"
    ],
    "prevalence": 0.00026,
    "sites": 36,
    "subdomains": [
        "api"
    ],
    "cnames": [],
    "fingerprinting": 0,
    "resources": [
        {
            "rule": "userlike\\.com\\/api\\/um\\/chat\\/button\\/check\\/",
            "cookies": 0,
            "fingerprinting": 0,
            "subdomains": [
                "api"
            ],
            "apis": {},
            "sites": 27,
            "prevalence": 0.000195,
            "cnames": [],
            "responseHashes": [
                "37d35f625e49cf0a28dfecf772e4b49c1502c0dd4859d638dbb638c59a14c7b5",
                "5f1a7c36ba2a0ea368512c9d41504b32d82677a311a23493d9470fb2cbf0eefb",
                "6b03f327d94cda608c8e2b26fa144923e4669f4e553f92957cf34a767688eed2",
                "1d5797f5c8ee5e9ff5a6e5ba5d0da9c44e895c66d78cc415aa9f98420caf086c",
                "75f0892ff9ba9c84a9d316667296ea8f003e1deb9397a2f2f6e1477170f16e63",
                "be4c96fd091f15acd36551b043cdc590d13f7608592dcf386317a97289356eca",
                "183d2583ca5a6b25646f83a23562eef092a9283f2db14b16a0562d1b41e69b55",
                "00a1909f33b07d0acfd3f96c35bac6dce8bb04dddc91df9d329a21258d51fa2b",
                "25db6f398dcb74ff78251f1a47b206f25bd6b6e31947bb016869dcc81ce177d0",
                "4a930c199bd54f562314936f08647f2b002091ef4a0b0fa1b47a87cfc38f20eb",
                "bb210eabd3155aa4c436c7c92cddeb1651b16188ed4dc5a5c83ef1f24c310cfd",
                "2bbd7318d8a0ccdcc93aa61f4e8a2f25a791ee8eaac836e1b5c16d6a32f0e06e",
                "4d8c072eac1c1231c2fdb43972ce1979462533bbea4cdfc2717f8f4b1ecba32b",
                "b03a949d0683a901eac2768e0ec03a6ae8c7b3efd66a83e4b5624c57a6c69fe8",
                "34ed5a4f4ec4af6bf172dbe0dfc653b68d4442c06d742b22073213c9d9284c7c",
                "dec86e5200581267837e8f777afb8738e568e38daf97831114036bea72e695ed",
                "74bba3a53ec05671f983ffe2370568036f5fa1c801d51bb8b8e823a6c29af7fe",
                "1c06535cee2bd871fc4c72e793ac92dc1d5c039522a8f17906d925044a61be79",
                "021abc1ec760869eabfcd2bfe0d8d735e830bd38e834aeb06f2a6d18e06ddbd8",
                "3f29031ffc82ad16932ba8d0734f10d292f890cb74d2b6b520ad3c46fbd2f849",
                "b3150e32c53e110e0f4f93afebec2bb6c1b010a31dd5f4553d3460fa90dccb42",
                "186f564666069793976119451d503980e919ad4b76bd473d20eb75a739ae32b8",
                "fe5cfee58a9fd8610111330ec684a6e7b1c1991d1b7301a47f9353fe1944f867",
                "0bd0893071ff14877396ee9c910251add5b047b114593579b641294f666c5938"
            ],
            "type": "Fetch",
            "firstPartyCookies": {},
            "firstPartyCookiesSent": {},
            "exampleSites": [
                "www.mercedes-benz.es",
                "www.fissler.com",
                "www.fensterversand.com",
                "www.campingshop-24.de",
                "www.afbshop.de",
                "www.hark.de",
                "www.hoffmann-group.com",
                "www.mercedes-benz.fr",
                "www.toyota.de",
                "www.veja-store.com",
                "www.transa.ch",
                "www.mercedes-benz.co.uk",
                "www.statista.com",
                "www.babyone.de",
                "www.apotheke.de",
                "www.norma24.de",
                "www.wertgarantie.de",
                "silkeschaefer.com",
                "www.eberhardt-travel.de",
                "www.autoauctionmall.com"
            ]
        }
    ],
    "categories": [],
    "performance": {},
    "cookies": 0,
    "topInitiators": [
        {
            "domain": "d3dc1lgancj6l0.cloudfront.net",
            "prevalence": 1
        }
    ],
    "types": {
        "Fetch": 27
    },
    "nameservers": [
        "b.myradns.net",
        "c.myradns.net",
        "a.myradns.net"
    ]
}