{
    "domain": "vak345.com",
    "owner": {},
    "source": [
        "DuckDuckGo-US"
    ],
    "prevalence": 0.000102,
    "sites": 15,
    "subdomains": [],
    "cnames": [],
    "fingerprinting": 1,
    "resources": [
        {
            "rule": "vak345\\.com\\/s\\.js",
            "cookies": 0,
            "fingerprinting": 1,
            "subdomains": [],
            "apis": {
                "Navigator.prototype.platform": 9,
                "Date.prototype.getTime": 9
            },
            "sites": 9,
            "prevalence": 0.0000611,
            "cnames": [],
            "responseHashes": [
                "9ae0d5a63854311ca24ad33989b6e741fe093ca2b2bb14094505ef89af677292",
                "0debd031dc3343e8f1a2914a0e335e366648ec646c860dab20306b2e9f09a74b",
                "b751187347d066fa9e8899c7e29fbce512ed2939b24d23b3d7e8c6a83fb67087",
                "864215c880665914f7ec24cb45fa5187de5e0a0c0d63a897e5af097730455b24",
                "2e85f81fa704acb5712ce553fdd248975a355e452c7a2ab913eaa3fa32af2b8e",
                "0e65d11800ff402731ef9258b7535d4005336ce171f6bf2def81d767bb822515",
                "d3d08344663e613b09bc05dcb7c5c94e26d58bf2e18c07fb4b0ffdb05c43075c",
                "30c938940911cfbfeb41bc3c50d7dccbd9280ff346ff4ab41c54928072342d66"
            ],
            "type": "Script",
            "firstPartyCookies": {},
            "firstPartyCookiesSent": {},
            "exampleSites": [
                "domseriali.online",
                "emigrating.ru",
                "fanseries.ru",
                "kino.firenews.video",
                "tekstovoi.ru",
                "theboystv.ru",
                "tv.seria-hd.cyou",
                "www.rutor.info",
                "zetflex.com"
            ]
        },
        {
            "rule": "vak345\\.com\\/cs\\/202207190428\\.js",
            "cookies": 0.0000136,
            "fingerprinting": 1,
            "subdomains": [],
            "apis": {
                "Navigator.prototype.userAgent": 2
            },
            "sites": 2,
            "prevalence": 0.0000136,
            "cnames": [],
            "responseHashes": [
                "e3941de764e769222948145aa12c19fbedd74074eaa6cdbb626487d37baea620"
            ],
            "type": "Script",
            "firstPartyCookies": {},
            "firstPartyCookiesSent": {
                "_ym_d": 0.000006786332326694038
            },
            "exampleSites": [
                "firenews.video",
                "kino.firenews.video"
            ]
        },
        {
            "rule": "vak345\\.com\\/adc\\/s\\.php",
            "cookies": 0,
            "fingerprinting": 0,
            "subdomains": [],
            "apis": {},
            "sites": 3,
            "prevalence": 0.0000204,
            "cnames": [],
            "responseHashes": [
                "6c7088ab2532cdc9b103eba03c6f97ee65ad9024935e3b5485291ceb41c9c42b",
                "e3b0c44298fc1c149afbf4c8996fb92427ae41e4649b934ca495991b7852b855"
            ],
            "type": "Script",
            "firstPartyCookies": {},
            "firstPartyCookiesSent": {
                "_ym_d": 0.000006786332326694038
            },
            "exampleSites": [
                "firenews.video",
                "kino.firenews.video",
                "tv.seria-hd.cyou"
            ]
        }
    ],
    "categories": [],
    "performance": {},
    "cookies": 0.000102,
    "types": {
        "Script": 14
    },
    "nameservers": [
        "cloe.ns.cloudflare.com",
        "george.ns.cloudflare.com"
    ]
}