{
    "domain": "vak345.com",
    "owner": {},
    "source": [
        "DuckDuckGo-US"
    ],
    "prevalence": 0.000109,
    "sites": 16,
    "subdomains": [],
    "cnames": [],
    "fingerprinting": 2,
    "resources": [
        {
            "rule": "vak345\\.com\\/s\\.js",
            "cookies": 0,
            "fingerprinting": 1,
            "subdomains": [],
            "apis": {
                "Navigator.prototype.platform": 10,
                "Document.cookie getter": 10,
                "Date.prototype.getTime": 11
            },
            "sites": 11,
            "prevalence": 0.0000749,
            "cnames": [],
            "responseHashes": [
                "dfcc4a2042bc88a0f3900a0559d78aa980defd1276aa2309678873421db2f801",
                "7bc961ec8863a735116cdd409a969acb3ea38d4cb280310ac649be12bc525bbd",
                "72ea51b1187eccaf58755c21197739e629b032f9d2b4cf2764aa94602cd1f92f",
                "b4bc4393ab2b95e8955ab21635e813d2eb23c2777df64698b2575f1a020bb467",
                "005cf6e5e2f4473e304ec0c9f3eef255ffb2c2d2f1bdd7a110f3d77b5b41501f",
                "ef5ad8eb18d143034ae886bd3e08ca438a6d61caa42e0d9e829b6e3bd79a7be6",
                "d73a476bd83c35cc6ecb3d7304b96b84d8c9cc72139398fe7dc4e78fae86e3d3",
                "98c2cef85c5c1df44ba581cb05976ef719e9ad506613898a8fe09c02b0625765",
                "932e6f25110a8528105d9c28f629014c33f0b3b89ae0dd7b2fc588a278aa16d4",
                "049c5f3464fdc5f6bd940b8eaccd72caa89a5a95c265257a6702c34b771eb471"
            ],
            "type": "Script",
            "firstPartyCookies": {},
            "firstPartyCookiesSent": {},
            "exampleSites": [
                "kinogo.cc",
                "kinozal.tv",
                "lordserial.la",
                "lordserial.top",
                "m.lordseria.ru",
                "ogrom.ru",
                "onlinemultfilmy.ru",
                "rutor.info",
                "tv.rulordfilm.net",
                "www.cyberforum.ru",
                "www.rutor.info"
            ]
        },
        {
            "rule": "vak345\\.com\\/cs\\/202306202117\\.js",
            "cookies": 0.0000136,
            "fingerprinting": 1,
            "subdomains": [],
            "apis": {
                "Navigator.prototype.cookieEnabled": 1,
                "Document.cookie getter": 1,
                "Navigator.prototype.userAgent": 1,
                "Navigator.prototype.vendor": 1,
                "Date.prototype.getTime": 1,
                "Document.cookie setter": 1
            },
            "sites": 2,
            "prevalence": 0.0000136,
            "cnames": [],
            "responseHashes": [],
            "type": "Script",
            "firstPartyCookies": {
                "_ma": {
                    "ttl": 31536000,
                    "length": 36,
                    "prevalence": 0.000006805962022731913,
                    "uniqueness": 1
                }
            },
            "firstPartyCookiesSent": {},
            "exampleSites": [
                "rulordfilm.net",
                "tv.rulordfilm.net"
            ]
        },
        {
            "rule": "vak345\\.com\\/cs\\/202306200741\\.js",
            "cookies": 0.0000136,
            "fingerprinting": 1,
            "subdomains": [],
            "apis": {
                "Navigator.prototype.cookieEnabled": 2,
                "Document.cookie getter": 2,
                "Navigator.prototype.userAgent": 2,
                "Navigator.prototype.vendor": 2,
                "Date.prototype.getTime": 2,
                "Document.cookie setter": 2
            },
            "sites": 2,
            "prevalence": 0.0000136,
            "cnames": [],
            "responseHashes": [
                "62816dead1bd26abc11aeacd24e2279927b3ee0d38b746d0901b6931bea40e4b"
            ],
            "type": "Script",
            "firstPartyCookies": {
                "_ma": {
                    "ttl": 31536000,
                    "length": 36,
                    "prevalence": 0.000013611924045463826,
                    "uniqueness": 1
                }
            },
            "firstPartyCookiesSent": {},
            "exampleSites": [
                "rutor.info",
                "www.rutor.info"
            ]
        }
    ],
    "categories": [],
    "performance": {},
    "cookies": 0.000109,
    "topInitiators": [
        {
            "domain": "first party",
            "prevalence": 1
        }
    ],
    "types": {
        "Script": 15
    },
    "nameservers": [
        "cloe.ns.cloudflare.com",
        "george.ns.cloudflare.com"
    ]
}