{
    "domain": "vak345.com",
    "owner": {},
    "source": [
        "DuckDuckGo-US"
    ],
    "prevalence": 0.000102,
    "sites": 15,
    "subdomains": [],
    "cnames": [],
    "fingerprinting": 2,
    "resources": [
        {
            "rule": "vak345\\.com\\/s\\.js",
            "cookies": 0,
            "fingerprinting": 1,
            "subdomains": [],
            "apis": {
                "Date.prototype.getTime": 9,
                "Navigator.prototype.platform": 8,
                "Document.cookie getter": 8
            },
            "sites": 9,
            "prevalence": 0.0000609,
            "cnames": [],
            "responseHashes": [
                "12d0e82026b3ca12b7c6209ba32c928fdad6f9e5d557da8c218e28b3911b1f1b",
                "34fe38b1926d2df896a7675967b98894f69c2ae24cd40ead21fae911f6f137d8",
                "20161daa930acf59945ce21260ac2961ddaddad517403682037262b3233d397a",
                "9f78e5324b64db208564f760fe7905c3e9c3dd127448772bf88438fee82f5071",
                "2aa0f679e5f3968f1b55afc988bb52f9f4dfde4efbc4ef065d1b9f426f079c45",
                "6553e980919af4f3660472db7302f4d3ce434820d61b59b374da77b9a4d47f70",
                "3b0029f5f031d23017d6c3b80dd49a46d61d075fc0078ec1af9100a95af544b5",
                "4671722e6765ccd6fc6ed1cf694df769e5f6c6b58e0e6e6341b1f63c692d29d3"
            ],
            "type": "Script",
            "firstPartyCookies": {},
            "firstPartyCookiesSent": {},
            "exampleSites": [
                "11klasov.net",
                "kinozal.tv",
                "ogrom.ru",
                "onlinemultfilmy.ru",
                "rutor.info",
                "w140.zona.plus",
                "www.cyberforum.ru",
                "www.fast-torrent.ru",
                "www.rutor.info"
            ]
        },
        {
            "rule": "vak345\\.com\\/cs\\/202303141308\\.js",
            "cookies": 0.0000135,
            "fingerprinting": 1,
            "subdomains": [],
            "apis": {
                "Navigator.prototype.cookieEnabled": 2,
                "Document.cookie getter": 2,
                "Navigator.prototype.userAgent": 2,
                "Navigator.prototype.vendor": 2,
                "Date.prototype.getTime": 2,
                "Document.cookie setter": 2
            },
            "sites": 2,
            "prevalence": 0.0000135,
            "cnames": [],
            "responseHashes": [
                "9d4e94a31698de7475b7e838728d8bea6f95b47065bb56c16712cd0f4146dcd9"
            ],
            "type": "Script",
            "firstPartyCookies": {
                "_ma": {
                    "ttl": 31536000,
                    "length": 36,
                    "prevalence": 0.00001354261182811717,
                    "uniqueness": 1
                }
            },
            "firstPartyCookiesSent": {},
            "exampleSites": [
                "zona.plus",
                "w140.zona.plus"
            ]
        },
        {
            "rule": "vak345\\.com\\/cs\\/202303140040\\.js",
            "cookies": 0.0000135,
            "fingerprinting": 1,
            "subdomains": [],
            "apis": {
                "Navigator.prototype.cookieEnabled": 2,
                "Document.cookie getter": 2,
                "Navigator.prototype.userAgent": 2,
                "Navigator.prototype.vendor": 2,
                "Date.prototype.getTime": 2,
                "Document.cookie setter": 2
            },
            "sites": 2,
            "prevalence": 0.0000135,
            "cnames": [],
            "responseHashes": [
                "d1ddff6c282d0e5a2f931584aeaefabdddb5bc372bb99adc3e2115f4b3691c54"
            ],
            "type": "Script",
            "firstPartyCookies": {
                "_ma": {
                    "ttl": 31536000,
                    "length": 36,
                    "prevalence": 0.00001354261182811717,
                    "uniqueness": 1
                }
            },
            "firstPartyCookiesSent": {},
            "exampleSites": [
                "rutor.info",
                "www.rutor.info"
            ]
        }
    ],
    "categories": [],
    "performance": {},
    "cookies": 0.000102,
    "topInitiators": [
        {
            "domain": "first party",
            "prevalence": 1
        }
    ],
    "types": {
        "Script": 13
    },
    "nameservers": [
        "george.ns.cloudflare.com",
        "cloe.ns.cloudflare.com"
    ]
}