{
    "domain": "voltaxam.com",
    "owner": {},
    "source": [
        "DuckDuckGo-US"
    ],
    "prevalence": 0.000143,
    "sites": 21,
    "subdomains": [
        "rtb",
        "selector"
    ],
    "cnames": [],
    "fingerprinting": 0,
    "resources": [
        {
            "rule": "voltaxam\\.com\\/sync\\/videos",
            "cookies": 0.000136,
            "fingerprinting": 0,
            "subdomains": [
                "rtb"
            ],
            "apis": {},
            "sites": 20,
            "prevalence": 0.000136,
            "cnames": [],
            "responseHashes": [
                "dfa6731c0489e7b3627df79468f19865804d26f4f584109734b2bb9a4463a878",
                "93ee574c8ab633761e3c5071da0571ee95be103459095afb046f06444f0c2890",
                "7f8e9393c734a21d7335400973b0adff2aac7c74ab65cb91dcceae32dec925f2",
                "3f5a7c53360ba0f52b310f5288a9ca32dda1f5da49fc034c463f513fd0830380",
                "d76b113efd49cfe3f63d51e35a776a4a4b99ff27ce4edc5814d95773dacb074e",
                "8f630028691ecd983157b32a3a00bc92ef0212c675c07b13e23638503ace09e3",
                "225d2132ea21958bfafb23c2b9909fac2c2cc58c9dc5759cb22ca4210134c9f3",
                "b69a2160fe0f74918fb67686b3e359dc9d69f08ee88f1474d25d3bb38c045125",
                "25546cd5799c903662e4160a79504350c32373b3191a65a06a8301ae6388e848",
                "02d0a8d873690552779f0c04471f9cc1d0ac7b6c5e83b993c9d9ee5521227b73",
                "70eada027340028f9d7eef58cf0182b4ffd54d7a57305cc7b8e05d334634749e",
                "7ffdc9bcf8ad20857af361617b1c4fab6a96b576e807b7984785256767f7c9a3",
                "76f07a947be28fbccfb5eac496563bd2018a3b100708248d7f2439b8535a912e",
                "c878a97975961a4675972e87f1affc279724dd9b79d294c42b7a298dfad41b50",
                "10f76aaed75cd539768d7ebf7d7a3952eb75214f10dd73d106e0acc9d6e023c7",
                "d9d3916416a00ae0206f66a44d81268d71b2086759795910db268e1c1d60ac7c",
                "ec2b1e84afa4bc6365b53a77c9402eee491708cb8dd6a0aeedb37ed397f65996",
                "f7acc4cc8f2e20b1960b6c1f2b31e2cceccb5aa82e66232ed75b258e4bf7f845",
                "45f9a2d0ab664875c2b7ffbbc8c9f1125bdd25c8c9d30eac8e5089638aa8bbeb"
            ],
            "type": "Fetch",
            "firstPartyCookies": {},
            "firstPartyCookiesSent": {},
            "exampleSites": [
                "amazonadviser.com",
                "arrowheadaddict.com",
                "bamsmackpow.com",
                "beyondtheflag.com",
                "dorksideoftheforce.com",
                "fansided.com",
                "foodsided.com",
                "guiltyeats.com",
                "hiddenremote.com",
                "netflixlife.com",
                "saturdayblitz.com",
                "thejetpress.com",
                "thelandryhat.com",
                "thevikingage.com",
                "winteriscoming.net",
                "wreckemred.com",
                "www.90min.de",
                "www.90min.com",
                "www.mentalfloss.com",
                "www.thebiglead.com"
            ]
        },
        {
            "rule": "voltaxam\\.com\\/cookieSync",
            "cookies": 0.000136,
            "fingerprinting": 0,
            "subdomains": [
                "rtb"
            ],
            "apis": {},
            "sites": 20,
            "prevalence": 0.000136,
            "cnames": [],
            "responseHashes": [
                "e3b0c44298fc1c149afbf4c8996fb92427ae41e4649b934ca495991b7852b855"
            ],
            "type": "Image",
            "firstPartyCookies": {},
            "firstPartyCookiesSent": {},
            "exampleSites": [
                "amazonadviser.com",
                "arrowheadaddict.com",
                "bamsmackpow.com",
                "beyondtheflag.com",
                "dorksideoftheforce.com",
                "fansided.com",
                "foodsided.com",
                "guiltyeats.com",
                "hiddenremote.com",
                "netflixlife.com",
                "saturdayblitz.com",
                "thejetpress.com",
                "thelandryhat.com",
                "thevikingage.com",
                "winteriscoming.net",
                "wreckemred.com",
                "www.90min.de",
                "www.90min.com",
                "www.mentalfloss.com",
                "www.thebiglead.com"
            ]
        },
        {
            "rule": "voltaxam\\.com\\/ads",
            "cookies": 0,
            "fingerprinting": 0,
            "subdomains": [
                "selector"
            ],
            "apis": {},
            "sites": 21,
            "prevalence": 0.000143,
            "cnames": [],
            "responseHashes": [
                "d78338860a068300b805e43ad82bab07072967281ebda42ac88c4384ce454adf",
                "6cd5658583f42e775626dff87ab10e5c320b31fe6994a2ad7d19ec7960112bec",
                "540e5877f2af70a2f48fb6eeb3fb485bb70a9c8080e513910cc5c3d483fbd020",
                "d8eb60c6cd43f26d43515d5269a46ebe9d4f3ee06175fd183ab3110375a44da8",
                "2c09424d95a53415d5bc9f9c5b224e98e8722033685410b8d4fb5fdd988ebf59",
                "ce03a090510bcd2e3c2b04345f73d53bea312118152727fde97b5600381db69f",
                "ef193a05c1e65b7cdd561add8e18199abaf80af7db9afed12d9d9916ef838e8a",
                "77bfc5220e9eff95a780638af01c8e9fa9826c658daed04730f55b6ac62cabb2",
                "0152f8ccd41cf596e108b07f45605b5793b7fdb14631772576453b4838df3f0c",
                "35ac2fefb34b17f39fceee49d17fed64d68c14fbe98bd99980967428e1cc383d",
                "8cd4d5c5446fd2d05de7983b1ab89e9b5ce161127c67ccbbd002d97d4dd2d35b",
                "b762f4fde3e159dbf20d578e6ed5383b61411a644576331d1812f21403a21aaa",
                "6e3bd24a25bb326f3a8fb2729fe3eb050c0f0548e70d639a8db83432294e7dcf",
                "7f1b1c1fd665cc1c1243d784ae77c67544fa9204a7de83e7e45792ce0b173264",
                "87c4f5f96bb5577482fc510d22291bfbe0b946492dd03373963814e6fc217d8a",
                "0b56a42696487dc70694a73fde298b4bde6349142eff8ce66fb76ebc8e451a75"
            ],
            "type": "Fetch",
            "firstPartyCookies": {},
            "firstPartyCookiesSent": {
                "lotame_domain_check": 0.000047704396300864815
            },
            "exampleSites": [
                "wreckemred.com",
                "foodsided.com",
                "www.thebiglead.com",
                "amazonadviser.com",
                "arrowheadaddict.com",
                "www.90min.com",
                "dorksideoftheforce.com",
                "netflixlife.com",
                "bamsmackpow.com",
                "thelandryhat.com",
                "fansided.com",
                "www.mentalfloss.com",
                "thejetpress.com",
                "winteriscoming.net",
                "beyondtheflag.com",
                "guiltyeats.com",
                "saturdayblitz.com",
                "hiddenremote.com",
                "www.kenkenpuzzle.com",
                "thevikingage.com"
            ]
        },
        {
            "rule": "voltaxam\\.com\\/sync\\/videos\\/01h9se040k1aac6rcqm2s67snd",
            "cookies": 0,
            "fingerprinting": 0,
            "subdomains": [
                "rtb"
            ],
            "apis": {},
            "sites": 2,
            "prevalence": 0.0000136,
            "cnames": [],
            "responseHashes": [],
            "type": "Fetch",
            "firstPartyCookies": {},
            "firstPartyCookiesSent": {
                "lotame_domain_check": 0.000027259655029065606
            },
            "exampleSites": [
                "90min.de",
                "www.90min.de"
            ]
        },
        {
            "rule": "voltaxam\\.com\\/sync\\/videos\\/01h9se040k1aac6rcqm2s67snd",
            "cookies": 0.0000136,
            "fingerprinting": 0,
            "subdomains": [
                "rtb"
            ],
            "apis": {},
            "sites": 2,