{
    "domain": "vs3.com",
    "owner": {},
    "source": [
        "DuckDuckGo-US"
    ],
    "prevalence": 0.000266,
    "sites": 39,
    "subdomains": [
        "secure",
        "td",
        "hls"
    ],
    "cnames": [],
    "fingerprinting": 1,
    "resources": [
        {
            "rule": "vs3\\.com\\/_special\\/banners\\/LiveWebCams\\.php",
            "cookies": 0.000041,
            "fingerprinting": 0,
            "subdomains": [
                "secure"
            ],
            "apis": {},
            "sites": 22,
            "prevalence": 0.00015,
            "cnames": [],
            "responseHashes": [
                "247cee57cfaba0a21ee3ad2d2ac84f7bbf674a582ec5061d3e4188f3d23013a8",
                "ce7a3d363e63f146871cd1d81e63d26cc04971553931cb5ed4e074cb6225cc78",
                "7d22c1f3e68e7bc4f3379ddaf48e724c8da464db7304aae79a65f733546726ca",
                "5b3c84643d7818cee5e1a2179eb06d1a86aaf192e0277844440cec74edfb6742",
                "13c3b2cadc18effbc565e69c9d1856e5a94f779749ba6dda5e7b0e9800ede7ce",
                "5b16b8d3be16b1cc538343a9610f13a1d6bed8a9b9397c0f7c1359d1874c48d9",
                "0f9a0451e9b3115bae4eb3dc6ef2744a48d9b52e60ce111bd31976f5708561a5",
                "d8127f9a3e0d0691c7ecb582153aabae9cf28461d30792da58ebd58f534ab876",
                "314798cb3f5c82daa340b97fa1e0075285e58c24d1db34bab2360c1122193671",
                "dc7b5484b6d81c7f149d27f4d248df9019844f896f1d9784e33c88f528c22eee",
                "2376e893acaf01fa1134b9c274c305401bda22c829cfdc2a7233afd38a93fe73",
                "8c526949b098fb7776db60aecae52a07bbdc25a6f5de901bc20ef3ce02fed599",
                "fbc7b256f0329e7deb0cac4e810d166e1f252347dceaeccf0b85ba5ce12d7b82",
                "1120e4721c4548012a03775c366616341a0fd97b3f85185c97b4034051cc1831",
                "d01211d7bb6c1d560985105a3a762c25ffa7ae0743acd9da62cd818d0f2815aa",
                "991b6b7f4bcbe48ead3bcbbc027e892f324ed78834119ba7f882ae9d491b0c5e",
                "e3b0c44298fc1c149afbf4c8996fb92427ae41e4649b934ca495991b7852b855",
                "a9a8f418aa64999dac4274a1fef40df5b82361f050dc264fc852740f5f335335"
            ],
            "type": "Document",
            "firstPartyCookies": {},
            "firstPartyCookiesSent": {},
            "exampleSites": [
                "www.musclegayclips.com",
                "squirt.org",
                "www.gaymentubexxx.com",
                "www.manhunt.net",
                "www.gayporno.tv",
                "www.meatyhunks.com",
                "www.gamelink.com",
                "www.adam4adam.com",
                "www.lucasentertainment.com",
                "queerpig.com",
                "www.gaymenring.com",
                "www.rockettube.com",
                "www.queermenow.net",
                "gaybodyblog.com",
                "www.justusboys.com",
                "www.queerclick.com",
                "jerkoffinstructions.org",
                "daily.squirt.org",
                "listings.cruisingforsex.com",
                "www.gaymensextube.com"
            ]
        },
        {
            "rule": "vs3\\.com\\/xml\\/live-video-ads\\.php",
            "cookies": 0.0000137,
            "fingerprinting": 0,
            "subdomains": [
                "secure"
            ],
            "apis": {},
            "sites": 2,
            "prevalence": 0.0000137,
            "cnames": [],
            "responseHashes": [],
            "type": "Fetch",
            "firstPartyCookies": {},
            "firstPartyCookiesSent": {},
            "exampleSites": [
                "squirt.org",
                "daily.squirt.org"
            ]
        },
        {
            "rule": "vs3\\.com\\/",
            "cookies": 0,
            "fingerprinting": 0,
            "subdomains": [
                "td"
            ],
            "apis": {},
            "sites": 8,
            "prevalence": 0.0000546,
            "cnames": [],
            "responseHashes": [],
            "type": "Document",
            "firstPartyCookies": {},
            "firstPartyCookiesSent": {},
            "exampleSites": [
                "downloadfromxvideos.com",
                "sexygetero.ru",
                "www.pornorama.com",
                "www.xvideos.com",
                "www.xvideos.es",
                "www.xvideos8.org",
                "xvideos-download.com",
                "xvideos8.org"
            ]
        },
        {
            "rule": "vs3\\.com\\/promos\\/images\\.php",
            "cookies": 0.0000137,
            "fingerprinting": 0,
            "subdomains": [],
            "apis": {},
            "sites": 2,
            "prevalence": 0.0000137,
            "cnames": [],
            "responseHashes": [
                "a07bda2c1e652140380a005d9c1c21d2c1aa7eb24d5b1ca5bba16a326a717b42"
            ],
            "type": "Image",
            "firstPartyCookies": {},
            "firstPartyCookiesSent": {},
            "exampleSites": [
                "cruisingforsex.com",
                "listings.cruisingforsex.com"
            ]
        },
        {
            "rule": "vs3\\.com\\/xml\\/live-video-ads\\.php",
            "cookies": 0.0000273,
            "fingerprinting": 0,
            "subdomains": [
                "secure"
            ],
            "apis": {},
            "sites": 4,
            "prevalence": 0.0000273,
            "cnames": [],
            "responseHashes": [
                "aabf7a1777efc45f15b1dc2374454bc2342be5349d978a921b88061a988f7e8e"
            ],
            "type": "XHR",
            "firstPartyCookies": {},
            "firstPartyCookiesSent": {},
            "exampleSites": [
                "gaymensextube.com",
                "www.gaymensextube.com",
                "www.gayporno.tv",
                "www.musclegayclips.com"
            ]
        },
        {
            "rule": "vs3\\.com\\/manifest\\.m3u8",
            "cookies": 0,
            "fingerprinting": 0,
            "subdomains": [
                "hls"
            ],
            "apis": {},
            "sites": 4,
            "prevalence": 0.0000273,
            "cnames": [],
            "responseHashes": [
                "4bf57d99422e93a9028b029c9d4376201b9ceb7f1f2da590277434aae7ebe6ce",
                "76fa61cc5b36cd6643c0c2d6cd99aa564fe32df28bd6ed87fa255cec6d965452",
                "4dea44b19ed318169e6a14447ac1d4ce7fada112c51a33453a4a4873e9ae3717"
            ],
            "type": "Media",
            "firstPartyCookies": {},
            "firstPartyCookiesSent": {},
            "exampleSites": [
                "gaymensextube.com",
                "www.gaymensextube.com",
                "www.gayporno.tv",
                "www.musclegayclips.com"
            ]
        },
        {
            "rule": "vs3\\.com\\/_special\\/banners\\/js-popunder\\.php",
            "cookies": 0.0000137,
            "fingerprinting": 1,
            "subdomains": [
                "secure"
            ],
            "apis": {
                "Document.cookie getter": 1
            },
            "sites": 2,
            "prevalence": 0.0000137,
            "cnames": [],
            "responseHashes": [
                "d52500d87595d35367eecdb7f4f01648afcfba983ceef19a4c102a125389d1fa"
            ],
            "type": "Script",
            "firstPartyCookies": {},
            "firstPartyCookiesSent": {},
            "exampleSites": [
                "justusboys.com",
                "www.justusboys.com"
            ]
        }
    ],
    "categories": [],
    "performance": {},
    "cookies": 0.00013,
    "types": {
        "Document": 30,
        "Fetch": 2,
        "Image": 2,
        "XHR": 4,
        "Media": 4,
        "Script": 2
    },
    "nameservers": [
        "dns1.p05.nsone.net",
        "dns2.p05.nsone.net",
        "dns3.p05.nsone.net",
        "dns4.p05.nsone.net"
    ]
}