{
    "domain": "vs3.com",
    "owner": {},
    "source": [
        "DuckDuckGo-US"
    ],
    "prevalence": 0.000191,
    "sites": 28,
    "subdomains": [
        "logos",
        "secure",
        "td"
    ],
    "cnames": [],
    "fingerprinting": 0,
    "resources": [
        {
            "rule": "vs3\\.com\\/logos\\/girls\\/cx7en\\.jpg",
            "cookies": 0,
            "fingerprinting": 0,
            "subdomains": [
                "logos"
            ],
            "apis": {},
            "sites": 2,
            "prevalence": 0.0000136,
            "cnames": [],
            "responseHashes": [
                "34558650e00e3c38b9d6a63d241157b1dd3fe96da94b7e12e8dd0ace608ab366"
            ],
            "type": "Image",
            "firstPartyCookies": {},
            "firstPartyCookiesSent": {},
            "exampleSites": [
                "xnxx.com",
                "cams.xnxx.com"
            ]
        },
        {
            "rule": "vs3\\.com\\/_special\\/banners\\/LiveWebCams\\.php",
            "cookies": 0.0000204,
            "fingerprinting": 0,
            "subdomains": [
                "secure"
            ],
            "apis": {},
            "sites": 14,
            "prevalence": 0.0000953,
            "cnames": [],
            "responseHashes": [
                "08a70d92d91e011e2c5488c32745c67da184e158c0f97bdeae4b404e06ecfc5e",
                "66f726858cf6ec401368f3c69a9e9da1b6d946e448119010723964bfa136b410",
                "c04cc5382c76910646da211ac9b923837a48b8e07dadf9e6937c03441401fbcf",
                "444876b8ba44fda075d9719cb8c26e6c9107a0caea74b26a04e56b61e2a7efed",
                "926b04e41ab7fc1c37872a5967e62b796a32d64f5156042006a406a1b11eb8ff",
                "ee921fd98741a87a592fba8be391745cb27bfe80bd7ed1b20cd4deea1b459a04",
                "3352653eea2e2195a211d03ab31519a939440830bc5fb704f1f29ac26524172f",
                "b857d743c699d3e4484a3477cd6beccfc96be930e108835f353585323bdff340",
                "2d8def8efb2129fde43ee2bfc42aa80b117d6f75ae00bbe6ab4be40032dcf150",
                "ec255d1ac55dffd2c8bc76690823b3cb93a13b8bbb819109820f8a6a24cec3bf",
                "19fd41adbd4db64e255606e47ae9d83a1044aaedbc658703f944ac75679af58e"
            ],
            "type": "Document",
            "firstPartyCookies": {},
            "firstPartyCookiesSent": {},
            "exampleSites": [
                "cockyboys.com",
                "forums.justusboys.com",
                "listings.cruisingforsex.com",
                "sexcams-24.com",
                "shooshtime.com",
                "voyeurhouse.com",
                "www.adam4adam.com",
                "www.gamelink.com",
                "www.justusboys.com",
                "www.lucasentertainment.com",
                "www.onlydudes.com",
                "www.queermenow.net",
                "www.rockettube.com",
                "www.xmovies.com"
            ]
        },
        {
            "rule": "vs3\\.com\\/xml\\/live-video-ads\\.php",
            "cookies": 0.0000272,
            "fingerprinting": 0,
            "subdomains": [
                "secure"
            ],
            "apis": {},
            "sites": 4,
            "prevalence": 0.0000272,
            "cnames": [],
            "responseHashes": [],
            "type": "Fetch",
            "firstPartyCookies": {},
            "firstPartyCookiesSent": {},
            "exampleSites": [
                "cockyboys.com",
                "shooshtime.com",
                "voyeurhouse.com",
                "www.lucasentertainment.com"
            ]
        },
        {
            "rule": "vs3\\.com\\/promos\\/images\\.php",
            "cookies": 0.0000136,
            "fingerprinting": 0,
            "subdomains": [],
            "apis": {},
            "sites": 2,
            "prevalence": 0.0000136,
            "cnames": [],
            "responseHashes": [
                "490001615e660c8c406da0bb0e4b211c010b38c80c3ceb38e77db86a3f0f7c20"
            ],
            "type": "Image",
            "firstPartyCookies": {},
            "firstPartyCookiesSent": {},
            "exampleSites": [
                "cruisingforsex.com",
                "listings.cruisingforsex.com"
            ]
        },
        {
            "rule": "vs3\\.com\\/",
            "cookies": 0,
            "fingerprinting": 0,
            "subdomains": [
                "td"
            ],
            "apis": {},
            "sites": 4,
            "prevalence": 0.0000272,
            "cnames": [],
            "responseHashes": [],
            "type": "Document",
            "firstPartyCookies": {},
            "firstPartyCookiesSent": {},
            "exampleSites": [
                "pornorama.com",
                "www.xnxx.luxe",
                "www.xvideos.es",
                "xvideos099.com"
            ]
        }
    ],
    "categories": [],
    "performance": {},
    "cookies": 0.0000749,
    "topInitiators": [
        {
            "domain": "first party",
            "prevalence": 0.7333333333333333
        },
        {
            "domain": "vscdns.com",
            "prevalence": 0.18333333333333332
        },
        {
            "domain": "realsrv.com",
            "prevalence": 0.06666666666666667
        },
        {
            "domain": "nnteens.com",
            "prevalence": 0.016666666666666666
        }
    ],
    "types": {
        "Image": 4,
        "Document": 18,
        "Fetch": 4
    },
    "nameservers": [
        "dns1.p05.nsone.net",
        "dns4.p05.nsone.net",
        "dns3.p05.nsone.net",
        "dns2.p05.nsone.net"
    ]
}