{
    "domain": "vuukle.net",
    "owner": {},
    "source": [
        "DuckDuckGo-US"
    ],
    "prevalence": 0.000286,
    "sites": 42,
    "subdomains": [
        "cpm"
    ],
    "cnames": [],
    "fingerprinting": 0,
    "resources": [
        {
            "rule": "vuukle\\.net\\/hb",
            "cookies": 0,
            "fingerprinting": 0,
            "subdomains": [
                "cpm"
            ],
            "apis": {},
            "sites": 34,
            "prevalence": 0.000231,
            "cnames": [],
            "responseHashes": [
                "bd5db6b4a7c60d7a6ebe7a70b11ca7eb15534dbc6c098b7c1c658c2fc72f37c4",
                "2cbdfcf514176e458ac17e49793c28f5ff61f8574ab357e1e03e69cb1565f0fb",
                "0e9c3428e76aff13e4c1518a70d2fb6b94ee807f348e586da7e0f1eef168dfe7",
                "77de454f37d2419765b81254c1e3f2887ad1a7fa38b9b0e1e3dc93d924a5d3b9",
                "09f180c3a2abbace22a72233b261ca3d4a8ce6a86c203e0917da5dae6a576c13",
                "2c7a9aecd145e4d742b4326af03125a177a94ad685595f7c6231cce7ce135a6a",
                "631d90a54624d46d0d921fab39ae1c9ef6eca7d8207b6064a434e3927a93f76e",
                "10d0b8d5a0a6526719aa4b305c9cc1d9dd20c021a0f00485ba72c766ba8af194",
                "9455f95045037e75221fef26d40e18180e21d23ac34c0e90b130bca1bfcecc03",
                "1809e69e949c39dd45a2cfa0a3d73ca536cadbb50154dc423c2795f49b8e51f7",
                "50ac9a9d15f68a080136595d18516a004d2ad1f386c72533edc0d732409e39c4",
                "f77c0547691341c019f0692dcea3bafafecd872a7bcb36d8df2d39786d3aac12",
                "88964956e28489381b3cd266a9b2659149099519bfaa89797926d60d132e53f1",
                "88b9252eee2d6af0e3eaa65fa2cd347160fa0a54eb1780f344eb8c2eba3098f5",
                "f68d710883527add7c1a49a3f7b7abda3199774fefca3eccc89b0ff06005e685",
                "dc5643b470c4874490fc58326d60464d5ba14404e7130cde9ae8027492b2babb",
                "3623e155ab281ef9d3fc651ec504b14f88766d656b3d5cc07d396a879934aaa9",
                "f9f4914d5b841ba6e8217d559cea91c5f8d14b4725960531480629bebb8e78da",
                "cf8662ba514b71c6312bef7018c2d463aadf8667f7130c0880a609bef821cd05",
                "91ddefb4c47add84472a99153b71f9d63f0fcac594815e7f47d51763eff64ed0",
                "401e66487c7fae2eebfe551ee807cbb2be1b660caded933e7faf99d238a99f7e",
                "3964672a0fe1d4ac258dc8da090e47e53edc2f207139ce910c799e23eb8c513c",
                "2c7cd34105f4daef274d88c948dfce0116af2d79bb064653012bc52544e78511",
                "39bba2fa779e4c4163023e24b2a385d16fb8c28349ba7a26be58fa050d66d051",
                "4d521d1320051366f5037afe7fa5d632d3fc94f12e575f14793e1b6d6b295024",
                "7377bb7c062e3ed82625d01a2edec6f892f6fe4b1aa86a6923e9f8331f74dcec",
                "77acc6eba6bf3c7f5b5f98d837fc87891096f6a3abb5b8407ebdd0287ac23e41",
                "43c99ba2791eb59ea54fa486a2134bca5d77849d68bbde0fda0c4b76aefb94f6",
                "11cb7595cd13a2b7c901d6980609d03b2c121bda2b99aabed31258d3949e2a94"
            ],
            "type": "XHR",
            "firstPartyCookies": {},
            "firstPartyCookiesSent": {},
            "exampleSites": [
                "drudgereport.com",
                "issuu.com",
                "m.andhrajyothy.com",
                "www.vikatan.com",
                "www.player.one",
                "eurweb.com",
                "www.manoramaonline.com",
                "www.adomonline.com",
                "www.theblaze.com",
                "taxguru.in",
                "littlethings.com",
                "refdesk.com",
                "newsable.asianetnews.com",
                "www.deccanchronicle.com",
                "hindi.webdunia.com",
                "www.cricketcountry.com",
                "timesofsandiego.com",
                "www.thephoblographer.com",
                "sports.ndtv.com",
                "dailygazette.com"
            ]
        },
        {
            "rule": "vuukle\\.net\\/user-synced",
            "cookies": 0.0000204,
            "fingerprinting": 0,
            "subdomains": [
                "cpm"
            ],
            "apis": {},
            "sites": 3,
            "prevalence": 0.0000204,
            "cnames": [],
            "responseHashes": [],
            "type": "Document",
            "firstPartyCookies": {},
            "firstPartyCookiesSent": {},
            "exampleSites": [
                "refdesk.com",
                "www.agrifarming.in",
                "www.deccanchronicle.com"
            ]
        }
    ],
    "categories": [],
    "performance": {},
    "cookies": 0.0000204,
    "topInitiators": [
        {
            "domain": "vuukle.com",
            "prevalence": 0.847457627118644
        },
        {
            "domain": "first party",
            "prevalence": 0.05084745762711865
        },
        {
            "domain": "adkernel.com",
            "prevalence": 0.05084745762711865
        },
        {
            "domain": "vntsm.com",
            "prevalence": 0.05084745762711865
        }
    ],
    "types": {
        "XHR": 34,
        "Document": 3
    },
    "nameservers": [
        "carl.ns.cloudflare.com",
        "emma.ns.cloudflare.com"
    ]
}