{
    "domain": "webspectator.com",
    "owner": {
        "name": "Webspectator Corporation",
        "displayName": "Webspectator"
    },
    "source": [
        "DuckDuckGo-US"
    ],
    "prevalence": 0.0000818,
    "sites": 12,
    "subdomains": [
        "webservices",
        "wfpscripts",
        "msgws",
        "msgws-useast1-s0001"
    ],
    "cnames": [],
    "fingerprinting": 2,
    "resources": [
        {
            "rule": "webspectator\\.com\\/init",
            "cookies": 0.0000136,
            "fingerprinting": 1,
            "subdomains": [
                "webservices"
            ],
            "apis": {
                "Document.cookie getter": 2,
                "Date.prototype.getTime": 2,
                "Document.cookie setter": 2,
                "Screen.prototype.width": 2,
                "Screen.prototype.height": 2,
                "Navigator.prototype.language": 2
            },
            "sites": 6,
            "prevalence": 0.0000409,
            "cnames": [],
            "responseHashes": [
                "80e1dba35038438f6018bf1a12e43ab3f884ed82fb0bf4670f9b0d9185a50739",
                "e3b0c44298fc1c149afbf4c8996fb92427ae41e4649b934ca495991b7852b855",
                "c1028f98d694c71c1e2f3e198d87fbc62fe921dfd950f83ca9a95c34d15f852f",
                "b4d587cecda63acc6a4c5574619791f557d0b59e0676453fbba7b347e0bc4bd4"
            ],
            "type": "Script",
            "firstPartyCookies": {
                "___ws_ses": {
                    "ttl": 1812,
                    "length": 18,
                    "prevalence": 0.000013629827514532803,
                    "uniqueness": 1
                },
                "___ws_vis": {
                    "ttl": 15552012,
                    "length": 30,
                    "prevalence": 0.000013629827514532803,
                    "uniqueness": 1
                },
                "___ws_ses_sec": {
                    "ttl": 1812,
                    "length": 18,
                    "prevalence": 0.000013629827514532803,
                    "uniqueness": 1
                },
                "___ws_vis_sec": {
                    "ttl": 15552012,
                    "length": 18,
                    "prevalence": 0.000013629827514532803,
                    "uniqueness": 1
                }
            },
            "firstPartyCookiesSent": {
                "lotame_domain_check": 0.000020444741271799205
            },
            "exampleSites": [
                "ndnation.com",
                "odia.ig.com.br",
                "www.gpfans.com",
                "www.metropoles.com",
                "www.opovo.com.br",
                "www.uhnd.com"
            ]
        },
        {
            "rule": "webspectator\\.com\\/bootstrap\\/ws-WS-00DIA\\.js",
            "cookies": 0,
            "fingerprinting": 0,
            "subdomains": [
                "wfpscripts"
            ],
            "apis": {},
            "sites": 2,
            "prevalence": 0.0000136,
            "cnames": [],
            "responseHashes": [
                "e8fbe64261a9f839090de6515beba5aea82e2dafd1ffa1e71eba1c605e19cd58"
            ],
            "type": "Script",
            "firstPartyCookies": {},
            "firstPartyCookiesSent": {},
            "exampleSites": [
                "ig.com.br",
                "odia.ig.com.br"
            ]
        },
        {
            "rule": "webspectator\\.com\\/initcb",
            "cookies": 0.0000136,
            "fingerprinting": 0,
            "subdomains": [
                "webservices"
            ],
            "apis": {},
            "sites": 3,
            "prevalence": 0.0000204,
            "cnames": [],
            "responseHashes": [
                "68ead9a17d69e776f2f7daf7d36ab9765117c62ec5fb21bba7041de0a3ce9fd2",
                "6eccd86bdca4a2a4c614560df613d6eb8bacc43cf1b09d9874a0a203b5a4f939"
            ],
            "type": "Script",
            "firstPartyCookies": {},
            "firstPartyCookiesSent": {
                "lotame_domain_check": 0.000020444741271799205
            },
            "exampleSites": [
                "ig.com.br",
                "odia.ig.com.br",
                "www.opovo.com.br"
            ]
        },
        {
            "rule": "webspectator\\.com\\/ortc-heartbeat1sec-min\\.js",
            "cookies": 0.00000681,
            "fingerprinting": 1,
            "subdomains": [
                "wfpscripts"
            ],
            "apis": {
                "Navigator.prototype.userAgent": 1,
                "Date.prototype.getTime": 1,
                "Document.cookie getter": 1,
                "Document.cookie setter": 1
            },
            "sites": 3,
            "prevalence": 0.0000204,
            "cnames": [],
            "responseHashes": [
                "80a6c8fd3fd83054bdd51a596217f806cec456cd5b176ec5e44a407201a82d2a"
            ],
            "type": "Script",
            "firstPartyCookies": {
                "ortcsession-w5tlOg-s": {
                    "ttl": null,
                    "length": 16,
                    "prevalence": 0.000006814913757266402,
                    "uniqueness": 1
                },
                "ortcsession-w5tlOg": {
                    "ttl": 1805,
                    "length": 16,
                    "prevalence": 0.000006814913757266402,
                    "uniqueness": 1
                }
            },
            "firstPartyCookiesSent": {},
            "exampleSites": [
                "ig.com.br",
                "odia.ig.com.br",
                "www.opovo.com.br"
            ]
        },
        {
            "rule": "webspectator\\.com\\/third_party\\/retargetly_univ_2\\.js",
            "cookies": 0,
            "fingerprinting": 0,
            "subdomains": [
                "wfpscripts"
            ],
            "apis": {},
            "sites": 3,
            "prevalence": 0.0000204,
            "cnames": [],
            "responseHashes": [
                "0d89ab019fdc4db07a89ba39546aa0ef86110eb0478c636a033e8ac5e5fb6acb"
            ],
            "type": "Script",
            "firstPartyCookies": {},
            "firstPartyCookiesSent": {},
            "exampleSites": [
                "ig.com.br",
                "odia.ig.com.br",
                "www.opovo.com.br"
            ]
        },
        {
            "rule": "webspectator\\.com\\/adblocker\\/blockadblock\\.js",
            "cookies": 0,
            "fingerprinting": 0,
            "subdomains": [
                "wfpscripts"
            ],
            "apis": {},
            "sites": 3,
            "prevalence": 0.0000204,
            "cnames": [],
            "responseHashes": [
                "7ed1947cb1ec4f11c68e3b281741c4214839a262843c339c1f1e3bc357434183"
            ],
            "type": "Script",
            "firstPartyCookies": {},
            "firstPartyCookiesSent": {},
            "exampleSites": [
                "ig.com.br",
                "odia.ig.com.br",
                "www.opovo.com.br"
            ]
        },
        {
            "rule": "webspectator\\.com\\/ws-4\\.4\\.62\\.js",
            "cookies": 0.0000204,
            "fingerprinting": 1,
            "subdomains": [
                "wfpscripts"
            ],
            "apis": {
                "Navigator.prototype.userAgent": 3,
                "Document.cookie getter": 3,
                "Date.prototype.getTime": 3,
                "Document.cookie setter": 3,
                "window.innerHeight": 2
            },
            "sites": 3,
            "prevalence": 0.0000204,
            "cnames": [],
            "responseHashes": [
                "2e8fac6fa9527aaae83a3fc6200472418e1aa0cf42d9ed4422683e8e0192a861"
            ],
            "type": "Script",
            "firstPartyCookies": {
                "___ws_d_st": {
                    "ttl": 1824,
                    "length": 2,
                    "prevalence": 0.000013629827514532803,