{
    "domain": "wheelio-app.com",
    "owner": {},
    "source": [
        "DuckDuckGo-US"
    ],
    "prevalence": 0.000164,
    "sites": 24,
    "subdomains": [
        "dashboard"
    ],
    "cnames": [],
    "fingerprinting": 0,
    "resources": [
        {
            "rule": "wheelio-app\\.com\\/api\\/wheelioapp\\/getsettings",
            "cookies": 0.000116,
            "fingerprinting": 0,
            "subdomains": [
                "dashboard"
            ],
            "apis": {},
            "sites": 17,
            "prevalence": 0.000116,
            "cnames": [],
            "responseHashes": [
                "d1d8e0d5e1894b3cdb93efd4ed57e2e59b7b9870780f45b444ef84b6c229a941",
                "2edf0a3925295cdf0ce3df88f83835c84337fedba0ce775e2b8f55e061cb9f23",
                "74b4e404d411157b58e58bfd4ce39e66be8728e3f5607a197dc61b8f6812bd8c",
                "63f7bd9dde9273cf3d01cee9802903822dc2a298dd69387f21652bff34320d87",
                "ae160ae3c3eef24b2c6f5f146fca462cb5a2ecba396e10103fc1aade2f043c1f",
                "ad0d95ce31c2fc5fd416343b61fb318376034f29e7feb17aa9f25230d7f687b7",
                "c72cd2e9d4654afd9d5f59ce5020e5925f0388fccbe2d3fe04b10be1cfd8430e",
                "c4c57e636cc90f8e4c75b7f446ce704a703e2f82302441a0a1c43a31cf6fc2d3",
                "658578ab55d3a8382bb55ce023d4de7a603a8f54a4a87fe82bd41c05f41bdef4",
                "c7cb94b9f4983ac9a6f79310587317c52e1b130d3c1ffa6c559b2c4739634951",
                "09e3aeafbc833ec25d7febc6d42e52e40ca1c2ca05ad26467b131a46e346966e",
                "e5a50b7a2f5dac5759301b6be4b29c0289545f3bc8958e05793548aff99bb631",
                "75af042e5f2dee85edbea05645536d2d8eb7011f311f474880dcbac9bfc47fa1",
                "aebd6b8e1f95698349672b307606e75f1acf16a51ef2472ade0c69d344580ead",
                "e2e98aed51a3801ba267dffb098492c9ce5fc0a5a59b1e6fa441d90b3defcd5e",
                "7f6fce4883e0600dba7175f95e6127207ea2944f507c409605aaebe1d55599f5"
            ],
            "type": "Script",
            "firstPartyCookies": {},
            "firstPartyCookiesSent": {
                "IR_gbd": 0.000013650479473091493,
                "Wheelio2": 0.000006825239736545746
            },
            "exampleSites": [
                "anthonysgoods.com",
                "buddhaandkarma.com",
                "darkestfox.com",
                "kutfromthekloth.com",
                "laidtex.com",
                "lovegasm.co",
                "loveplugs.co",
                "rysesupps.com",
                "skinkraft.com",
                "www.electricbikeparadise.com",
                "www.hilohattie.com",
                "www.imaginefestival.com",
                "www.joylovedolls.com",
                "www.loveinfaith.life",
                "www.pethonesty.com",
                "www.rhinousainc.com",
                "www.transparentlabs.com"
            ]
        }
    ],
    "categories": [],
    "performance": {},
    "cookies": 0.000164,
    "types": {
        "Script": 17
    },
    "nameservers": [
        "ns67.domaincontrol.com",
        "ns68.domaincontrol.com"
    ]
}