{
    "domain": "wisermapp.com",
    "owner": {},
    "source": [
        "DuckDuckGo-US"
    ],
    "prevalence": 0.0000955,
    "sites": 14,
    "subdomains": [
        "ns"
    ],
    "cnames": [],
    "fingerprinting": 0,
    "resources": [
        {
            "rule": "wisermapp\\.com\\/api\\/checkLimit",
            "cookies": 0,
            "fingerprinting": 0,
            "subdomains": [
                "ns"
            ],
            "apis": {},
            "sites": 7,
            "prevalence": 0.0000477,
            "cnames": [],
            "responseHashes": [
                "8f5aa5446714ef9b2115b90423ad0d8c642ea87a69a64bc7569ab71e133caf43",
                "04d3306b9383ab718423aa8ebe1f45259f90f9e957ae22d94ac597cc96a86d76",
                "bbb484b308027c58d7183c7e8d59303fd1cd41fd2cab7ee2d77450481dfb6d4e"
            ],
            "type": "XHR",
            "firstPartyCookies": {},
            "firstPartyCookiesSent": {
                "W_GUID": 0.00004773790526071716
            },
            "exampleSites": [
                "bestfive.com.au",
                "bulkperoxide.com",
                "frasesdelavida.com",
                "iptv-online.org",
                "supercurioso.com",
                "www.lightstalking.com",
                "www.theaudiotailor.com.au"
            ]
        },
        {
            "rule": "wisermapp\\.com\\/api\\/getData",
            "cookies": 0,
            "fingerprinting": 0,
            "subdomains": [
                "ns"
            ],
            "apis": {},
            "sites": 7,
            "prevalence": 0.0000477,
            "cnames": [],
            "responseHashes": [
                "4476c93e266db6f7b89e80206c81e12bc9b7ea405a881a369b0c33ac203868cc",
                "65c2ba07cd290e290bf4f5831a0d01572ca965faa571d4f39c09da089eefc6e4",
                "3072278320f8b7bd1610eec9e3c3f1b6af7fcc04d19f7a6ebf5a955878444d7d",
                "d941b38b0a4172da0cc94356a90110e6566412ade99bc94c984f6f27a44031f5",
                "e33dbbfcb38628d859d017d6d872e32aeea21dc93213bab9e1e9e3fbc66a6d45",
                "70666569b251f922f5c31160bd0a791df9d157cdf5d20b9d265e015428824a30"
            ],
            "type": "XHR",
            "firstPartyCookies": {},
            "firstPartyCookiesSent": {},
            "exampleSites": [
                "bestfive.com.au",
                "bulkperoxide.com",
                "frasesdelavida.com",
                "iptv-online.org",
                "supercurioso.com",
                "www.lightstalking.com",
                "www.theaudiotailor.com.au"
            ]
        },
        {
            "rule": "wisermapp\\.com\\/api\\/getData",
            "cookies": 0,
            "fingerprinting": 0,
            "subdomains": [
                "ns"
            ],
            "apis": {},
            "sites": 7,
            "prevalence": 0.0000477,
            "cnames": [],
            "responseHashes": [],
            "type": "Preflight",
            "firstPartyCookies": {},
            "firstPartyCookiesSent": {},
            "exampleSites": [
                "bestfive.com.au",
                "bulkperoxide.com",
                "frasesdelavida.com",
                "iptv-online.org",
                "supercurioso.com",
                "www.lightstalking.com",
                "www.theaudiotailor.com.au"
            ]
        }
    ],
    "categories": [],
    "performance": {},
    "cookies": 0,
    "types": {
        "XHR": 14,
        "Preflight": 7
    },
    "nameservers": [
        "ns1dnx.name.com",
        "ns2btz.name.com",
        "ns3dty.name.com",
        "ns4lny.name.com"
    ]
}