{
    "domain": "withflowersea.com",
    "owner": {},
    "source": [
        "DuckDuckGo-US"
    ],
    "prevalence": 0.0000885,
    "sites": 13,
    "subdomains": [
        "obs",
        "obseu",
        "euob",
        "ob"
    ],
    "cnames": [],
    "fingerprinting": 3,
    "resources": [
        {
            "rule": "withflowersea\\.com\\/ct",
            "cookies": 0.0000681,
            "fingerprinting": 0,
            "subdomains": [
                "obs",
                "obseu"
            ],
            "apis": {},
            "sites": 10,
            "prevalence": 0.0000681,
            "cnames": [],
            "responseHashes": [
                "d5b43b7e76bc5a51b41984d0c42257e354d841a60fc2484030ed53b32eb2f6ed",
                "180e687eaed02912abc8f9743380537e3d4ffe7764aedbc924a7f25e21bbfa53",
                "7078bc14d073ef85a5e51b7d3157020eb386fd0c4efb1f90ece0c62de5bb0802",
                "401ccf06ec127887ec93012f4bf01b46120e801ed1122e40359dcfc927e03853",
                "e00f72fa369f01365a5a3159a7fc1d62c7ac5c2c3a8b616e501b5fdfc40989eb",
                "382245afd6d78c34a6b95c6a151fada43d5ae763e29dd033ec6ebace9f2e9917",
                "d53bfbd9f441f6230db40a7b6f2bfd1a5b831456c6f13f710c3683463a26be7c",
                "478ad67090b28bc17e34bbafd3e786cc011d3ca26ee3b74e03cfaa3e4a29a5f8",
                "a41717ac05fb24482d85dd430c51b565ae21df00a1ba352a7f0efc37a9626c2a"
            ],
            "type": "Script",
            "firstPartyCookies": {},
            "firstPartyCookiesSent": {
                "_cq_duid": 0.00005444584340014292,
                "_cq_suid": 0.00005444584340014292,
                "_ga": 0.000047640112975125055,
                "_uetvid": 0.00001361146085003573,
                "_schn": 0.000006805730425017865,
                "_ama": 0.000006805730425017865
            },
            "exampleSites": [
                "tipalti.com",
                "wandp.com",
                "www.dairylandinsurance.com",
                "www.jochen-schweizer.de",
                "www.mydays.de",
                "www.plastic-mart.com",
                "www.plumbersstock.com",
                "www.puravidabracelets.com",
                "www.sentry.com",
                "www.tank-depot.com"
            ]
        },
        {
            "rule": "withflowersea\\.com\\/tracker\\/tc_imp\\.gif",
            "cookies": 0,
            "fingerprinting": 0,
            "subdomains": [
                "obs",
                "obseu"
            ],
            "apis": {},
            "sites": 10,
            "prevalence": 0.0000681,
            "cnames": [],
            "responseHashes": [
                "f4eef8263281c0b26486637831251059757bc3fdc4c3a48045a8ef8646b36e8f"
            ],
            "type": "Image",
            "firstPartyCookies": {},
            "firstPartyCookiesSent": {},
            "exampleSites": [
                "tipalti.com",
                "wandp.com",
                "www.dairylandinsurance.com",
                "www.jochen-schweizer.de",
                "www.mydays.de",
                "www.plastic-mart.com",
                "www.plumbersstock.com",
                "www.puravidabracelets.com",
                "www.sentry.com",
                "www.tank-depot.com"
            ]
        },
        {
            "rule": "withflowersea\\.com\\/mon",
            "cookies": 0,
            "fingerprinting": 0,
            "subdomains": [
                "obs",
                "obseu"
            ],
            "apis": {},
            "sites": 10,
            "prevalence": 0.0000681,
            "cnames": [],
            "responseHashes": [
                "e3b0c44298fc1c149afbf4c8996fb92427ae41e4649b934ca495991b7852b855"
            ],
            "type": "XHR",
            "firstPartyCookies": {},
            "firstPartyCookiesSent": {},
            "exampleSites": [
                "tipalti.com",
                "wandp.com",
                "www.dairylandinsurance.com",
                "www.jochen-schweizer.de",
                "www.mydays.de",
                "www.plastic-mart.com",
                "www.plumbersstock.com",
                "www.puravidabracelets.com",
                "www.sentry.com",
                "www.tank-depot.com"
            ]
        },
        {
            "rule": "withflowersea\\.com\\/sxp\\/i\\/830ff790616196a0842f36d02cb2f599\\.js",
            "cookies": 0.00000681,
            "fingerprinting": 3,
            "subdomains": [
                "euob"
            ],
            "apis": {
                "Document.cookie getter": 2,
                "window.innerWidth": 2,
                "window.innerHeight": 2,
                "Screen.prototype.width": 1,
                "Screen.prototype.height": 1,
                "Screen.prototype.availHeight": 1,
                "Screen.prototype.availWidth": 1,
                "WebGLRenderingContext.prototype.getExtension": 1,
                "WebGLRenderingContext.prototype.getParameter": 1,
                "WebGLRenderingContext.prototype.getSupportedExtensions": 1,
                "Navigator.prototype.userAgent": 1,
                "Screen.prototype.colorDepth": 1,
                "Screen.prototype.pixelDepth": 1,
                "window.devicePixelRatio": 1,
                "Navigator.prototype.vendor": 1,
                "Navigator.prototype.permissions": 1,
                "Navigator.prototype.platform": 1,
                "Navigator.prototype.webdriver": 1,
                "Navigator.prototype.plugins": 1,
                "Document.cookie setter": 1,
                "window.localStorage": 1,
                "Navigator.prototype.mimeTypes": 1,
                "HTMLCanvasElement.prototype.toDataURL": 1,
                "window.indexedDB": 1,
                "Navigator.prototype.doNotTrack": 1,
                "Navigator.prototype.maxTouchPoints": 1,
                "Navigator.prototype.hardwareConcurrency": 1,
                "window.screenTop": 1,
                "window.screenLeft": 1,
                "Screen.prototype.availTop": 1,
                "Screen.prototype.availLeft": 1,
                "window.outerWidth": 1,
                "window.outerHeight": 1,
                "window.name": 1,
                "Performance.prototype.memory": 1,
                "Navigator.prototype.connection": 1,
                "Navigator.prototype.languages": 1,
                "Date.prototype.getTime": 1,
                "Date.prototype.getTimezoneOffset": 1,
                "PerformanceTiming.prototype.navigationStart": 1,
                "Navigator.prototype.productSub": 1,
                "Navigator.prototype.product": 1,
                "Navigator.prototype.appName": 1,
                "Navigator.prototype.appCodeName": 1,
                "Intl.DateTimeFormat.prototype.resolvedOptions": 1,
                "window.sessionStorage": 1
            },
            "sites": 2,
            "prevalence": 0.0000136,
            "cnames": [],
            "responseHashes": [
                "2a67dfa6052b462ca7ccb38ecfbd724be56b20a9ffea211175190179e5f5e3ea"
            ],
            "type": "Script",
            "firstPartyCookies": {
                "_cq_check": {
                    "ttl": -1671336022,
                    "length": 1,
                    "prevalence": 0.000006805730425017865,
                    "uniqueness": 1
                },
                "_cq_duid": {
                    "ttl": 7884004,
                    "length": 29,
                    "prevalence": 0.000006805730425017865,
                    "uniqueness": 1
                },
                "_cq_suid": {
                    "ttl": null,
                    "length": 29,
                    "prevalence": 0.000006805730425017865,
                    "uniqueness": 1
                }
            },
            "firstPartyCookiesSent": {},