{
    "domain": "wixapps.net",
    "owner": {},
    "source": [
        "DuckDuckGo-US"
    ],
    "prevalence": 0.000282,
    "sites": 42,
    "subdomains": [
        "instafeed.codev",
        "ecom",
        "engage",
        "gs"
    ],
    "cnames": [],
    "fingerprinting": 1,
    "resources": [
        {
            "rule": "wixapps\\.net\\/ig_business_app",
            "cookies": 0.0000806,
            "fingerprinting": 0,
            "subdomains": [
                "instafeed.codev"
            ],
            "apis": {},
            "sites": 12,
            "prevalence": 0.0000806,
            "cnames": [],
            "responseHashes": [
                "fd155e3f0b416dbf6f304bc51d48cd9f40e743ce50ed9448c4f63534d4f5cfee"
            ],
            "type": "Document",
            "firstPartyCookies": {},
            "firstPartyCookiesSent": {},
            "exampleSites": [
                "4biddenknowledge.com",
                "www.battleorder.org",
                "www.belushisfarm.com",
                "www.botoxbymeesha.com",
                "www.catholicexorcism.org",
                "www.damiendsoul.com",
                "www.laundrybasketquilts.com",
                "www.onefinitycnc.com",
                "www.ptxofficial.com",
                "www.sportrock.com",
                "www.theclementstwins.com",
                "www.wingsoverwayneairshow.com"
            ]
        },
        {
            "rule": "wixapps\\.net\\/storefront\\/cartwidgetPopup",
            "cookies": 0.000128,
            "fingerprinting": 0,
            "subdomains": [
                "ecom"
            ],
            "apis": {},
            "sites": 20,
            "prevalence": 0.000134,
            "cnames": [],
            "responseHashes": [
                "29dfdefaf4ffc34ac0688d87fbf0071f37035f4f8c35efee29368dfbd47d633a",
                "d4cb252121f10d065ac08a6677d65ce2be0408cded373a269c10818c90d10668",
                "ca1795c0d372fbf2e41d372a1902f372ef34b2f24df731c499451413a5ce6b4d",
                "8ea507b8ec1797113e33130ec73697d8f7ff87facf19c66c21d8860d73881469",
                "6f8f32757e285889b64c0b6f2520424b72fa33299408baabc15ec0f4f330ac5a",
                "1bc53ce74d49bd8d416be58f606b048780e6e2169e7ad325e510b4c7c59277c7",
                "cb33a4908b29df71440b698c4f2990f7e5b00084269df2b7ff27b27e6e03f80a",
                "3968d46e222618b83e87710ce64c472b2bd1d0d35e3bf87f348b23c5cf070330",
                "4fb6977fcf79de212910691bc7aedccf4a82fdaab71786b6a228ef38329065dd",
                "ed369b411acd688ad75d9b7946e7183ef9491f570f5d0cd5ecbfe56bd490a35f",
                "c224871a84db80ae74fd774dbb8aec0d6c3ebb7998a1145e05c635d9f2dba259",
                "4c082593385d152af32ed56c4fdb723f85ae76a93197f8c68da3c2115dfd7cdd",
                "c333a118e2dc151e108a3e718f53937cca501b25d7fc0ffab07bf05848cce7fa",
                "023a0e510480da8368edfb8718393a5e28e92a502481b14d3f9bd5de2f6af1dd",
                "eeaf32a7ec998f2fa65d4376168bb3505db1f128d735eb2dbaddfd2283362692"
            ],
            "type": "Document",
            "firstPartyCookies": {},
            "firstPartyCookiesSent": {},
            "exampleSites": [
                "4biddenknowledge.com",
                "www.acservicetech.com",
                "www.alaskankingbeds.com",
                "www.armorycraft.com",
                "www.audiocipher.com",
                "www.autumnellenutrition.com",
                "www.bartleinbarrels.com",
                "www.bobandbrad.com",
                "www.carriemadej.com",
                "www.dilleyshow.com",
                "www.electroculture.life",
                "www.gold2020forecast.com",
                "www.ls2usa.com",
                "www.nenanaakiceclassic.com",
                "www.onefinitycnc.com",
                "www.rosslakeresort.com",
                "www.sigguy.com",
                "www.sigmametalytics.com",
                "www.tanzite.com",
                "www.us.sokbattery.com"
            ]
        },
        {
            "rule": "wixapps\\.net\\/chat-widget-server\\/renderChatWidget\\/index",
            "cookies": 0.0000739,
            "fingerprinting": 0,
            "subdomains": [
                "engage"
            ],
            "apis": {},
            "sites": 12,
            "prevalence": 0.0000806,
            "cnames": [],
            "responseHashes": [
                "118d095326d9da9e72aa3d1003d1c78c882237982f02325ae8bdcfaccab08aa2",
                "b47b4893bc0a73d57ca7bc57d90f7a7bc141662cebc204632cd2ba8e15b78c44",
                "b96cd5b002f0fd85818ff331a282dc6eeb526ec74070c23e9d228d339d2b9dd2",
                "cf06af92f8f75343cb12128f8a5ea7b3655d6be4b25311a5bc952232698eefce",
                "a17c6163de0ffcd5a0249de8bfa2eac6121145c6db3010d5c7776681310b651b",
                "1a2576d367f9fc441b9675fbca1264fc851338245e241ba4af14813d79503a99",
                "eb9be0a57b3e6b7005513cd592f8070ea8a20dcb4b4354a9240201ad96f62b1a",
                "dad8d684e927d214aeace629408bd7247daa9d6cf28fec48fd041fb3afc6b518",
                "e6990d9ba3ef92f67231289f5b77ae92db075b00e345548c43298617eea73dd6",
                "1ca4cf6d1a370f0a81cea1eeae7bc3087fe41e54645dcd648cdc7c961d67abd6"
            ],
            "type": "Document",
            "firstPartyCookies": {},
            "firstPartyCookiesSent": {},
            "exampleSites": [
                "americanmsp.net",
                "www.americanmsp.net",
                "www.amvets.org",
                "www.asiancandy.me",
                "www.autumnellenutrition.com",
                "www.damiendsoul.com",
                "www.fskhub.com",
                "www.genesisarms.com",
                "www.gold2020forecast.com",
                "www.sawtoothworld.com",
                "www.theclementstwins.com",
                "www.transparencyhoa.org"
            ]
        },
        {
            "rule": "wixapps\\.net\\/_api\\/chat-web\\/v1\\/real-time-tokens",
            "cookies": 0.0000403,
            "fingerprinting": 0,
            "subdomains": [
                "engage"
            ],
            "apis": {},
            "sites": 9,
            "prevalence": 0.0000605,
            "cnames": [],
            "responseHashes": [
                "5ea0ef8c556b225d19722ae2d1fbebc038bb3005dff817ba102de35953a2bc94",
                "acb540f7580365c578904578969ebd66fd26ca0dbd4e595446da81ab0803b47c"
            ],
            "type": "XHR",
            "firstPartyCookies": {},
            "firstPartyCookiesSent": {},
            "exampleSites": [
                "americanmsp.net",
                "www.americanmsp.net",
                "www.amvets.org",
                "www.asiancandy.me",
                "www.autumnellenutrition.com",
                "www.damiendsoul.com",
                "www.fskhub.com",
                "www.gold2020forecast.com",
                "www.sawtoothworld.com"
            ]
        },
        {
            "rule": "wixapps\\.net\\/serverless\\/chat-event-reporter\\/report-event",
            "cookies": 0,
            "fingerprinting": 0,
            "subdomains": [
                "engage"
            ],
            "apis": {},
            "sites": 4,
            "prevalence": 0.0000269,
            "cnames": [],
            "responseHashes": [
                "e3b0c44298fc1c149afbf4c8996fb92427ae41e4649b934ca495991b7852b855"
            ],
            "type": "XHR",
            "firstPartyCookies": {},
            "firstPartyCookiesSent": {},
            "exampleSites": [
                "amvets.org",
                "www.autumnellenutrition.com",
                "www.gold2020forecast.com",
                "www.sawtoothworld.com"
            ]
        },
        {
            "rule": "wixapps\\.net\\/statics\\/index",
            "cookies": 0.0000202,
            "fingerprinting": 1,
            "subdomains": [
                "gs"
            ],