{
    "domain": "wpnjs.com",
    "owner": {},
    "source": [
        "DuckDuckGo-US"
    ],
    "prevalence": 0.00043,
    "sites": 63,
    "subdomains": [
        "js"
    ],
    "cnames": [],
    "fingerprinting": 2,
    "resources": [
        {
            "rule": "wpnjs\\.com\\/pn\\.php",
            "cookies": 0.000143,
            "fingerprinting": 2,
            "subdomains": [
                "js"
            ],
            "apis": {
                "Navigator.prototype.userAgent": 25,
                "Notification.permission": 19,
                "Document.cookie getter": 21,
                "Document.cookie setter": 21
            },
            "sites": 32,
            "prevalence": 0.000218,
            "cnames": [],
            "responseHashes": [
                "86f36a03a35453b19239c955a72506aeb9a8df94758a248ad7dbb567184b75bd"
            ],
            "type": "Script",
            "firstPartyCookies": {
                "pn-zone-3569339": {
                    "ttl": 3888030,
                    "length": 13,
                    "prevalence": 0.000006825565839408087,
                    "uniqueness": 1
                },
                "pn-zone-3599727": {
                    "ttl": 3888000,
                    "length": 13,
                    "prevalence": 0.000006825565839408087,
                    "uniqueness": 1
                },
                "pn-zone-3303404": {
                    "ttl": 3888002,
                    "length": 13,
                    "prevalence": 0.000006825565839408087,
                    "uniqueness": 1
                },
                "pn-zone-3581703": {
                    "ttl": 3888000,
                    "length": 13,
                    "prevalence": 0.000006825565839408087,
                    "uniqueness": 1
                },
                "pn-zone-3475347": {
                    "ttl": 3888001,
                    "length": 13,
                    "prevalence": 0.000006825565839408087,
                    "uniqueness": 1
                },
                "pn-zone-3585133": {
                    "ttl": 3888000,
                    "length": 13,
                    "prevalence": 0.00002047669751822426,
                    "uniqueness": 1
                },
                "pn-zone-3551063": {
                    "ttl": 3888000,
                    "length": 13,
                    "prevalence": 0.000006825565839408087,
                    "uniqueness": 1
                },
                "pn-zone-3569081": {
                    "ttl": 3888000,
                    "length": 13,
                    "prevalence": 0.000013651131678816173,
                    "uniqueness": 1
                },
                "pn-zone-3501923": {
                    "ttl": 3888009,
                    "length": 13,
                    "prevalence": 0.000006825565839408087,
                    "uniqueness": 1
                },
                "pn-zone-3420767": {
                    "ttl": 3888001,
                    "length": 13,
                    "prevalence": 0.000006825565839408087,
                    "uniqueness": 1
                },
                "pn-zone-3521363": {
                    "ttl": 3888007,
                    "length": 13,
                    "prevalence": 0.000006825565839408087,
                    "uniqueness": 1
                },
                "pn-zone-3405131": {
                    "ttl": 3888000,
                    "length": 13,
                    "prevalence": 0.000006825565839408087,
                    "uniqueness": 1
                },
                "pn-zone-3194053": {
                    "ttl": 3888000,
                    "length": 13,
                    "prevalence": 0.000006825565839408087,
                    "uniqueness": 1
                },
                "pn-zone-3505141": {
                    "ttl": 3888000,
                    "length": 13,
                    "prevalence": 0.000006825565839408087,
                    "uniqueness": 1
                },
                "pn-zone-3551873": {
                    "ttl": 3888004,
                    "length": 13,
                    "prevalence": 0.000006825565839408087,
                    "uniqueness": 1
                },
                "pn-zone-3405159": {
                    "ttl": 3888001,
                    "length": 13,
                    "prevalence": 0.000006825565839408087,
                    "uniqueness": 1
                },
                "pn-zone-3420771": {
                    "ttl": 3888000,
                    "length": 13,
                    "prevalence": 0.000006825565839408087,
                    "uniqueness": 1
                },
                "pn-zone-3420741": {
                    "ttl": 3888006,
                    "length": 13,
                    "prevalence": 0.000006825565839408087,
                    "uniqueness": 1
                }
            },
            "firstPartyCookiesSent": {},
            "exampleSites": [
                "publicflashing.me",
                "indiansexfilms.com",
                "porntube18.cc",
                "pantiesless.com",
                "kiaporn.com",
                "hotwifecaps.com",
                "camchickscaps.com",
                "pornforwomentube.com",
                "vqporn.com",
                "videoxxx.cc",
                "javforme.ninja",
                "xxxhub.cc",
                "3gpking.pro",
                "xxxsex.rocks",
                "tubexo.tv",
                "britishporn.site",
                "kirtuclub.com",
                "hclips.me",
                "creampiepornvids.com",
                "pretty.porn"
            ]
        },
        {
            "rule": "wpnjs\\.com\\/worker\\.php",
            "cookies": 0,
            "fingerprinting": 0,
            "subdomains": [
                "js"
            ],
            "apis": {},
            "sites": 13,
            "prevalence": 0.0000887,
            "cnames": [],
            "responseHashes": [
                "d9fbc0dc00356f6c0e837c05d66838f37d421b7cbb53d3cc0b23befc6272b619"
            ],
            "type": "Other",
            "firstPartyCookies": {},
            "firstPartyCookiesSent": {},
            "exampleSites": [
                "bestjavs.com",
                "britishporn.site",
                "camchickscaps.com",
                "gotjav.com",
                "kiaporn.com",
                "mobileporn.cam",
                "porntube18.cc",
                "publicflashing.me",
                "videoxxx.cc",
                "vqporn.com",
                "watchporninpublic.com",
                "x24.video",
                "xxxhub.cc"
            ]
        }
    ],
    "categories": [],
    "performance": {},
    "cookies": 0.00028,
    "types": {
        "Script": 32,
        "Other": 13
    },
    "nameservers": [
        "sec1.rcode0.net",
        "dns2.cloudns.net",
        "dns1.cloudns.net",
        "sec2.rcode0.net"
    ]
}