{
    "domain": "wpnsrv.com",
    "owner": {},
    "source": [
        "DuckDuckGo-US"
    ],
    "prevalence": 0.000853,
    "sites": 126,
    "subdomains": [
        "js"
    ],
    "cnames": [],
    "fingerprinting": 1,
    "resources": [
        {
            "rule": "wpnsrv\\.com\\/pn\\.php",
            "cookies": 0.000345,
            "fingerprinting": 1,
            "subdomains": [
                "js"
            ],
            "apis": {
                "Document.cookie getter": 54,
                "Navigator.prototype.userAgent": 53,
                "Notification.permission": 51,
                "Document.cookie setter": 51
            },
            "sites": 68,
            "prevalence": 0.00046,
            "cnames": [],
            "responseHashes": [
                "b5c0a71e77e127da8090462b75b686d7911e43521efc6b1e1143b34b702ef2dd"
            ],
            "type": "Script",
            "firstPartyCookies": {
                "pn-zone-5005292": {
                    "ttl": 3888004,
                    "length": 13,
                    "prevalence": 0.000006770664066731665,
                    "uniqueness": 1
                },
                "pn-zone-4679368": {
                    "ttl": 3888005,
                    "length": 13,
                    "prevalence": 0.000006770664066731665,
                    "uniqueness": 1
                },
                "pn-zone-3389741": {
                    "ttl": 3888004,
                    "length": 13,
                    "prevalence": 0.000006770664066731665,
                    "uniqueness": 1
                },
                "pn-zone-4016278": {
                    "ttl": 3888003,
                    "length": 13,
                    "prevalence": 0.000006770664066731665,
                    "uniqueness": 1
                },
                "pn-zone-4275836": {
                    "ttl": 3888003,
                    "length": 13,
                    "prevalence": 0.000006770664066731665,
                    "uniqueness": 1
                },
                "pn-zone-4241450": {
                    "ttl": 3888003,
                    "length": 13,
                    "prevalence": 0.000006770664066731665,
                    "uniqueness": 1
                },
                "pn-zone-3199593": {
                    "ttl": 3888002,
                    "length": 13,
                    "prevalence": 0.000033853320333658324,
                    "uniqueness": 1
                },
                "pn-zone-4795272": {
                    "ttl": 3888003,
                    "length": 13,
                    "prevalence": 0.00001354132813346333,
                    "uniqueness": 1
                },
                "pn-zone-4809878": {
                    "ttl": 3888000,
                    "length": 13,
                    "prevalence": 0.000006770664066731665,
                    "uniqueness": 1
                },
                "pn-zone-4623392": {
                    "ttl": 3888002,
                    "length": 13,
                    "prevalence": 0.000006770664066731665,
                    "uniqueness": 1
                },
                "pn-zone-4022684": {
                    "ttl": 3888002,
                    "length": 13,
                    "prevalence": 0.000006770664066731665,
                    "uniqueness": 1
                },
                "pn-zone-3950664": {
                    "ttl": 3888003,
                    "length": 13,
                    "prevalence": 0.000006770664066731665,
                    "uniqueness": 1
                },
                "pn-zone-4539496": {
                    "ttl": 3888002,
                    "length": 13,
                    "prevalence": 0.000006770664066731665,
                    "uniqueness": 1
                },
                "pn-zone-4795320": {
                    "ttl": 3888002,
                    "length": 13,
                    "prevalence": 0.000006770664066731665,
                    "uniqueness": 1
                },
                "pn-zone-3169187": {
                    "ttl": 3888007,
                    "length": 13,
                    "prevalence": 0.00001354132813346333,
                    "uniqueness": 1
                },
                "pn-zone-3791967": {
                    "ttl": 3888001,
                    "length": 13,
                    "prevalence": 0.000006770664066731665,
                    "uniqueness": 1
                },
                "pn-zone-3765051": {
                    "ttl": 3888004,
                    "length": 13,
                    "prevalence": 0.000006770664066731665,
                    "uniqueness": 1
                },
                "pn-zone-3884584": {
                    "ttl": 3888002,
                    "length": 13,
                    "prevalence": 0.000006770664066731665,
                    "uniqueness": 1
                },
                "pn-zone-3898280": {
                    "ttl": 3888002,
                    "length": 13,
                    "prevalence": 0.000006770664066731665,
                    "uniqueness": 1
                },
                "pn-zone-4983200": {
                    "ttl": 3888001,
                    "length": 13,
                    "prevalence": 0.000006770664066731665,
                    "uniqueness": 1
                },
                "pn-zone-4795286": {
                    "ttl": 3888001,
                    "length": 13,
                    "prevalence": 0.000006770664066731665,
                    "uniqueness": 1
                },
                "pn-zone-4795570": {
                    "ttl": 3888001,
                    "length": 13,
                    "prevalence": 0.000006770664066731665,
                    "uniqueness": 1
                },
                "pn-zone-4795556": {
                    "ttl": 3888001,
                    "length": 13,
                    "prevalence": 0.000006770664066731665,
                    "uniqueness": 1
                },
                "pn-zone-4794988": {
                    "ttl": 3888003,
                    "length": 13,
                    "prevalence": 0.00002708265626692666,
                    "uniqueness": 1
                },
                "pn-zone-4167962": {
                    "ttl": 3888004,
                    "length": 13,
                    "prevalence": 0.000006770664066731665,
                    "uniqueness": 1
                },
                "pn-zone-3878176": {
                    "ttl": 3888005,
                    "length": 13,
                    "prevalence": 0.000006770664066731665,
                    "uniqueness": 1
                },
                "pn-zone-4989144": {
                    "ttl": 3888002,
                    "length": 13,
                    "prevalence": 0.000006770664066731665,
                    "uniqueness": 1
                },
                "pn-zone-3935380": {
                    "ttl": 3888004,
                    "length": 13,
                    "prevalence": 0.000006770664066731665,
                    "uniqueness": 1
                },
                "pn-zone-4873246": {
                    "ttl": 3888003,
                    "length": 13,
                    "prevalence": 0.000006770664066731665,
                    "uniqueness": 1
                },
                "pn-zone-4255510": {
                    "ttl": 3888002,
                    "length": 13,
                    "prevalence": 0.000006770664066731665,
                    "uniqueness": 1
                },
                "pn-zone-4598706": {
                    "ttl": 3888001,
                    "length": 13,
                    "prevalence": 0.000006770664066731665,
                    "uniqueness": 1
                },
                "pn-zone-3205919": {
                    "ttl": 3888010,
                    "length": 13,
                    "prevalence": 0.000006770664066731665,