{
    "domain": "wpnsrv.com",
    "owner": {},
    "source": [
        "DuckDuckGo-US"
    ],
    "prevalence": 0.000699,
    "sites": 104,
    "subdomains": [
        "js"
    ],
    "cnames": [],
    "fingerprinting": 1,
    "resources": [
        {
            "rule": "wpnsrv\\.com\\/pn\\.php",
            "cookies": 0.000369,
            "fingerprinting": 1,
            "subdomains": [
                "js"
            ],
            "apis": {
                "Document.cookie getter": 56,
                "Navigator.prototype.userAgent": 54,
                "Notification.permission": 53,
                "Document.cookie setter": 55
            },
            "sites": 68,
            "prevalence": 0.000457,
            "cnames": [],
            "responseHashes": [
                "b5c0a71e77e127da8090462b75b686d7911e43521efc6b1e1143b34b702ef2dd"
            ],
            "type": "Script",
            "firstPartyCookies": {
                "pn-zone-3389741": {
                    "ttl": 3888008,
                    "length": 13,
                    "prevalence": 0.000006716909147086876,
                    "uniqueness": 1
                },
                "pn-zone-3498171": {
                    "ttl": 3888001,
                    "length": 13,
                    "prevalence": 0.000013433818294173752,
                    "uniqueness": 1
                },
                "pn-zone-4016278": {
                    "ttl": 3888008,
                    "length": 13,
                    "prevalence": 0.000006716909147086876,
                    "uniqueness": 1
                },
                "pn-zone-4275836": {
                    "ttl": 3888001,
                    "length": 13,
                    "prevalence": 0.000006716909147086876,
                    "uniqueness": 1
                },
                "pn-zone-4241450": {
                    "ttl": 3888003,
                    "length": 13,
                    "prevalence": 0.000006716909147086876,
                    "uniqueness": 1
                },
                "pn-zone-3199593": {
                    "ttl": 3888000,
                    "length": 13,
                    "prevalence": 0.000026867636588347505,
                    "uniqueness": 1
                },
                "pn-zone-3510151": {
                    "ttl": 3888001,
                    "length": 13,
                    "prevalence": 0.000006716909147086876,
                    "uniqueness": 1
                },
                "pn-zone-3180126": {
                    "ttl": 3888000,
                    "length": 13,
                    "prevalence": 0.000006716909147086876,
                    "uniqueness": 1
                },
                "pn-zone-4795272": {
                    "ttl": 3888000,
                    "length": 13,
                    "prevalence": 0.000006716909147086876,
                    "uniqueness": 1
                },
                "pn-zone-4183016": {
                    "ttl": 3888000,
                    "length": 13,
                    "prevalence": 0.000006716909147086876,
                    "uniqueness": 1
                },
                "pn-zone-4623392": {
                    "ttl": 3888002,
                    "length": 13,
                    "prevalence": 0.000006716909147086876,
                    "uniqueness": 1
                },
                "pn-zone-4022684": {
                    "ttl": 3888001,
                    "length": 13,
                    "prevalence": 0.000006716909147086876,
                    "uniqueness": 1
                },
                "pn-zone-4772926": {
                    "ttl": 3888002,
                    "length": 13,
                    "prevalence": 0.000006716909147086876,
                    "uniqueness": 1
                },
                "pn-zone-4623404": {
                    "ttl": 3888006,
                    "length": 13,
                    "prevalence": 0.000006716909147086876,
                    "uniqueness": 1
                },
                "pn-zone-4539496": {
                    "ttl": 3888003,
                    "length": 13,
                    "prevalence": 0.000013433818294173752,
                    "uniqueness": 1
                },
                "pn-zone-3950664": {
                    "ttl": 3888000,
                    "length": 13,
                    "prevalence": 0.000006716909147086876,
                    "uniqueness": 1
                },
                "pn-zone-3169187": {
                    "ttl": 3888005,
                    "length": 13,
                    "prevalence": 0.000013433818294173752,
                    "uniqueness": 1
                },
                "pn-zone-3791967": {
                    "ttl": 3888001,
                    "length": 13,
                    "prevalence": 0.000006716909147086876,
                    "uniqueness": 1
                },
                "pn-zone-3765051": {
                    "ttl": 3888003,
                    "length": 13,
                    "prevalence": 0.000006716909147086876,
                    "uniqueness": 1
                },
                "pn-zone-3884584": {
                    "ttl": 3888002,
                    "length": 13,
                    "prevalence": 0.000006716909147086876,
                    "uniqueness": 1
                },
                "pn-zone-4983200": {
                    "ttl": 3888001,
                    "length": 13,
                    "prevalence": 0.000006716909147086876,
                    "uniqueness": 1
                },
                "pn-zone-4795286": {
                    "ttl": 3888001,
                    "length": 13,
                    "prevalence": 0.000013433818294173752,
                    "uniqueness": 1
                },
                "pn-zone-4795556": {
                    "ttl": 3888001,
                    "length": 13,
                    "prevalence": 0.000006716909147086876,
                    "uniqueness": 1
                },
                "pn-zone-3975710": {
                    "ttl": 3888001,
                    "length": 13,
                    "prevalence": 0.000006716909147086876,
                    "uniqueness": 1
                },
                "pn-zone-4794988": {
                    "ttl": 3888001,
                    "length": 13,
                    "prevalence": 0.00002015072744126063,
                    "uniqueness": 1
                },
                "pn-zone-4167962": {
                    "ttl": 3888003,
                    "length": 13,
                    "prevalence": 0.000006716909147086876,
                    "uniqueness": 1
                },
                "pn-zone-3878176": {
                    "ttl": 3888003,
                    "length": 13,
                    "prevalence": 0.000006716909147086876,
                    "uniqueness": 1
                },
                "pn-zone-3935380": {
                    "ttl": 3888005,
                    "length": 13,
                    "prevalence": 0.000006716909147086876,
                    "uniqueness": 1
                },
                "pn-zone-4873246": {
                    "ttl": 3888003,
                    "length": 13,
                    "prevalence": 0.000006716909147086876,
                    "uniqueness": 1
                },
                "pn-zone-3165197": {
                    "ttl": 3888000,
                    "length": 13,
                    "prevalence": 0.000006716909147086876,
                    "uniqueness": 1
                },
                "pn-zone-4598706": {
                    "ttl": 3888001,
                    "length": 13,
                    "prevalence": 0.000006716909147086876,
                    "uniqueness": 1
                },
                "pn-zone-3205919": {
                    "ttl": 3888001,
                    "length": 13,
                    "prevalence": 0.000006716909147086876,