{
    "domain": "wsknow.net",
    "owner": {},
    "source": [
        "DuckDuckGo-US"
    ],
    "prevalence": 0.000125,
    "sites": 18,
    "subdomains": [],
    "cnames": [],
    "fingerprinting": 0,
    "resources": [
        {
            "rule": "wsknow\\.net\\/jssdk\\/track\\/",
            "cookies": 0,
            "fingerprinting": 0,
            "subdomains": [],
            "apis": {},
            "sites": 11,
            "prevalence": 0.0000761,
            "cnames": [],
            "responseHashes": [
                "4099a6b7e32b87588475422a8e995cd1e2381f3e303d22c08aaa274d7da60762",
                "f402c984b4fc609a5502dddce93a4fd5eeaa7bbfbf5985601eb0cfb0b1218a43",
                "e486c928276e1fb4d7204c1914be6e346f0c7fe28b18d524f9abd30cd667f95c",
                "cf09ebe79795b8f524f4dd743c1f279ba63ce40c02db4d32361b7f439815de09",
                "b71eb5eb96b4862f0d4410204c6277098c46224abbdfc0e5d3c00fcc3c50ee33",
                "69973feea64c4ee5d1370ba5a8a615f187e9291747008dca4ff1e2f684dd2525",
                "ec8280fa487a550852d96906cb18c8d5d5362b6295b183e0f2061caaf23d2a9a",
                "548ca6b1e5a4b2e9a96c06234a3d80a450cc30762cecdc2a5b974e3bb964a9db",
                "5967abb72b050bae7a61b9b4a54f770255b3eb1dccacf223b4a6cc68061fd268",
                "32481a865e89430eebaa8476d03f8e751e54d66ad4de523463e0256217c2b4ae"
            ],
            "type": "XHR",
            "firstPartyCookies": {},
            "firstPartyCookiesSent": {},
            "exampleSites": [
                "vpnmentor.com",
                "de.vpnmentor.com",
                "de.wizcase.com",
                "es.wizcase.com",
                "fr.vpnmentor.com",
                "fr.wizcase.com",
                "it.vpnmentor.com",
                "www.safetydetectives.com",
                "www.vpnmentor.com",
                "www.websiteplanet.com",
                "www.wizcase.com"
            ]
        }
    ],
    "categories": [],
    "performance": {},
    "cookies": 0,
    "types": {
        "XHR": 11
    },
    "nameservers": [
        "ns37.domaincontrol.com",
        "ns38.domaincontrol.com"
    ]
}