{
    "domain": "xtremepush.com",
    "owner": {},
    "source": [
        "DuckDuckGo-US"
    ],
    "prevalence": 0.000142,
    "sites": 21,
    "subdomains": [
        "api",
        "sdk.us",
        "sdk.livescore",
        "s3"
    ],
    "cnames": [],
    "fingerprinting": 0,
    "resources": [
        {
            "rule": "xtremepush\\.com\\/push\\/api\\/deviceCreate",
            "cookies": 0.0000745,
            "fingerprinting": 0,
            "subdomains": [
                "api",
                "sdk.us",
                "sdk.livescore"
            ],
            "apis": {},
            "sites": 11,
            "prevalence": 0.0000745,
            "cnames": [],
            "responseHashes": [
                "06a3857a126b33f4c591c39fdab149c55253962e26bd1a0fc4150a5eaa28bb16",
                "e8b2c0246e2b046376b9da9950d38a2a654f2e7f45cd7d9c2274535ec965758a",
                "4882c330bcc7fb2fedd13a1a3dbf3401ce5c5c268b27f92a6d164e71e2e861ea",
                "4c64532b1989bf9c4bb8e6b7fda1814ccef006fa3f7eed82ef4e6349aa84ab11",
                "d5f47f80cdc1eeb7c138ef5341b2b115dd0cde62533de96333620fbe3e65ea45",
                "1a287818b56b68bc42933494824f869326e655623da51798bb101d18dc066440",
                "652fbe43085bec6a509bbbac74edf802b5484c16052e1d5b377be3b3364e1e72",
                "cfeb30435477eb2ecedee1c579eba46450d4de2b8996343bda2e261e41d64d4d",
                "56e5838f0fd3d41b059815c6a191c393dba62cd81d7bf0f8d94d5a0906be058b",
                "2f71e066f5c1f9184e2ee7952e9fb278f57af2e3f749e75a97229a0500ce3bb1"
            ],
            "type": "XHR",
            "firstPartyCookies": {},
            "firstPartyCookiesSent": {},
            "exampleSites": [
                "entertainment.ie",
                "www.betonline.ag",
                "www.bigbustours.com",
                "www.casino.org",
                "www.dhgate.com",
                "www.gametwist.com",
                "www.garageclothing.com",
                "www.irishtimes.com",
                "www.livescore.com",
                "www.sportpesa.com",
                "www.wowcher.co.uk"
            ]
        },
        {
            "rule": "xtremepush\\.com\\/push\\/api\\/tagsHit",
            "cookies": 0,
            "fingerprinting": 0,
            "subdomains": [
                "api",
                "sdk.us"
            ],
            "apis": {},
            "sites": 4,
            "prevalence": 0.0000271,
            "cnames": [],
            "responseHashes": [
                "33cf9635b62dfc0a9f749b5e6a97c281d10b4791460559460658dc3220e9311f"
            ],
            "type": "XHR",
            "firstPartyCookies": {},
            "firstPartyCookiesSent": {},
            "exampleSites": [
                "entertainment.ie",
                "www.bigbustours.com",
                "www.garageclothing.com",
                "www.wowcher.co.uk"
            ]
        },
        {
            "rule": "xtremepush\\.com\\/push\\/api\\/eventHit",
            "cookies": 0.0000135,
            "fingerprinting": 0,
            "subdomains": [
                "api",
                "sdk.us"
            ],
            "apis": {},
            "sites": 2,
            "prevalence": 0.0000135,
            "cnames": [],
            "responseHashes": [
                "ed91436df65a32d3279eeef148d78d04bbb1126339fb56b572113478860c0642"
            ],
            "type": "XHR",
            "firstPartyCookies": {},
            "firstPartyCookiesSent": {},
            "exampleSites": [
                "entertainment.ie",
                "www.garageclothing.com"
            ]
        },
        {
            "rule": "xtremepush\\.com\\/push\\/api\\/deviceUpdate",
            "cookies": 0,
            "fingerprinting": 0,
            "subdomains": [
                "api",
                "sdk.us",
                "sdk.livescore"
            ],
            "apis": {},
            "sites": 11,
            "prevalence": 0.0000745,
            "cnames": [],
            "responseHashes": [
                "33cf9635b62dfc0a9f749b5e6a97c281d10b4791460559460658dc3220e9311f"
            ],
            "type": "XHR",
            "firstPartyCookies": {},
            "firstPartyCookiesSent": {},
            "exampleSites": [
                "entertainment.ie",
                "www.betonline.ag",
                "www.bigbustours.com",
                "www.casino.org",
                "www.dhgate.com",
                "www.gametwist.com",
                "www.garageclothing.com",
                "www.irishtimes.com",
                "www.livescore.com",
                "www.sportpesa.com",
                "www.wowcher.co.uk"
            ]
        },
        {
            "rule": "xtremepush\\.com\\/push\\/api\\/swActivate",
            "cookies": 0.0000406,
            "fingerprinting": 0,
            "subdomains": [
                "api"
            ],
            "apis": {},
            "sites": 6,
            "prevalence": 0.0000406,
            "cnames": [],
            "responseHashes": [
                "7bbde71e5f3d9e7fbcaccebabcd5064f0de17fd4cb5a3a79dee5db1278d6ac91"
            ],
            "type": "Fetch",
            "firstPartyCookies": {},
            "firstPartyCookiesSent": {},
            "exampleSites": [
                "entertainment.ie",
                "www.casino.org",
                "www.gametwist.com",
                "www.irishtimes.com",
                "www.sportpesa.com",
                "www.wowcher.co.uk"
            ]
        },
        {
            "rule": "xtremepush\\.com\\/push\\/api\\/swActivate",
            "cookies": 0,
            "fingerprinting": 0,
            "subdomains": [
                "api"
            ],
            "apis": {},
            "sites": 6,
            "prevalence": 0.0000406,
            "cnames": [],
            "responseHashes": [],
            "type": "Preflight",
            "firstPartyCookies": {},
            "firstPartyCookiesSent": {},
            "exampleSites": [
                "entertainment.ie",
                "www.casino.org",
                "www.gametwist.com",
                "www.irishtimes.com",
                "www.sportpesa.com",
                "www.wowcher.co.uk"
            ]
        },
        {
            "rule": "xtremepush\\.com\\/application\\/web_icon_large_5969_6023f373525da\\.png",
            "cookies": 0,
            "fingerprinting": 0,
            "subdomains": [
                "s3"
            ],
            "apis": {},
            "sites": 2,
            "prevalence": 0.0000135,
            "cnames": [],
            "responseHashes": [
                "396d3f5c255ba486dd45dd29f1372ae21f03637f8e452eb67510be6d657171af"
            ],
            "type": "Image",
            "firstPartyCookies": {},
            "firstPartyCookiesSent": {},
            "exampleSites": [
                "irishtimes.com",
                "www.irishtimes.com"
            ]
        },
        {
            "rule": "xtremepush\\.com\\/push\\/api\\/impressionsHit",
            "cookies": 0,
            "fingerprinting": 0,
            "subdomains": [
                "api"
            ],
            "apis": {},
            "sites": 2,
            "prevalence": 0.0000135,
            "cnames": [],
            "responseHashes": [
                "33cf9635b62dfc0a9f749b5e6a97c281d10b4791460559460658dc3220e9311f"
            ],
            "type": "XHR",
            "firstPartyCookies": {},
            "firstPartyCookiesSent": {},
            "exampleSites": [
                "wowcher.co.uk",
                "www.wowcher.co.uk"
            ]
        }
    ],
    "categories": [],
    "performance": {},
    "cookies": 0.000142,
    "topInitiators": [
        {
            "domain": "webpu.sh",
            "prevalence": 0.8736842105263158
        },
        {
            "domain": "first party",
            "prevalence": 0.07368421052631578
        },
        {
            "domain": "dhresource.com",