{
    "domain": "xvideoscom.me",
    "owner": {},
    "source": [
        "DuckDuckGo-US"
    ],
    "prevalence": 0.000272,
    "sites": 40,
    "subdomains": [],
    "cnames": [],
    "fingerprinting": 0,
    "resources": [
        {
            "rule": "xvideoscom\\.me\\/linkz\\.php",
            "cookies": 0,
            "fingerprinting": 0,
            "subdomains": [],
            "apis": {},
            "sites": 22,
            "prevalence": 0.00015,
            "cnames": [],
            "responseHashes": [
                "6b5389b6c2eabaeb584dd7ba95f98481763828dacff723bfdc0062804eb983f9",
                "765bd97f44a9685bce89a9aee068fa3cd029f80b20f8b1d9ad810bf00a2ef0de",
                "69f99a47d00d6de00a0934443e4177638686648121893b06447e0c4adaf28160",
                "499e22f1aeffa298d13e78d2774b97a625a12e006d0d8b5332f33e65a4d5711b",
                "0736ea7152d8416ad05fdc6a13c146ae6d22ff6279d682610b403ff425c32de2",
                "bd9fd8509cfe54c227db7382df80adebb0cd131022de50c69a5126dcdd7ce8c8",
                "81fb283710ad986569a7078f08f2cbefe66163882987eb3814095734b58d8224",
                "6121110fa32457106a988146df4d64e9feffbd071eed9ac75edd5a29cbbed736",
                "d056975b8c8f031f6514c8864dff3db13916b09bca314eec98517966e7f331b4",
                "5d9aec1fe72e6aed5775a85733f8a76a0f3d8cd2ba875bf5c4d542bc4dbbb0d9",
                "527f0b6aed215259b3a5212a0b425a9a198790840cfbd0e345bd6131872dc752",
                "d83f3bd850e5fdb505aa3582e884fd5219e600cfdb95deb769ae980200007d22",
                "a4a14dea105e7b88989ace3ed8dee678538fb03c5461990fb801f0898f0da830",
                "7ff45979c7ca96171e09439dd54d4a32fd16ae1ae56fad89baf08749b78512ef",
                "efb34e69d9b2e7d32e43f24440bf2da0eabb4df41031d34c4bb794836d9ced7b",
                "0ee59c1682b4c4cbd8c29524387b2ee40e1b6e34c7269d8c597f84419ef9a1af",
                "5b2836b4dc95b4fbcdc431945664b6efc460edfcc8546e231ee740b6a776551a",
                "70b9d74e7a8bc9383fb012da16d090b3be4840a111c7aa9e2925eaaa63577a48",
                "fa687dfa82d688c4774ff92699ae6667336da64e6eefd67cbe9928cc514c712d",
                "6e535d2ad3c5d7031ebeebfe46bbb0fb8e517fe8c912f7a1907372f01e730882",
                "06a7e3b9e24172a0d337bc3388eee7af1056fc7d217640e713cec675462c4c05"
            ],
            "type": "Script",
            "firstPartyCookies": {},
            "firstPartyCookiesSent": {},
            "exampleSites": [
                "xxxcom.club",
                "sexcliphub.com",
                "adultvideotop.com",
                "xnxxcomvideos.com",
                "fapporn.me",
                "xlxx.space",
                "xmxx.click",
                "xxxsexyvideo.top",
                "xxxbf.top",
                "xnxxsexclips.com",
                "sexfilmstube.com",
                "eporner.stream",
                "xxxn.rocks",
                "beeg.party",
                "bfvideo.top",
                "txxx.top",
                "pornvideotop.com",
                "allsexhub.com",
                "xxnx.top",
                "rajwap.top"
            ]
        }
    ],
    "categories": [],
    "performance": {},
    "cookies": 0,
    "types": {
        "Script": 22
    },
    "nameservers": [
        "clyde.ns.cloudflare.com",
        "ines.ns.cloudflare.com"
    ]
}