{
    "domain": "xvideos.best",
    "owner": {},
    "source": [
        "DuckDuckGo-US"
    ],
    "prevalence": 0.00023,
    "sites": 35,
    "subdomains": [
        "api-search",
        "api",
        "e"
    ],
    "cnames": [],
    "fingerprinting": 1,
    "resources": [
        {
            "rule": "xvideos\\.best\\/search\\/",
            "cookies": 0,
            "fingerprinting": 0,
            "subdomains": [
                "api-search",
                "api"
            ],
            "apis": {},
            "sites": 19,
            "prevalence": 0.000125,
            "cnames": [],
            "responseHashes": [
                "a5cddb5cbc37f9607eba63dd4acbe930ef12d2169e10a296847c23349cfadaaf",
                "31b8a1158a44f12cfa7830f564f4a4583390eb71bda939541d84be4dd4a2f999",
                "f90caa61dd9cad98c6e6e77773a76b7d9722aa4e85b65e6ee2c150e98715014c",
                "0aff2cfa08e4833878e1c3bbad7e541b5810e0359649b95ef80c97a058373ee3",
                "ef9f218d742cd567595993400b5c2286be0170e945918f13ac36e5d79095243e",
                "526fc24dfa1c913dd383b809c68897d5926503c2ce536289bbf75473310f3341",
                "6ecdc998f59e2e8c62082636c023bff3801217a3dc71dc07a5957a7246e421b9",
                "f219c5f9ed4aea55d0b4419fab46d697f3ac038d0a50a97ef9151f04cd73ce66",
                "ee8e7558bb1712eb39963891502b8eab3c033a25601bee2ef6b6c79ebfa3e6e2",
                "06df2d3660ff54905afb281a1b18f96c7a0bc8ff6c23236acb6a718f662ab0bd",
                "4852fdbbaea56c442258ef3c193675c45ddbf7cce15c4bce6cef8508d4632d48",
                "aad956aedfe50ff5582e265b78060531c4b770fa7b4079ffee855c8d196a0957",
                "9d5ebf6bbf5a777c351a2e122a98777849d34e12c889ce952ee7218a6e7f8d1d",
                "5e704863471acebd842dc80178f8b0e278c149b752e5bb2b24b1b87fa1afb6f8",
                "6e1fd1f830e32110d52689edf9f40b77bec66970157a7b9412136b005d77144b",
                "f101df48111c9046126b1737b4b60e22791318b66cbb6ed990f952d03f232b81",
                "5436eda1c632ad7aec6a8b0961c4a77512ec1774e4022e8b0befdfd0b16dd2fa",
                "05b8b73372ec006dfb9f0560af4c2d4c0b2ca22956dc67f5a2262eabe2d8c57e"
            ],
            "type": "XHR",
            "firstPartyCookies": {},
            "firstPartyCookiesSent": {},
            "exampleSites": [
                "24porn.pro",
                "24porn.tv",
                "4ksex.me",
                "anyxxx.me",
                "beeg.club",
                "beegsex.tv",
                "bestpornstars.tv",
                "fap18.net",
                "fapvid.net",
                "gofucker.net",
                "hdpornmax.net",
                "hdsextube.tv",
                "mofosex.net",
                "niceporn.tv",
                "porzo.tv",
                "redporn.tv",
                "redwap.tv",
                "tubegalore.tv",
                "tubepornstars.tv"
            ]
        },
        {
            "rule": "xvideos\\.best\\/get\\/trend\\/us",
            "cookies": 0,
            "fingerprinting": 0,
            "subdomains": [
                "api"
            ],
            "apis": {},
            "sites": 5,
            "prevalence": 0.0000328,
            "cnames": [],
            "responseHashes": [
                "6d19d0832b99287a6e60e6f9f2cd3aeab7b87509e95acdc91edefc437ed30fa3"
            ],
            "type": "XHR",
            "firstPartyCookies": {},
            "firstPartyCookiesSent": {},
            "exampleSites": [
                "beeg.porn",
                "mofosex.net",
                "niceporn.tv",
                "perfectgirls24.com",
                "redporn.tv"
            ]
        },
        {
            "rule": "xvideos\\.best\\/",
            "cookies": 0,
            "fingerprinting": 1,
            "subdomains": [
                "e"
            ],
            "apis": {
                "Element.prototype.getClientRects": 3,
                "Navigator.prototype.userAgent": 5
            },
            "sites": 5,
            "prevalence": 0.0000328,
            "cnames": [],
            "responseHashes": [
                "b69e91fe93c04fe975c35bed0e8de29cacf5fb17f1da5080a04db1d9a5829b10"
            ],
            "type": "Document",
            "firstPartyCookies": {},
            "firstPartyCookiesSent": {},
            "exampleSites": [
                "koreaporn.net",
                "mydesi.xyz",
                "perfectgirls24.com",
                "sex1s.cc",
                "vporn.me"
            ]
        }
    ],
    "categories": [],
    "performance": {},
    "cookies": 0,
    "topInitiators": [
        {
            "domain": "first party",
            "prevalence": 0.9682539682539683
        },
        {
            "domain": "tube.bz",
            "prevalence": 0.031746031746031744
        }
    ],
    "types": {
        "XHR": 24,
        "Document": 5
    },
    "nameservers": [
        "jakub.ns.cloudflare.com",
        "mimi.ns.cloudflare.com"
    ]
}