{
    "domain": "youradexchange.com",
    "owner": {},
    "source": [
        "DuckDuckGo-US"
    ],
    "prevalence": 0.000446,
    "sites": 68,
    "subdomains": [],
    "cnames": [],
    "fingerprinting": 0,
    "resources": [
        {
            "rule": "youradexchange\\.com\\/script\\/suurl4\\.php",
            "cookies": 0,
            "fingerprinting": 0,
            "subdomains": [],
            "apis": {},
            "sites": 36,
            "prevalence": 0.000236,
            "cnames": [],
            "responseHashes": [
                "76626921d64a9b21806a49655431ee22464233ef5c431b33e3d6a452da8dd5a4",
                "32d36cf7ffc128653bb29b1ed8772c17f57a977b252c3f03e6a60f3ba424d1c9",
                "11e8606937b5674ac85d4afe25e52bc1e289c21bf0e3ab521dd7aad6602dfccd",
                "371cc8d30b7a2cc6617cdeebfc34d7938b45d4d9251cc6ba6889cf21dfae808a",
                "e9469355279a595593db5d17068da93676344f4bc4232d44c6d5ec964a14f0d7",
                "78ce616fa8e89663c077c44d5dcff3b7459381212449b0e1bd3dd53b2633c846",
                "9cbe045c6da474c06bda4000e3a2d422c7e393e89592f7855988e32cffbb5b13",
                "4e2e020d85b8279552a2023ed2ccaa55cba72cdfe030418016b6623f5e31af8e",
                "8fb57184647d5a2119a814c5321b5ca541060eec1307d90a04094f2424931a19",
                "dae2e8585a014cd06c707581384bcb235fe852b31c410e15a30ed3e37d3d303d",
                "8b73c94371bf867de3b8e0c077f4911ee7e53dbf2cd6119b8115782f99e23dc2",
                "9d64499edaa4e299e83defa1c05e567978877be85add2839e219c7224608a255",
                "41791a544cf4a5075936da016930543b483fd82e1f73c0bef15c94b50898326b",
                "7e0da972b1661e147aeb94f98f3e480b70ade1a45d50b643e3d457ad2727547c",
                "3fe5061590d192d9c1de17b766e2b9c133ecb0f6f85d1823feade7d18a0af513",
                "d502857d9d76df4e2321cd3a6b6eaf4fcf2ab67326e99ca98ea6b25ed7f2d388",
                "477bb9d01b98c34229189232f278b64f0fe32438dbacf1ad7114955d3bbbb60a",
                "1b3fd5790b0643806f28e9a3d36df0723189deba92d27dd3e950b6f500b5e0f4",
                "034a9ae109de240748289ee5f276d1ae7923334ea2331803e3c5a822badc1c5b",
                "5e47816b0ebe20447a67efeb1a90f9b625ec9bcc68f6e9619dcfed208f041314",
                "b62d913485e45fc104957f1e5fb5b386467bf27ef665bc6ce46e43cb9bd1d783",
                "406b1640afd326fa75e3c59de049d90f1d961f57249c5b037eb50f90bded6fb2",
                "d221ece0a58133590a5db2b3539f0c885564f10fb29c3d65c8cf7f29b7efc94b",
                "6ac225fa8742168aa72ddffae721ec33356e2c870678ba6e5b32b27af449407f",
                "78338d026a87c5b4a7d24234d1e847d617b9aca840d1f6a5b83e32f988079eb0",
                "805c61ce83c77c140ffe98969d34a863e9b1441e0264235ae25ab63ba6b9c639",
                "f1294429c5efcfeb9961f5a9754f7d819233f0c513e495a889ebe060d2bfb402",
                "0d7510f3e1c05032756a12df9b4985230e70c724a49771b113ed4f41d7662f32",
                "c0a4f5c60f3619502050d8e7039725c562c6b2af9bdc135d37984a395f496dbd",
                "49dfa0f89b5faddfc349adb168579053963fb571e769b03821cc6033038d6c4c",
                "4688003c6b707ba5db15a269b1fc91db6aa059855ac49d8b834bc388594bff39",
                "1c2009cd1b12abd7f5cb57267aa5bca30f25f1ca74bf0c7440ac7ecf4af7d024"
            ],
            "type": "Fetch",
            "firstPartyCookies": {},
            "firstPartyCookiesSent": {
                "__PPU___PPU_SESSION_URL": 0.000013122240228851869,
                "lotame_domain_check": 0.000013122240228851869,
                "c_ref_4340070": 0.000006561120114425934
            },
            "exampleSites": [
                "www.pirlo.tv",
                "librefutbol.com",
                "www.ennovelas.com",
                "daftsex-hd.com",
                "bajeczki.org",
                "www.doodla.cam",
                "fitgirlrepacks.org",
                "thothub.online",
                "erofound.com",
                "xpremium.org",
                "fotnet24.com",
                "webcamz.us",
                "hornysimp.com",
                "thesexlist.com",
                "findsource.co",
                "crackstreams.biz",
                "eztv.re",
                "watch.cricstream.me",
                "www.hentaiworld.me",
                "www.fourtoutici.pro"
            ]
        },
        {
            "rule": "youradexchange\\.com\\/ad\\/czcf\\.php",
            "cookies": 0,
            "fingerprinting": 0,
            "subdomains": [],
            "apis": {},
            "sites": 16,
            "prevalence": 0.000105,
            "cnames": [],
            "responseHashes": [
                "bee88af45da0db29639343822690aa51e3dc97a5b510f56e89b803f233c1b463",
                "a67f35603ff2097ce1de914264abe608c802ee94b147d9d9cc2fb6874a362581",
                "38900ca862cc137f37734bfebde9ebc26b69581ceb824406e3758951d953ec54",
                "01a941c54dc0a38bb17fb6ef5d0f947a90b6d00605a35f9b54d1ec1e3a732cf0",
                "f6b0e3349e332619c2b1184e4297ac10eef3517ef1d47640412d7f2fc5e2a7ca",
                "d149b2858598aec8a9d7d9bba3b8566089f9513902e268d9f7afdbdc082f435b",
                "c4ecc74ebf6f951aa2f6134c7119f10ed4710140e83b849bc5c4525338f8c92c",
                "db58367cfb504785a19c3446b6bc2beb253e0fa25172480d12fea6c1f7e8e10a",
                "f106ff30a3632b205e845542f15610a6ba81b562021e4aa20c1511b0e520ef4c",
                "8bdd16552521279683cedd291a395570f42a5725baf6c9588f7c01b4caf1d01d",
                "0e01105520f3289362c9647b48bf6dab9044fa064a1426c8baf728524e63cf62",
                "b4ec542218713896b098afce7624debb20a3c8be47851653a1a324ff97ca2d22"
            ],
            "type": "Fetch",
            "firstPartyCookies": {},
            "firstPartyCookiesSent": {},
            "exampleSites": [
                "bajeczki.org",
                "bitchesgirls-leaks.com",
                "daftsex-hd.com",
                "erofound.com",
                "erothots.co",
                "findsource.co",
                "fitgirlrepacks.org",
                "hornysimp.com",
                "siewpuiyi.com",
                "thesexlist.com",
                "thothub.online",
                "webcamz.us",
                "www.antarvasnastory.co.in",
                "www.ennovelas.com",
                "www.fourtoutici.pro",
                "www.zonavideosx.com"
            ]
        },
        {
            "rule": "youradexchange\\.com\\/n\\/display\\.php",
            "cookies": 0,
            "fingerprinting": 0,
            "subdomains": [],
            "apis": {},
            "sites": 8,
            "prevalence": 0.0000525,
            "cnames": [],
            "responseHashes": [
                "e3b0c44298fc1c149afbf4c8996fb92427ae41e4649b934ca495991b7852b855"
            ],
            "type": "Script",
            "firstPartyCookies": {},
            "firstPartyCookiesSent": {},
            "exampleSites": [
                "bajeczki.org",
                "erothots.co",
                "fitgirlrepacks.org",
                "hornysimp.com",
                "thesexlist.com",
                "thothub.online",
                "www.ennovelas.com",
                "www.fourtoutici.pro"
            ]
        },
        {
            "rule": "youradexchange\\.com\\/script\\/push\\.php",
            "cookies": 0,
            "fingerprinting": 0,
            "subdomains": [],
            "apis": {},
            "sites": 12,
            "prevalence": 0.0000787,
            "cnames": [],
            "responseHashes": [],
            "type": "Fetch",
            "firstPartyCookies": {},
            "firstPartyCookiesSent": {
                "__PPU___PPU_SESSION_URL": 0.000013122240228851869
            },