{
    "domain": "ziyu.net",
    "owner": {},
    "source": [
        "DuckDuckGo-US"
    ],
    "prevalence": 0.00021,
    "sites": 31,
    "subdomains": [
        "rranking13",
        "rranking",
        "rranking9",
        "rranking7",
        "rranking5",
        "rranking14",
        "rranking8",
        "rranking3",
        "file",
        "pranking9",
        "pranking5",
        "pranking",
        "pranking10"
    ],
    "cnames": [],
    "fingerprinting": 0,
    "resources": [
        {
            "rule": "ziyu\\.net\\/rank\\.php",
            "cookies": 0,
            "fingerprinting": 0,
            "subdomains": [
                "rranking13",
                "rranking",
                "rranking9",
                "rranking7",
                "rranking5",
                "rranking14",
                "rranking8",
                "rranking3"
            ],
            "apis": {},
            "sites": 15,
            "prevalence": 0.000102,
            "cnames": [],
            "responseHashes": [
                "42a4553c782b59f276ab221af79d4da3e809367e62e00346e854243b53c6c013",
                "8dc149cc20557be6a7061e3eb63965cde947bfd7e66686e5c7a24f937aaf40b3",
                "44861b4da6c2399d4d4de72b2682d74dcec47b0cff02f14b68b186eb0815a6ef",
                "541cced17f6a099d147bd5f8284e98bc0c7d19e42f4b668ed1df60200faab6d4",
                "c5a27c11a6c3784dcc54631b4b9f5bf96d35a23a1c417dbdbe3b204375befa25",
                "6bd75d1eae4a2b8266a014bb3955f4c7d938bf2b17903256e857e64eddef3780",
                "af24efbeada6d45aa4fcef99d2b7b0bc4f32ec931502e486e7f55a5d42548103",
                "1003826da3e3b9629cb1c173560269ffcee05a1ee7a87492f3cd18ae8ed85447",
                "b6d61f6779f1e96c5bdb82ef5263dc9198173d1b55b2154513696a79a10c98c7",
                "dd49a86c4ee71f1b9b16d68817d42d3165629f781025f930e5bb6b9e65bf53da",
                "0123c4b10050d3790c3108a619b8bbc8e047b96e7b701dffd1fc7dd206848eb4",
                "89e3e11ad9fec7b70bb2b2482ad8a50a5a85d3ecded80b8c132c994c258475b3",
                "3dcfb6bfa041c6d72823d3b074b050509033cad7665450a42346c391e6869252"
            ],
            "type": "Script",
            "firstPartyCookies": {},
            "firstPartyCookiesSent": {},
            "exampleSites": [
                "ldblog.jp",
                "anicobin.ldblog.jp",
                "daretoku-eromanga.info",
                "doujin-dolci.com",
                "doujin-night.com",
                "eromanga-ace.com",
                "erogazoumura.com",
                "eromanga-cafe.com",
                "erologz.com",
                "eromanga-search.com",
                "eromanga-mainichi.com",
                "hosyusokuhou.jp",
                "loveh.org",
                "news.tokimeki-s.com",
                "www.anige-sokuhouvip.com"
            ]
        },
        {
            "rule": "ziyu\\.net\\/rranking\\.gif",
            "cookies": 0,
            "fingerprinting": 0,
            "subdomains": [
                "rranking13",
                "rranking",
                "rranking9",
                "rranking7",
                "rranking5",
                "file",
                "rranking8",
                "rranking3"
            ],
            "apis": {},
            "sites": 16,
            "prevalence": 0.000109,
            "cnames": [],
            "responseHashes": [
                "336e57172db9a5bacb088db9a09adc96f449214ddf322ac5b07bcfa349e81820"
            ],
            "type": "Image",
            "firstPartyCookies": {},
            "firstPartyCookiesSent": {},
            "exampleSites": [
                "ldblog.jp",
                "anicobin.ldblog.jp",
                "daretoku-eromanga.info",
                "doujin-dolci.com",
                "doujin-night.com",
                "eromanga-ace.com",
                "erogazoumura.com",
                "eromanga-cafe.com",
                "erologz.com",
                "eromanga-search.com",
                "eromanga-mainichi.com",
                "himasoku.com",
                "hnalady.com",
                "loveh.org",
                "news.tokimeki-s.com",
                "www.anige-sokuhouvip.com"
            ]
        },
        {
            "rule": "ziyu\\.net\\/img\\.php",
            "cookies": 0,
            "fingerprinting": 0,
            "subdomains": [
                "pranking9",
                "pranking5",
                "pranking",
                "pranking10"
            ],
            "apis": {},
            "sites": 5,
            "prevalence": 0.0000339,
            "cnames": [],
            "responseHashes": [],
            "type": "Image",
            "firstPartyCookies": {},
            "firstPartyCookiesSent": {},
            "exampleSites": [
                "erogazoumura.com",
                "eromanga-cafe.com",
                "himasoku.com",
                "hnalady.com",
                "www.anige-sokuhouvip.com"
            ]
        },
        {
            "rule": "ziyu\\.net\\/js\\/dokidokistar\\.js",
            "cookies": 0,
            "fingerprinting": 0,
            "subdomains": [
                "rranking3"
            ],
            "apis": {},
            "sites": 2,
            "prevalence": 0.0000136,
            "cnames": [],
            "responseHashes": [
                "a7eff6c28a586a551a2387b932d6ed001a65a9b4db64bbbc1ee5ca35054bd84c"
            ],
            "type": "Script",
            "firstPartyCookies": {},
            "firstPartyCookiesSent": {},
            "exampleSites": [
                "tokimeki-s.com",
                "news.tokimeki-s.com"
            ]
        }
    ],
    "categories": [],
    "performance": {},
    "cookies": 0,
    "types": {
        "Script": 17,
        "Image": 21
    },
    "nameservers": [
        "ns1.dns.ne.jp",
        "ns2.dns.ne.jp"
    ]
}