{
    "domain": "zoomanalytics.co",
    "owner": {},
    "source": [
        "DuckDuckGo-US"
    ],
    "prevalence": 0.0000614,
    "sites": 9,
    "subdomains": [
        "ssl"
    ],
    "cnames": [],
    "fingerprinting": 0,
    "resources": [
        {
            "rule": "zoomanalytics\\.co\\/php\\/InitSessionApi\\.php",
            "cookies": 0.0000409,
            "fingerprinting": 0,
            "subdomains": [
                "ssl"
            ],
            "apis": {},
            "sites": 6,
            "prevalence": 0.0000409,
            "cnames": [],
            "responseHashes": [
                "573abca3658ce5c50e268550dbcae6349a96e0e4d2fff01ff7b0ef0500378e62",
                "6736711533b03fc156021b482d8cf8b0efde20f8bfd771e64d5f6d96933fac16",
                "6ba183585ee6edbef6e236df02a9c3736ac916e3419a743deb9110e3909f582b",
                "ad555012cdb9d2590c0fe2fbc8a0d2542f46106204cccbbe42f48543c553bb90",
                "c228e4e21d3b6b4a7c7057386c7d3ad05c0b9af660ba9c5b6219505342ed3f13"
            ],
            "type": "Script",
            "firstPartyCookies": {},
            "firstPartyCookiesSent": {},
            "exampleSites": [
                "infomed.co.il",
                "www.infomed.co.il",
                "www.kolzchut.org.il",
                "www.maccabi4u.co.il",
                "www.widewalls.ch",
                "www.yadvashem.org"
            ]
        },
        {
            "rule": "zoomanalytics\\.co\\/php\\/AddActionApi\\.php",
            "cookies": 0,
            "fingerprinting": 0,
            "subdomains": [
                "ssl"
            ],
            "apis": {},
            "sites": 5,
            "prevalence": 0.0000341,
            "cnames": [],
            "responseHashes": [
                "441efaaf65273e514bc88ea1de88625cf82ce4389a5deb7fd928716e43100a2c",
                "a2c897fd850db4f10d31a6ea558cf77a14a3c53e1214a58d1885b260a632ca83",
                "c7cd9b73492e5cbc5c9281dfa234ac442f4cf9531fb68dcc6872acc0f6d43c98",
                "52ab56251c211da655d81b43e14a140016d4b9d9ee3b3516429c8ca883c18a45"
            ],
            "type": "Script",
            "firstPartyCookies": {},
            "firstPartyCookiesSent": {},
            "exampleSites": [
                "infomed.co.il",
                "www.infomed.co.il",
                "www.maccabi4u.co.il",
                "www.widewalls.ch",
                "www.yadvashem.org"
            ]
        }
    ],
    "categories": [],
    "performance": {},
    "cookies": 0.0000614,
    "types": {
        "Script": 11
    },
    "nameservers": [
        "ns-524.awsdns-01.net",
        "ns-1525.awsdns-62.org",
        "ns-1780.awsdns-30.co.uk",
        "ns-354.awsdns-44.com"
    ]
}