{
    "domain": "zoomanalytics.co",
    "owner": {},
    "source": [
        "DuckDuckGo-US"
    ],
    "prevalence": 0.000143,
    "sites": 21,
    "subdomains": [
        "ssl"
    ],
    "cnames": [],
    "fingerprinting": 0,
    "resources": [
        {
            "rule": "zoomanalytics\\.co\\/php\\/InitSessionApi\\.php",
            "cookies": 0.0000814,
            "fingerprinting": 0,
            "subdomains": [
                "ssl"
            ],
            "apis": {},
            "sites": 12,
            "prevalence": 0.0000814,
            "cnames": [],
            "responseHashes": [
                "8ebe283be7f896a143fbc62822d66a66e9b5c41a6dd95f32981f6e2654bbb760",
                "d10172772c8c9a546abe9186bf58bf1d037e8d7f8e48d3984e38084309ee1f45",
                "0c617b689450a125baf97a50bdec63140b86f8afb66a1b6e48153418e83798a3",
                "45bf9578f5e862637282bc25864ae10280508a2d6e494a280fa0408d022bdc75",
                "957b1922c65c0a0ae132f41dae70653d58596f252e56a67470f22d3affc95f55",
                "48f135c14eb6e346255f3fe3d4b26b47113217e64ae6b773a62418d2d74c6f3f",
                "7b7eaf06e96a5ca06008e5faff1f87246db96352d68b7f3db38d39f2e8468617",
                "5524ad06bc372d33bfddecb975e7e04724aef12fbac4e0d060ad4175dec265d6",
                "c4c7c1a7171991e0077d0add9cf98678872cefa3a1a92bb67a4f57d289458ae1",
                "dde2082ed598416a666ccec0ce0551ae538eb72246d4fb405fa153eb7a3ac687",
                "b3572396e124634f6cdee2782c27c77070ab4f542bc3125d59a6a7d244828d7d"
            ],
            "type": "Script",
            "firstPartyCookies": {},
            "firstPartyCookiesSent": {},
            "exampleSites": [
                "ace.co.il",
                "www.ace.co.il",
                "www.caesarstoneus.com",
                "www.infomed.co.il",
                "www.kasamba.com",
                "www.kolzchut.org.il",
                "www.maccabi4u.co.il",
                "www.nli.org.il",
                "www.rail.co.il",
                "www.shufersal.co.il",
                "www.widewalls.ch",
                "www.yadvashem.org"
            ]
        },
        {
            "rule": "zoomanalytics\\.co\\/php\\/AddActionApi\\.php",
            "cookies": 0,
            "fingerprinting": 0,
            "subdomains": [
                "ssl"
            ],
            "apis": {},
            "sites": 10,
            "prevalence": 0.0000679,
            "cnames": [],
            "responseHashes": [
                "212a7437ae1c6b110e77dc1d22a95dc435eac4fc7be4d9946c7c5ef2b97ead10",
                "91e2e880eb05fa85b7aaf989984243afcd071cda66d0979401665929c760db97",
                "99f8f837e3e72f0eadaf4da7cd93d1d5743aef24cac55a039932a8e92d649098",
                "a815465dab8f2f0e9b1c70f3053f676a3e31085fe0c0aab028c999c17a1a096f",
                "8e923fd01041b776b83c91cfc98b24212e9c9d2a5f9cfffa5ceb44105e74b76b",
                "4e265cdf4ef6068f44dffbb86a31f3dfc99df55507d5ec886fc473a15354ace1",
                "d4745fc6b58fd6d2c72eb0eee6ae9dfb472b2610af326e68542b76c167a88b4c",
                "417ba56b83f2dc20766a689190c8945e9b59a0266e6f8b15dc87640514d7d2f8",
                "afbd8238303e427569f833d2201e60ac0237385231e194b46accb8d21362e2b7"
            ],
            "type": "Script",
            "firstPartyCookies": {},
            "firstPartyCookiesSent": {},
            "exampleSites": [
                "ace.co.il",
                "www.ace.co.il",
                "www.caesarstoneus.com",
                "www.infomed.co.il",
                "www.kasamba.com",
                "www.kolzchut.org.il",
                "www.maccabi4u.co.il",
                "www.shufersal.co.il",
                "www.widewalls.ch",
                "www.yadvashem.org"
            ]
        }
    ],
    "categories": [],
    "performance": {},
    "cookies": 0.000143,
    "types": {
        "Script": 22
    },
    "nameservers": [
        "ns-1525.awsdns-62.org",
        "ns-354.awsdns-44.com",
        "ns-1780.awsdns-30.co.uk",
        "ns-524.awsdns-01.net"
    ]
}