{
    "domain": "adcalls.nl",
    "owner": {},
    "source": [
        "DuckDuckGo-NL"
    ],
    "prevalence": 0.00251,
    "sites": 25,
    "subdomains": [
        "api"
    ],
    "cnames": [],
    "fingerprinting": 1,
    "resources": [
        {
            "rule": "adcalls\\.nl\\/API\\/v3\\/createCookie\\.json",
            "cookies": 0,
            "fingerprinting": 0,
            "subdomains": [
                "api"
            ],
            "apis": {},
            "sites": 19,
            "prevalence": 0.0019,
            "cnames": [],
            "responseHashes": [
                "fc6ca9f105395ca41b7f3f079fddf5f74700fefd61194274f831bddb7b7c783c",
                "87561503cd08ad79f2de6d299ce5e0a9d86e64d7ac378abb3b65c44db1247695",
                "7bba7b969d2b5e56886270c788873771e9e301012ccdb9112c0ae494e19de6a1",
                "fab76929ac4bfd8a73fc80e67a80a42fc8d1104cc7b4facd918b0574eb1d9981",
                "38f4b2451f168796f376b6e54a1af29155c39fff211b359ea01dba9d7458436b",
                "172d27adf65a69661f23141575b9625906b83de5df2d105cbd0ce66e9ae959f8",
                "c743398950e36edb4dbe68b1af7ec330abd8f23f7dcf01a00a8c62e6b93622d9",
                "e03d6f950ae8080d01ad993c3f920debbb966f53796bf7eb9a9f7bae4e7101a2",
                "cd3ddd12dd95782e96fcffe2f0f58c8ca835ed79e20c6b9e92963a671c759698",
                "e17f3e563606017b0ac1a96e78f946f3df1d0cc3a70dc9ddae4b777fc4a94497",
                "838f385a7fc93bb008f86844950ca69dd22ce95462fc999270c9b6aff8f00e22",
                "46d555a33f06ed67a773c5df7605af255da2deb8dd8eedb81a929202815e949a",
                "abc774f7423001f31c2538d8c6bb64c3688a15bdca548bffb598b19ecc31c46e",
                "87871e2987259b4b6de117322b5a618cb8bfd0a9883594f6fcc03d31059f8e33",
                "def38f2d52aab87233de5ec74f1869a74b217214ea5c192969b17650d8ead8fa",
                "9b91f83c5047bf4cb7bb4558aa4f127e979ea58f84a60e970c019f4d65244aee",
                "ab5e281e0afd836f43b3e065fae1b19d09ced8fbfc1ea53a2a9c95b2cbba9b69",
                "f437dae9da116767d06bf000090f24918533435c5ec0f6f65150995c1a1f6a03"
            ],
            "type": "XHR",
            "firstPartyCookies": {},
            "firstPartyCookiesSent": {
                "_ga": 0.001503006012024048
            },
            "exampleSites": [
                "beestjeskwijt.nl",
                "tonzon.nl",
                "wespennestverwijderen.com",
                "www.allsafe.nl",
                "www.barrelatelier.nl",
                "www.das.nl",
                "www.dcklinieken.nl",
                "www.dela.nl",
                "www.eneco.nl",
                "www.glas.nl",
                "www.kozijnshop.nl",
                "www.louwmanmuseum.nl",
                "www.rapanui.nl",
                "www.schoonenberg.nl",
                "www.valleiautogroep.nl",
                "www.vanmosselvoorraad.nl",
                "www.vanmossel.nl",
                "www.wensink.nl",
                "www.zusterjansen.nl"
            ]
        },
        {
            "rule": "adcalls\\.nl\\/API\\/v3\\/getNumbers\\.json",
            "cookies": 0,
            "fingerprinting": 0,
            "subdomains": [
                "api"
            ],
            "apis": {},
            "sites": 6,
            "prevalence": 0.000601,
            "cnames": [],
            "responseHashes": [
                "105de1e62800965519e917909d0cec48e414a9fee027adaf10da2db46a8129fe",
                "f74503fafb965f77057c55542fa2ce6f4ae3b381b9b79cc2bd27eb954ac85e51",
                "e01753c86c64f0ece3bf6deedfa21225bebe36853c060d38e05eda53ca9614bf",
                "af57951948ed7d60b2450e79e46aa176ccaf3b8636fe70874791272f64d751e9",
                "717c82621ea3b29a006033e3beabfe5bb533c4bd844ce0390522da9add07d1d7"
            ],
            "type": "XHR",
            "firstPartyCookies": {},
            "firstPartyCookiesSent": {
                "_ga": 0.0006012024048096192
            },
            "exampleSites": [
                "beestjeskwijt.nl",
                "wespennestverwijderen.com",
                "www.kozijnshop.nl",
                "www.vanmosselvoorraad.nl",
                "www.vanmossel.nl",
                "www.wensink.nl"
            ]
        },
        {
            "rule": "adcalls\\.nl\\/API\\/v3\\/getNumbers\\.json",
            "cookies": 0,
            "fingerprinting": 0,
            "subdomains": [
                "api"
            ],
            "apis": {},
            "sites": 6,
            "prevalence": 0.000601,
            "cnames": [],
            "responseHashes": [],
            "type": "Preflight",
            "firstPartyCookies": {},
            "firstPartyCookiesSent": {
                "_ga": 0.0006012024048096192
            },
            "exampleSites": [
                "beestjeskwijt.nl",
                "wespennestverwijderen.com",
                "www.kozijnshop.nl",
                "www.vanmosselvoorraad.nl",
                "www.vanmossel.nl",
                "www.wensink.nl"
            ]
        }
    ],
    "categories": [],
    "performance": {},
    "cookies": 0.0018,
    "types": {
        "XHR": 25,
        "Preflight": 6
    },
    "nameservers": [
        "ns01s.nexthost.nl",
        "ns02s.nexthost.nl"
    ]
}