{
    "domain": "adnxs-simple.com",
    "owner": {},
    "source": [
        "DuckDuckGo-NL"
    ],
    "prevalence": 0.00501,
    "sites": 50,
    "subdomains": [
        "ib",
        "ams1-ib",
        "fra1-ib",
        "nym1-ib",
        "acdn",
        "rb",
        "cdn"
    ],
    "cnames": [],
    "fingerprinting": 1,
    "resources": [
        {
            "rule": "adnxs-simple\\.com\\/ut\\/v3\\/prebid",
            "cookies": 0,
            "fingerprinting": 0,
            "subdomains": [
                "ib"
            ],
            "apis": {},
            "sites": 38,
            "prevalence": 0.00381,
            "cnames": [],
            "responseHashes": [
                "0492c58920da5279659a2c58bf1b6b68cddf1d78ca4fd87aab42155fb93b7ea3",
                "2175570154905b2490a3e5c151d6d3a4c04f74dc31bccbbad38df8d571c615b9",
                "d1c6b065dc8d2bf9f914e5916793b6e1b4d16a247557a677561947db552a9c80",
                "c84de8cb57d53d1215244e1a9e3df9fe3d686a70bfda560f4a47b1c2ec502be6",
                "5ed4fd2898dc7fa8c5fabd7f08aba03b4a83c65e9984160907ece6be8c6f55b4",
                "6d7f2026d5e16becf15481258ffa158d60618a7273690b5ad1ba66fc4a7031ec",
                "51e9b22c3847faca2d37e17704a0b017627ebd57016b6ea0f680eda80c02521d",
                "e9f9ddbfed2e6bb5e5df3c3027e3570642d5d53d68a45f3a7e22fa70b1695a0c",
                "0edf491590c59a61df11db8e922e6a69af80a2445c2149ff7b8a93e497a6edde",
                "5141d042e70ac958f7d4691a71c78bfd3413611522983b5a66b5e4d907a432b3",
                "6fada6b4bda954df7accbfb6b4ace2de95a8a55e15885524d661c3c328e3e426",
                "73145a7a76dd64c21d17c23a51843a8c72707ae35c6bf024080fe76b18210a59",
                "cbac26b91614d84bea73ce33a493e7acf93fdfc6e644a1c1d7c8dbb56a47a19a",
                "f9b86b0be2a85a206ccb67e9280f5c0f06f65055382ed6292d24523de63ef4c0",
                "22d762830dbb0ba9e32c5a780147938721138154c59f54cc92268539bd98f3de",
                "0e84c8866476d1efdf166497905050bfa6730f4e4d923f18157ad340b61fd36a",
                "b9ffd7e022d7d0429ef62c04be42240527ee44229af62dc234901bbce6211134",
                "a4d20164039f1bbb8fc5e1e79a6a0891f55cd3ed2bb004949c707f2e993e6950",
                "644946699cbc346fb4c86b6d9575fa80fc14a6aa4e8fc68a8bb84a07d220ca04",
                "eb14efda113346cfb947fbcfbec12c765aa4502db4b084105249e0b10e21c3e1",
                "f5bce7315ca94b8994a96a9f33e265d34b1cb7e19f8e4e5a9884da6ee9149805",
                "858f78a7eba90212a24a6aa9ea07187d8780387fb78ba407a4f313e5435a94be",
                "0c5b3a7dd26951a7dc6fe9bb02e8eb13ffffc991355434de45aef4389a255061",
                "a0344d320c7a4e27e7cf78a750249136efe7da2058deb8a83013d8c80194abd4",
                "49bc763de06645f648890dc7bff8db488875b29e18a980c3a0a281a8a5aac525",
                "d78361ef13265e6e946963944c981ccd6d34df86caca4231b4c111336d461416",
                "eece0a9fc285d9d52dec8de77b4b297b87dedb71896986c111eec7dc8dcd5528",
                "6661e141de8ae0d036b0a0a0b81cad9595d6e4cf552fbe28057576e22b03e0dd",
                "aca7c1fef784ec318fd1ea69ddca495a2fab1dfe97e823af72485a4fdef5f017",
                "41235532aaa8d2d33fb57e8bd9c4ba930bacbf992ee6b93fa7a0e3c4920f9d95",
                "cf119a509f1aa9898a92e2aa6e3979accb24f6e8e00a6a9a7f7a1c6cad6ab46a",
                "a6cdf369f4af0369f24c13537b87626f8b4fa3c3a9a4d311b902926993e70f44",
                "cc6997344b0163dceae7fd13c3adfb25f349b3fcbbccacec0c79f851af57159d",
                "ae3c04982f416f99d3fc0263549f90b5d35eaa6a2514e5879a4255efc469784f"
            ],
            "type": "XHR",
            "firstPartyCookies": {},
            "firstPartyCookiesSent": {},
            "exampleSites": [
                "bulbapedia.bulbagarden.net",
                "www.speedtest.net",
                "isgeschiedenis.nl",
                "www.asurascans.com",
                "serebii.net",
                "tecadmin.net",
                "ffxiv.gamerescape.com",
                "www.acronymfinder.com",
                "www.playstationtrophies.org",
                "www.elmundo.es",
                "gamersdecide.com",
                "www.chicklit.nl",
                "realsport101.com",
                "www.gfinityesports.com",
                "howtotypeanything.com",
                "www.livep2000.nl",
                "www.mobafire.com",
                "www.tijdmetkinderen.nl",
                "frontpage.fok.nl",
                "www.wikifeet.com"
            ]
        },
        {
            "rule": "adnxs-simple\\.com\\/ut\\/v3",
            "cookies": 0,
            "fingerprinting": 0,
            "subdomains": [
                "ib"
            ],
            "apis": {},
            "sites": 8,
            "prevalence": 0.000802,
            "cnames": [],
            "responseHashes": [
                "00787b95b84b1c6d2bd4e87b513653d4a6b079b09ff01e7f49fc09ebaecbfc23",
                "d24a820a721bf67095dbb2166784a90ba4b57d3bd4709d46d7fc5190a07031ae",
                "c41915c25300a4e10ac3e5d1a0ca802b00fe477c683f91f5d2eca05419c45d21",
                "ab41b2bb40bba6e305f62b59a7dcdd32b73abbb84494277b8ef64b7161cc4f39",
                "af6b25231003c4a8ac7ba9affbe056ba6c505812dc03f017eb83db2eeecc6181",
                "f1c37bfac6872c4c202ca1eb8667da086fa46ccf7f4ba2fa3bb5b08a00ba1600",
                "dedf9095b68cd3b1e2b44a19b36c64b60fb5b78c651808500bb50fa02f9a0658"
            ],
            "type": "XHR",
            "firstPartyCookies": {},
            "firstPartyCookiesSent": {},
            "exampleSites": [
                "fok.nl",
                "frontpage.fok.nl",
                "isgeschiedenis.nl",
                "schrijvenonline.org",
                "songteksten.net",
                "www.androidbytes.nl",
                "www.chicklit.nl",
                "www.dagelijksestandaard.nl"
            ]
        },
        {
            "rule": "adnxs-simple\\.com\\/rd_log",
            "cookies": 0,
            "fingerprinting": 0,
            "subdomains": [
                "ams1-ib",
                "fra1-ib",
                "nym1-ib"
            ],
            "apis": {},
            "sites": 8,
            "prevalence": 0.000802,
            "cnames": [],
            "responseHashes": [
                "e3b0c44298fc1c149afbf4c8996fb92427ae41e4649b934ca495991b7852b855"
            ],
            "type": "Script",
            "firstPartyCookies": {},
            "firstPartyCookiesSent": {},
            "exampleSites": [
                "fok.nl",
                "frontpage.fok.nl",
                "isgeschiedenis.nl",
                "schrijvenonline.org",
                "songteksten.net",
                "www.adsbexchange.com",
                "www.askpython.com",
                "www.chicklit.nl"
            ]
        },
        {
            "rule": "adnxs-simple\\.com\\/it",
            "cookies": 0,
            "fingerprinting": 0,
            "subdomains": [
                "ams1-ib",
                "fra1-ib",
                "nym1-ib"
            ],
            "apis": {},
            "sites": 8,
            "prevalence": 0.000802,
            "cnames": [],
            "responseHashes": [
                "e3b0c44298fc1c149afbf4c8996fb92427ae41e4649b934ca495991b7852b855"
            ],
            "type": "Image",
            "firstPartyCookies": {},
            "firstPartyCookiesSent": {},
            "exampleSites": [
                "fok.nl",
                "frontpage.fok.nl",
                "isgeschiedenis.nl",
                "schrijvenonline.org",
                "songteksten.net",
                "www.adsbexchange.com",
                "www.askpython.com",
                "www.chicklit.nl"
            ]
        },
        {
            "rule": "adnxs-simple\\.com\\/vast_track\\/v2",
            "cookies": 0,
            "fingerprinting": 0,
            "subdomains": [
                "ams1-ib"
            ],
            "apis": {},
            "sites": 2,
            "prevalence": 0.0002,