{
    "domain": "baidu.com",
    "owner": {
        "name": "Baidu, Inc.",
        "displayName": "Baidu"
    },
    "source": [
        "DuckDuckGo-NL"
    ],
    "prevalence": 0.000906,
    "sites": 9,
    "subdomains": [
        "hm"
    ],
    "cnames": [],
    "fingerprinting": 2,
    "resources": [
        {
            "rule": "baidu\\.com\\/hm\\.js",
            "cookies": 0.000604,
            "fingerprinting": 2,
            "subdomains": [
                "hm"
            ],
            "apis": {
                "Navigator.prototype.userAgent": 6,
                "Navigator.prototype.cookieEnabled": 6,
                "Navigator.prototype.javaEnabled": 6,
                "Navigator.prototype.language": 6,
                "Screen.prototype.width": 6,
                "Screen.prototype.height": 6,
                "Screen.prototype.colorDepth": 6,
                "Screen.prototype.orientation": 6,
                "window.innerWidth": 6,
                "Document.cookie getter": 6,
                "window.sessionStorage": 6,
                "window.localStorage": 6,
                "Date.prototype.getTime": 6,
                "Document.cookie setter": 6,
                "window.innerHeight": 6
            },
            "sites": 8,
            "prevalence": 0.000805,
            "cnames": [],
            "responseHashes": [
                "13b7c995cbbbd0cf00448e71b06189d3d28921f3b39d6b628715ea17874a4713",
                "31807149abe174106f9ab44937646b4086fb91edd2bcbc108cbb1e7369869be2",
                "e3b0c44298fc1c149afbf4c8996fb92427ae41e4649b934ca495991b7852b855",
                "bd3e26b080bcea8f9ac68fa3ed35c5884d80d9b8a33d0b5259809ff0766ca521",
                "51e190dbfba25f3d0a80418c4872d36f15a530ac8ee6edafd3a0812ae00a502d",
                "f9471acd83ffa8942adb539739275037c2b2a747f6103c500704eaf406b3fdcb"
            ],
            "type": "Script",
            "firstPartyCookies": {
                "Hm_lvt_6bcd52f51e9b3dce32bec4a3997715ac": {
                    "ttl": 31536007,
                    "length": 10,
                    "prevalence": 0.00010064412238325282,
                    "uniqueness": 1
                },
                "Hm_lpvt_6bcd52f51e9b3dce32bec4a3997715ac": {
                    "ttl": null,
                    "length": 10,
                    "prevalence": 0.00010064412238325282,
                    "uniqueness": 1
                },
                "Hm_up_6bcd52f51e9b3dce32bec4a3997715ac": {
                    "ttl": 31536007,
                    "length": 194,
                    "prevalence": 0.00010064412238325282,
                    "uniqueness": 1
                },
                "Hm_lvt_64b00098619046db5efa89be31dc6618": {
                    "ttl": 31536002,
                    "length": 10,
                    "prevalence": 0.00010064412238325282,
                    "uniqueness": 1
                },
                "Hm_lpvt_64b00098619046db5efa89be31dc6618": {
                    "ttl": null,
                    "length": 10,
                    "prevalence": 0.00010064412238325282,
                    "uniqueness": 1
                },
                "Hm_lvt_348ae416cdd7c28a5596623c3ad39143": {
                    "ttl": 31536007,
                    "length": 10,
                    "prevalence": 0.00020128824476650564,
                    "uniqueness": 1
                },
                "Hm_lpvt_348ae416cdd7c28a5596623c3ad39143": {
                    "ttl": null,
                    "length": 10,
                    "prevalence": 0.00020128824476650564,
                    "uniqueness": 1
                },
                "Hm_lvt_98beee57fd2ef70ccdd5ca52b9740c49": {
                    "ttl": 31536005,
                    "length": 10,
                    "prevalence": 0.00020128824476650564,
                    "uniqueness": 1
                },
                "Hm_lpvt_98beee57fd2ef70ccdd5ca52b9740c49": {
                    "ttl": null,
                    "length": 10,
                    "prevalence": 0.00020128824476650564,
                    "uniqueness": 1
                }
            },
            "firstPartyCookiesSent": {},
            "exampleSites": [
                "csdn.net",
                "day.js.org",
                "docs.espressif.com",
                "live3d.io",
                "www.espressif.com",
                "www.ventoy.net",
                "www.zhihu.com",
                "zhuanlan.zhihu.com"
            ]
        },
        {
            "rule": "baidu\\.com\\/hm\\.gif",
            "cookies": 0,
            "fingerprinting": 0,
            "subdomains": [
                "hm"
            ],
            "apis": {},
            "sites": 7,
            "prevalence": 0.000705,
            "cnames": [],
            "responseHashes": [
                "77b1d2c0857d4e95d4c2ae7aa0abc5aaafa6bd4581b31203d1592759c26f5c44"
            ],
            "type": "Image",
            "firstPartyCookies": {},
            "firstPartyCookiesSent": {},
            "exampleSites": [
                "csdn.net",
                "blog.csdn.net",
                "day.js.org",
                "docs.espressif.com",
                "www.espressif.com",
                "www.zhihu.com",
                "zhuanlan.zhihu.com"
            ]
        }
    ],
    "categories": [],
    "performance": {},
    "cookies": 0.000604,
    "topInitiators": [
        {
            "domain": "first party",
            "prevalence": 0.8888888888888888
        },
        {
            "domain": "csdnimg.cn",
            "prevalence": 0.1111111111111111
        }
    ],
    "types": {
        "Script": 8,
        "Image": 7
    },
    "nameservers": [
        "ns3.baidu.com",
        "ns4.baidu.com",
        "dns.baidu.com",
        "ns7.baidu.com",
        "ns2.baidu.com"
    ]
}