{
    "domain": "consentmanager.net",
    "owner": {},
    "source": [
        "DuckDuckGo-NL"
    ],
    "prevalence": 0.00191,
    "sites": 19,
    "subdomains": [
        "cdn",
        "a.delivery",
        "delivery",
        "c.delivery",
        "d.delivery"
    ],
    "cnames": [],
    "fingerprinting": 2,
    "resources": [
        {
            "rule": "consentmanager\\.net\\/delivery\\/cmplogo\\.svg",
            "cookies": 0,
            "fingerprinting": 0,
            "subdomains": [
                "cdn"
            ],
            "apis": {},
            "sites": 9,
            "prevalence": 0.000903,
            "cnames": [],
            "responseHashes": [
                "3e19865caed6dbd12eacd00501eb4b382a1f0190df9cf2a8373d110bab7a47e1"
            ],
            "type": "Image",
            "firstPartyCookies": {},
            "firstPartyCookiesSent": {},
            "exampleSites": [
                "inhetnieuws.nl",
                "njam.tv",
                "web2.cylex.de",
                "www.autobandenmarkt.nl",
                "www.fietsersbond.nl",
                "www.inhetnieuws.nl",
                "www.oozo.nl",
                "www.waschbaer.nl",
                "www.zentrum-der-gesundheit.de"
            ]
        },
        {
            "rule": "consentmanager\\.net\\/delivery\\/cmp\\.php",
            "cookies": 0.000502,
            "fingerprinting": 1,
            "subdomains": [
                "a.delivery",
                "delivery",
                "c.delivery",
                "d.delivery"
            ],
            "apis": {
                "Document.cookie getter": 5,
                "Date.prototype.getTime": 13,
                "Document.cookie setter": 4
            },
            "sites": 15,
            "prevalence": 0.0015,
            "cnames": [],
            "responseHashes": [
                "8265f5c5067db27929334cb9e07486bebd37e98d3ce3c7ac97989b12609cc3ad",
                "4683f876c629663602425547187cf4aefeefae76d745d55448d22141e7320290",
                "5d2eabee15feea7f3dbfa051b83e5afa1b6c1f0b4f42d9359a73274591253b6e",
                "c2238e3f036fb0e159c878e4c44830980b729543d3fbb37e495ce6bb806a8c87",
                "3904ae1aed9d68f6602fde20534cd1d9eb5c411bb3479887d25337fffa0445e9",
                "3a22a19d92a533307fafd39dad22d58d136f01cbf4390c537c98529b6919832f",
                "b282c13c5dce050cdd009889f3fd26128d6a90a896d6d91faafda5456e71fed2",
                "79ef52540715f23166dd926da5db86d8ea8b5975b726ff8e53e18a1015b262c9",
                "d677dc6e18dd4c68df1aaf56593455df0e00138068a243ab3131c064b555f5a5",
                "41a9eec88d8a3b4221f10622e759df59df18fb7862f5070caf9c7b5287d216e9",
                "65deed6dfe0ed630ec82b462ef5f43fb60003687a5d3c144f9db58ee6d04bc59",
                "eaeeda1cb4770eeec5f8998d415241748cbd0dd2e209c44c01d2cf6e21f0058c",
                "45f268f642d7a34fc73ef07589b9e6a3b7e0171ff852025315dcdaef71c11a9e",
                "08946779fc38e95eb691b716d7516b289f5928e439f181fa26785ce045b2843f"
            ],
            "type": "Script",
            "firstPartyCookies": {
                "__cmpcc": {
                    "ttl": 34128003,
                    "length": 1,
                    "prevalence": 0.00040120361083249747,
                    "uniqueness": 0.25
                }
            },
            "firstPartyCookiesSent": {
                "_wwas": 0.00010030090270812437
            },
            "exampleSites": [
                "cylex.de",
                "web2.cylex.de",
                "www.autobandenmarkt.nl",
                "www.dasoertliche.de",
                "www.eucerin.nl",
                "www.eventim.nl",
                "www.hansaplast.nl",
                "www.knvb.nl",
                "www.nivea.nl",
                "www.onsoranje.nl",
                "www.skf.com",
                "www.speeleiland.nl",
                "www.vergleich.org",
                "www.waschbaer.nl",
                "www.zentrum-der-gesundheit.de"
            ]
        },
        {
            "rule": "consentmanager\\.net\\/delivery\\/js\\/cmp_nl\\.min\\.js",
            "cookies": 0.0013,
            "fingerprinting": 1,
            "subdomains": [
                "cdn"
            ],
            "apis": {
                "Navigator.prototype.languages": 8,
                "Navigator.prototype.language": 8,
                "window.localStorage": 11,
                "Document.cookie getter": 14,
                "Date.prototype.getTime": 14,
                "Document.cookie setter": 13
            },
            "sites": 14,
            "prevalence": 0.0014,
            "cnames": [],
            "responseHashes": [
                "5a1c17dec1749c93f72c50e525f697c836dc13abef5bf4f3c428163496a81a76"
            ],
            "type": "Script",
            "firstPartyCookies": {
                "__cmpconsentx36596": {
                    "ttl": 31536005,
                    "length": 116,
                    "prevalence": 0.00010030090270812437,
                    "uniqueness": 1
                },
                "__cmpcccx36596": {
                    "ttl": 31536005,
                    "length": 23,
                    "prevalence": 0.00010030090270812437,
                    "uniqueness": 1
                },
                "__cmpcccu25422": {
                    "ttl": 1209604,
                    "length": 63,
                    "prevalence": 0.00010030090270812437,
                    "uniqueness": 1
                },
                "__cmpconsentx17562": {
                    "ttl": 1209604,
                    "length": 48,
                    "prevalence": 0.00010030090270812437,
                    "uniqueness": 1
                },
                "__cmpcvcx17562": {
                    "ttl": 1209604,
                    "length": 48,
                    "prevalence": 0.00010030090270812437,
                    "uniqueness": 1
                },
                "__cmpcpcx17562": {
                    "ttl": 1209604,
                    "length": 5,
                    "prevalence": 0.00010030090270812437,
                    "uniqueness": 1
                },
                "__cmpcccx42940": {
                    "ttl": 1209603,
                    "length": 32,
                    "prevalence": 0.00010030090270812437,
                    "uniqueness": 1
                },
                "__cmpiuid": {
                    "ttl": 31536003,
                    "length": 32,
                    "prevalence": 0.00010030090270812437,
                    "uniqueness": 1
                },
                "__cmpcvcx40259": {
                    "ttl": 1209604,
                    "length": 23,
                    "prevalence": 0.00010030090270812437,
                    "uniqueness": 1
                },
                "__cmpcpcx40259": {
                    "ttl": 1209604,
                    "length": 5,
                    "prevalence": 0.00010030090270812437,
                    "uniqueness": 1
                },
                "__cmpcvc": {
                    "ttl": 1209604,
                    "length": 23,
                    "prevalence": 0.00010030090270812437,
                    "uniqueness": 1
                },
                "__cmpcpc": {
                    "ttl": 1209604,
                    "length": 5,
                    "prevalence": 0.00010030090270812437,
                    "uniqueness": 1
                },
                "__cmpcccx42682": {
                    "ttl": 1209602,
                    "length": 32,
                    "prevalence": 0.00010030090270812437,
                    "uniqueness": 1
                },
                "__cmpcccx42554": {
                    "ttl": 1209604,
                    "length": 30,
                    "prevalence": 0.00020060180541624874,
                    "uniqueness": 1
                },
                "__cmpcccu12430": {
                    "ttl": 1209605,