{
    "domain": "dpgmedia.nl",
    "owner": {},
    "source": [
        "DuckDuckGo-NL"
    ],
    "prevalence": 0.00271,
    "sites": 27,
    "subdomains": [
        "myprivacy",
        "cmp"
    ],
    "cnames": [],
    "fingerprinting": 2,
    "resources": [
        {
            "rule": "dpgmedia\\.nl\\/consent",
            "cookies": 0.00231,
            "fingerprinting": 1,
            "subdomains": [
                "myprivacy"
            ],
            "apis": {
                "Date.prototype.getTime": 22,
                "Document.cookie getter": 1
            },
            "sites": 23,
            "prevalence": 0.00231,
            "cnames": [],
            "responseHashes": [
                "cbe4860acbf74603092946de9ba9fd940966b9e1849d5941d43b64e6fb95d568",
                "a8c2dc0397f2d33cf92c71ca960886372af5201c7505080c009414db1cd56524",
                "1414dc2c2500ccaeca71508beb930d4e38ef4ad8ccea91de09e8953fc3bdadae",
                "ed7f49ae86cbac7bcc4ddd0ab29a0e005243a2f6ed8b8dd482bd5f925fefc542",
                "9a7b1d101dbf2c00b306cef96b9cc206970d6faa9cab581b18de8f804d2f66cd",
                "43d043c515a689e897933c6f9f051d105d55edbcf59cb09cec9b5f6b6c106a4c",
                "d558659d1e0c5647eda075cc7e97c3ecab5f74caf565c9a4f69d95eea052a10f",
                "8c105c1e92c50f61fbdbe81d2f9a93fd7a6615b5443a5b7900b3ab7dd5b800dd",
                "e377f325a8ec557ceaec11ab445a8ed4899c89bfc3d7c2153ce23b3e05111346",
                "45b9469859cba7849ffcd9961c90b1581f0572012c05f3bdf6a4c41026de6aa8",
                "43b2cbe7351f5286dfc9c64c5bf146b1edac4bac5247a669ba37906c61a152d0",
                "3059e5aef903d52b2fce3ffb29b5df654fef4ed4e982187f19ec11a36af4f63c",
                "7ab605bccb047fd10dbfc9afb74e2ac22b8dd6d842d5e7a64b304140282f3e93",
                "c263e8ed2147184b334fbd646db5a2a707280e63a1cfef8a932d2729cdeb376d",
                "fe25c0181dea3e34d46b00c86b1ae9d486464c1e967c7f032e967d74c6310eba",
                "e70dfe245734dca4a6967989f601203f64ab280a8a3328c7897e14482f90914c",
                "9bb5dadbe9f196c0b5ffe7a6309fc65706827f10bd5e9e517c5374fa76a2fea6",
                "67162c6dfd9536eaaa0dcd123b820df774d6a652512e85ed248deb8a2c325b98",
                "097625bb604d898bd970ef5232bc908c501bac8d5a6b7ede053208cf6e183d14",
                "a536a03dddc399bb0f9ebd34148750c35c55249fce5a0bf763ec958afbf40323",
                "9cf8a2c4873818b5e07daf3ac91126e89074442fbd1cdddfe5c793ee2192e79f",
                "cc965574d993d40b3e0a98c9ecb4bf3bd1ca177dafd5fa4bcee230dee5acf320"
            ],
            "type": "Document",
            "firstPartyCookies": {},
            "firstPartyCookiesSent": {},
            "exampleSites": [
                "www.trouw.nl",
                "www.destentor.nl",
                "www.intermediair.nl",
                "hardware.info",
                "www.nouveau.nl",
                "www.ed.nl",
                "www.parool.nl",
                "www.deondernemer.nl",
                "www.pzc.nl",
                "www.reclamefolder.nl",
                "www.autoweek.nl",
                "www.volkskrant.nl",
                "www.nationalevacaturebank.nl",
                "qmusic.nl",
                "www.bndestem.nl",
                "www.margriet.nl",
                "www.bd.nl",
                "www.libelle.nl",
                "www.story.nl",
                "sportnieuws.nl"
            ]
        },
        {
            "rule": "dpgmedia\\.nl\\/unified\\/wrapperMessagingWithoutDetection\\.js",
            "cookies": 0.00251,
            "fingerprinting": 1,
            "subdomains": [
                "cmp"
            ],
            "apis": {
                "Navigator.prototype.userAgent": 25,
                "Document.cookie getter": 25,
                "window.localStorage": 25,
                "Date.prototype.getTime": 25,
                "Document.cookie setter": 25
            },
            "sites": 25,
            "prevalence": 0.00251,
            "cnames": [],
            "responseHashes": [
                "978969a667c1d2e8cbb533d0c53b40f7b54a92e0e070ea42a82122244b1e9495"
            ],
            "type": "Script",
            "firstPartyCookies": {},
            "firstPartyCookiesSent": {},
            "exampleSites": [
                "www.bndestem.nl",
                "www.ed.nl",
                "www.deondernemer.nl",
                "www.trouw.nl",
                "www.pzc.nl",
                "www.tubantia.nl",
                "www.autoweek.nl",
                "www.totaaltv.nl",
                "www.ad.nl",
                "www.parool.nl",
                "www.nouveau.nl",
                "www.volkskrant.nl",
                "www.nu.nl",
                "sportnieuws.nl",
                "www.gelderlander.nl",
                "hardware.info",
                "www.story.nl",
                "www.destentor.nl",
                "www.intermediair.nl",
                "qmusic.nl"
            ]
        },
        {
            "rule": "dpgmedia\\.nl\\/unified\\/3\\.5\\.0\\/gdpr-tcf\\.3dff9d9b0f98fc50814a\\.bundle\\.js",
            "cookies": 0,
            "fingerprinting": 0,
            "subdomains": [
                "cmp"
            ],
            "apis": {},
            "sites": 25,
            "prevalence": 0.00251,
            "cnames": [],
            "responseHashes": [
                "11d2d8f2b51fc61218431c0f8443f9a3d283e1058d979ec85c0f2057a8ab43e4"
            ],
            "type": "Script",
            "firstPartyCookies": {},
            "firstPartyCookiesSent": {},
            "exampleSites": [
                "qmusic.nl",
                "www.autoweek.nl",
                "www.reclamefolder.nl",
                "www.ed.nl",
                "www.intermediair.nl",
                "www.libelle.nl",
                "www.parool.nl",
                "www.gelderlander.nl",
                "www.pzc.nl",
                "www.volkskrant.nl",
                "www.margriet.nl",
                "www.nouveau.nl",
                "sportnieuws.nl",
                "www.ad.nl",
                "hardware.info",
                "www.bndestem.nl",
                "www.story.nl",
                "www.totaaltv.nl",
                "www.bd.nl",
                "www.nu.nl"
            ]
        },
        {
            "rule": "dpgmedia\\.nl\\/wrapper\\/v2\\/get_messages",
            "cookies": 0,
            "fingerprinting": 0,
            "subdomains": [
                "cmp"
            ],
            "apis": {},
            "sites": 25,
            "prevalence": 0.00251,
            "cnames": [],