{
    "domain": "eu-1-id5-sync.com",
    "owner": {},
    "source": [
        "DuckDuckGo-NL"
    ],
    "prevalence": 0.00585,
    "sites": 58,
    "subdomains": [
        "lb",
        "lbs"
    ],
    "cnames": [],
    "fingerprinting": 0,
    "resources": [
        {
            "rule": "eu-1-id5-sync\\.com\\/lb\\/v1",
            "cookies": 0,
            "fingerprinting": 0,
            "subdomains": [
                "lb"
            ],
            "apis": {},
            "sites": 58,
            "prevalence": 0.00585,
            "cnames": [],
            "responseHashes": [
                "d190d053ef90853ddb53da1b91fc71b0f8dd452cdc266ae5b192b694af2d4265",
                "79eb465ca49b906f467d2d5e1ea510912120bf18635aa55689d71886771a4b43",
                "065e6b94f6196fe6fce9c9e8853364f2dc805fdbe1e39133d09558d2597cd0d0",
                "6de5995c3aaef1d6322ca021add44d337620ab74385a1d6700176d7b8816e5f3",
                "3461a802b7c52dc6731be903c83cce459b96aeffb66c01814b7bcdd30e24069b",
                "8992100a60d896faa7b5b981548d96fd34a5eebb0272304df2803a35a32d6728",
                "17744b4d2b81ff87e2e55f6bdbd3a15d2394612738890f3afb386a9cb6842cc2",
                "1ded96185b996c7e7db5b5bb6c0eb5785187b2ad5bc14e6d45770a76d0052e49",
                "f8e41ec8e33a76488085f42660aed55d1444ab96f31a0594bd34d85976076f2d",
                "922e5c59a74f1f9393d8bee8822b531db03a78cda9466bacd2e7f38e5a5cbc8d",
                "e5a811d26d61a53769c66c83ce1cd3091a4c98e2975e0c5a02866dcdba8a5f47",
                "8d4bdf86536a9f571642ed9a40ad836c3a6972b28920617f955f057c2790e7f8",
                "071951f4519fd63d2d1029d8e40ab55e3f402dcb3b9180c5866ac291993ba348",
                "688cbccd88552d83ce055395c790aa1189362c6af5aa94b47ec17af16bf851c0",
                "8d0af73c5f31004ff7a2517f9a278cb1a6a761a6f3604cbf54495147e4cd968d",
                "72a589e029497546785583b51eecf24454e35fa76b5ec8ded6559d839f4f979d",
                "b33504ca36f720e5a7493baad03f3872e6b89a97aec930486d49105c0e11a8a1",
                "d1999a3a6bd3256cf11aa71373fc033323d7bc92e9000f9ff9aef7e01ad93b96",
                "b4e7f55446ee67a8639a1256396e7e7c4a252cf04f29aef0298b526a81acfe19",
                "54523b505793f2544ce8d445508ed0676e0300e5b9447b0781a99857aff67388",
                "7219726b705d9eecd844c3afab412e464dc57ca7eb39282f84e401f5d856cc90",
                "b5c8afd9f47769e9dded3f64e6720e5188ed55c427eb7718a0576ca01518b82c",
                "0bb1a2e1028222e05e630858e53ff98405f8f3b29ddb88dd254c217b59a37bcf",
                "ebf9cbd1ac7844a75f4338f0d3ae352add3bc0b622f12ea44a33cdfd9ea6bf93",
                "c1062158864c773d0636217e250d10a8854294bbd13d91b02a12e6a48d2a4c59",
                "0d671a4415fc7dfbfb9f2cb32d8a98373deaba9478447fcdc8fc9740dfb548d8",
                "280e7279f5a0dfb644f6a79dada71254787e5bf189388906257f02672b7500ba",
                "7bf90e2d0f140c3e04ebc661a02f716543f23d899e11713f71a0b99b7e16495e",
                "4cc7d9e76b655a15a7f3ae8821c041dfcb3bf370fb79f46a7b9a306bdcd732f5",
                "a5f83084d9d34a4ae564dcb07209e7132fce48f1e40bdf9fd5e8fed696e88293",
                "d116c2c3248abe3e2aba582fbab24a1a1a28b1dfec998721acc6074426959c89",
                "06f16e142bb9e0dc7314e8dec3e473eb4a42f04946debfd735a7ecb9055b3cfb",
                "2865cf91ee84384827c0c9f9d02706978bdf4fd5e4afbf799c7747218b6b4764",
                "931f55d5ede14c6d2aac8498c7f2a555195beae986b1f661807d53d4571fabd8",
                "4c614ec329c20b45598bb87a9607308de86e26cb6017d349db939cc941483070",
                "3e2b51b2a48428f4bb2c527ab677346f8f119d43d2f30777f238d0607d56a2a4",
                "4d6f41f462e866e3ed19e360ee8b93eb7d245e61698799dfe295469d19c2a9d9",
                "9c5bfa7cdd0458c2d4f758b8cc04e63f5683c18b2386143ee617d3a2f705cb6c",
                "105d3d7fa85ece026ca6dc1e6969d715640120d57fb024b213072cc4172b76f7",
                "8664d8a950e0e0132afc44fd6f4a95e930ef21ddab1530634410e8d4c18f168d",
                "f1c03d0baeebd6f71611f3eb11f915b5d0cfe5e8b61f03a385515891e702dd5a",
                "b115b63c9c33f823286de80950e1cb149e2b8a7181f9b1654625b73b99f57f69",
                "b8090a94973caf093ff460efd81e5634525aa4e3ce6c51acd7a4933a30f9d7d7",
                "783ceca918e67cbba3cdcc899361bd99e7978494c15fe8b607e58a3f6d586b70",
                "0981351799c17b36863f9e49721fe5dbde3e30bd73c696f14d7c0d2c4f592cb1",
                "7bb65c97cd8a6d89ce1a25e072abc4d72f7cf16824b107614b25248e611830ab",
                "4c6484f15c281ae3c5b94e3deb5bc4dd7c15bab143183aeb14f9d0e10a742dbf",
                "74e6cbe77a49ba34563a5216869a5a68be958bf4149cbe54b05c3ebd01ec33e2",
                "d07315db1c0761a2d084fbce52a9b5c2803a348c818f5cf023b6100d3b8a5da8",
                "cc3089f855c40a7c8f649605488508d4ef9f9f1c6ef7f6dfc7c5f58369985d00",
                "046e05db369463c0806091b747395f31c8464ed56094540fc9dfa44c4e226724",
                "ce3b13b6565ec11900b00df19cad085eefa3de0ee8d6f5c1072bacac18a3fee8",
                "bbaef13b32cd64a1688d91c8c2c8f5faf26b1f906bfeb8a1b7aee2bcf4f96d5a",
                "4b36575f8562882ee6f50573f7dcf61c0ee77d4c4f57ec29ba4cc423f5c863a8",
                "e6e33187e8de8198f21763eb6b71a4556ad588be1772ddcde09fe8cecc49cbeb",
                "993653a870b030a6a4860afc66bfa86837d4d1caf78b043033120810861bac3b"
            ],
            "type": "XHR",
            "firstPartyCookies": {},
            "firstPartyCookiesSent": {},
            "exampleSites": [
                "biblehub.com",
                "drudgereport.com",
                "www.biblestudytools.com",
                "www.yourlittleblackbook.me",
                "krunker.io",
                "www.powerpyx.com",
                "www.motor-forum.nl",
                "www.behindthename.com",
                "www.jpost.com",
                "www.phonearena.com",
                "www.hotcars.com",
                "nl.ccm.net",
                "www.zehnder.nl",
                "favorflav.com",
                "www.woordentellen.com",
                "www.metatube.com",
                "imginn.com",
                "vnexplorer.net",
                "www.jawapos.com",
                "www.mysqltutorial.org"
            ]
        },
        {
            "rule": "eu-1-id5-sync\\.com\\/lbs\\/v1",
            "cookies": 0,
            "fingerprinting": 0,
            "subdomains": [
                "lbs"
            ],
            "apis": {},
            "sites": 29,
            "prevalence": 0.00293,
            "cnames": [],