{
    "domain": "headerlift.com",
    "owner": {},
    "source": [
        "DuckDuckGo-NL"
    ],
    "prevalence": 0.00301,
    "sites": 30,
    "subdomains": [
        "pub",
        "ana"
    ],
    "cnames": [],
    "fingerprinting": 0,
    "resources": [
        {
            "rule": "headerlift\\.com\\/opphb",
            "cookies": 0,
            "fingerprinting": 0,
            "subdomains": [
                "pub"
            ],
            "apis": {},
            "sites": 30,
            "prevalence": 0.00301,
            "cnames": [],
            "responseHashes": [
                "c477d195a843637453aa583a78370fe86da3aa1b4198e25ff1cefcf9af3b8668",
                "8df37ba7929fc14423598b1caceae89a3ef2ae73a8acdaca9f367def33bbd956",
                "a6caf4dbea2ce08c0eb00a4f97c9304ec5b10c7743518b631bbbfc4c562e0a39",
                "c4866c2a369891db6b59a33127d500c172949d7ad7df4f40deee50c9e6bc306d",
                "7f0d55052d99d311f277667dd9c36861bd5f70562111d4b4a196d0652ef4dd35",
                "df3e3a88ccfbad50b0ee2ca15986b17d62a6f3f51e4ae5a54ed2f30eecab1ecd",
                "a29e7b8f2a65a27967a84a0ef0f8f82313c5b3bc9ddbbd9a8150ee0ec8449e3e",
                "7138f48b4a46119b604849a7a3d1564dedbc20c21ebf365cb45e6e9a8085f371",
                "7e3e1fa8808c3b7842c070ad43349a4025ebcac943528bc796b1d209a2a3e5c9",
                "aa0d62c6ff73ece514490d076317f6219b54f65f36812e613677169b6cf76530",
                "7a9ab2b4d5a204578b794ec9c3b79ac43897e36d01069f113e4eed4df6ca46d5",
                "8e0b27e2d04e0abd313146353b71a81b066e712a8e13fc88585763e851a1e536",
                "bcdb816d592c50c2d54e48b851ce158f635b7eb918bebd8a443c40793c62fedf",
                "d1ee16f6fc39c55596e82a0fb491dad6b6446ee0f04447b1cb9797e45342fe66",
                "7f9dd267d69bcf526e09b65b0db899b29c90553844ffabb2e528aec4e0d57aa0",
                "267cbbe9ef983ca7160fb17fad84f68a2dbaba55b0d406b3e43649da48e92b1f",
                "fbe87a223b55e2034666513fb538fb4d512f1bf5184141d6c3205ee00c1a80f4",
                "ec416ce1c7326220d0a3664d351ee613ce9da852161076a0ba59c9715d8334f1",
                "7e086b164114041ce82795e304f047d63a5229327ddd01926f9da39deaf58acb",
                "d277d25615a6b568ecddbce56d0251a14f390931ad8549e94823c6c669a44bd6",
                "bb002a738607250fbf645e3ea899739d54c4e96666fe56d64ce9ddbe3f3d7fea",
                "b8b1a1043a2da9a04909a6f1917bedc955c16e372cb6ee785b7f9a406741c860",
                "d04cb2822caa95bbf5b2e2e86f59a6fc0e587b78a6d39091c4e16b249b860152",
                "5d1ced36336e0d4b9c194a37b4b728df31460d08adcb9f2dc8dd61f0af8a11b0",
                "5d63868e8d670a1991d20536f442dbf35bca26ba9df104c9ae3e5c0100bc7873",
                "b3ce4ede64020556c7b7abc7aed0da98553c5055363b990e1199c659f24fa3e1",
                "fe385a33c75b99ae99ee57ab692d21540aef1e995690b7459858ffea0e863402",
                "9d854562105e0121df28d88f216018614582920e3163695fee8eb7c9d181e13b",
                "f17116c3af7106d51af37e667e2925e37b90cac78e46dad2e9fec89c81ac6a4f"
            ],
            "type": "Fetch",
            "firstPartyCookies": {},
            "firstPartyCookiesSent": {
                "lotame_domain_check": 0.00020080321285140563
            },
            "exampleSites": [
                "www.kids-n-fun.nl",
                "foodness.nl",
                "speellingo.nl",
                "bbqproof.nl",
                "parra.nu",
                "axed.nl",
                "www.toolshero.nl",
                "www.manify.nl",
                "www.okokorecepten.nl",
                "www.agame.com",
                "www.vkmag.com",
                "www.yourlittleblackbook.me",
                "www.culinea.nl",
                "www.funnygames.nl",
                "www.patesserie.com",
                "spele.nl",
                "www.gamesgames.com",
                "www.spel.nl",
                "www.spelletjes.nl",
                "amayzine.com"
            ]
        },
        {
            "rule": "headerlift\\.com\\/event",
            "cookies": 0,
            "fingerprinting": 0,
            "subdomains": [
                "ana"
            ],
            "apis": {},
            "sites": 6,
            "prevalence": 0.000602,
            "cnames": [],
            "responseHashes": [],
            "type": "Fetch",
            "firstPartyCookies": {},
            "firstPartyCookiesSent": {
                "lotame_domain_check": 0.00020080321285140563
            },
            "exampleSites": [
                "bbqproof.nl",
                "motox3m.co",
                "penaltyshooters2.com",
                "snowrider3d.com",
                "www.kindertube.nl",
                "www.openingsuren.com"
            ]
        }
    ],
    "categories": [],
    "performance": {},
    "cookies": 0,
    "topInitiators": [
        {
            "domain": "improvedigital.com",
            "prevalence": 0.8333333333333334
        },
        {
            "domain": "gamedistribution.com",
            "prevalence": 0.08333333333333333
        },
        {
            "domain": "first party",
            "prevalence": 0.08333333333333333
        }
    ],
    "types": {
        "Fetch": 36
    },
    "nameservers": [
        "mimi.ns.cloudflare.com",
        "max.ns.cloudflare.com"
    ]
}