{
    "domain": "lngtd.com",
    "owner": {},
    "source": [
        "DuckDuckGo-NL"
    ],
    "prevalence": 0.00141,
    "sites": 14,
    "subdomains": [
        "conf",
        "it"
    ],
    "cnames": [],
    "fingerprinting": 1,
    "resources": [
        {
            "rule": "lngtd\\.com\\/lngtd-config",
            "cookies": 0,
            "fingerprinting": 0,
            "subdomains": [
                "conf"
            ],
            "apis": {},
            "sites": 12,
            "prevalence": 0.00121,
            "cnames": [],
            "responseHashes": [
                "a6e033911af01adbc904a2fbd58dc82dc1fd16bcde10b7751609c3b5803a04c1",
                "e7a10a9b5fc0cf9f92905bf5bca15c780321a14a3ca1ab1d116e8dc7a605b1b4",
                "cd048f7829cc3277001dd91f76df7787c099878f549bb2c7b9c0e18a45ecc6f2",
                "ab9f5e8d358d263fb26b2c9092729322a18df60c74d028d1e7d483c484a18b87",
                "60fc52846a06de4a576a27e27f1f23950e99309d213a4dd3c19fca54d99cf8f1",
                "7a1593daf9092e58c68011bd8cfd0322b1336c343450ec9f9f864fa4e3383181",
                "0b8ad7d473629cc5123f67d91e32e29ac2f6f85d19fb56259f2f5be6f2b815b9",
                "02aa488c33c196e3269968637a2450bd18a0727b422b64f3f2fd87a9cd49b7cd",
                "e756071ddabfcd0180f783f8aa350c424ba30ff027d24e9d16ce424a6796c5d3",
                "09b6790a5a21bcad861539a9db03f5b18728b25f8c09e0195d06343eef251875",
                "8a9780c4c932747c0bd7354314e9069e3fd198f063bc86d7e29fc40b0e420a63"
            ],
            "type": "XHR",
            "firstPartyCookies": {},
            "firstPartyCookiesSent": {},
            "exampleSites": [
                "westeros.org",
                "en.uesp.net",
                "files.minecraftforge.net",
                "foreignpolicy.com",
                "socialblade.com",
                "solitaired.com",
                "www.discogs.com",
                "www.enotes.com",
                "www.goal.com",
                "www.gpfans.com",
                "www.sportingnews.com",
                "www.voetbalzone.nl"
            ]
        },
        {
            "rule": "lngtd\\.com\\/v\\/video\\.min\\.css",
            "cookies": 0,
            "fingerprinting": 0,
            "subdomains": [],
            "apis": {},
            "sites": 2,
            "prevalence": 0.000202,
            "cnames": [],
            "responseHashes": [
                "039b1965c4831254a719ae5540e69f3523a23bb580de0feaff04a4c9bbc5d6c6"
            ],
            "type": "Stylesheet",
            "firstPartyCookies": {},
            "firstPartyCookiesSent": {},
            "exampleSites": [
                "westeros.org",
                "en.uesp.net"
            ]
        },
        {
            "rule": "lngtd\\.com\\/",
            "cookies": 0,
            "fingerprinting": 0,
            "subdomains": [
                "it"
            ],
            "apis": {},
            "sites": 3,
            "prevalence": 0.000302,
            "cnames": [],
            "responseHashes": [
                "e6ea4b5a27a0db51da6cc114510bd02fc57edd7f0a6533adf6263507d48fd9f0"
            ],
            "type": "XHR",
            "firstPartyCookies": {},
            "firstPartyCookiesSent": {},
            "exampleSites": [
                "westeros.org",
                "awoiaf.westeros.org",
                "en.uesp.net"
            ]
        },
        {
            "rule": "lngtd\\.com\\/",
            "cookies": 0,
            "fingerprinting": 0,
            "subdomains": [
                "it"
            ],
            "apis": {},
            "sites": 2,
            "prevalence": 0.000202,
            "cnames": [],
            "responseHashes": [],
            "type": "Preflight",
            "firstPartyCookies": {},
            "firstPartyCookiesSent": {},
            "exampleSites": [
                "westeros.org",
                "en.uesp.net"
            ]
        },
        {
            "rule": "lngtd\\.com\\/fcplayer\\.js",
            "cookies": 0,
            "fingerprinting": 0,
            "subdomains": [],
            "apis": {},
            "sites": 4,
            "prevalence": 0.000403,
            "cnames": [],
            "responseHashes": [
                "6e99d52b32e43fae359a6efb71241e964eabb816e99768266d469570ad02f58d"
            ],
            "type": "Script",
            "firstPartyCookies": {},
            "firstPartyCookiesSent": {},
            "exampleSites": [
                "fcupdate.nl",
                "www.goal.com",
                "www.moviemeter.nl",
                "www.voetbalzone.nl"
            ]
        },
        {
            "rule": "lngtd\\.com\\/voetbalzone_homepage\\.js",
            "cookies": 0.000202,
            "fingerprinting": 1,
            "subdomains": [],
            "apis": {
                "Document.cookie getter": 2,
                "Navigator.prototype.userAgent": 2,
                "window.innerWidth": 2,
                "Date.prototype.getTime": 2,
                "Document.cookie setter": 2
            },
            "sites": 2,
            "prevalence": 0.000202,
            "cnames": [],
            "responseHashes": [
                "0fffc1f67a7524b5c4e6190c633fc8ca8cac024389209d49bbfb2cbffd85f640"
            ],
            "type": "Script",
            "firstPartyCookies": {
                "lngtd-sdp": {
                    "ttl": 86402,
                    "length": 1,
                    "prevalence": 0.0002015519500151164,
                    "uniqueness": 0.5
                }
            },
            "firstPartyCookiesSent": {},
            "exampleSites": [
                "goal.com",
                "www.voetbalzone.nl"
            ]
        }
    ],
    "categories": [],
    "performance": {},
    "cookies": 0.00121,
    "topInitiators": [
        {
            "domain": "first party",
            "prevalence": 0.4583333333333333
        },
        {
            "domain": "privacy-mgmt.com",
            "prevalence": 0.16666666666666666
        },
        {
            "domain": "fcp.codes",
            "prevalence": 0.16666666666666666
        },
        {
            "domain": "amazon-adsystem.com",
            "prevalence": 0.125
        },
        {
            "domain": "lngtdv.com",
            "prevalence": 0.041666666666666664
        },
        {
            "domain": "voetbalzone.nl",
            "prevalence": 0.041666666666666664
        }
    ],
    "types": {
        "XHR": 15,
        "Stylesheet": 2,
        "Preflight": 2,
        "Script": 6
    },
    "nameservers": [
        "ns-1407.awsdns-47.org",
        "ns-1916.awsdns-47.co.uk",
        "ns-304.awsdns-38.com",
        "ns-758.awsdns-30.net"
    ]
}