{
    "domain": "luckyorange.net",
    "owner": {
        "name": "Lucky Orange LLC",
        "displayName": "Lucky Orange"
    },
    "source": [
        "DuckDuckGo-NL"
    ],
    "prevalence": 0.000903,
    "sites": 9,
    "subdomains": [
        "settings"
    ],
    "cnames": [],
    "fingerprinting": 0,
    "resources": [
        {
            "rule": "luckyorange\\.net\\/",
            "cookies": 0,
            "fingerprinting": 0,
            "subdomains": [
                "settings"
            ],
            "apis": {},
            "sites": 10,
            "prevalence": 0.001,
            "cnames": [],
            "responseHashes": [
                "e3b0c44298fc1c149afbf4c8996fb92427ae41e4649b934ca495991b7852b855",
                "bd8d2ecc6ea6b75be02487bc6a82702d441aad4834265b2961ef61a2243a3de9",
                "464b8cd3c55a0251e6992c5c3c98bbf0f8aaa54033749a9961ce32252e6c7c23",
                "34dc38b2b729e2cfba1005ef78cbc05d44b6b68a1bc77764f37891c247a6cfd2",
                "4669d295394eaf18b239df09c1baedd81a5183f3b7291b6b3dda0a292f9e7f75",
                "1dd95e37a7cb7d417b4f09ada3c97acdb36d3abc09e1605ed765104e1424b009",
                "63afa3d02f4bb4ff6f57d3d65948683df30d57b99c1d8fea590ef473675c8420",
                "3d46685eefbb91050ed0768f793f0cc2b17b56b7add4c0d78cd67ce767f13870"
            ],
            "type": "Fetch",
            "firstPartyCookies": {},
            "firstPartyCookiesSent": {
                "__lotl": 0.0004011633737839735
            },
            "exampleSites": [
                "belvilla.nl",
                "www.belvilla.nl",
                "www.foodlog.nl",
                "www.hbo.com",
                "www.leaseplan.com",
                "www.mijnhostingpartner.nl",
                "www.nationalrail.co.uk",
                "www.online-tuincentrum.be",
                "www.solaredge.com",
                "www.verfwinkel.nl"
            ]
        }
    ],
    "categories": [],
    "performance": {},
    "cookies": 0,
    "types": {
        "Fetch": 10
    },
    "nameservers": [
        "olga.ns.cloudflare.com",
        "sam.ns.cloudflare.com"
    ]
}