{
    "domain": "mailcampaigns.nl",
    "owner": {},
    "source": [
        "DuckDuckGo-NL"
    ],
    "prevalence": 0.00141,
    "sites": 14,
    "subdomains": [
        "interface"
    ],
    "cnames": [],
    "fingerprinting": 1,
    "resources": [
        {
            "rule": "mailcampaigns\\.nl\\/interface\\/popup\\.php",
            "cookies": 0.000904,
            "fingerprinting": 1,
            "subdomains": [
                "interface"
            ],
            "apis": {
                "window.localStorage": 5,
                "Navigator.prototype.userAgent": 1
            },
            "sites": 9,
            "prevalence": 0.000904,
            "cnames": [],
            "responseHashes": [
                "20f6eeb0c320880853cb20e0f822783d61e43b5f1b599c6b0cedf1d73d86cd29",
                "97727cdfe5464409ff47a6e791aad4292e2f4e473700b12b49190188fb474ec7",
                "e8723e79e145da913b855b8798f3812c8fa5dd01392688ef8501179375a6f1b7",
                "560da81b47c7ba7ea18378df340a6f3ed5a4133dbf11041725827a61b72b8da8",
                "22342f76acc248b46f8906399568903902ed3827bacc7fae037cdb3900924502",
                "1fb7a0c764176a80fb830941fe60d2a2f24ed98ab1240c41cf68e266f6e177e6",
                "ed2c5cc969b8b4987ec7b3adc0c585ca02268863f5656181a3db9b6423cec6fd",
                "066e3bf116cc7bbffc94e8bca4d61e816b2e94fa3e180d9cee61f4fd100377a5"
            ],
            "type": "Script",
            "firstPartyCookies": {},
            "firstPartyCookiesSent": {},
            "exampleSites": [
                "gloeilampgoedkoop.nl",
                "www.carosatelier.nl",
                "www.dierapotheker.nl",
                "www.haarshop.nl",
                "www.profijtmeubel.nl",
                "www.skiwebshop.nl",
                "www.to-be-dressed.nl",
                "www.vitals.nl",
                "www.vuurenrook.nl"
            ]
        },
        {
            "rule": "mailcampaigns\\.nl\\/interface\\/popup\\.php",
            "cookies": 0.000904,
            "fingerprinting": 0,
            "subdomains": [
                "interface"
            ],
            "apis": {},
            "sites": 9,
            "prevalence": 0.000904,
            "cnames": [],
            "responseHashes": [
                "0aa6645ce09e1f1ce4388dccc1d70bad77f25c31989562ed862c1842cf39e642",
                "d6512577c57bcd97d0aaa6e8a6fa79c468d95313ef1572ddd4ac38c51aff686d",
                "25c05d7ccf05c2b545b0a90454904fd689b4843befd90f02eaeb56ad7685cfad",
                "9ac215a3379c9b8116e186dba165e00b09da7a2d53f6b808d73c3e514f2344b9",
                "70afe16fa0b4f9b4eeb19045845d28c99112b2b7e475d025965dfecb69a7b934",
                "7fb40fb8c53b2bc23dfac0f7ea1b41aa7f32bc9ed24b07a230163e3f58d70e57",
                "56a979309b945551e7ff45f31efa9c6d596e70fb3923003ece764fc20fc863d8",
                "b2cb9e79d48727d7af3324508b350a8bb93748e85a1c7ac8590b0e80f2c38313"
            ],
            "type": "Stylesheet",
            "firstPartyCookies": {},
            "firstPartyCookiesSent": {},
            "exampleSites": [
                "gloeilampgoedkoop.nl",
                "www.carosatelier.nl",
                "www.dierapotheker.nl",
                "www.haarshop.nl",
                "www.profijtmeubel.nl",
                "www.skiwebshop.nl",
                "www.to-be-dressed.nl",
                "www.vitals.nl",
                "www.vuurenrook.nl"
            ]
        },
        {
            "rule": "mailcampaigns\\.nl\\/campaign_website_stats\\.php",
            "cookies": 0.000402,
            "fingerprinting": 0,
            "subdomains": [
                "interface"
            ],
            "apis": {},
            "sites": 4,
            "prevalence": 0.000402,
            "cnames": [],
            "responseHashes": [
                "568ab454c055f7876b08365cdc44d018d982a890eda07a1df058e337ea45e257"
            ],
            "type": "Image",
            "firstPartyCookies": {},
            "firstPartyCookiesSent": {},
            "exampleSites": [
                "gloeilampgoedkoop.nl",
                "www.asianfoodlovers.nl",
                "www.haarshop.nl",
                "www.skiwebshop.nl"
            ]
        },
        {
            "rule": "mailcampaigns\\.nl\\/interface\\/popup\\.stats\\.php",
            "cookies": 0.000602,
            "fingerprinting": 0,
            "subdomains": [
                "interface"
            ],
            "apis": {},
            "sites": 6,
            "prevalence": 0.000602,
            "cnames": [],
            "responseHashes": [
                "e3b0c44298fc1c149afbf4c8996fb92427ae41e4649b934ca495991b7852b855"
            ],
            "type": "XHR",
            "firstPartyCookies": {},
            "firstPartyCookiesSent": {},
            "exampleSites": [
                "gloeilampgoedkoop.nl",
                "www.haarshop.nl",
                "www.profijtmeubel.nl",
                "www.skiwebshop.nl",
                "www.to-be-dressed.nl",
                "www.vitals.nl"
            ]
        },
        {
            "rule": "mailcampaigns\\.nl\\/interface\\/popup\\.nojquery\\.php",
            "cookies": 0.000402,
            "fingerprinting": 1,
            "subdomains": [
                "interface"
            ],
            "apis": {
                "Navigator.prototype.userAgent": 1,
                "window.localStorage": 4,
                "window.innerWidth": 1
            },
            "sites": 4,
            "prevalence": 0.000402,
            "cnames": [],
            "responseHashes": [
                "5045741fb71dcb7c947cb46b29220c8b6a19bb02a40baf03cc5b85362d10ac73",
                "684d5f44b98d1bd4e209cab91346129b34142d6508379bdc036db37dca977556",
                "1d478a733209cafdc58749973314175b2b1cf769f495e5bbb99283184dea34a9"
            ],
            "type": "Script",
            "firstPartyCookies": {},
            "firstPartyCookiesSent": {},
            "exampleSites": [
                "loods5.nl",
                "www.asianfoodlovers.nl",
                "www.prontowonen.nl",
                "www.toppy.nl"
            ]
        },
        {
            "rule": "mailcampaigns\\.nl\\/interface\\/popup\\.nojquery\\.php",
            "cookies": 0.000402,
            "fingerprinting": 0,
            "subdomains": [
                "interface"
            ],
            "apis": {},
            "sites": 4,
            "prevalence": 0.000402,
            "cnames": [],
            "responseHashes": [
                "ec4ff5a9cded3db9614067df870721360be41e59e97dc00f16239f4d52bd326a",
                "a05b43c5f1fc19fb27ece37df0b752db02fcc6af7f3c09e8d9be131eb31d641b",
                "32f377a21fac698b766a0c6bba57ab3a54893cfcc8293810273445e8bc89e941"
            ],
            "type": "Stylesheet",
            "firstPartyCookies": {},
            "firstPartyCookiesSent": {},
            "exampleSites": [
                "loods5.nl",
                "www.asianfoodlovers.nl",
                "www.prontowonen.nl",
                "www.toppy.nl"
            ]
        },
        {
            "rule": "mailcampaigns\\.nl\\/uploads\\/index\\.php",
            "cookies": 0,
            "fingerprinting": 0,
            "subdomains": [
                "interface"
            ],
            "apis": {},
            "sites": 2,
            "prevalence": 0.000201,
            "cnames": [],
            "responseHashes": [
                "ca0b10c82b8d0483a0186cbfa8826c5159cf26466a60ae3d367674718dfa1214"
            ],
            "type": "Image",
            "firstPartyCookies": {},
            "firstPartyCookiesSent": {},
            "exampleSites": [
                "skiwebshop.nl",
                "www.vitals.nl"
            ]
        }
    ],
    "categories": [],
    "performance": {},
    "cookies": 0.00131,
    "topInitiators": [
        {
            "domain": "first party",