{
    "domain": "mailcampaigns.nl",
    "owner": {},
    "source": [
        "DuckDuckGo-NL"
    ],
    "prevalence": 0.0016,
    "sites": 16,
    "subdomains": [
        "interface"
    ],
    "cnames": [],
    "fingerprinting": 1,
    "resources": [
        {
            "rule": "mailcampaigns\\.nl\\/interface\\/popup\\.php",
            "cookies": 0.000702,
            "fingerprinting": 1,
            "subdomains": [
                "interface"
            ],
            "apis": {
                "window.localStorage": 4
            },
            "sites": 7,
            "prevalence": 0.000702,
            "cnames": [],
            "responseHashes": [
                "20f6eeb0c320880853cb20e0f822783d61e43b5f1b599c6b0cedf1d73d86cd29",
                "c573a4128800e54c08ab5560f1348bbcc832bc4c445c0211c31a72be486e5dc0",
                "97727cdfe5464409ff47a6e791aad4292e2f4e473700b12b49190188fb474ec7",
                "decacf4046656e55298bb0532afff4d80637f607ded98239cd606c15509a1fd7",
                "1fb7a0c764176a80fb830941fe60d2a2f24ed98ab1240c41cf68e266f6e177e6",
                "066e3bf116cc7bbffc94e8bca4d61e816b2e94fa3e180d9cee61f4fd100377a5"
            ],
            "type": "Script",
            "firstPartyCookies": {},
            "firstPartyCookiesSent": {},
            "exampleSites": [
                "gloeilampgoedkoop.nl",
                "www.carosatelier.nl",
                "www.deens.nl",
                "www.dierapotheker.nl",
                "www.haarshop.nl",
                "www.to-be-dressed.nl",
                "www.vuurenrook.nl"
            ]
        },
        {
            "rule": "mailcampaigns\\.nl\\/interface\\/popup\\.php",
            "cookies": 0.000702,
            "fingerprinting": 0,
            "subdomains": [
                "interface"
            ],
            "apis": {},
            "sites": 7,
            "prevalence": 0.000702,
            "cnames": [],
            "responseHashes": [
                "0aa6645ce09e1f1ce4388dccc1d70bad77f25c31989562ed862c1842cf39e642",
                "db1dcb60b656dec7616df15d0f58ebb345d363882a9d9b33e262045b0f894ce6",
                "d6512577c57bcd97d0aaa6e8a6fa79c468d95313ef1572ddd4ac38c51aff686d",
                "7be308ed0396ba346d9803ff822758355aa31adccc355bd6cab73a2488f91f78",
                "7fb40fb8c53b2bc23dfac0f7ea1b41aa7f32bc9ed24b07a230163e3f58d70e57",
                "b2cb9e79d48727d7af3324508b350a8bb93748e85a1c7ac8590b0e80f2c38313"
            ],
            "type": "Stylesheet",
            "firstPartyCookies": {},
            "firstPartyCookiesSent": {},
            "exampleSites": [
                "gloeilampgoedkoop.nl",
                "www.carosatelier.nl",
                "www.deens.nl",
                "www.dierapotheker.nl",
                "www.haarshop.nl",
                "www.to-be-dressed.nl",
                "www.vuurenrook.nl"
            ]
        },
        {
            "rule": "mailcampaigns\\.nl\\/interface\\/popup\\.stats\\.php",
            "cookies": 0.000401,
            "fingerprinting": 0,
            "subdomains": [
                "interface"
            ],
            "apis": {},
            "sites": 4,
            "prevalence": 0.000401,
            "cnames": [],
            "responseHashes": [
                "e3b0c44298fc1c149afbf4c8996fb92427ae41e4649b934ca495991b7852b855"
            ],
            "type": "XHR",
            "firstPartyCookies": {},
            "firstPartyCookiesSent": {},
            "exampleSites": [
                "gloeilampgoedkoop.nl",
                "www.haarshop.nl",
                "www.to-be-dressed.nl",
                "www.vuurenrook.nl"
            ]
        },
        {
            "rule": "mailcampaigns\\.nl\\/campaign_website_stats\\.php",
            "cookies": 0.000501,
            "fingerprinting": 0,
            "subdomains": [
                "interface"
            ],
            "apis": {},
            "sites": 5,
            "prevalence": 0.000501,
            "cnames": [],
            "responseHashes": [
                "568ab454c055f7876b08365cdc44d018d982a890eda07a1df058e337ea45e257"
            ],
            "type": "Image",
            "firstPartyCookies": {},
            "firstPartyCookiesSent": {},
            "exampleSites": [
                "gloeilampgoedkoop.nl",
                "www.akoestiekwinkel.nl",
                "www.divoza.com",
                "www.haarshop.nl",
                "www.rvsland.nl"
            ]
        },
        {
            "rule": "mailcampaigns\\.nl\\/interface\\/popup\\.nojquery\\.php",
            "cookies": 0.000301,
            "fingerprinting": 1,
            "subdomains": [
                "interface"
            ],
            "apis": {
                "Navigator.prototype.userAgent": 1,
                "window.localStorage": 3,
                "window.innerWidth": 1
            },
            "sites": 3,
            "prevalence": 0.000301,
            "cnames": [],
            "responseHashes": [
                "db26afa238abffde78d745e63be237f3063bad9d59ecd9adb5974b561c8ce234",
                "684d5f44b98d1bd4e209cab91346129b34142d6508379bdc036db37dca977556"
            ],
            "type": "Script",
            "firstPartyCookies": {},
            "firstPartyCookiesSent": {},
            "exampleSites": [
                "loods5.nl",
                "polyestershoppen.nl",
                "www.prontowonen.nl"
            ]
        },
        {
            "rule": "mailcampaigns\\.nl\\/interface\\/popup\\.nojquery\\.php",
            "cookies": 0.000301,
            "fingerprinting": 0,
            "subdomains": [
                "interface"
            ],
            "apis": {},
            "sites": 3,
            "prevalence": 0.000301,
            "cnames": [],
            "responseHashes": [
                "d2f5bc2b933d53da292d6cd6155c49d6c8287f331a03e0572f2a2353d7ebf1f7",
                "a05b43c5f1fc19fb27ece37df0b752db02fcc6af7f3c09e8d9be131eb31d641b"
            ],
            "type": "Stylesheet",
            "firstPartyCookies": {},
            "firstPartyCookiesSent": {},
            "exampleSites": [
                "loods5.nl",
                "polyestershoppen.nl",
                "www.prontowonen.nl"
            ]
        },
        {
            "rule": "mailcampaigns\\.nl\\/interface\\/js\\/jquery\\.validator\\.js",
            "cookies": 0,
            "fingerprinting": 0,
            "subdomains": [
                "interface"
            ],
            "apis": {},
            "sites": 2,
            "prevalence": 0.0002,
            "cnames": [],
            "responseHashes": [],
            "type": "Script",
            "firstPartyCookies": {},
            "firstPartyCookiesSent": {},
            "exampleSites": [
                "deverhalenvangroningen.nl",
                "www.dierapotheker.nl"
            ]
        },
        {
            "rule": "mailcampaigns\\.nl\\/interface\\/contactform\\.php",
            "cookies": 0.0002,
            "fingerprinting": 0,
            "subdomains": [
                "interface"
            ],
            "apis": {},
            "sites": 2,
            "prevalence": 0.0002,
            "cnames": [],
            "responseHashes": [
                "bfb940b5e05c9a82b1587637f32ae5bf1b46c73204101e9574eb842e55921adf"
            ],
            "type": "Script",
            "firstPartyCookies": {},
            "firstPartyCookiesSent": {},
            "exampleSites": [
                "deverhalenvangroningen.nl",
                "www.dierapotheker.nl"
            ]
        },
        {
            "rule": "mailcampaigns\\.nl\\/interface\\/js\\/jquery\\.validator\\.php",
            "cookies": 0,
            "fingerprinting": 0,
            "subdomains": [
                "interface"
            ],
            "apis": {},
            "sites": 2,
            "prevalence": 0.0002,
            "cnames": [],