{
    "domain": "multimirror.io",
    "owner": {},
    "source": [
        "DuckDuckGo-NL"
    ],
    "prevalence": 0.00101,
    "sites": 10,
    "subdomains": [
        "socket"
    ],
    "cnames": [],
    "fingerprinting": 0,
    "resources": [
        {
            "rule": "multimirror\\.io\\/socket\\.io\\/",
            "cookies": 0.00101,
            "fingerprinting": 0,
            "subdomains": [
                "socket"
            ],
            "apis": {},
            "sites": 10,
            "prevalence": 0.00101,
            "cnames": [],
            "responseHashes": [
                "e3a9907c84cb51d2f794118324868720df50fa0c6088f8dadf87b183668dc186",
                "2a7b58aa2efb71aebe21b2dd2639907ef48f74f681352cc3d841e13444db314a",
                "e943064b99d4084a54b2f2cf4981a856642ed31472ed45a1b86f931f66015a43",
                "b615446156364a1d05e3d68695e18506729d98f472da4c27a3e4bef118051412",
                "68e66263642164a5f734ed827a87b433c387a598af9efc4599dded1e05bf340e",
                "e44d2879319b2101869cb4d8e3c73d6ee4c545378ec94c0f759cbfc2d2989b7a",
                "decdf8e27f2bc76cd24fd9de04918d985e973cf1c235ba3d2d6e4194f8bc393f",
                "32389f85530b79004622efe2fcc3b95d101eea3de389952f22c89e391a9b49e7",
                "97c9fcdfbe8e8c2f3e1b18633ac7ae202ba621c80b910a6e540ecd38729c3000"
            ],
            "type": "XHR",
            "firstPartyCookies": {},
            "firstPartyCookiesSent": {},
            "exampleSites": [
                "androidworld.nl",
                "gp33.nl",
                "loesoe.nl",
                "www.ajaxshowtime.com",
                "www.dagelijksestandaard.nl",
                "www.f1maximaal.nl",
                "www.fr12.nl",
                "www.indeleiderstrui.nl",
                "www.twenteinsite.nl",
                "www.vkmag.com"
            ]
        },
        {
            "rule": "multimirror\\.io\\/socket\\.io\\/",
            "cookies": 0,
            "fingerprinting": 0,
            "subdomains": [
                "socket"
            ],
            "apis": {},
            "sites": 10,
            "prevalence": 0.00101,
            "cnames": [],
            "responseHashes": [],
            "type": "WebSocket",
            "firstPartyCookies": {},
            "firstPartyCookiesSent": {},
            "exampleSites": [
                "androidworld.nl",
                "gp33.nl",
                "loesoe.nl",
                "www.ajaxshowtime.com",
                "www.dagelijksestandaard.nl",
                "www.f1maximaal.nl",
                "www.fr12.nl",
                "www.indeleiderstrui.nl",
                "www.twenteinsite.nl",
                "www.vkmag.com"
            ]
        }
    ],
    "categories": [],
    "performance": {},
    "cookies": 0.00101,
    "topInitiators": [
        {
            "domain": "first party",
            "prevalence": 1
        }
    ],
    "types": {
        "XHR": 10,
        "WebSocket": 10
    },
    "nameservers": [
        "dns1.registrar-servers.com",
        "dns2.registrar-servers.com"
    ]
}