{
    "domain": "ntvpforever.com",
    "owner": {},
    "source": [
        "DuckDuckGo-NL"
    ],
    "prevalence": 0.00201,
    "sites": 20,
    "subdomains": [],
    "cnames": [],
    "fingerprinting": 0,
    "resources": [
        {
            "rule": "ntvpforever\\.com\\/keywords",
            "cookies": 0,
            "fingerprinting": 0,
            "subdomains": [],
            "apis": {},
            "sites": 14,
            "prevalence": 0.00141,
            "cnames": [],
            "responseHashes": [],
            "type": "Preflight",
            "firstPartyCookies": {},
            "firstPartyCookiesSent": {},
            "exampleSites": [
                "cartoonporn.pro",
                "deepgoretube.site",
                "dporn.com",
                "goresee.com",
                "roshy.tv",
                "see.xxx",
                "sextb.net",
                "shittytube.com",
                "thegay.porn",
                "thepiratebay.org",
                "wwv-xvideos.com",
                "www.perverttube.com",
                "xgore.net",
                "youngtube.tw"
            ]
        },
        {
            "rule": "ntvpforever\\.com\\/keywords",
            "cookies": 0,
            "fingerprinting": 0,
            "subdomains": [],
            "apis": {},
            "sites": 14,
            "prevalence": 0.00141,
            "cnames": [],
            "responseHashes": [
                "aa9a73125ee8366bbbdd82f4c12fa75fb43680ff5240bc62acc1abfeaeeb97b9",
                "edf907759c2e057d2797a3d1b9572d7ce7cc0b1782e3dca1d023001598e07234",
                "acbfa32dc4531e277c160528d4fb5b4facf3d02d044519aaf8ea878f7294b9a2",
                "181c43b9a0bcddcba184c8995d01b329da8afe74d2bc08e4f0345a1dc8d566be",
                "4c7d996ddffabca7f5a8fba7c3fa72a41f041ba7f96dfdbbd1818ec884aec396",
                "8d207b890e5e28763c362152cc687976525ced8dda9b4e759a1511f55602a286",
                "080040b4937f3f423f32cd7f19b2a79ba1e1e213f1d9f4f4db4f609d4ad778d8",
                "3794acd8ab5f085e9e3a97a46544898a221c52813ff4b21f80a14611aea7dcae",
                "f30fb6f53c4ee9fef2249c2219d8a28a8c9f4d64f955791aae3abaf7aad47172",
                "b6b95a34b00f70a6b900103bf1870b5625fb684d4f001820226be1d339777d95"
            ],
            "type": "XHR",
            "firstPartyCookies": {},
            "firstPartyCookiesSent": {},
            "exampleSites": [
                "cartoonporn.pro",
                "deepgoretube.site",
                "dporn.com",
                "goresee.com",
                "roshy.tv",
                "see.xxx",
                "sextb.net",
                "shittytube.com",
                "thegay.porn",
                "thepiratebay.org",
                "wwv-xvideos.com",
                "www.perverttube.com",
                "xgore.net",
                "youngtube.tw"
            ]
        },
        {
            "rule": "ntvpforever\\.com\\/in\\/multy",
            "cookies": 0,
            "fingerprinting": 0,
            "subdomains": [],
            "apis": {},
            "sites": 6,
            "prevalence": 0.000604,
            "cnames": [],
            "responseHashes": [
                "44016778b2b04f1e24870846c4687a6e81d187e3efae827ba316261b13d0e696",
                "a3af51e841c7f05b1a2f80def1566b8494f093916dae731d6eb129ca1147d834",
                "c77c8f6538117a0c83889dcca345864cd23764699fd9e3f1b1da97e4509e4310",
                "33bf81b42145e7664b5a54d9fbaeccede783f2f2bac33df87ea69e8d530ad8d2",
                "a822cd3917cd6804831f22773cb6d8a44d9c3928671925cf32479fb2ec4c3c1e"
            ],
            "type": "XHR",
            "firstPartyCookies": {},
            "firstPartyCookiesSent": {},
            "exampleSites": [
                "hdzog.com",
                "pornzog.com",
                "tubepornclassic.com",
                "txxx.com",
                "vjav.com",
                "www.pornhits.com"
            ]
        },
        {
            "rule": "ntvpforever\\.com\\/in\\/multy",
            "cookies": 0,
            "fingerprinting": 0,
            "subdomains": [],
            "apis": {},
            "sites": 6,
            "prevalence": 0.000604,
            "cnames": [],
            "responseHashes": [],
            "type": "Preflight",
            "firstPartyCookies": {},
            "firstPartyCookiesSent": {},
            "exampleSites": [
                "hdzog.com",
                "pornzog.com",
                "tubepornclassic.com",
                "txxx.com",
                "vjav.com",
                "www.pornhits.com"
            ]
        },
        {
            "rule": "ntvpforever\\.com\\/in\\/show\\/",
            "cookies": 0,
            "fingerprinting": 0,
            "subdomains": [],
            "apis": {},
            "sites": 6,
            "prevalence": 0.000604,
            "cnames": [],
            "responseHashes": [
                "e3b0c44298fc1c149afbf4c8996fb92427ae41e4649b934ca495991b7852b855"
            ],
            "type": "Image",
            "firstPartyCookies": {},
            "firstPartyCookiesSent": {
                "_ym_d": 0.00040261701056869655
            },
            "exampleSites": [
                "hdzog.com",
                "pornzog.com",
                "tubepornclassic.com",
                "txxx.com",
                "vjav.com",
                "www.pornhits.com"
            ]
        }
    ],
    "categories": [],
    "performance": {},
    "cookies": 0,
    "topInitiators": [
        {
            "domain": "first party",
            "prevalence": 0.6363636363636364
        },
        {
            "domain": "6f752f73ce.com",
            "prevalence": 0.24242424242424243
        },
        {
            "domain": "wpadmngr.com",
            "prevalence": 0.12121212121212122
        }
    ],
    "types": {
        "Preflight": 20,
        "XHR": 20,
        "Image": 6
    },
    "nameservers": [
        "ns2.digitalocean.com",
        "ns3.digitalocean.com",
        "ns1.digitalocean.com"
    ]
}