{
    "domain": "p-n.io",
    "owner": {
        "name": "Pushly",
        "displayName": "Pushly"
    },
    "source": [
        "DuckDuckGo-NL"
    ],
    "prevalence": 0.00231,
    "sites": 23,
    "subdomains": [
        "cdn",
        "k"
    ],
    "cnames": [],
    "fingerprinting": 2,
    "resources": [
        {
            "rule": "p-n\\.io\\/pushly-sdk\\.min\\.js",
            "cookies": 0.00171,
            "fingerprinting": 2,
            "subdomains": [
                "cdn"
            ],
            "apis": {
                "Navigator.prototype.plugins": 22,
                "window.sessionStorage": 22,
                "Navigator.prototype.cookieEnabled": 17,
                "Navigator.prototype.userAgent": 17,
                "Navigator.prototype.appVersion": 17,
                "Navigator.prototype.appCodeName": 17,
                "Navigator.prototype.product": 17,
                "Navigator.prototype.platform": 17,
                "Document.cookie getter": 17,
                "Document.cookie setter": 17,
                "Date.prototype.getTime": 17,
                "Notification.permission": 17,
                "Navigator.prototype.permissions": 17,
                "Intl.DateTimeFormat.prototype.resolvedOptions": 9
            },
            "sites": 23,
            "prevalence": 0.00231,
            "cnames": [],
            "responseHashes": [
                "a45756ae99b57355bc32b88a145a1afdab0788937e505c88008e888e7427f1d7",
                "25fafe9cd420206632cffdc334c72f4cb6d82389fcf261e166be927ea705b74e",
                "e94e3be9cce911f646cb8e72d11f710526dadab871443e69c5f9b9655933f3cc",
                "1557e65a41e1397ee9b302c9b3cd6b1cfdaa811f1348fbfa3cd8bb3d55f68b4f",
                "a7ca6454a6409a752fcb3caf98ab7d082999817e67620ac849404a35d1b9481d",
                "c3940e352d7b36064354d8167098298877c7fc79ca43bfc406acf19d4663f530",
                "0208bcee0888c53f20763e03b4ff3a1f33bfbac32632651a332b2be144a42a2f",
                "6e1dad045ab51543a18964928e3dff8e5c3e08a56f06d6e23c6e6e644cdbdf93",
                "7fc8559181cbf3523485e2ad2d4cef7b3c8fe576807054c93dc44499792ad48b",
                "af869f6a89af7a6d1485fd5fc682d51a6e611d52de00cb77d9832e62cc6775d1",
                "0b2004fa8537c248988d72b6522667f431b6103f7179e4021595f55fd0117cfe",
                "e47adda1f3ced4dacefbe1ecd86f822f0b8c4f2d38e0ab3d5f0ae44041683239",
                "10b15e08a588d1252ed3e7d04b4579e23a31c93e56c24d659b290fef4ce99136",
                "ca21cdc4d19831053725fb5f97a3351588c9be99d4142736a1d1d97d88c39b53",
                "d48ff7c215859e4cf2635e9dd64ca6654e84f033f2304670af0bfc9dbacf9984",
                "e1448dc1521ac47331c4a4b34cc1268da242bb86ffb84cb10fa5143fb9c659f9",
                "d0d84ccf837af439fb5a552afa399501e82d4ad907eba910287da06f81d475d7",
                "2f38746e6e90858d8e4ecf3a40749b17274528a77517afc681441dde559205d9",
                "7acece2b60b5b5601feaf08550ced868b8d59b6693bb7b847ee52a9f532bb4c3",
                "36806dc3f6594b42e0c08e218804e79e5ad3e22230e402fc2b6aeaa9c3da7efd",
                "f5a73662d61661d03be6a3f7f68eff0ea46c6dcbff74e1849f236d509f73bf73"
            ],
            "type": "Script",
            "firstPartyCookies": {
                "_pnvl": {
                    "ttl": 863913602,
                    "length": 5,
                    "prevalence": 0.0016052974816895757,
                    "uniqueness": 0.0625
                },
                "pushly.user_puuid": {
                    "ttl": 863913602,
                    "length": 32,
                    "prevalence": 0.0016052974816895757,
                    "uniqueness": 1
                },
                "_pnxd": {
                    "ttl": -86398,
                    "length": 6,
                    "prevalence": 0.0016052974816895757,
                    "uniqueness": 0.125
                },
                "_pnss": {
                    "ttl": 863913602,
                    "length": 6,
                    "prevalence": 0.0016052974816895757,
                    "uniqueness": 0.125
                },
                "_pnlspid": {
                    "ttl": 863913602,
                    "length": 4,
                    "prevalence": 0.0016052974816895757,
                    "uniqueness": 0.5625
                },
                "_pntx": {
                    "ttl": -86398,
                    "length": 4,
                    "prevalence": 0.0016052974816895757,
                    "uniqueness": 0.0625
                },
                "_pnfcps": {
                    "ttl": -86398,
                    "length": 4,
                    "prevalence": 0.0014046352964783787,
                    "uniqueness": 0.14285714285714285
                },
                "_pnpcs": {
                    "ttl": -86398,
                    "length": 6,
                    "prevalence": 0.0014046352964783787,
                    "uniqueness": 0.14285714285714285
                },
                "_pnpdm": {
                    "ttl": 604811,
                    "length": 4,
                    "prevalence": 0.0006019865556335909,
                    "uniqueness": 0.16666666666666666
                },
                "_pnvl_bHgU9bxJ": {
                    "ttl": 863913604,
                    "length": 5,
                    "prevalence": 0.00010033109260559848,
                    "uniqueness": 1
                },
                "pushly.user_puuid_bHgU9bxJ": {
                    "ttl": 863913610,
                    "length": 32,
                    "prevalence": 0.00010033109260559848,
                    "uniqueness": 1
                },
                "_pnxd_bHgU9bxJ": {
                    "ttl": -86390,
                    "length": 4,
                    "prevalence": 0.00010033109260559848,
                    "uniqueness": 1
                },
                "_pnss_bHgU9bxJ": {
                    "ttl": 863913610,
                    "length": 4,
                    "prevalence": 0.00010033109260559848,
                    "uniqueness": 1
                },
                "_pnlspid_bHgU9bxJ": {
                    "ttl": 863913610,
                    "length": 5,
                    "prevalence": 0.00010033109260559848,
                    "uniqueness": 1
                },
                "_pntx_bHgU9bxJ": {
                    "ttl": -86390,
                    "length": 4,
                    "prevalence": 0.00010033109260559848,
                    "uniqueness": 1
                },
                "_pnfcps_bHgU9bxJ": {
                    "ttl": -86396,
                    "length": 4,
                    "prevalence": 0.00010033109260559848,
                    "uniqueness": 1
                },
                "_pnpcs_bHgU9bxJ": {
                    "ttl": -86396,
                    "length": 4,
                    "prevalence": 0.00010033109260559848,
                    "uniqueness": 1
                }
            },
            "firstPartyCookiesSent": {},
            "exampleSites": [
                "hollywoodlife.com",
                "mashable.com",
                "people.com",
                "www.allrecipes.com",
                "www.digitaltrends.com",
                "www.pcmag.com",
                "www.reference.com",
                "www.tasteofhome.com",
                "www.thesun.co.uk",
                "www.thesun.ie",
                "www.insidermonkey.com",
                "www.ranker.com",
                "www.horoscope.com",
                "www.health.com",
                "www.shape.com",
                "investorplace.com",
                "www.hellomagazine.com",
                "www.instyle.com",
                "ew.com",
                "www.askmen.com"
            ]
        },
        {
            "rule": "p-n\\.io\\/pushly-sdk\\.min\\.css",
            "cookies": 0,
            "fingerprinting": 0,
            "subdomains": [
                "cdn"
            ],