{
    "domain": "thuiswinkel-cdn.org",
    "owner": {},
    "source": [
        "DuckDuckGo-NL"
    ],
    "prevalence": 0.00151,
    "sites": 15,
    "subdomains": [
        "widget",
        "widgetcontent"
    ],
    "cnames": [],
    "fingerprinting": 1,
    "resources": [
        {
            "rule": "thuiswinkel-cdn\\.org\\/script\\.js",
            "cookies": 0,
            "fingerprinting": 1,
            "subdomains": [
                "widget"
            ],
            "apis": {
                "Navigator.prototype.userAgent": 1
            },
            "sites": 15,
            "prevalence": 0.00151,
            "cnames": [],
            "responseHashes": [
                "f8ec292b04930e69736c57be62a75770b5287c44b63f43f3eee48b7dafd9903c"
            ],
            "type": "Script",
            "firstPartyCookies": {},
            "firstPartyCookiesSent": {},
            "exampleSites": [
                "iear.nl",
                "praxis.nl",
                "topbloemen.nl",
                "www.123apparatuur.nl",
                "www.bushcraftshop.nl",
                "www.eki.nl",
                "www.gordijnen.nl",
                "www.gordijnshop.nl",
                "www.intertoys.nl",
                "www.motoport.nl",
                "www.polarheat.nl",
                "www.praxis.nl",
                "www.proshop.nl",
                "www.vitakruid.nl",
                "www.zoweg.nl"
            ]
        },
        {
            "rule": "thuiswinkel-cdn\\.org\\/load-statistics",
            "cookies": 0,
            "fingerprinting": 0,
            "subdomains": [
                "widgetcontent"
            ],
            "apis": {},
            "sites": 15,
            "prevalence": 0.00151,
            "cnames": [],
            "responseHashes": [
                "863a408317e3b257640b481497b81ea76cd52f4ec45bfd67978ce34f09019f14",
                "2fc484b37d1608c82e0856e377f74e7fcf71f8c40097c58eb6854b1e7a4d0e74",
                "0e54d0da8d5064ae80f948e272d20643008a980d4309f104e4023cdbe6f65d01",
                "acc50683dccc7176c04b677bc198f3f0f7a8e72118f47e7226ddeba8ce40bdb1",
                "9780c17d249165f5409819a658b7d0ee1ca4f16543faa5631ed7f8be52b036c0",
                "d97034164b37355b8bd6a3fae698867933e8c9cb6325abe7f797022e65600621",
                "19d16f259e8b7952ccdb099463d9ea495d6a6e53d4a95dca927138a1e641a82f",
                "b4ab3e027d1113c80d4842dc4d837ace97e8bed22cde806a970d616509573b61",
                "add6435250a8d9972bf462af55003acd458f3234f25f4f507c38ac0499b43ece",
                "277e04059b7e6fc4cb5dd389097efc3d382cafa4034062ce890eb367a3089ab3",
                "6b067ec759dacf23f18d60f06c2207982cf5624fd9ee262305ba32b56773cbe8",
                "9fc1df77a3a64c290223f45e9bebaca56538b47837f4bdb30cdf723c71a1fd31",
                "91da0e3b906de84b740de1bd7d4902d9be204dc6f0a9aa7dfe52790eb247a7d2"
            ],
            "type": "XHR",
            "firstPartyCookies": {},
            "firstPartyCookiesSent": {},
            "exampleSites": [
                "iear.nl",
                "praxis.nl",
                "topbloemen.nl",
                "www.123apparatuur.nl",
                "www.bushcraftshop.nl",
                "www.eki.nl",
                "www.gordijnen.nl",
                "www.gordijnshop.nl",
                "www.intertoys.nl",
                "www.motoport.nl",
                "www.polarheat.nl",
                "www.praxis.nl",
                "www.proshop.nl",
                "www.vitakruid.nl",
                "www.zoweg.nl"
            ]
        },
        {
            "rule": "thuiswinkel-cdn\\.org\\/tww_widget_styles\\.css",
            "cookies": 0,
            "fingerprinting": 0,
            "subdomains": [
                "widget"
            ],
            "apis": {},
            "sites": 15,
            "prevalence": 0.00151,
            "cnames": [],
            "responseHashes": [
                "d4a6338ca7c21ea9da1666cfcd926df13787d30d5db8a6534e38a54c265b70bf"
            ],
            "type": "Stylesheet",
            "firstPartyCookies": {},
            "firstPartyCookiesSent": {},
            "exampleSites": [
                "iear.nl",
                "praxis.nl",
                "topbloemen.nl",
                "www.123apparatuur.nl",
                "www.bushcraftshop.nl",
                "www.eki.nl",
                "www.gordijnen.nl",
                "www.gordijnshop.nl",
                "www.intertoys.nl",
                "www.motoport.nl",
                "www.polarheat.nl",
                "www.praxis.nl",
                "www.proshop.nl",
                "www.vitakruid.nl",
                "www.zoweg.nl"
            ]
        },
        {
            "rule": "thuiswinkel-cdn\\.org\\/images\\/popup-color-h\\.svg",
            "cookies": 0,
            "fingerprinting": 0,
            "subdomains": [
                "widget"
            ],
            "apis": {},
            "sites": 7,
            "prevalence": 0.000707,
            "cnames": [],
            "responseHashes": [
                "98dff8abe2f9faef8f9b70b6d80d2a1a4120f7af15d057b37f5e34a4d6590271"
            ],
            "type": "Image",
            "firstPartyCookies": {},
            "firstPartyCookiesSent": {},
            "exampleSites": [
                "iear.nl",
                "topbloemen.nl",
                "www.gordijnen.nl",
                "www.intertoys.nl",
                "www.motoport.nl",
                "www.vitakruid.nl",
                "www.zoweg.nl"
            ]
        },
        {
            "rule": "thuiswinkel-cdn\\.org\\/images\\/logo\\.svg",
            "cookies": 0,
            "fingerprinting": 0,
            "subdomains": [
                "widget"
            ],
            "apis": {},
            "sites": 13,
            "prevalence": 0.00131,
            "cnames": [],
            "responseHashes": [
                "4e2ad3e7d86a12710480de574c410875df00373fa0ad53a244a0e26009a9470c"
            ],
            "type": "Image",
            "firstPartyCookies": {},
            "firstPartyCookiesSent": {},
            "exampleSites": [
                "iear.nl",
                "praxis.nl",
                "topbloemen.nl",
                "www.123apparatuur.nl",
                "www.gordijnen.nl",
                "www.gordijnshop.nl",
                "www.intertoys.nl",
                "www.motoport.nl",
                "www.polarheat.nl",
                "www.praxis.nl",
                "www.proshop.nl",
                "www.vitakruid.nl",
                "www.zoweg.nl"
            ]
        },
        {
            "rule": "thuiswinkel-cdn\\.org\\/load-widget-config\\/2185-1",
            "cookies": 0,
            "fingerprinting": 0,
            "subdomains": [
                "widgetcontent"
            ],
            "apis": {},
            "sites": 2,
            "prevalence": 0.000202,
            "cnames": [],
            "responseHashes": [
                "df5da35259fc10534076db5f319124268cf5346a1af4082d95a61f51f14e011a"
            ],
            "type": "XHR",
            "firstPartyCookies": {},
            "firstPartyCookiesSent": {},
            "exampleSites": [
                "praxis.nl",
                "www.praxis.nl"
            ]
        },
        {
            "rule": "thuiswinkel-cdn\\.org\\/images\\/star-full-yellow\\.svg",
            "cookies": 0,
            "fingerprinting": 0,
            "subdomains": [
                "widget"
            ],
            "apis": {},
            "sites": 5,
            "prevalence": 0.000505,
            "cnames": [],
            "responseHashes": [
                "9496807517e407ade6e03f5bf1983687327171bdda13c46cf2ba7cf575ea1539"
            ],
            "type": "Image",
            "firstPartyCookies": {},
            "firstPartyCookiesSent": {},