{
    "domain": "trackwilltrk.com",
    "owner": {},
    "source": [
        "DuckDuckGo-NL"
    ],
    "prevalence": 0.00291,
    "sites": 29,
    "subdomains": [
        "r"
    ],
    "cnames": [],
    "fingerprinting": 0,
    "resources": [
        {
            "rule": "trackwilltrk\\.com\\/s1\\/53a26ffa-e508-4c32-b2c3-7339958fe8c1",
            "cookies": 0.00191,
            "fingerprinting": 0,
            "subdomains": [
                "r"
            ],
            "apis": {},
            "sites": 19,
            "prevalence": 0.00191,
            "cnames": [],
            "responseHashes": [
                "5ae3ce41f590e713d99c06b19223d38636c20e292a68aa930de6a5d74ccf0e6d",
                "c246ffe4b8f967c0235cdb8c72303805cae6ef822d19fa15b279cecc3c969060",
                "3ded8dcf61558a9848418fa7a6434f16a36c9c94ea7610e3b9c45646254f1bae",
                "c49b2007f7c767d070b581501aedd23dc21a2d3728244f3e92eed496d4bfb4d7",
                "c755efc74296a19405a570b9b36c4bf3a037c8a14aacbd7ae1714ebfeff8607d",
                "cec79108703ac5151f4a04fb3569eea5884a8a5b738c7f6c97d110e1640223e7",
                "efb97246cc1222c73d0ba4afb819218d3fb8521ef5e2a3789f386a0419b9d126",
                "b8c408a54db6b20d4f93c9baccc3cd3a58f4e6645c8d5b0ffafa0449e56bd480",
                "b0b307873d6720096ce8c985ce9451983b4bd24eec178beac73bcfadb228ceb5",
                "4ebe65b47c6ae1d94575a1579fbaafa7b5d19fed699a6209930d6c551942ac41",
                "30f3ad4759019bb1dd55c8a79803c2fc1b2a744c834772dc4213f76c10702427",
                "563f69955f2c2f30624374139deb73ab5dd62bbcdbf3cccaa15bb06004113cec",
                "783cf9cd333ff010f9fdd0380d3067efdffa3155ed394ed2cd84d45aea38da4a",
                "cf154d0433806023cd4ec0c51c1f88fd25b7ed3825fecaef0429e132da4999d5",
                "97bff46613ef1310aba2449e5a0410e3160c38d3c9cd520bfe9cde79a437cd05",
                "c5b98f785a908dec9d3eb0a4ca1f04bd6947ac17e1a2d0edb6af6f119c611fa1",
                "88f881a70b64ace890ff8086499807255c8742d3ac39f59f1da1a4280c2d2578",
                "0a51546fe36d227db8e45371a97a07c3aaf33ee9e1b8ed003327b430d6865827"
            ],
            "type": "Document",
            "firstPartyCookies": {},
            "firstPartyCookiesSent": {},
            "exampleSites": [
                "chaturflix.cam",
                "eroticcore.xyz",
                "naked.titis.org",
                "nakedwomenpics.com",
                "nl.spankbang.com",
                "porn-xnxx.com",
                "titis.org",
                "txxx.com",
                "vjav.com",
                "vxxx.com",
                "www.boysex.pro",
                "www.fpo.xxx",
                "www.javmost.cx",
                "www.xfreehd.com",
                "www.xtremehard.net",
                "xnxx-xxx.pro",
                "xnxx.club",
                "xxxfuck.pro",
                "xxx-porn-hub.com"
            ]
        },
        {
            "rule": "trackwilltrk\\.com\\/s1\\/78a8f7ad-fba9-4758-9084-6835105b2d8b",
            "cookies": 0.000201,
            "fingerprinting": 0,
            "subdomains": [
                "r"
            ],
            "apis": {},
            "sites": 2,
            "prevalence": 0.000201,
            "cnames": [],
            "responseHashes": [
                "1eada23c407f59a3d40b93870d8e79f04ef5ed27e624a78e8f10cff119ee5808"
            ],
            "type": "Document",
            "firstPartyCookies": {},
            "firstPartyCookiesSent": {},
            "exampleSites": [
                "javraveclub.com",
                "javrave.club"
            ]
        },
        {
            "rule": "trackwilltrk\\.com\\/s1\\/4121eca0-ff5a-4c89-9772-768fbbfd1900",
            "cookies": 0.000201,
            "fingerprinting": 0,
            "subdomains": [
                "r"
            ],
            "apis": {},
            "sites": 2,
            "prevalence": 0.000201,
            "cnames": [],
            "responseHashes": [
                "1be0324199ab0ecffd1e59889e634934774f99bf650262e8e74036f58d83df39"
            ],
            "type": "Document",
            "firstPartyCookies": {},
            "firstPartyCookiesSent": {},
            "exampleSites": [
                "bestjavporn.com",
                "www4.bestjavporn.com"
            ]
        }
    ],
    "categories": [],
    "performance": {},
    "cookies": 0.00291,
    "topInitiators": [
        {
            "domain": "tsyndicate.com",
            "prevalence": 0.8813559322033898
        },
        {
            "domain": "bhabhiporn.pro",
            "prevalence": 0.0847457627118644
        },
        {
            "domain": "first party",
            "prevalence": 0.03389830508474576
        }
    ],
    "types": {
        "Document": 23
    },
    "nameservers": [
        "ns.anycastns1.org",
        "ns.anycastns2.org"
    ]
}