{
    "domain": "unless.com",
    "owner": {},
    "source": [
        "DuckDuckGo-NL"
    ],
    "prevalence": 0.000702,
    "sites": 7,
    "subdomains": [
        "5d347243-25ba-42c4-b444-0250e1e292b4",
        "5afe143b-5113-4dbc-ba23-76682b17668d",
        "c9c1ada6-0ebb-479c-9698-1070e971ffed",
        "22b0208b-8f81-496a-ac73-e1a6fea6a296",
        "e997390d-0238-4753-b4bf-68d301fb6928"
    ],
    "cnames": [],
    "fingerprinting": 1,
    "resources": [
        {
            "rule": "unless\\.com\\/js\\/v5\\/latest\\/txt\\.min\\.js",
            "cookies": 0.000401,
            "fingerprinting": 1,
            "subdomains": [
                "5d347243-25ba-42c4-b444-0250e1e292b4",
                "5afe143b-5113-4dbc-ba23-76682b17668d",
                "c9c1ada6-0ebb-479c-9698-1070e971ffed",
                "22b0208b-8f81-496a-ac73-e1a6fea6a296",
                "e997390d-0238-4753-b4bf-68d301fb6928"
            ],
            "apis": {
                "Document.cookie getter": 7,
                "window.sessionStorage": 7,
                "Document.cookie setter": 4,
                "window.localStorage": 7,
                "window.innerWidth": 7,
                "Navigator.prototype.language": 5,
                "Date.prototype.getTime": 4
            },
            "sites": 7,
            "prevalence": 0.000702,
            "cnames": [],
            "responseHashes": [
                "dc6d72f976282fa5f56504cfa2c9675b27fcecc4ea2cc0752512412c452c6b2a",
                "e5b6b99f4ef668011b50e3dc72cfc88eed1c0d209102c5854884c35baf988494",
                "871844b58ae19cc51f55d66d3aa5bce8151f23b33dab3da75f4b968ceeffd365",
                "cba93a3c9a97fd2dbc0dd4cc402173d1d77385aba8f0c6b3a0836909ed9e3baf",
                "ff975f38461a933be349e5ccdd75351f011338c26fcf231d21df179a09e3b3d7",
                "b3f83302a68705d58ea0d34d8e7b42acdeabb806e400184d24762403d75cff83"
            ],
            "type": "Script",
            "firstPartyCookies": {
                "unless_sid": {
                    "ttl": null,
                    "length": 36,
                    "prevalence": 0.0004008819402685909,
                    "uniqueness": 1
                },
                "unless_id": {
                    "ttl": 31536005,
                    "length": 36,
                    "prevalence": 0.0004008819402685909,
                    "uniqueness": 1
                }
            },
            "firstPartyCookiesSent": {},
            "exampleSites": [
                "kamernet.nl",
                "www.kruidvat.be",
                "www.kruidvat.nl",
                "www.otolift.nl",
                "www.prenatal.nl",
                "www.trekpleister.nl",
                "www.vismaraet.nl"
            ]
        },
        {
            "rule": "unless\\.com\\/api\\/v1\\/txt-api\\/update-visitor",
            "cookies": 0,
            "fingerprinting": 0,
            "subdomains": [
                "5d347243-25ba-42c4-b444-0250e1e292b4",
                "22b0208b-8f81-496a-ac73-e1a6fea6a296",
                "e997390d-0238-4753-b4bf-68d301fb6928"
            ],
            "apis": {},
            "sites": 4,
            "prevalence": 0.000401,
            "cnames": [],
            "responseHashes": [
                "45be41fb7d77d7648704b756efe1c661cddd622e0368dd827ac3b2b0044cc7a7",
                "a909a41ed8bd82ac9c629ca8eab866d663cae7090ca3013c4329479103de7f75",
                "cbdea37242e620dbb578eb518718501e0b2d99e03bd3da03611314b76c7a0475"
            ],
            "type": "XHR",
            "firstPartyCookies": {},
            "firstPartyCookiesSent": {},
            "exampleSites": [
                "kamernet.nl",
                "www.otolift.nl",
                "www.prenatal.nl",
                "www.vismaraet.nl"
            ]
        },
        {
            "rule": "unless\\.com\\/api\\/v1\\/txt-api\\/get-experiences",
            "cookies": 0,
            "fingerprinting": 0,
            "subdomains": [
                "c9c1ada6-0ebb-479c-9698-1070e971ffed",
                "e997390d-0238-4753-b4bf-68d301fb6928"
            ],
            "apis": {},
            "sites": 2,
            "prevalence": 0.0002,
            "cnames": [],
            "responseHashes": [
                "8f746b00c6546ff16bc365431f89adf80125f300844ab79ec81f8b2708f89116"
            ],
            "type": "XHR",
            "firstPartyCookies": {},
            "firstPartyCookiesSent": {},
            "exampleSites": [
                "kruidvat.nl",
                "www.prenatal.nl"
            ]
        }
    ],
    "categories": [],
    "performance": {},
    "cookies": 0.000401,
    "topInitiators": [
        {
            "domain": "first party",
            "prevalence": 1
        }
    ],
    "types": {
        "Script": 7,
        "XHR": 6
    },
    "nameservers": [
        "ns-521.awsdns-01.net",
        "ns-410.awsdns-51.com",
        "ns-1843.awsdns-38.co.uk",
        "ns-1497.awsdns-59.org"
    ]
}