{
    "domain": "webwinkelkeur.nl",
    "owner": {},
    "source": [
        "DuckDuckGo-NL"
    ],
    "prevalence": 0.00361,
    "sites": 36,
    "subdomains": [
        "dashboard",
        "www"
    ],
    "cnames": [],
    "fingerprinting": 1,
    "resources": [
        {
            "rule": "webwinkelkeur\\.nl\\/webshops\\/widget_html",
            "cookies": 0,
            "fingerprinting": 1,
            "subdomains": [
                "dashboard"
            ],
            "apis": {
                "Navigator.prototype.userAgent": 6,
                "window.localStorage": 5
            },
            "sites": 15,
            "prevalence": 0.00151,
            "cnames": [],
            "responseHashes": [
                "aaa4d4ba860cd9543595a6f4b6e448987d916d70c27e027f85a1d3eb29d28fc5",
                "c0172082ea88f7970fbc1a99f2782c835f94a3a8fc6d2a6b0c5969244f32514e",
                "82864b0bf1b2df94146ed9a29c72bfb5a4ca87ca538824f8f4dd1b83579e74ac",
                "c2f3744f922e0a7ac4df7c71b27007d03ee6717a8f47adc6c972020a287d7736",
                "7276be08eba17fa59c6162a71a4990f3322d702a75bad18dd73413f98ef7ab73",
                "475a29a2bdaaf5e7990f78c92d02afc28e578d25988572f5fad1c87405339c90",
                "58e06d96e7bd6270b6508bad6c8403aef104265551359fd9a37ce97d9c8e1ada",
                "6333f1b46fb747ccf4dd56a214b22962340b38d5c4433a10f879832bf91fe03f",
                "671406751d6ce717e8e1cbd9d1b6109be3e5f5462d34e6e923c669ad32d65732",
                "dbedab02bdf0c0f306f507df39967ecafd257431276f48b11b20544c5bcaf9c1",
                "23a2b0e4dd8008ec4d91976a9cbdd3bad1b2cb3f31a9e43105958583156f187c",
                "71acfc233ee6d604050e91dac7461bac9c809f24b1e9ae374b0703390fae7ce9",
                "a5f44092e3bd9645988072bcf5bcd9e0d7269876fb1da111ba35641cf0909b0c"
            ],
            "type": "Document",
            "firstPartyCookies": {},
            "firstPartyCookiesSent": {},
            "exampleSites": [
                "goedkoopdrankslijterij.nl",
                "office-verkooppunt.nl",
                "voordeelkruiden.nl",
                "www.acculaders.nl",
                "www.dekruidenbaron.nl",
                "www.groenevrouw.nl",
                "www.ledwereld.nl",
                "www.medicamarkt.nl",
                "www.meubelbeslagonline.nl",
                "www.offgridcentrum.nl",
                "www.onlineaquariumspullen.nl",
                "www.prepshop.nl",
                "www.rvsland.nl",
                "www.superfoodsonline.nl",
                "www.warmtebeheer.nl"
            ]
        },
        {
            "rule": "webwinkelkeur\\.nl\\/js\\/sidebar\\.js",
            "cookies": 0,
            "fingerprinting": 1,
            "subdomains": [
                "www"
            ],
            "apis": {
                "Navigator.prototype.language": 1
            },
            "sites": 11,
            "prevalence": 0.0011,
            "cnames": [],
            "responseHashes": [
                "b9dfab6fb702435f90f46b83bf15755229b1cf2d237d637a5fdae3ba93363a7f",
                "579dbe795fc5303aef079b0a3763c831d2074dd62883ea6dfe70afe2354bd000"
            ],
            "type": "Script",
            "firstPartyCookies": {},
            "firstPartyCookiesSent": {},
            "exampleSites": [
                "goedkoopdrankslijterij.nl",
                "www.berivita.com",
                "www.bestfightshop.nl",
                "www.dekruidenbaron.nl",
                "www.gps.nl",
                "www.groenevrouw.nl",
                "www.ledwereld.nl",
                "www.meubelbeslagonline.nl",
                "www.prepshop.nl",
                "www.tuinadvies.be",
                "www.tuinadvies.nl"
            ]
        },
        {
            "rule": "webwinkelkeur\\.nl\\/sidebar\\.js",
            "cookies": 0,
            "fingerprinting": 1,
            "subdomains": [
                "dashboard"
            ],
            "apis": {
                "Navigator.prototype.language": 24,
                "window.sessionStorage": 1
            },
            "sites": 25,
            "prevalence": 0.00251,
            "cnames": [],
            "responseHashes": [
                "342813601fa8c3564840f1094d089b75c38e23b5158c92d9dcbf3009902bd7a0",
                "e1cb84d017294711dbd9d274c5057ba39af69bb23b5049ae38a08adcfed54b9d",
                "40bc2d9c100577727e4b640c266150d2c8137b9fcce549825df8a3cc30d4ad4d",
                "16f353b7dc63f24af4c5f6c5aaf3d6fd9a288a65d93b0e9ccc9b8873d23a2526",
                "cf5765c824034c5248ba6e6c724894fcfc743283cea4df222ac0291c022734e3",
                "c491bfa106104a58d0bd0a0b129102c850d3698c4e570e911e536b61de49d85c",
                "f9bdb2a36b4900779dffb0cb2409591a2263fb14b8dca5e7bcd8f37e20779fb0",
                "c1fe1da900cb19b3bc7bf22ad76422a6fb9931f5e177f3f6d9062efd54ff3aa9",
                "aea9958743899150196e877ba2b3d3cb4b1da0a3eae9921e977497cbd4a0656f",
                "e9be96eb87f14528c8107d484859ffd96221654ee74f8da3ee46ae4f4336a832",
                "437c0c530983fcf0793f564f10e604bd0208bdf5f3679238883bc29c7b6dd061",
                "a1b71943c92900e8e818cdde761d5fcf5d69c8d70f1f0ea2add3ef600bad37d9",
                "9ea295f584cd925b1b0e6164b7b89fcff657aea236ea52d91b23139d2ee31bb8",
                "429e0918ec669b6be469faad27d1af3afa3da5e2456bcb24e67cd26d4dd8ab7f",
                "932ba02236217a00c4b45cc3af6d094e596418f8d1d577fa5e66ecc77500cb77",
                "7281fa3ad0cc5fb43cde45240287247326ea1a9cc505915718c4ce1ead6a0650",
                "90da223f661d4743f350880e4f2293852e6d5bf8ff59f50269b5fea4c966c9df",
                "c3eab255a5844d5e1111f29f53504c5efb8917f14a9168ea475abeb5f275ed09",
                "7e9ae5293d7592e44af2f8f98500faa0b88985bd1ec0a447a5c9b896a01b355e",
                "cba0ad2fda7428024067d8c10cba9aec4632ecdb5287d1e8cd7df5cbf7b2eb7d",
                "bace56e0d6def7f6e14148bbd7f5443dbba8adc292b318a2888985609ce6d383",
                "84382c1e86c544168930ddac2d75072bcd0e80b32c47c6c510f7a057f878357e",
                "595bb0201fe6ab29c5eb0a5dfc8491e5c53fe17c479866c0ac6bb911d2567d9d",
                "a6296c1027617e55d205964f3ba6556911dfd23207722be361b762b8d0ee7c14"
            ],
            "type": "Script",
            "firstPartyCookies": {},
            "firstPartyCookiesSent": {},
            "exampleSites": [
                "www.stickerland.nl",
                "www.berivita.com",
                "www.solar-bouwmarkt.nl",
                "goedkoopdrankslijterij.nl",
                "www.onlineaquariumspullen.nl",
                "www.dekruidenbaron.nl",
                "www.tuinadvies.nl",
                "www.tuinadvies.be",
                "www.ledwereld.nl",
                "www.prepshop.nl",
                "www.bestfightshop.nl",
                "office-verkooppunt.nl",
                "www.mijnonderdelenhuis.nl",
                "www.kristalmeester.nl",
                "www.vuurenrook.nl",
                "solargarant.nl",
                "www.staalvakman.nl",
                "www.gps.nl",
                "www.meubelbeslagonline.nl",
                "www.fietsonderdelenoutlet.nl"
            ]
        },
        {
            "rule": "webwinkelkeur\\.nl\\/webshops\\/widget_js",
            "cookies": 0,
            "fingerprinting": 0,
            "subdomains": [
                "dashboard"
            ],
            "apis": {},
            "sites": 2,
            "prevalence": 0.000201,
            "cnames": [],
            "responseHashes": [],
            "type": "Script",
            "firstPartyCookies": {},
            "firstPartyCookiesSent": {},
            "exampleSites": [
                "office-verkooppunt.nl",
                "www.rvsland.nl"
            ]
        },
        {
            "rule": "webwinkelkeur\\.nl\\/webshops\\/widget_js\\.js",
            "cookies": 0,
            "fingerprinting": 0,
            "subdomains": [
                "dashboard"
            ],