{
    "domain": "wsknow.net",
    "owner": {},
    "source": [
        "DuckDuckGo-NL"
    ],
    "prevalence": 0.000603,
    "sites": 6,
    "subdomains": [],
    "cnames": [],
    "fingerprinting": 0,
    "resources": [
        {
            "rule": "wsknow\\.net\\/jssdk\\/track\\/",
            "cookies": 0,
            "fingerprinting": 0,
            "subdomains": [],
            "apis": {},
            "sites": 7,
            "prevalence": 0.000704,
            "cnames": [],
            "responseHashes": [
                "db2e3e94e1780b4dc23a67caa4ad1f14c6ce36434902979967fa17c6ff60dd11",
                "799c45d503f5f418c8ab6c3b7e93716a0c9c441e67b6179e3708b64f699bb639",
                "ef598e3e5b1df0ec289d2d75085b163a699e181f6a48b067dce898d31c570e8f",
                "a2df09b7e586410c5362f7f4f7f175fb2f5a449c06cf7893b609c9705c32064f",
                "dd2d0246f89e48c774fe4d6729f17528b3f357114ea091367d3b0f55d2b4e68b",
                "f682d401af0e398d85c6738476783f34c839658bf2aa1b28710942326037c849"
            ],
            "type": "XHR",
            "firstPartyCookies": {},
            "firstPartyCookiesSent": {},
            "exampleSites": [
                "safetydetectives.com",
                "nl.safetydetectives.com",
                "nl.wizcase.com",
                "www.safetydetectives.com",
                "www.vpnmentor.com",
                "www.websiteplanet.com",
                "www.wizcase.com"
            ]
        }
    ],
    "categories": [],
    "performance": {},
    "cookies": 0,
    "topInitiators": [
        {
            "domain": "first party",
            "prevalence": 0.8461538461538461
        },
        {
            "domain": "dt2sdf0db8zob.cloudfront.net",
            "prevalence": 0.15384615384615385
        }
    ],
    "types": {
        "XHR": 7
    },
    "nameservers": [
        "ns37.domaincontrol.com",
        "ns38.domaincontrol.com"
    ]
}