{
    "domain": "yfetyg.com",
    "owner": {},
    "source": [
        "DuckDuckGo-NL"
    ],
    "prevalence": 0.00391,
    "sites": 39,
    "subdomains": [],
    "cnames": [],
    "fingerprinting": 0,
    "resources": [
        {
            "rule": "yfetyg\\.com\\/wnload",
            "cookies": 0,
            "fingerprinting": 0,
            "subdomains": [],
            "apis": {},
            "sites": 39,
            "prevalence": 0.00391,
            "cnames": [],
            "responseHashes": [
                "98d0a5009078a074d718c918abbb5fa269d4398c6f1e5e69d7f926bfefa32f7d",
                "a3a45301ff5b942f3d4b34a44dff6db392a2942fe008c081734c7217da82045f",
                "22084711543931946092e4a540ebb00548920b2c59864812c4448d49c20afe85",
                "f3f51e00ab93abf413c32fa5b1710b37e021fbbc072e664f20496005ac783d51",
                "8704f7dd31c33c6293da57378af9e0c374ac5f3cc005d907e22e1b31208ac43a",
                "de7e40e693a960b2bb1538f73eb352a04fd99e8336d7277affc2bdb447a1a43f",
                "5e406c4def040784f87cacbe95562a9392dbb7162f8f2796795aad6fe5bdb603",
                "6db82afb017444bebc67a44ccbe433c38f14fe11443539d485b160cdc5a6d6e0",
                "1f2e27431d68578d812afac38b7ab7ddbb78ef4964d2eb0283f9f6b0e9bb26f2",
                "4bafe2342b1c7ee6bee76753ec7835e1e6d74abd9d1454c51e9282de177be9b6",
                "75a7a9949c4bb6ce47f7bd3de268532eea4ae543198fdf6b59621dc3e8265756",
                "3d736f34154623d7d50e1b7cc2863b11b780050a137779887bca5cc0b0cba4b6",
                "bf11c7127e567c1b96267b32f241fb10969818d72347b91802042982f589e552",
                "f7f03d1872f6eae552f08cb0f24b38fdd008ae8c3c79da1f50cf1f82208f7baa",
                "910637d07b6c3ab169e53839583d2e086d4d36be812386b4c122d2ff8806c1ab",
                "0e3e69d9b7572afd0a7227eb837ec3859adb395bd03f300e0885342c9cf1449c",
                "fccac689dca7b8119c9fab059d3be68900e290c55ff25b5532a06bfc906a69e1",
                "b4c51a7b87c4f307bfbb7992dcfd3fb3c8719cab677f16aa9be056e676913cd7",
                "82c8275eb92f1d2a17e1614f805100b8b498768a33143166da95e8622d0e639a",
                "01cb0c5a677deba1ee9bb6811f085d99427d48063442318e895ae3eee0a3012c",
                "7618325c3495597fec3e26f14acc173cbfcc2eab2c8adf16bc1a814e543dac08",
                "ce4ec5af1f4fad54e09fb1620cdef3885b8d884b17da3b1256472a7ebc862406",
                "1e1cbc87c5d74920afdbc377701cd0380969ed084da85b37c2d318a161d40f4e",
                "d01dea72f8b1726fd38095589c8544bcee02ae7751f152e0d9a1f54b1b6dd754",
                "131da05f433ccf49dafea400ee936c9ba395c338cd45297664c913d93fe96c35",
                "1b5aa625653dd813a8190dea09c6b9a295007d9f6bd55eede2464b505d3fe80f",
                "7e55b6e6de986d66a7ee9c1644632e784643803d763e968e0c306f78421bd68b",
                "a429e65f98fff22b8717211db044bb0f25278ab8a642dfe1454a2908162d15b8",
                "49e30582cdb13456691f0a4fbc84337a148035c066cdfe422a73e60d15a8fcc8",
                "3b41d516fd8712a1672769a8e1c4c467f785226c592bc61548be2887e435981b",
                "b85bd9c4be151ee51ce705aa9888f98fd0504c88c08dccf38a3191e26bb83e47",
                "c8f24868d1df99397e466074e68dba8618e707eb8517448f9cba08c738732e7d",
                "cd7825475a97baac0066e8e37ffce8484933f221701428ca4fc948632d1ce853",
                "37f8514d319b4daf9c83a9b2dee3006c821fe14772cc60f7f19e46418420b629",
                "50e7bf3711f267dc5bb1cd310f0420aa2cc13d15b40b63c498fe7d62a1e4ae2f"
            ],
            "type": "Fetch",
            "firstPartyCookies": {},
            "firstPartyCookiesSent": {},
            "exampleSites": [
                "mydesi.net",
                "hornyxxx.win",
                "onlyanimalporn.com",
                "www.hitprn.com",
                "xxx2024.com",
                "shittytube.com",
                "www.xnxxsexporn.net",
                "www.bestialitysextaboo.com",
                "zoo-xnxx.com",
                "vip.pornbraze.com",
                "pornrape.net",
                "bestpornthumbs.com",
                "shemaleleaks.com",
                "desixx.net",
                "xxxtubezoo.com",
                "2xxx.me",
                "beastiality.tv",
                "bestgore.fun",
                "xxvideoss.org",
                "zooredtube.com"
            ]
        },
        {
            "rule": "yfetyg\\.com\\/wnrw",
            "cookies": 0,
            "fingerprinting": 0,
            "subdomains": [],
            "apis": {},
            "sites": 37,
            "prevalence": 0.00371,
            "cnames": [],
            "responseHashes": [],
            "type": "Fetch",
            "firstPartyCookies": {},
            "firstPartyCookiesSent": {},
            "exampleSites": [
                "zootrex.com",
                "www.xpee.com",
                "zooredtube.com",
                "hornyxxx.win",
                "masahub.net",
                "xxxvideoszoo.com",
                "www.xmegadrive.com",
                "vip.pornbraze.com",
                "xxxsexzoo.com",
                "avsubindo.com",
                "2xxx.me",
                "zoo-xnxx.com",
                "www.hitprn.com",
                "desixx.net",
                "www.zooskoolvideos.com",
                "bestpornthumbs.com",
                "www.zoox18.com",
                "severeporn.com",
                "pornzoovideos.com",
                "www.xnxxsexporn.net"
            ]
        }
    ],
    "categories": [],
    "performance": {},
    "cookies": 0,
    "types": {
        "Fetch": 76
    },
    "nameservers": [
        "ns1.ipbery.com",
        "ns2.ipbery.com",
        "ns1.rybatr.com",
        "ns2.rybatr.com"
    ]
}